solid OpenSCAD_Model
  facet normal -0.923881 -0.38268 0
    outer loop
      vertex 95.436 66.184 2.99
      vertex 95.1958 66.7639 31
      vertex 95.1958 66.7639 2.99
    endloop
  endfacet
  facet normal -0.923881 -0.38268 0
    outer loop
      vertex 95.1958 66.7639 31
      vertex 95.436 66.184 2.99
      vertex 95.436 66.184 31
    endloop
  endfacet
  facet normal 0.233566 0.972341 -0
    outer loop
      vertex 100.236 71.8042 3
      vertex 99.6257 71.9508 31
      vertex 100.236 71.8042 31
    endloop
  endfacet
  facet normal 0.233566 0.972341 0
    outer loop
      vertex 99.6257 71.9508 31
      vertex 100.236 71.8042 3
      vertex 99.6257 71.9508 3
    endloop
  endfacet
  facet normal 0.972205 -0.234132 0
    outer loop
      vertex 102.804 66.7639 31
      vertex 102.951 67.3743 3
      vertex 102.951 67.3743 31
    endloop
  endfacet
  facet normal 0.972205 -0.234132 0
    outer loop
      vertex 102.951 67.3743 3
      vertex 102.804 66.7639 31
      vertex 102.804 66.7639 3
    endloop
  endfacet
  facet normal 0.996948 -0.0780733 0
    outer loop
      vertex 102.951 67.3743 31
      vertex 103 68 3
      vertex 103 68 31
    endloop
  endfacet
  facet normal 0.996948 -0.0780733 0
    outer loop
      vertex 103 68 3
      vertex 102.951 67.3743 31
      vertex 102.951 67.3743 3
    endloop
  endfacet
  facet normal 0.996948 0.0780733 0
    outer loop
      vertex 103 68 31
      vertex 102.951 68.6257 3
      vertex 102.951 68.6257 31
    endloop
  endfacet
  facet normal 0.996948 0.0780733 0
    outer loop
      vertex 102.951 68.6257 3
      vertex 103 68 31
      vertex 103 68 3
    endloop
  endfacet
  facet normal 0 0 1
    outer loop
      vertex 100.7 68 31
      vertex 103 68 31
      vertex 102.951 68.6257 31
    endloop
  endfacet
  facet normal 0 0 1
    outer loop
      vertex 100.679 68.2659 31
      vertex 102.951 68.6257 31
      vertex 102.804 69.2361 31
    endloop
  endfacet
  facet normal 0 0 1
    outer loop
      vertex 103 68 31
      vertex 100.7 68 31
      vertex 102.951 67.3743 31
    endloop
  endfacet
  facet normal 0 0 1
    outer loop
      vertex 100.617 68.5253 31
      vertex 102.804 69.2361 31
      vertex 102.564 69.816 31
    endloop
  endfacet
  facet normal -0 0 1
    outer loop
      vertex 100.679 67.7341 31
      vertex 102.951 67.3743 31
      vertex 100.7 68 31
    endloop
  endfacet
  facet normal 0 0 1
    outer loop
      vertex 100.515 68.7718 31
      vertex 102.564 69.816 31
      vertex 102.236 70.3511 31
    endloop
  endfacet
  facet normal 0 0 1
    outer loop
      vertex 102.951 67.3743 31
      vertex 100.679 67.7341 31
      vertex 102.804 66.7639 31
    endloop
  endfacet
  facet normal 0 0 1
    outer loop
      vertex 100.375 68.9992 31
      vertex 102.236 70.3511 31
      vertex 101.828 70.8284 31
    endloop
  endfacet
  facet normal -0 0 1
    outer loop
      vertex 100.617 67.4747 31
      vertex 102.804 66.7639 31
      vertex 100.679 67.7341 31
    endloop
  endfacet
  facet normal 0 0 1
    outer loop
      vertex 100.202 69.2021 31
      vertex 101.828 70.8284 31
      vertex 101.351 71.2361 31
    endloop
  endfacet
  facet normal 0 0 1
    outer loop
      vertex 102.804 66.7639 31
      vertex 100.617 67.4747 31
      vertex 102.564 66.184 31
    endloop
  endfacet
  facet normal 0 0 1
    outer loop
      vertex 99.9992 69.3753 31
      vertex 101.351 71.2361 31
      vertex 100.816 71.564 31
    endloop
  endfacet
  facet normal -0 0 1
    outer loop
      vertex 100.515 67.2282 31
      vertex 102.564 66.184 31
      vertex 100.617 67.4747 31
    endloop
  endfacet
  facet normal 0 0 1
    outer loop
      vertex 102.564 66.184 31
      vertex 100.515 67.2282 31
      vertex 102.236 65.6489 31
    endloop
  endfacet
  facet normal 0 0 1
    outer loop
      vertex 102.951 68.6257 31
      vertex 100.679 68.2659 31
      vertex 100.7 68 31
    endloop
  endfacet
  facet normal 0 0 1
    outer loop
      vertex 102.804 69.2361 31
      vertex 100.617 68.5253 31
      vertex 100.679 68.2659 31
    endloop
  endfacet
  facet normal 0 0 1
    outer loop
      vertex 102.564 69.816 31
      vertex 100.515 68.7718 31
      vertex 100.617 68.5253 31
    endloop
  endfacet
  facet normal 0 0 1
    outer loop
      vertex 102.236 70.3511 31
      vertex 100.375 68.9992 31
      vertex 100.515 68.7718 31
    endloop
  endfacet
  facet normal 0 0 1
    outer loop
      vertex 99.7718 69.5147 31
      vertex 100.816 71.564 31
      vertex 100.236 71.8042 31
    endloop
  endfacet
  facet normal 0 0 1
    outer loop
      vertex 101.828 70.8284 31
      vertex 100.202 69.2021 31
      vertex 100.375 68.9992 31
    endloop
  endfacet
  facet normal 0 0 1
    outer loop
      vertex 101.351 71.2361 31
      vertex 99.9992 69.3753 31
      vertex 100.202 69.2021 31
    endloop
  endfacet
  facet normal 0 0 1
    outer loop
      vertex 100.816 71.564 31
      vertex 99.7718 69.5147 31
      vertex 99.9992 69.3753 31
    endloop
  endfacet
  facet normal 0 0 1
    outer loop
      vertex 99.5253 69.6168 31
      vertex 100.236 71.8042 31
      vertex 99.6257 71.9508 31
    endloop
  endfacet
  facet normal 0 0 1
    outer loop
      vertex 100.236 71.8042 31
      vertex 99.5253 69.6168 31
      vertex 99.7718 69.5147 31
    endloop
  endfacet
  facet normal 0 0 1
    outer loop
      vertex 99.6257 71.9508 31
      vertex 99.2659 69.6791 31
      vertex 99.5253 69.6168 31
    endloop
  endfacet
  facet normal 0 0 1
    outer loop
      vertex 99 72 31
      vertex 99.2659 69.6791 31
      vertex 99.6257 71.9508 31
    endloop
  endfacet
  facet normal 0 0 1
    outer loop
      vertex 99 72 31
      vertex 99 69.7 31
      vertex 99.2659 69.6791 31
    endloop
  endfacet
  facet normal 0 0 1
    outer loop
      vertex 99 72 31
      vertex 98.7341 69.6791 31
      vertex 99 69.7 31
    endloop
  endfacet
  facet normal -0 0 1
    outer loop
      vertex 98.3743 71.9508 31
      vertex 98.7341 69.6791 31
      vertex 99 72 31
    endloop
  endfacet
  facet normal 0 0 1
    outer loop
      vertex 98.7341 69.6791 31
      vertex 98.3743 71.9508 31
      vertex 98.4747 69.6168 31
    endloop
  endfacet
  facet normal -0 0 1
    outer loop
      vertex 97.7639 71.8042 31
      vertex 98.4747 69.6168 31
      vertex 98.3743 71.9508 31
    endloop
  endfacet
  facet normal 0 0 1
    outer loop
      vertex 98.4747 69.6168 31
      vertex 97.7639 71.8042 31
      vertex 98.2282 69.5147 31
    endloop
  endfacet
  facet normal -0 0 1
    outer loop
      vertex 97.184 71.564 31
      vertex 98.2282 69.5147 31
      vertex 97.7639 71.8042 31
    endloop
  endfacet
  facet normal 0 0 1
    outer loop
      vertex 98.2282 69.5147 31
      vertex 97.184 71.564 31
      vertex 98.0008 69.3753 31
    endloop
  endfacet
  facet normal -0 0 1
    outer loop
      vertex 96.6489 71.2361 31
      vertex 98.0008 69.3753 31
      vertex 97.184 71.564 31
    endloop
  endfacet
  facet normal 0 0 1
    outer loop
      vertex 98.0008 69.3753 31
      vertex 96.6489 71.2361 31
      vertex 97.7979 69.2021 31
    endloop
  endfacet
  facet normal -0 0 1
    outer loop
      vertex 96.1716 70.8284 31
      vertex 97.7979 69.2021 31
      vertex 96.6489 71.2361 31
    endloop
  endfacet
  facet normal 0 0 1
    outer loop
      vertex 97.7979 69.2021 31
      vertex 96.1716 70.8284 31
      vertex 97.6247 68.9992 31
    endloop
  endfacet
  facet normal 0 0 1
    outer loop
      vertex 97.6247 68.9992 31
      vertex 95.7639 70.3511 31
      vertex 97.4853 68.7718 31
    endloop
  endfacet
  facet normal -0 0 1
    outer loop
      vertex 95.7639 70.3511 31
      vertex 97.6247 68.9992 31
      vertex 96.1716 70.8284 31
    endloop
  endfacet
  facet normal -0 0 1
    outer loop
      vertex 100.375 67.0008 31
      vertex 102.236 65.6489 31
      vertex 100.515 67.2282 31
    endloop
  endfacet
  facet normal 0 0 1
    outer loop
      vertex 102.236 65.6489 31
      vertex 100.375 67.0008 31
      vertex 101.828 65.1716 31
    endloop
  endfacet
  facet normal -0 0 1
    outer loop
      vertex 100.202 66.7979 31
      vertex 101.828 65.1716 31
      vertex 100.375 67.0008 31
    endloop
  endfacet
  facet normal 0 0 1
    outer loop
      vertex 101.828 65.1716 31
      vertex 100.202 66.7979 31
      vertex 101.351 64.7639 31
    endloop
  endfacet
  facet normal -0 0 1
    outer loop
      vertex 99.9992 66.6247 31
      vertex 101.351 64.7639 31
      vertex 100.202 66.7979 31
    endloop
  endfacet
  facet normal 0 0 1
    outer loop
      vertex 101.351 64.7639 31
      vertex 99.9992 66.6247 31
      vertex 100.816 64.436 31
    endloop
  endfacet
  facet normal -0 0 1
    outer loop
      vertex 99.7718 66.4853 31
      vertex 100.816 64.436 31
      vertex 99.9992 66.6247 31
    endloop
  endfacet
  facet normal 0 0 1
    outer loop
      vertex 100.816 64.436 31
      vertex 99.7718 66.4853 31
      vertex 100.236 64.1958 31
    endloop
  endfacet
  facet normal -0 0 1
    outer loop
      vertex 99.5253 66.3832 31
      vertex 100.236 64.1958 31
      vertex 99.7718 66.4853 31
    endloop
  endfacet
  facet normal 0 0 1
    outer loop
      vertex 100.236 64.1958 31
      vertex 99.5253 66.3832 31
      vertex 99.6257 64.0492 31
    endloop
  endfacet
  facet normal -0 0 1
    outer loop
      vertex 99.2659 66.3209 31
      vertex 99.6257 64.0492 31
      vertex 99.5253 66.3832 31
    endloop
  endfacet
  facet normal -0 0 1
    outer loop
      vertex 99 66.3 31
      vertex 99.6257 64.0492 31
      vertex 99.2659 66.3209 31
    endloop
  endfacet
  facet normal 0 0 1
    outer loop
      vertex 99 66.3 31
      vertex 99 64 31
      vertex 99.6257 64.0492 31
    endloop
  endfacet
  facet normal 0 0 1
    outer loop
      vertex 98.7341 66.3209 31
      vertex 99 64 31
      vertex 99 66.3 31
    endloop
  endfacet
  facet normal 0 0 1
    outer loop
      vertex 98.3743 64.0492 31
      vertex 98.7341 66.3209 31
      vertex 98.4747 66.3832 31
    endloop
  endfacet
  facet normal 0 0 1
    outer loop
      vertex 98.7341 66.3209 31
      vertex 98.3743 64.0492 31
      vertex 99 64 31
    endloop
  endfacet
  facet normal 0 0 1
    outer loop
      vertex 97.7639 64.1958 31
      vertex 98.4747 66.3832 31
      vertex 98.2282 66.4853 31
    endloop
  endfacet
  facet normal 0 0 1
    outer loop
      vertex 97.184 64.436 31
      vertex 98.2282 66.4853 31
      vertex 98.0008 66.6247 31
    endloop
  endfacet
  facet normal 0 0 1
    outer loop
      vertex 96.6489 64.7639 31
      vertex 98.0008 66.6247 31
      vertex 97.7979 66.7979 31
    endloop
  endfacet
  facet normal 0 0 1
    outer loop
      vertex 98.4747 66.3832 31
      vertex 97.7639 64.1958 31
      vertex 98.3743 64.0492 31
    endloop
  endfacet
  facet normal 0 0 1
    outer loop
      vertex 96.1716 65.1716 31
      vertex 97.7979 66.7979 31
      vertex 97.6247 67.0008 31
    endloop
  endfacet
  facet normal 0 0 1
    outer loop
      vertex 95.7639 65.6489 31
      vertex 97.6247 67.0008 31
      vertex 97.4853 67.2282 31
    endloop
  endfacet
  facet normal 0 0 1
    outer loop
      vertex 95.436 66.184 31
      vertex 97.4853 67.2282 31
      vertex 97.3832 67.4747 31
    endloop
  endfacet
  facet normal 0 0 1
    outer loop
      vertex 95.1958 66.7639 31
      vertex 97.3832 67.4747 31
      vertex 97.3209 67.7341 31
    endloop
  endfacet
  facet normal 0 0 1
    outer loop
      vertex 98.2282 66.4853 31
      vertex 97.184 64.436 31
      vertex 97.7639 64.1958 31
    endloop
  endfacet
  facet normal 0 0 1
    outer loop
      vertex 95.0492 67.3743 31
      vertex 97.3209 67.7341 31
      vertex 97.3 68 31
    endloop
  endfacet
  facet normal -0 0 1
    outer loop
      vertex 95.436 69.816 31
      vertex 97.4853 68.7718 31
      vertex 95.7639 70.3511 31
    endloop
  endfacet
  facet normal 0 0 1
    outer loop
      vertex 97.4853 68.7718 31
      vertex 95.436 69.816 31
      vertex 97.3832 68.5253 31
    endloop
  endfacet
  facet normal 0 0 1
    outer loop
      vertex 98.0008 66.6247 31
      vertex 96.6489 64.7639 31
      vertex 97.184 64.436 31
    endloop
  endfacet
  facet normal -0 0 1
    outer loop
      vertex 95.1958 69.2361 31
      vertex 97.3832 68.5253 31
      vertex 95.436 69.816 31
    endloop
  endfacet
  facet normal 0 0 1
    outer loop
      vertex 97.7979 66.7979 31
      vertex 96.1716 65.1716 31
      vertex 96.6489 64.7639 31
    endloop
  endfacet
  facet normal 0 0 1
    outer loop
      vertex 97.3832 68.5253 31
      vertex 95.1958 69.2361 31
      vertex 97.3209 68.2659 31
    endloop
  endfacet
  facet normal 0 0 1
    outer loop
      vertex 97.6247 67.0008 31
      vertex 95.7639 65.6489 31
      vertex 96.1716 65.1716 31
    endloop
  endfacet
  facet normal -0 0 1
    outer loop
      vertex 95.0492 68.6257 31
      vertex 97.3209 68.2659 31
      vertex 95.1958 69.2361 31
    endloop
  endfacet
  facet normal 0 0 1
    outer loop
      vertex 97.4853 67.2282 31
      vertex 95.436 66.184 31
      vertex 95.7639 65.6489 31
    endloop
  endfacet
  facet normal 0 0 1
    outer loop
      vertex 97.3209 68.2659 31
      vertex 95.0492 68.6257 31
      vertex 97.3 68 31
    endloop
  endfacet
  facet normal 0 0 1
    outer loop
      vertex 97.3832 67.4747 31
      vertex 95.1958 66.7639 31
      vertex 95.436 66.184 31
    endloop
  endfacet
  facet normal 0 0 1
    outer loop
      vertex 95 68 31
      vertex 97.3 68 31
      vertex 95.0492 68.6257 31
    endloop
  endfacet
  facet normal 0 0 1
    outer loop
      vertex 97.3209 67.7341 31
      vertex 95.0492 67.3743 31
      vertex 95.1958 66.7639 31
    endloop
  endfacet
  facet normal 0 0 1
    outer loop
      vertex 97.3 68 31
      vertex 95 68 31
      vertex 95.0492 67.3743 31
    endloop
  endfacet
  facet normal 0.760133 -0.649768 0
    outer loop
      vertex 101.828 65.1716 31
      vertex 102.236 65.6489 3
      vertex 102.236 65.6489 31
    endloop
  endfacet
  facet normal 0.760133 -0.649768 0
    outer loop
      vertex 102.236 65.6489 3
      vertex 101.828 65.1716 31
      vertex 101.828 65.1716 3
    endloop
  endfacet
  facet normal 0.649728 -0.760167 0
    outer loop
      vertex 101.351 64.7639 3
      vertex 101.828 65.1716 31
      vertex 101.351 64.7639 31
    endloop
  endfacet
  facet normal 0.649728 -0.760167 0
    outer loop
      vertex 101.828 65.1716 31
      vertex 101.351 64.7639 3
      vertex 101.828 65.1716 3
    endloop
  endfacet
  facet normal -0.649492 -0.760369 0
    outer loop
      vertex 96.1716 65.1716 3
      vertex 96.6489 64.7639 31
      vertex 96.1716 65.1716 31
    endloop
  endfacet
  facet normal -0.649492 -0.760369 -0
    outer loop
      vertex 96.6489 64.7639 31
      vertex 96.1716 65.1716 3
      vertex 96.6489 64.7639 3
    endloop
  endfacet
  facet normal -0.522487 0.852647 0
    outer loop
      vertex 97.184 71.564 3
      vertex 96.6489 71.2361 31
      vertex 97.184 71.564 31
    endloop
  endfacet
  facet normal -0.522487 0.852647 0
    outer loop
      vertex 96.6489 71.2361 31
      vertex 97.184 71.564 3
      vertex 96.6489 71.2361 3
    endloop
  endfacet
  facet normal -0.97235 -0.23353 0
    outer loop
      vertex 95.1958 66.7639 2.99
      vertex 95.0492 67.3743 31
      vertex 95.0492 67.3743 2.99
    endloop
  endfacet
  facet normal -0.97235 -0.23353 0
    outer loop
      vertex 95.0492 67.3743 31
      vertex 95.1958 66.7639 2.99
      vertex 95.1958 66.7639 31
    endloop
  endfacet
  facet normal -0.97235 0.23353 0
    outer loop
      vertex 95.0492 68.6257 2.99
      vertex 95.1958 69.2361 31
      vertex 95.1958 69.2361 2.99
    endloop
  endfacet
  facet normal -0.97235 0.23353 0
    outer loop
      vertex 95.1958 69.2361 31
      vertex 95.0492 68.6257 2.99
      vertex 95.0492 68.6257 31
    endloop
  endfacet
  facet normal 0.852576 0.522603 0
    outer loop
      vertex 102.564 69.816 31
      vertex 102.236 70.3511 3
      vertex 102.236 70.3511 31
    endloop
  endfacet
  facet normal 0.852576 0.522603 0
    outer loop
      vertex 102.236 70.3511 3
      vertex 102.564 69.816 31
      vertex 102.564 69.816 3
    endloop
  endfacet
  facet normal -0.38268 0.923881 0
    outer loop
      vertex 97.7639 71.8042 3
      vertex 97.184 71.564 31
      vertex 97.7639 71.8042 31
    endloop
  endfacet
  facet normal -0.38268 0.923881 0
    outer loop
      vertex 97.184 71.564 31
      vertex 97.7639 71.8042 3
      vertex 97.184 71.564 3
    endloop
  endfacet
  facet normal -0.852647 0.522487 0
    outer loop
      vertex 95.436 69.816 2.99
      vertex 95.7639 70.3511 31
      vertex 95.7639 70.3511 2.99
    endloop
  endfacet
  facet normal -0.852647 0.522487 0
    outer loop
      vertex 95.7639 70.3511 31
      vertex 95.436 69.816 2.99
      vertex 95.436 69.816 31
    endloop
  endfacet
  facet normal -0.38268 -0.923881 0
    outer loop
      vertex 97.184 64.436 3
      vertex 97.7639 64.1958 31
      vertex 97.184 64.436 31
    endloop
  endfacet
  facet normal -0.38268 -0.923881 -0
    outer loop
      vertex 97.7639 64.1958 31
      vertex 97.184 64.436 3
      vertex 97.7639 64.1958 3
    endloop
  endfacet
  facet normal 0.923994 0.382408 0
    outer loop
      vertex 102.804 69.2361 31
      vertex 102.564 69.816 3
      vertex 102.564 69.816 31
    endloop
  endfacet
  facet normal 0.923994 0.382408 0
    outer loop
      vertex 102.564 69.816 3
      vertex 102.804 69.2361 31
      vertex 102.804 69.2361 3
    endloop
  endfacet
  facet normal 0.382624 -0.923904 0
    outer loop
      vertex 100.236 64.1958 3
      vertex 100.816 64.436 31
      vertex 100.236 64.1958 31
    endloop
  endfacet
  facet normal 0.382624 -0.923904 0
    outer loop
      vertex 100.816 64.436 31
      vertex 100.236 64.1958 3
      vertex 100.816 64.436 3
    endloop
  endfacet
  facet normal 0 0 -1
    outer loop
      vertex 95.7639 65.6489 2.99
      vertex 96 67.2575 2.99
      vertex 96 65.3725 2.99
    endloop
  endfacet
  facet normal 0 0 -1
    outer loop
      vertex 95.436 66.184 2.99
      vertex 96 67.2575 2.99
      vertex 95.7639 65.6489 2.99
    endloop
  endfacet
  facet normal 0 0 -1
    outer loop
      vertex 95.1958 66.7639 2.99
      vertex 96 67.2575 2.99
      vertex 95.436 66.184 2.99
    endloop
  endfacet
  facet normal 0 0 -1
    outer loop
      vertex 95.0492 68.6257 2.99
      vertex 96 68.7425 2.99
      vertex 95.9382 68.4849 2.99
    endloop
  endfacet
  facet normal 0 0 -1
    outer loop
      vertex 95.0492 68.6257 2.99
      vertex 95.9382 68.4849 2.99
      vertex 95.9 68 2.99
    endloop
  endfacet
  facet normal 0 0 -1
    outer loop
      vertex 95.0492 67.3743 2.99
      vertex 96 67.2575 2.99
      vertex 95.1958 66.7639 2.99
    endloop
  endfacet
  facet normal 0 0 -1
    outer loop
      vertex 96 67.2575 2.99
      vertex 95.0492 67.3743 2.99
      vertex 95.9382 67.5151 2.99
    endloop
  endfacet
  facet normal 0 0 -1
    outer loop
      vertex 96 68.7425 2.99
      vertex 95.436 69.816 2.99
      vertex 95.7639 70.3511 2.99
    endloop
  endfacet
  facet normal 0 0 -1
    outer loop
      vertex 96 68.7425 2.99
      vertex 95.7639 70.3511 2.99
      vertex 96 70.6275 2.99
    endloop
  endfacet
  facet normal -0 0 -1
    outer loop
      vertex 95.9382 67.5151 2.99
      vertex 95.0492 67.3743 2.99
      vertex 95.9 68 2.99
    endloop
  endfacet
  facet normal 0 0 -1
    outer loop
      vertex 96 68.7425 2.99
      vertex 95.1958 69.2361 2.99
      vertex 95.436 69.816 2.99
    endloop
  endfacet
  facet normal 0 0 -1
    outer loop
      vertex 95 68 2.99
      vertex 95.9 68 2.99
      vertex 95.0492 67.3743 2.99
    endloop
  endfacet
  facet normal -0 0 -1
    outer loop
      vertex 96 68.7425 2.99
      vertex 95.0492 68.6257 2.99
      vertex 95.1958 69.2361 2.99
    endloop
  endfacet
  facet normal 0 0 -1
    outer loop
      vertex 95.9 68 2.99
      vertex 95 68 2.99
      vertex 95.0492 68.6257 2.99
    endloop
  endfacet
  facet normal 0.233566 -0.972341 0
    outer loop
      vertex 99.6257 64.0492 3
      vertex 100.236 64.1958 31
      vertex 99.6257 64.0492 31
    endloop
  endfacet
  facet normal 0.233566 -0.972341 0
    outer loop
      vertex 100.236 64.1958 31
      vertex 99.6257 64.0492 3
      vertex 100.236 64.1958 3
    endloop
  endfacet
  facet normal 0.07839 0.996923 -0
    outer loop
      vertex 99.6257 71.9508 3
      vertex 99 72 31
      vertex 99.6257 71.9508 31
    endloop
  endfacet
  facet normal 0.07839 0.996923 0
    outer loop
      vertex 99 72 31
      vertex 99.6257 71.9508 3
      vertex 99 72 3
    endloop
  endfacet
  facet normal -0.852647 -0.522487 0
    outer loop
      vertex 95.7639 65.6489 2.99
      vertex 95.436 66.184 31
      vertex 95.436 66.184 2.99
    endloop
  endfacet
  facet normal -0.852647 -0.522487 0
    outer loop
      vertex 95.436 66.184 31
      vertex 95.7639 65.6489 2.99
      vertex 95.7639 65.6489 31
    endloop
  endfacet
  facet normal -0.760362 -0.649499 -0
    outer loop
      vertex 96 65.3725 3
      vertex 95.7639 65.6489 2.99
      vertex 96 65.3725 2.99
    endloop
  endfacet
  facet normal -0.760362 -0.649499 0
    outer loop
      vertex 95.7639 65.6489 2.99
      vertex 96 65.3725 3
      vertex 95.7639 65.6489 31
    endloop
  endfacet
  facet normal -0.760378 -0.649481 -3.0414e-07
    outer loop
      vertex 96.1716 65.1716 3
      vertex 95.7639 65.6489 31
      vertex 96 65.3725 3
    endloop
  endfacet
  facet normal -0.760369 -0.649492 0
    outer loop
      vertex 95.7639 65.6489 31
      vertex 96.1716 65.1716 3
      vertex 96.1716 65.1716 31
    endloop
  endfacet
  facet normal -0.522487 -0.852647 0
    outer loop
      vertex 96.6489 64.7639 3
      vertex 97.184 64.436 31
      vertex 96.6489 64.7639 31
    endloop
  endfacet
  facet normal -0.522487 -0.852647 -0
    outer loop
      vertex 97.184 64.436 31
      vertex 96.6489 64.7639 3
      vertex 97.184 64.436 3
    endloop
  endfacet
  facet normal -0.996923 0.07839 0
    outer loop
      vertex 95 68 2.99
      vertex 95.0492 68.6257 31
      vertex 95.0492 68.6257 2.99
    endloop
  endfacet
  facet normal -0.996923 0.07839 0
    outer loop
      vertex 95.0492 68.6257 31
      vertex 95 68 2.99
      vertex 95 68 31
    endloop
  endfacet
  facet normal 0.522558 -0.852604 0
    outer loop
      vertex 100.816 64.436 3
      vertex 101.351 64.7639 31
      vertex 100.816 64.436 31
    endloop
  endfacet
  facet normal 0.522558 -0.852604 0
    outer loop
      vertex 101.351 64.7639 31
      vertex 100.816 64.436 3
      vertex 101.351 64.7639 3
    endloop
  endfacet
  facet normal -0.07839 -0.996923 0
    outer loop
      vertex 98.3743 64.0492 3
      vertex 99 64 31
      vertex 98.3743 64.0492 31
    endloop
  endfacet
  facet normal -0.07839 -0.996923 -0
    outer loop
      vertex 99 64 31
      vertex 98.3743 64.0492 3
      vertex 99 64 3
    endloop
  endfacet
  facet normal 0.522558 0.852604 -0
    outer loop
      vertex 101.351 71.2361 3
      vertex 100.816 71.564 31
      vertex 101.351 71.2361 31
    endloop
  endfacet
  facet normal 0.522558 0.852604 0
    outer loop
      vertex 100.816 71.564 31
      vertex 101.351 71.2361 3
      vertex 100.816 71.564 3
    endloop
  endfacet
  facet normal 0.07839 -0.996923 0
    outer loop
      vertex 99 64 3
      vertex 99.6257 64.0492 31
      vertex 99 64 31
    endloop
  endfacet
  facet normal 0.07839 -0.996923 0
    outer loop
      vertex 99.6257 64.0492 31
      vertex 99 64 3
      vertex 99.6257 64.0492 3
    endloop
  endfacet
  facet normal -0.23353 -0.97235 0
    outer loop
      vertex 97.7639 64.1958 3
      vertex 98.3743 64.0492 31
      vertex 97.7639 64.1958 31
    endloop
  endfacet
  facet normal -0.23353 -0.97235 -0
    outer loop
      vertex 98.3743 64.0492 31
      vertex 97.7639 64.1958 3
      vertex 98.3743 64.0492 3
    endloop
  endfacet
  facet normal 0.852576 -0.522603 0
    outer loop
      vertex 102.236 65.6489 31
      vertex 102.564 66.184 3
      vertex 102.564 66.184 31
    endloop
  endfacet
  facet normal 0.852576 -0.522603 0
    outer loop
      vertex 102.564 66.184 3
      vertex 102.236 65.6489 31
      vertex 102.236 65.6489 3
    endloop
  endfacet
  facet normal -0.760362 0.649499 0
    outer loop
      vertex 96 70.6275 2.99
      vertex 95.7639 70.3511 2.99
      vertex 96 70.6275 3
    endloop
  endfacet
  facet normal -0.760378 0.649481 0
    outer loop
      vertex 96 70.6275 3
      vertex 96.1716 70.8284 31
      vertex 96.1716 70.8284 3
    endloop
  endfacet
  facet normal -0.760362 0.649499 0
    outer loop
      vertex 95.7639 70.3511 31
      vertex 96 70.6275 3
      vertex 95.7639 70.3511 2.99
    endloop
  endfacet
  facet normal -0.760369 0.649492 -1.28014e-07
    outer loop
      vertex 96 70.6275 3
      vertex 95.7639 70.3511 31
      vertex 96.1716 70.8284 31
    endloop
  endfacet
  facet normal 0.972205 0.234132 0
    outer loop
      vertex 102.951 68.6257 31
      vertex 102.804 69.2361 3
      vertex 102.804 69.2361 31
    endloop
  endfacet
  facet normal 0.972205 0.234132 0
    outer loop
      vertex 102.804 69.2361 3
      vertex 102.951 68.6257 31
      vertex 102.951 68.6257 3
    endloop
  endfacet
  facet normal -0.649492 0.760369 0
    outer loop
      vertex 96.6489 71.2361 3
      vertex 96.1716 70.8284 31
      vertex 96.6489 71.2361 31
    endloop
  endfacet
  facet normal -0.649492 0.760369 0
    outer loop
      vertex 96.1716 70.8284 31
      vertex 96.6489 71.2361 3
      vertex 96.1716 70.8284 3
    endloop
  endfacet
  facet normal 0.760133 0.649768 0
    outer loop
      vertex 102.236 70.3511 31
      vertex 101.828 70.8284 3
      vertex 101.828 70.8284 31
    endloop
  endfacet
  facet normal 0.760133 0.649768 0
    outer loop
      vertex 101.828 70.8284 3
      vertex 102.236 70.3511 31
      vertex 102.236 70.3511 3
    endloop
  endfacet
  facet normal 0.649728 0.760167 -0
    outer loop
      vertex 101.828 70.8284 3
      vertex 101.351 71.2361 31
      vertex 101.828 70.8284 31
    endloop
  endfacet
  facet normal 0.649728 0.760167 0
    outer loop
      vertex 101.351 71.2361 31
      vertex 101.828 70.8284 3
      vertex 101.351 71.2361 3
    endloop
  endfacet
  facet normal -0.07839 0.996923 0
    outer loop
      vertex 99 72 3
      vertex 98.3743 71.9508 31
      vertex 99 72 31
    endloop
  endfacet
  facet normal -0.07839 0.996923 0
    outer loop
      vertex 98.3743 71.9508 31
      vertex 99 72 3
      vertex 98.3743 71.9508 3
    endloop
  endfacet
  facet normal 0.382624 0.923904 -0
    outer loop
      vertex 100.816 71.564 3
      vertex 100.236 71.8042 31
      vertex 100.816 71.564 31
    endloop
  endfacet
  facet normal 0.382624 0.923904 0
    outer loop
      vertex 100.236 71.8042 31
      vertex 100.816 71.564 3
      vertex 100.236 71.8042 3
    endloop
  endfacet
  facet normal -0.923881 0.38268 0
    outer loop
      vertex 95.1958 69.2361 2.99
      vertex 95.436 69.816 31
      vertex 95.436 69.816 2.99
    endloop
  endfacet
  facet normal -0.923881 0.38268 0
    outer loop
      vertex 95.436 69.816 31
      vertex 95.1958 69.2361 2.99
      vertex 95.1958 69.2361 31
    endloop
  endfacet
  facet normal 0.923994 -0.382408 0
    outer loop
      vertex 102.564 66.184 31
      vertex 102.804 66.7639 3
      vertex 102.804 66.7639 31
    endloop
  endfacet
  facet normal 0.923994 -0.382408 0
    outer loop
      vertex 102.804 66.7639 3
      vertex 102.564 66.184 31
      vertex 102.564 66.184 3
    endloop
  endfacet
  facet normal -0.23353 0.97235 0
    outer loop
      vertex 98.3743 71.9508 3
      vertex 97.7639 71.8042 31
      vertex 98.3743 71.9508 31
    endloop
  endfacet
  facet normal -0.23353 0.97235 0
    outer loop
      vertex 97.7639 71.8042 31
      vertex 98.3743 71.9508 3
      vertex 97.7639 71.8042 3
    endloop
  endfacet
  facet normal -0.996923 -0.07839 0
    outer loop
      vertex 95.0492 67.3743 2.99
      vertex 95 68 31
      vertex 95 68 2.99
    endloop
  endfacet
  facet normal -0.996923 -0.07839 0
    outer loop
      vertex 95 68 31
      vertex 95.0492 67.3743 2.99
      vertex 95.0492 67.3743 31
    endloop
  endfacet
  facet normal -0.923994 -0.382408 0
    outer loop
      vertex 184.436 66.184 3
      vertex 184.196 66.7639 31
      vertex 184.196 66.7639 3
    endloop
  endfacet
  facet normal -0.923994 -0.382408 0
    outer loop
      vertex 184.196 66.7639 31
      vertex 184.436 66.184 3
      vertex 184.436 66.184 31
    endloop
  endfacet
  facet normal 0.233674 0.972315 -0
    outer loop
      vertex 189.236 71.8042 3
      vertex 188.626 71.9508 31
      vertex 189.236 71.8042 31
    endloop
  endfacet
  facet normal 0.233674 0.972315 0
    outer loop
      vertex 188.626 71.9508 31
      vertex 189.236 71.8042 3
      vertex 188.626 71.9508 3
    endloop
  endfacet
  facet normal 0.972205 -0.234132 0
    outer loop
      vertex 191.804 66.7639 31
      vertex 191.951 67.3743 2.99
      vertex 191.951 67.3743 31
    endloop
  endfacet
  facet normal 0.972205 -0.234132 0
    outer loop
      vertex 191.951 67.3743 2.99
      vertex 191.804 66.7639 31
      vertex 191.804 66.7639 2.99
    endloop
  endfacet
  facet normal 0.996948 -0.0780733 0
    outer loop
      vertex 191.951 67.3743 31
      vertex 192 68 2.99
      vertex 192 68 31
    endloop
  endfacet
  facet normal 0.996948 -0.0780733 0
    outer loop
      vertex 192 68 2.99
      vertex 191.951 67.3743 31
      vertex 191.951 67.3743 2.99
    endloop
  endfacet
  facet normal 0.996948 0.0780733 0
    outer loop
      vertex 192 68 31
      vertex 191.951 68.6257 2.99
      vertex 191.951 68.6257 31
    endloop
  endfacet
  facet normal 0.996948 0.0780733 0
    outer loop
      vertex 191.951 68.6257 2.99
      vertex 192 68 31
      vertex 192 68 2.99
    endloop
  endfacet
  facet normal 0 0 1
    outer loop
      vertex 189.7 68 31
      vertex 192 68 31
      vertex 191.951 68.6257 31
    endloop
  endfacet
  facet normal 0 0 1
    outer loop
      vertex 189.679 68.2659 31
      vertex 191.951 68.6257 31
      vertex 191.804 69.2361 31
    endloop
  endfacet
  facet normal 0 0 1
    outer loop
      vertex 192 68 31
      vertex 189.7 68 31
      vertex 191.951 67.3743 31
    endloop
  endfacet
  facet normal 0 0 1
    outer loop
      vertex 189.617 68.5253 31
      vertex 191.804 69.2361 31
      vertex 191.564 69.816 31
    endloop
  endfacet
  facet normal -0 0 1
    outer loop
      vertex 189.679 67.7341 31
      vertex 191.951 67.3743 31
      vertex 189.7 68 31
    endloop
  endfacet
  facet normal 0 0 1
    outer loop
      vertex 189.515 68.7718 31
      vertex 191.564 69.816 31
      vertex 191.236 70.3511 31
    endloop
  endfacet
  facet normal 0 0 1
    outer loop
      vertex 191.951 67.3743 31
      vertex 189.679 67.7341 31
      vertex 191.804 66.7639 31
    endloop
  endfacet
  facet normal 0 0 1
    outer loop
      vertex 189.375 68.9992 31
      vertex 191.236 70.3511 31
      vertex 190.828 70.8284 31
    endloop
  endfacet
  facet normal -0 0 1
    outer loop
      vertex 189.617 67.4747 31
      vertex 191.804 66.7639 31
      vertex 189.679 67.7341 31
    endloop
  endfacet
  facet normal 0 0 1
    outer loop
      vertex 189.202 69.2021 31
      vertex 190.828 70.8284 31
      vertex 190.351 71.2361 31
    endloop
  endfacet
  facet normal 0 0 1
    outer loop
      vertex 191.804 66.7639 31
      vertex 189.617 67.4747 31
      vertex 191.564 66.184 31
    endloop
  endfacet
  facet normal 0 0 1
    outer loop
      vertex 188.999 69.3753 31
      vertex 190.351 71.2361 31
      vertex 189.816 71.564 31
    endloop
  endfacet
  facet normal -0 0 1
    outer loop
      vertex 189.515 67.2282 31
      vertex 191.564 66.184 31
      vertex 189.617 67.4747 31
    endloop
  endfacet
  facet normal 0 0 1
    outer loop
      vertex 191.564 66.184 31
      vertex 189.515 67.2282 31
      vertex 191.236 65.6489 31
    endloop
  endfacet
  facet normal 0 0 1
    outer loop
      vertex 191.951 68.6257 31
      vertex 189.679 68.2659 31
      vertex 189.7 68 31
    endloop
  endfacet
  facet normal 0 0 1
    outer loop
      vertex 191.804 69.2361 31
      vertex 189.617 68.5253 31
      vertex 189.679 68.2659 31
    endloop
  endfacet
  facet normal 0 0 1
    outer loop
      vertex 191.564 69.816 31
      vertex 189.515 68.7718 31
      vertex 189.617 68.5253 31
    endloop
  endfacet
  facet normal 0 0 1
    outer loop
      vertex 191.236 70.3511 31
      vertex 189.375 68.9992 31
      vertex 189.515 68.7718 31
    endloop
  endfacet
  facet normal 0 0 1
    outer loop
      vertex 188.772 69.5147 31
      vertex 189.816 71.564 31
      vertex 189.236 71.8042 31
    endloop
  endfacet
  facet normal 0 0 1
    outer loop
      vertex 190.828 70.8284 31
      vertex 189.202 69.2021 31
      vertex 189.375 68.9992 31
    endloop
  endfacet
  facet normal 0 0 1
    outer loop
      vertex 190.351 71.2361 31
      vertex 188.999 69.3753 31
      vertex 189.202 69.2021 31
    endloop
  endfacet
  facet normal 0 0 1
    outer loop
      vertex 189.816 71.564 31
      vertex 188.772 69.5147 31
      vertex 188.999 69.3753 31
    endloop
  endfacet
  facet normal 0 0 1
    outer loop
      vertex 188.525 69.6168 31
      vertex 189.236 71.8042 31
      vertex 188.626 71.9508 31
    endloop
  endfacet
  facet normal 0 0 1
    outer loop
      vertex 189.236 71.8042 31
      vertex 188.525 69.6168 31
      vertex 188.772 69.5147 31
    endloop
  endfacet
  facet normal 0 0 1
    outer loop
      vertex 188.626 71.9508 31
      vertex 188.266 69.6791 31
      vertex 188.525 69.6168 31
    endloop
  endfacet
  facet normal 0 0 1
    outer loop
      vertex 188 72 31
      vertex 188.266 69.6791 31
      vertex 188.626 71.9508 31
    endloop
  endfacet
  facet normal 0 0 1
    outer loop
      vertex 188 72 31
      vertex 188 69.7 31
      vertex 188.266 69.6791 31
    endloop
  endfacet
  facet normal 0 0 1
    outer loop
      vertex 188 72 31
      vertex 187.734 69.6791 31
      vertex 188 69.7 31
    endloop
  endfacet
  facet normal -0 0 1
    outer loop
      vertex 187.374 71.9508 31
      vertex 187.734 69.6791 31
      vertex 188 72 31
    endloop
  endfacet
  facet normal 0 0 1
    outer loop
      vertex 187.734 69.6791 31
      vertex 187.374 71.9508 31
      vertex 187.475 69.6168 31
    endloop
  endfacet
  facet normal -0 0 1
    outer loop
      vertex 186.764 71.8042 31
      vertex 187.475 69.6168 31
      vertex 187.374 71.9508 31
    endloop
  endfacet
  facet normal 0 0 1
    outer loop
      vertex 187.475 69.6168 31
      vertex 186.764 71.8042 31
      vertex 187.228 69.5147 31
    endloop
  endfacet
  facet normal -0 0 1
    outer loop
      vertex 186.184 71.564 31
      vertex 187.228 69.5147 31
      vertex 186.764 71.8042 31
    endloop
  endfacet
  facet normal 0 0 1
    outer loop
      vertex 187.228 69.5147 31
      vertex 186.184 71.564 31
      vertex 187.001 69.3753 31
    endloop
  endfacet
  facet normal -0 0 1
    outer loop
      vertex 185.649 71.2361 31
      vertex 187.001 69.3753 31
      vertex 186.184 71.564 31
    endloop
  endfacet
  facet normal 0 0 1
    outer loop
      vertex 187.001 69.3753 31
      vertex 185.649 71.2361 31
      vertex 186.798 69.2021 31
    endloop
  endfacet
  facet normal -0 0 1
    outer loop
      vertex 185.172 70.8284 31
      vertex 186.798 69.2021 31
      vertex 185.649 71.2361 31
    endloop
  endfacet
  facet normal 0 0 1
    outer loop
      vertex 186.798 69.2021 31
      vertex 185.172 70.8284 31
      vertex 186.625 68.9992 31
    endloop
  endfacet
  facet normal 0 0 1
    outer loop
      vertex 186.625 68.9992 31
      vertex 184.764 70.3511 31
      vertex 186.485 68.7718 31
    endloop
  endfacet
  facet normal -0 0 1
    outer loop
      vertex 184.764 70.3511 31
      vertex 186.625 68.9992 31
      vertex 185.172 70.8284 31
    endloop
  endfacet
  facet normal -0 0 1
    outer loop
      vertex 189.375 67.0008 31
      vertex 191.236 65.6489 31
      vertex 189.515 67.2282 31
    endloop
  endfacet
  facet normal 0 0 1
    outer loop
      vertex 191.236 65.6489 31
      vertex 189.375 67.0008 31
      vertex 190.828 65.1716 31
    endloop
  endfacet
  facet normal -0 0 1
    outer loop
      vertex 189.202 66.7979 31
      vertex 190.828 65.1716 31
      vertex 189.375 67.0008 31
    endloop
  endfacet
  facet normal 0 0 1
    outer loop
      vertex 190.828 65.1716 31
      vertex 189.202 66.7979 31
      vertex 190.351 64.7639 31
    endloop
  endfacet
  facet normal -0 0 1
    outer loop
      vertex 188.999 66.6247 31
      vertex 190.351 64.7639 31
      vertex 189.202 66.7979 31
    endloop
  endfacet
  facet normal 0 0 1
    outer loop
      vertex 190.351 64.7639 31
      vertex 188.999 66.6247 31
      vertex 189.816 64.436 31
    endloop
  endfacet
  facet normal -0 0 1
    outer loop
      vertex 188.772 66.4853 31
      vertex 189.816 64.436 31
      vertex 188.999 66.6247 31
    endloop
  endfacet
  facet normal 0 0 1
    outer loop
      vertex 189.816 64.436 31
      vertex 188.772 66.4853 31
      vertex 189.236 64.1958 31
    endloop
  endfacet
  facet normal -0 0 1
    outer loop
      vertex 188.525 66.3832 31
      vertex 189.236 64.1958 31
      vertex 188.772 66.4853 31
    endloop
  endfacet
  facet normal 0 0 1
    outer loop
      vertex 189.236 64.1958 31
      vertex 188.525 66.3832 31
      vertex 188.626 64.0492 31
    endloop
  endfacet
  facet normal -0 0 1
    outer loop
      vertex 188.266 66.3209 31
      vertex 188.626 64.0492 31
      vertex 188.525 66.3832 31
    endloop
  endfacet
  facet normal -0 0 1
    outer loop
      vertex 188 66.3 31
      vertex 188.626 64.0492 31
      vertex 188.266 66.3209 31
    endloop
  endfacet
  facet normal 0 0 1
    outer loop
      vertex 188 66.3 31
      vertex 188 64 31
      vertex 188.626 64.0492 31
    endloop
  endfacet
  facet normal 0 0 1
    outer loop
      vertex 187.734 66.3209 31
      vertex 188 64 31
      vertex 188 66.3 31
    endloop
  endfacet
  facet normal 0 0 1
    outer loop
      vertex 187.374 64.0492 31
      vertex 187.734 66.3209 31
      vertex 187.475 66.3832 31
    endloop
  endfacet
  facet normal 0 0 1
    outer loop
      vertex 187.734 66.3209 31
      vertex 187.374 64.0492 31
      vertex 188 64 31
    endloop
  endfacet
  facet normal 0 0 1
    outer loop
      vertex 186.764 64.1958 31
      vertex 187.475 66.3832 31
      vertex 187.228 66.4853 31
    endloop
  endfacet
  facet normal 0 0 1
    outer loop
      vertex 186.184 64.436 31
      vertex 187.228 66.4853 31
      vertex 187.001 66.6247 31
    endloop
  endfacet
  facet normal 0 0 1
    outer loop
      vertex 185.649 64.7639 31
      vertex 187.001 66.6247 31
      vertex 186.798 66.7979 31
    endloop
  endfacet
  facet normal 0 0 1
    outer loop
      vertex 187.475 66.3832 31
      vertex 186.764 64.1958 31
      vertex 187.374 64.0492 31
    endloop
  endfacet
  facet normal 0 0 1
    outer loop
      vertex 185.172 65.1716 31
      vertex 186.798 66.7979 31
      vertex 186.625 67.0008 31
    endloop
  endfacet
  facet normal 0 0 1
    outer loop
      vertex 184.764 65.6489 31
      vertex 186.625 67.0008 31
      vertex 186.485 67.2282 31
    endloop
  endfacet
  facet normal 0 0 1
    outer loop
      vertex 184.436 66.184 31
      vertex 186.485 67.2282 31
      vertex 186.383 67.4747 31
    endloop
  endfacet
  facet normal 0 0 1
    outer loop
      vertex 184.196 66.7639 31
      vertex 186.383 67.4747 31
      vertex 186.321 67.7341 31
    endloop
  endfacet
  facet normal 0 0 1
    outer loop
      vertex 187.228 66.4853 31
      vertex 186.184 64.436 31
      vertex 186.764 64.1958 31
    endloop
  endfacet
  facet normal 0 0 1
    outer loop
      vertex 184.049 67.3743 31
      vertex 186.321 67.7341 31
      vertex 186.3 68 31
    endloop
  endfacet
  facet normal -0 0 1
    outer loop
      vertex 184.436 69.816 31
      vertex 186.485 68.7718 31
      vertex 184.764 70.3511 31
    endloop
  endfacet
  facet normal 0 0 1
    outer loop
      vertex 186.485 68.7718 31
      vertex 184.436 69.816 31
      vertex 186.383 68.5253 31
    endloop
  endfacet
  facet normal 0 0 1
    outer loop
      vertex 187.001 66.6247 31
      vertex 185.649 64.7639 31
      vertex 186.184 64.436 31
    endloop
  endfacet
  facet normal -0 0 1
    outer loop
      vertex 184.196 69.2361 31
      vertex 186.383 68.5253 31
      vertex 184.436 69.816 31
    endloop
  endfacet
  facet normal 0 0 1
    outer loop
      vertex 186.798 66.7979 31
      vertex 185.172 65.1716 31
      vertex 185.649 64.7639 31
    endloop
  endfacet
  facet normal 0 0 1
    outer loop
      vertex 186.383 68.5253 31
      vertex 184.196 69.2361 31
      vertex 186.321 68.2659 31
    endloop
  endfacet
  facet normal 0 0 1
    outer loop
      vertex 186.625 67.0008 31
      vertex 184.764 65.6489 31
      vertex 185.172 65.1716 31
    endloop
  endfacet
  facet normal -0 0 1
    outer loop
      vertex 184.049 68.6257 31
      vertex 186.321 68.2659 31
      vertex 184.196 69.2361 31
    endloop
  endfacet
  facet normal 0 0 1
    outer loop
      vertex 186.485 67.2282 31
      vertex 184.436 66.184 31
      vertex 184.764 65.6489 31
    endloop
  endfacet
  facet normal 0 0 1
    outer loop
      vertex 186.321 68.2659 31
      vertex 184.049 68.6257 31
      vertex 186.3 68 31
    endloop
  endfacet
  facet normal 0 0 1
    outer loop
      vertex 186.383 67.4747 31
      vertex 184.196 66.7639 31
      vertex 184.436 66.184 31
    endloop
  endfacet
  facet normal 0 0 1
    outer loop
      vertex 184 68 31
      vertex 186.3 68 31
      vertex 184.049 68.6257 31
    endloop
  endfacet
  facet normal 0 0 1
    outer loop
      vertex 186.321 67.7341 31
      vertex 184.049 67.3743 31
      vertex 184.196 66.7639 31
    endloop
  endfacet
  facet normal 0 0 1
    outer loop
      vertex 186.3 68 31
      vertex 184 68 31
      vertex 184.049 67.3743 31
    endloop
  endfacet
  facet normal 0.760133 -0.649768 0
    outer loop
      vertex 190.828 65.1716 31
      vertex 191.236 65.6489 3
      vertex 191.236 65.6489 31
    endloop
  endfacet
  facet normal 0.760133 -0.649768 0
    outer loop
      vertex 191.236 65.6489 3
      vertex 190.828 65.1716 31
      vertex 190.828 65.1716 3
    endloop
  endfacet
  facet normal 0.649728 -0.760167 0
    outer loop
      vertex 190.351 64.7639 3
      vertex 190.828 65.1716 31
      vertex 190.351 64.7639 31
    endloop
  endfacet
  facet normal 0.649728 -0.760167 0
    outer loop
      vertex 190.828 65.1716 31
      vertex 190.351 64.7639 3
      vertex 190.828 65.1716 3
    endloop
  endfacet
  facet normal -0.649728 -0.760167 0
    outer loop
      vertex 185.172 65.1716 3
      vertex 185.649 64.7639 31
      vertex 185.172 65.1716 31
    endloop
  endfacet
  facet normal -0.649728 -0.760167 -0
    outer loop
      vertex 185.649 64.7639 31
      vertex 185.172 65.1716 3
      vertex 185.649 64.7639 3
    endloop
  endfacet
  facet normal -0.522558 0.852604 0
    outer loop
      vertex 186.184 71.564 3
      vertex 185.649 71.2361 31
      vertex 186.184 71.564 31
    endloop
  endfacet
  facet normal -0.522558 0.852604 0
    outer loop
      vertex 185.649 71.2361 31
      vertex 186.184 71.564 3
      vertex 185.649 71.2361 3
    endloop
  endfacet
  facet normal -0.972205 -0.234132 0
    outer loop
      vertex 184.196 66.7639 3
      vertex 184.049 67.3743 31
      vertex 184.049 67.3743 3
    endloop
  endfacet
  facet normal -0.972205 -0.234132 0
    outer loop
      vertex 184.049 67.3743 31
      vertex 184.196 66.7639 3
      vertex 184.196 66.7639 31
    endloop
  endfacet
  facet normal -0.972205 0.234132 0
    outer loop
      vertex 184.049 68.6257 3
      vertex 184.196 69.2361 31
      vertex 184.196 69.2361 3
    endloop
  endfacet
  facet normal -0.972205 0.234132 0
    outer loop
      vertex 184.196 69.2361 31
      vertex 184.049 68.6257 3
      vertex 184.049 68.6257 31
    endloop
  endfacet
  facet normal 0.852533 0.522674 0
    outer loop
      vertex 191.236 70.3511 31
      vertex 191.4 70.0836 3
      vertex 191.236 70.3511 3
    endloop
  endfacet
  facet normal 0.852576 0.522603 9.3322e-07
    outer loop
      vertex 191.564 69.816 31
      vertex 191.4 70.0836 3
      vertex 191.236 70.3511 31
    endloop
  endfacet
  facet normal 0.85262 0.522532 -0
    outer loop
      vertex 191.564 69.816 2.99
      vertex 191.4 70.0836 3
      vertex 191.564 69.816 31
    endloop
  endfacet
  facet normal 0.85262 0.522532 0
    outer loop
      vertex 191.4 70.0836 3
      vertex 191.564 69.816 2.99
      vertex 191.4 70.0836 2.99
    endloop
  endfacet
  facet normal -0.382624 0.923904 0
    outer loop
      vertex 186.764 71.8042 3
      vertex 186.184 71.564 31
      vertex 186.764 71.8042 31
    endloop
  endfacet
  facet normal -0.382624 0.923904 0
    outer loop
      vertex 186.184 71.564 31
      vertex 186.764 71.8042 3
      vertex 186.184 71.564 3
    endloop
  endfacet
  facet normal -0.852576 0.522603 0
    outer loop
      vertex 184.436 69.816 3
      vertex 184.764 70.3511 31
      vertex 184.764 70.3511 3
    endloop
  endfacet
  facet normal -0.852576 0.522603 0
    outer loop
      vertex 184.764 70.3511 31
      vertex 184.436 69.816 3
      vertex 184.436 69.816 31
    endloop
  endfacet
  facet normal -0.382624 -0.923904 0
    outer loop
      vertex 186.184 64.436 3
      vertex 186.764 64.1958 31
      vertex 186.184 64.436 31
    endloop
  endfacet
  facet normal -0.382624 -0.923904 -0
    outer loop
      vertex 186.764 64.1958 31
      vertex 186.184 64.436 3
      vertex 186.764 64.1958 3
    endloop
  endfacet
  facet normal 0.923994 0.382408 0
    outer loop
      vertex 191.804 69.2361 31
      vertex 191.564 69.816 2.99
      vertex 191.564 69.816 31
    endloop
  endfacet
  facet normal 0.923994 0.382408 0
    outer loop
      vertex 191.564 69.816 2.99
      vertex 191.804 69.2361 31
      vertex 191.804 69.2361 2.99
    endloop
  endfacet
  facet normal 0.382624 -0.923904 0
    outer loop
      vertex 189.236 64.1958 3
      vertex 189.816 64.436 31
      vertex 189.236 64.1958 31
    endloop
  endfacet
  facet normal 0.382624 -0.923904 0
    outer loop
      vertex 189.816 64.436 31
      vertex 189.236 64.1958 3
      vertex 189.816 64.436 3
    endloop
  endfacet
  facet normal 0.233674 -0.972315 0
    outer loop
      vertex 188.626 64.0492 3
      vertex 189.236 64.1958 31
      vertex 188.626 64.0492 31
    endloop
  endfacet
  facet normal 0.233674 -0.972315 0
    outer loop
      vertex 189.236 64.1958 31
      vertex 188.626 64.0492 3
      vertex 189.236 64.1958 3
    endloop
  endfacet
  facet normal 0 0 -1
    outer loop
      vertex 191.951 67.3743 2.99
      vertex 191.951 68.6257 2.99
      vertex 192 68 2.99
    endloop
  endfacet
  facet normal 0 0 -1
    outer loop
      vertex 191.804 66.7639 2.99
      vertex 191.951 68.6257 2.99
      vertex 191.951 67.3743 2.99
    endloop
  endfacet
  facet normal 0 0 -1
    outer loop
      vertex 191.804 66.7639 2.99
      vertex 191.804 69.2361 2.99
      vertex 191.951 68.6257 2.99
    endloop
  endfacet
  facet normal 0 0 -1
    outer loop
      vertex 191.4 65.9164 2.99
      vertex 191.804 66.7639 2.99
      vertex 191.564 66.184 2.99
    endloop
  endfacet
  facet normal -0 0 -1
    outer loop
      vertex 191.804 66.7639 2.99
      vertex 191.4 65.9164 2.99
      vertex 191.804 69.2361 2.99
    endloop
  endfacet
  facet normal 0 0 -1
    outer loop
      vertex 191.4 70.0836 2.99
      vertex 191.804 69.2361 2.99
      vertex 191.4 65.9164 2.99
    endloop
  endfacet
  facet normal 0 0 -1
    outer loop
      vertex 191.804 69.2361 2.99
      vertex 191.4 70.0836 2.99
      vertex 191.564 69.816 2.99
    endloop
  endfacet
  facet normal 0.0783526 0.996926 -0
    outer loop
      vertex 188.626 71.9508 3
      vertex 188 72 31
      vertex 188.626 71.9508 31
    endloop
  endfacet
  facet normal 0.0783526 0.996926 0
    outer loop
      vertex 188 72 31
      vertex 188.626 71.9508 3
      vertex 188 72 3
    endloop
  endfacet
  facet normal -0.852576 -0.522603 0
    outer loop
      vertex 184.764 65.6489 3
      vertex 184.436 66.184 31
      vertex 184.436 66.184 3
    endloop
  endfacet
  facet normal -0.852576 -0.522603 0
    outer loop
      vertex 184.436 66.184 31
      vertex 184.764 65.6489 3
      vertex 184.764 65.6489 31
    endloop
  endfacet
  facet normal -0.760133 -0.649768 0
    outer loop
      vertex 185.172 65.1716 3
      vertex 184.764 65.6489 31
      vertex 184.764 65.6489 3
    endloop
  endfacet
  facet normal -0.760133 -0.649768 0
    outer loop
      vertex 184.764 65.6489 31
      vertex 185.172 65.1716 3
      vertex 185.172 65.1716 31
    endloop
  endfacet
  facet normal -0.522558 -0.852604 0
    outer loop
      vertex 185.649 64.7639 3
      vertex 186.184 64.436 31
      vertex 185.649 64.7639 31
    endloop
  endfacet
  facet normal -0.522558 -0.852604 -0
    outer loop
      vertex 186.184 64.436 31
      vertex 185.649 64.7639 3
      vertex 186.184 64.436 3
    endloop
  endfacet
  facet normal -0.996948 0.0780733 0
    outer loop
      vertex 184 68 3
      vertex 184.049 68.6257 31
      vertex 184.049 68.6257 3
    endloop
  endfacet
  facet normal -0.996948 0.0780733 0
    outer loop
      vertex 184.049 68.6257 31
      vertex 184 68 3
      vertex 184 68 31
    endloop
  endfacet
  facet normal 0.522558 -0.852604 0
    outer loop
      vertex 189.816 64.436 3
      vertex 190.351 64.7639 31
      vertex 189.816 64.436 31
    endloop
  endfacet
  facet normal 0.522558 -0.852604 0
    outer loop
      vertex 190.351 64.7639 31
      vertex 189.816 64.436 3
      vertex 190.351 64.7639 3
    endloop
  endfacet
  facet normal -0.0783526 -0.996926 0
    outer loop
      vertex 187.374 64.0492 3
      vertex 188 64 31
      vertex 187.374 64.0492 31
    endloop
  endfacet
  facet normal -0.0783526 -0.996926 -0
    outer loop
      vertex 188 64 31
      vertex 187.374 64.0492 3
      vertex 188 64 3
    endloop
  endfacet
  facet normal 0.522558 0.852604 -0
    outer loop
      vertex 190.351 71.2361 3
      vertex 189.816 71.564 31
      vertex 190.351 71.2361 31
    endloop
  endfacet
  facet normal 0.522558 0.852604 0
    outer loop
      vertex 189.816 71.564 31
      vertex 190.351 71.2361 3
      vertex 189.816 71.564 3
    endloop
  endfacet
  facet normal 0.0783526 -0.996926 0
    outer loop
      vertex 188 64 3
      vertex 188.626 64.0492 31
      vertex 188 64 31
    endloop
  endfacet
  facet normal 0.0783526 -0.996926 0
    outer loop
      vertex 188.626 64.0492 31
      vertex 188 64 3
      vertex 188.626 64.0492 3
    endloop
  endfacet
  facet normal -0.233674 -0.972315 0
    outer loop
      vertex 186.764 64.1958 3
      vertex 187.374 64.0492 31
      vertex 186.764 64.1958 31
    endloop
  endfacet
  facet normal -0.233674 -0.972315 -0
    outer loop
      vertex 187.374 64.0492 31
      vertex 186.764 64.1958 3
      vertex 187.374 64.0492 3
    endloop
  endfacet
  facet normal 0.85262 -0.522532 0
    outer loop
      vertex 191.564 66.184 31
      vertex 191.4 65.9164 3
      vertex 191.564 66.184 2.99
    endloop
  endfacet
  facet normal 0.852576 -0.522603 9.3322e-07
    outer loop
      vertex 191.236 65.6489 31
      vertex 191.4 65.9164 3
      vertex 191.564 66.184 31
    endloop
  endfacet
  facet normal 0.852533 -0.522674 0
    outer loop
      vertex 191.4 65.9164 3
      vertex 191.236 65.6489 31
      vertex 191.236 65.6489 3
    endloop
  endfacet
  facet normal 0.85262 -0.522532 0
    outer loop
      vertex 191.564 66.184 2.99
      vertex 191.4 65.9164 3
      vertex 191.4 65.9164 2.99
    endloop
  endfacet
  facet normal -0.760133 0.649768 0
    outer loop
      vertex 184.764 70.3511 3
      vertex 185.172 70.8284 31
      vertex 185.172 70.8284 3
    endloop
  endfacet
  facet normal -0.760133 0.649768 0
    outer loop
      vertex 185.172 70.8284 31
      vertex 184.764 70.3511 3
      vertex 184.764 70.3511 31
    endloop
  endfacet
  facet normal 0.972205 0.234132 0
    outer loop
      vertex 191.951 68.6257 31
      vertex 191.804 69.2361 2.99
      vertex 191.804 69.2361 31
    endloop
  endfacet
  facet normal 0.972205 0.234132 0
    outer loop
      vertex 191.804 69.2361 2.99
      vertex 191.951 68.6257 31
      vertex 191.951 68.6257 2.99
    endloop
  endfacet
  facet normal -0.649728 0.760167 0
    outer loop
      vertex 185.649 71.2361 3
      vertex 185.172 70.8284 31
      vertex 185.649 71.2361 31
    endloop
  endfacet
  facet normal -0.649728 0.760167 0
    outer loop
      vertex 185.172 70.8284 31
      vertex 185.649 71.2361 3
      vertex 185.172 70.8284 3
    endloop
  endfacet
  facet normal 0.760133 0.649768 0
    outer loop
      vertex 191.236 70.3511 31
      vertex 190.828 70.8284 3
      vertex 190.828 70.8284 31
    endloop
  endfacet
  facet normal 0.760133 0.649768 0
    outer loop
      vertex 190.828 70.8284 3
      vertex 191.236 70.3511 31
      vertex 191.236 70.3511 3
    endloop
  endfacet
  facet normal 0.649728 0.760167 -0
    outer loop
      vertex 190.828 70.8284 3
      vertex 190.351 71.2361 31
      vertex 190.828 70.8284 31
    endloop
  endfacet
  facet normal 0.649728 0.760167 0
    outer loop
      vertex 190.351 71.2361 31
      vertex 190.828 70.8284 3
      vertex 190.351 71.2361 3
    endloop
  endfacet
  facet normal -0.0783526 0.996926 0
    outer loop
      vertex 188 72 3
      vertex 187.374 71.9508 31
      vertex 188 72 31
    endloop
  endfacet
  facet normal -0.0783526 0.996926 0
    outer loop
      vertex 187.374 71.9508 31
      vertex 188 72 3
      vertex 187.374 71.9508 3
    endloop
  endfacet
  facet normal 0.382624 0.923904 -0
    outer loop
      vertex 189.816 71.564 3
      vertex 189.236 71.8042 31
      vertex 189.816 71.564 31
    endloop
  endfacet
  facet normal 0.382624 0.923904 0
    outer loop
      vertex 189.236 71.8042 31
      vertex 189.816 71.564 3
      vertex 189.236 71.8042 3
    endloop
  endfacet
  facet normal -0.923994 0.382408 0
    outer loop
      vertex 184.196 69.2361 3
      vertex 184.436 69.816 31
      vertex 184.436 69.816 3
    endloop
  endfacet
  facet normal -0.923994 0.382408 0
    outer loop
      vertex 184.436 69.816 31
      vertex 184.196 69.2361 3
      vertex 184.196 69.2361 31
    endloop
  endfacet
  facet normal 0.923994 -0.382408 0
    outer loop
      vertex 191.564 66.184 31
      vertex 191.804 66.7639 2.99
      vertex 191.804 66.7639 31
    endloop
  endfacet
  facet normal 0.923994 -0.382408 0
    outer loop
      vertex 191.804 66.7639 2.99
      vertex 191.564 66.184 31
      vertex 191.564 66.184 2.99
    endloop
  endfacet
  facet normal -0.233674 0.972315 0
    outer loop
      vertex 187.374 71.9508 3
      vertex 186.764 71.8042 31
      vertex 187.374 71.9508 31
    endloop
  endfacet
  facet normal -0.233674 0.972315 0
    outer loop
      vertex 186.764 71.8042 31
      vertex 187.374 71.9508 3
      vertex 186.764 71.8042 3
    endloop
  endfacet
  facet normal -0.996948 -0.0780733 0
    outer loop
      vertex 184.049 67.3743 3
      vertex 184 68 31
      vertex 184 68 3
    endloop
  endfacet
  facet normal -0.996948 -0.0780733 0
    outer loop
      vertex 184 68 31
      vertex 184.049 67.3743 3
      vertex 184.049 67.3743 31
    endloop
  endfacet
  facet normal -0.923991 -0.382414 0
    outer loop
      vertex 141.436 7.18404 3
      vertex 141.196 7.76393 31
      vertex 141.196 7.76393 3
    endloop
  endfacet
  facet normal -0.923991 -0.382414 0
    outer loop
      vertex 141.196 7.76393 31
      vertex 141.436 7.18404 3
      vertex 141.436 7.18404 31
    endloop
  endfacet
  facet normal 0.233674 0.972315 -0
    outer loop
      vertex 146.236 12.8042 3
      vertex 145.626 12.9508 31
      vertex 146.236 12.8042 31
    endloop
  endfacet
  facet normal 0.233674 0.972315 0
    outer loop
      vertex 145.626 12.9508 31
      vertex 146.236 12.8042 3
      vertex 145.626 12.9508 3
    endloop
  endfacet
  facet normal 0.972199 -0.234157 0
    outer loop
      vertex 148.804 7.76393 31
      vertex 148.951 8.37426 3
      vertex 148.951 8.37426 31
    endloop
  endfacet
  facet normal 0.972199 -0.234157 0
    outer loop
      vertex 148.951 8.37426 3
      vertex 148.804 7.76393 31
      vertex 148.804 7.76393 3
    endloop
  endfacet
  facet normal 0.996948 -0.0780683 0
    outer loop
      vertex 148.951 8.37426 31
      vertex 149 9 3
      vertex 149 9 31
    endloop
  endfacet
  facet normal 0.996948 -0.0780683 0
    outer loop
      vertex 149 9 3
      vertex 148.951 8.37426 31
      vertex 148.951 8.37426 3
    endloop
  endfacet
  facet normal 0.996948 0.0780683 0
    outer loop
      vertex 149 9 31
      vertex 148.951 9.62574 3
      vertex 148.951 9.62574 31
    endloop
  endfacet
  facet normal 0.996948 0.0780683 0
    outer loop
      vertex 148.951 9.62574 3
      vertex 149 9 31
      vertex 149 9 3
    endloop
  endfacet
  facet normal 0 0 1
    outer loop
      vertex 146.7 9 31
      vertex 149 9 31
      vertex 148.951 9.62574 31
    endloop
  endfacet
  facet normal 0 0 1
    outer loop
      vertex 146.679 9.26594 31
      vertex 148.951 9.62574 31
      vertex 148.804 10.2361 31
    endloop
  endfacet
  facet normal 0 0 1
    outer loop
      vertex 149 9 31
      vertex 146.7 9 31
      vertex 148.951 8.37426 31
    endloop
  endfacet
  facet normal 0 0 1
    outer loop
      vertex 146.617 9.52533 31
      vertex 148.804 10.2361 31
      vertex 148.564 10.816 31
    endloop
  endfacet
  facet normal -0 0 1
    outer loop
      vertex 146.679 8.73406 31
      vertex 148.951 8.37426 31
      vertex 146.7 9 31
    endloop
  endfacet
  facet normal 0 0 1
    outer loop
      vertex 146.515 9.77178 31
      vertex 148.564 10.816 31
      vertex 148.236 11.3511 31
    endloop
  endfacet
  facet normal 0 0 1
    outer loop
      vertex 148.951 8.37426 31
      vertex 146.679 8.73406 31
      vertex 148.804 7.76393 31
    endloop
  endfacet
  facet normal 0 0 1
    outer loop
      vertex 146.375 9.99923 31
      vertex 148.236 11.3511 31
      vertex 147.828 11.8284 31
    endloop
  endfacet
  facet normal -0 0 1
    outer loop
      vertex 146.617 8.47467 31
      vertex 148.804 7.76393 31
      vertex 146.679 8.73406 31
    endloop
  endfacet
  facet normal 0 0 1
    outer loop
      vertex 146.202 10.2021 31
      vertex 147.828 11.8284 31
      vertex 147.351 12.2361 31
    endloop
  endfacet
  facet normal 0 0 1
    outer loop
      vertex 148.804 7.76393 31
      vertex 146.617 8.47467 31
      vertex 148.564 7.18404 31
    endloop
  endfacet
  facet normal 0 0 1
    outer loop
      vertex 145.999 10.3753 31
      vertex 147.351 12.2361 31
      vertex 146.816 12.564 31
    endloop
  endfacet
  facet normal -0 0 1
    outer loop
      vertex 146.515 8.22822 31
      vertex 148.564 7.18404 31
      vertex 146.617 8.47467 31
    endloop
  endfacet
  facet normal 0 0 1
    outer loop
      vertex 148.564 7.18404 31
      vertex 146.515 8.22822 31
      vertex 148.236 6.64886 31
    endloop
  endfacet
  facet normal 0 0 1
    outer loop
      vertex 148.951 9.62574 31
      vertex 146.679 9.26594 31
      vertex 146.7 9 31
    endloop
  endfacet
  facet normal 0 0 1
    outer loop
      vertex 148.804 10.2361 31
      vertex 146.617 9.52533 31
      vertex 146.679 9.26594 31
    endloop
  endfacet
  facet normal 0 0 1
    outer loop
      vertex 148.564 10.816 31
      vertex 146.515 9.77178 31
      vertex 146.617 9.52533 31
    endloop
  endfacet
  facet normal 0 0 1
    outer loop
      vertex 148.236 11.3511 31
      vertex 146.375 9.99923 31
      vertex 146.515 9.77178 31
    endloop
  endfacet
  facet normal 0 0 1
    outer loop
      vertex 145.772 10.5147 31
      vertex 146.816 12.564 31
      vertex 146.236 12.8042 31
    endloop
  endfacet
  facet normal 0 0 1
    outer loop
      vertex 147.828 11.8284 31
      vertex 146.202 10.2021 31
      vertex 146.375 9.99923 31
    endloop
  endfacet
  facet normal 0 0 1
    outer loop
      vertex 147.351 12.2361 31
      vertex 145.999 10.3753 31
      vertex 146.202 10.2021 31
    endloop
  endfacet
  facet normal 0 0 1
    outer loop
      vertex 146.816 12.564 31
      vertex 145.772 10.5147 31
      vertex 145.999 10.3753 31
    endloop
  endfacet
  facet normal 0 0 1
    outer loop
      vertex 145.525 10.6168 31
      vertex 146.236 12.8042 31
      vertex 145.626 12.9508 31
    endloop
  endfacet
  facet normal 0 0 1
    outer loop
      vertex 146.236 12.8042 31
      vertex 145.525 10.6168 31
      vertex 145.772 10.5147 31
    endloop
  endfacet
  facet normal 0 0 1
    outer loop
      vertex 145.626 12.9508 31
      vertex 145.266 10.6791 31
      vertex 145.525 10.6168 31
    endloop
  endfacet
  facet normal 0 0 1
    outer loop
      vertex 145 13 31
      vertex 145.266 10.6791 31
      vertex 145.626 12.9508 31
    endloop
  endfacet
  facet normal 0 0 1
    outer loop
      vertex 145 13 31
      vertex 145 10.7 31
      vertex 145.266 10.6791 31
    endloop
  endfacet
  facet normal 0 0 1
    outer loop
      vertex 145 13 31
      vertex 144.734 10.6791 31
      vertex 145 10.7 31
    endloop
  endfacet
  facet normal -0 0 1
    outer loop
      vertex 144.374 12.9508 31
      vertex 144.734 10.6791 31
      vertex 145 13 31
    endloop
  endfacet
  facet normal 0 0 1
    outer loop
      vertex 144.734 10.6791 31
      vertex 144.374 12.9508 31
      vertex 144.475 10.6168 31
    endloop
  endfacet
  facet normal -0 0 1
    outer loop
      vertex 143.764 12.8042 31
      vertex 144.475 10.6168 31
      vertex 144.374 12.9508 31
    endloop
  endfacet
  facet normal 0 0 1
    outer loop
      vertex 144.475 10.6168 31
      vertex 143.764 12.8042 31
      vertex 144.228 10.5147 31
    endloop
  endfacet
  facet normal -0 0 1
    outer loop
      vertex 143.184 12.564 31
      vertex 144.228 10.5147 31
      vertex 143.764 12.8042 31
    endloop
  endfacet
  facet normal 0 0 1
    outer loop
      vertex 144.228 10.5147 31
      vertex 143.184 12.564 31
      vertex 144.001 10.3753 31
    endloop
  endfacet
  facet normal -0 0 1
    outer loop
      vertex 142.649 12.2361 31
      vertex 144.001 10.3753 31
      vertex 143.184 12.564 31
    endloop
  endfacet
  facet normal 0 0 1
    outer loop
      vertex 144.001 10.3753 31
      vertex 142.649 12.2361 31
      vertex 143.798 10.2021 31
    endloop
  endfacet
  facet normal -0 0 1
    outer loop
      vertex 142.172 11.8284 31
      vertex 143.798 10.2021 31
      vertex 142.649 12.2361 31
    endloop
  endfacet
  facet normal 0 0 1
    outer loop
      vertex 143.798 10.2021 31
      vertex 142.172 11.8284 31
      vertex 143.625 9.99923 31
    endloop
  endfacet
  facet normal 0 0 1
    outer loop
      vertex 143.625 9.99923 31
      vertex 141.764 11.3511 31
      vertex 143.485 9.77178 31
    endloop
  endfacet
  facet normal -0 0 1
    outer loop
      vertex 141.764 11.3511 31
      vertex 143.625 9.99923 31
      vertex 142.172 11.8284 31
    endloop
  endfacet
  facet normal -0 0 1
    outer loop
      vertex 146.375 8.00077 31
      vertex 148.236 6.64886 31
      vertex 146.515 8.22822 31
    endloop
  endfacet
  facet normal 0 0 1
    outer loop
      vertex 148.236 6.64886 31
      vertex 146.375 8.00077 31
      vertex 147.828 6.17157 31
    endloop
  endfacet
  facet normal -0 0 1
    outer loop
      vertex 146.202 7.79792 31
      vertex 147.828 6.17157 31
      vertex 146.375 8.00077 31
    endloop
  endfacet
  facet normal 0 0 1
    outer loop
      vertex 147.828 6.17157 31
      vertex 146.202 7.79792 31
      vertex 147.351 5.76393 31
    endloop
  endfacet
  facet normal -0 0 1
    outer loop
      vertex 145.999 7.62467 31
      vertex 147.351 5.76393 31
      vertex 146.202 7.79792 31
    endloop
  endfacet
  facet normal 0 0 1
    outer loop
      vertex 147.351 5.76393 31
      vertex 145.999 7.62467 31
      vertex 146.816 5.43597 31
    endloop
  endfacet
  facet normal -0 0 1
    outer loop
      vertex 145.772 7.48529 31
      vertex 146.816 5.43597 31
      vertex 145.999 7.62467 31
    endloop
  endfacet
  facet normal 0 0 1
    outer loop
      vertex 146.816 5.43597 31
      vertex 145.772 7.48529 31
      vertex 146.236 5.19577 31
    endloop
  endfacet
  facet normal -0 0 1
    outer loop
      vertex 145.525 7.3832 31
      vertex 146.236 5.19577 31
      vertex 145.772 7.48529 31
    endloop
  endfacet
  facet normal 0 0 1
    outer loop
      vertex 146.236 5.19577 31
      vertex 145.525 7.3832 31
      vertex 145.626 5.04925 31
    endloop
  endfacet
  facet normal -0 0 1
    outer loop
      vertex 145.266 7.32093 31
      vertex 145.626 5.04925 31
      vertex 145.525 7.3832 31
    endloop
  endfacet
  facet normal -0 0 1
    outer loop
      vertex 145 7.3 31
      vertex 145.626 5.04925 31
      vertex 145.266 7.32093 31
    endloop
  endfacet
  facet normal 0 0 1
    outer loop
      vertex 145 7.3 31
      vertex 145 5 31
      vertex 145.626 5.04925 31
    endloop
  endfacet
  facet normal 0 0 1
    outer loop
      vertex 144.734 7.32093 31
      vertex 145 5 31
      vertex 145 7.3 31
    endloop
  endfacet
  facet normal 0 0 1
    outer loop
      vertex 144.374 5.04925 31
      vertex 144.734 7.32093 31
      vertex 144.475 7.3832 31
    endloop
  endfacet
  facet normal 0 0 1
    outer loop
      vertex 144.734 7.32093 31
      vertex 144.374 5.04925 31
      vertex 145 5 31
    endloop
  endfacet
  facet normal 0 0 1
    outer loop
      vertex 143.764 5.19577 31
      vertex 144.475 7.3832 31
      vertex 144.228 7.48529 31
    endloop
  endfacet
  facet normal 0 0 1
    outer loop
      vertex 143.184 5.43597 31
      vertex 144.228 7.48529 31
      vertex 144.001 7.62467 31
    endloop
  endfacet
  facet normal 0 0 1
    outer loop
      vertex 142.649 5.76393 31
      vertex 144.001 7.62467 31
      vertex 143.798 7.79792 31
    endloop
  endfacet
  facet normal 0 0 1
    outer loop
      vertex 144.475 7.3832 31
      vertex 143.764 5.19577 31
      vertex 144.374 5.04925 31
    endloop
  endfacet
  facet normal 0 0 1
    outer loop
      vertex 142.172 6.17157 31
      vertex 143.798 7.79792 31
      vertex 143.625 8.00077 31
    endloop
  endfacet
  facet normal 0 0 1
    outer loop
      vertex 141.764 6.64886 31
      vertex 143.625 8.00077 31
      vertex 143.485 8.22822 31
    endloop
  endfacet
  facet normal 0 0 1
    outer loop
      vertex 141.436 7.18404 31
      vertex 143.485 8.22822 31
      vertex 143.383 8.47467 31
    endloop
  endfacet
  facet normal 0 0 1
    outer loop
      vertex 141.196 7.76393 31
      vertex 143.383 8.47467 31
      vertex 143.321 8.73406 31
    endloop
  endfacet
  facet normal 0 0 1
    outer loop
      vertex 144.228 7.48529 31
      vertex 143.184 5.43597 31
      vertex 143.764 5.19577 31
    endloop
  endfacet
  facet normal 0 0 1
    outer loop
      vertex 141.049 8.37426 31
      vertex 143.321 8.73406 31
      vertex 143.3 9 31
    endloop
  endfacet
  facet normal -0 0 1
    outer loop
      vertex 141.436 10.816 31
      vertex 143.485 9.77178 31
      vertex 141.764 11.3511 31
    endloop
  endfacet
  facet normal 0 0 1
    outer loop
      vertex 143.485 9.77178 31
      vertex 141.436 10.816 31
      vertex 143.383 9.52533 31
    endloop
  endfacet
  facet normal 0 0 1
    outer loop
      vertex 144.001 7.62467 31
      vertex 142.649 5.76393 31
      vertex 143.184 5.43597 31
    endloop
  endfacet
  facet normal -0 0 1
    outer loop
      vertex 141.196 10.2361 31
      vertex 143.383 9.52533 31
      vertex 141.436 10.816 31
    endloop
  endfacet
  facet normal 0 0 1
    outer loop
      vertex 143.798 7.79792 31
      vertex 142.172 6.17157 31
      vertex 142.649 5.76393 31
    endloop
  endfacet
  facet normal 0 0 1
    outer loop
      vertex 143.383 9.52533 31
      vertex 141.196 10.2361 31
      vertex 143.321 9.26594 31
    endloop
  endfacet
  facet normal 0 0 1
    outer loop
      vertex 143.625 8.00077 31
      vertex 141.764 6.64886 31
      vertex 142.172 6.17157 31
    endloop
  endfacet
  facet normal -0 0 1
    outer loop
      vertex 141.049 9.62574 31
      vertex 143.321 9.26594 31
      vertex 141.196 10.2361 31
    endloop
  endfacet
  facet normal 0 0 1
    outer loop
      vertex 143.485 8.22822 31
      vertex 141.436 7.18404 31
      vertex 141.764 6.64886 31
    endloop
  endfacet
  facet normal 0 0 1
    outer loop
      vertex 143.321 9.26594 31
      vertex 141.049 9.62574 31
      vertex 143.3 9 31
    endloop
  endfacet
  facet normal 0 0 1
    outer loop
      vertex 143.383 8.47467 31
      vertex 141.196 7.76393 31
      vertex 141.436 7.18404 31
    endloop
  endfacet
  facet normal 0 0 1
    outer loop
      vertex 141 9 31
      vertex 143.3 9 31
      vertex 141.049 9.62574 31
    endloop
  endfacet
  facet normal 0 0 1
    outer loop
      vertex 143.321 8.73406 31
      vertex 141.049 8.37426 31
      vertex 141.196 7.76393 31
    endloop
  endfacet
  facet normal 0 0 1
    outer loop
      vertex 143.3 9 31
      vertex 141 9 31
      vertex 141.049 8.37426 31
    endloop
  endfacet
  facet normal 0.760126 -0.649776 0
    outer loop
      vertex 147.828 6.17157 31
      vertex 148.236 6.64886 3
      vertex 148.236 6.64886 31
    endloop
  endfacet
  facet normal 0.760126 -0.649776 0
    outer loop
      vertex 148.236 6.64886 3
      vertex 147.828 6.17157 31
      vertex 147.828 6.17157 3
    endloop
  endfacet
  facet normal 0.649672 -0.760214 0
    outer loop
      vertex 147.351 5.76393 3
      vertex 147.828 6.17157 31
      vertex 147.351 5.76393 31
    endloop
  endfacet
  facet normal 0.649672 -0.760214 0
    outer loop
      vertex 147.828 6.17157 31
      vertex 147.351 5.76393 3
      vertex 147.828 6.17157 3
    endloop
  endfacet
  facet normal -0.649672 -0.760214 0
    outer loop
      vertex 142.172 6.17157 3
      vertex 142.649 5.76393 31
      vertex 142.172 6.17157 31
    endloop
  endfacet
  facet normal -0.649672 -0.760214 -0
    outer loop
      vertex 142.649 5.76393 31
      vertex 142.172 6.17157 3
      vertex 142.649 5.76393 3
    endloop
  endfacet
  facet normal -0.522558 0.852604 0
    outer loop
      vertex 143.184 12.564 3
      vertex 142.649 12.2361 31
      vertex 143.184 12.564 31
    endloop
  endfacet
  facet normal -0.522558 0.852604 0
    outer loop
      vertex 142.649 12.2361 31
      vertex 143.184 12.564 3
      vertex 142.649 12.2361 3
    endloop
  endfacet
  facet normal -0.972199 -0.234157 0
    outer loop
      vertex 141.196 7.76393 3
      vertex 141.049 8.37426 31
      vertex 141.049 8.37426 3
    endloop
  endfacet
  facet normal -0.972199 -0.234157 0
    outer loop
      vertex 141.049 8.37426 31
      vertex 141.196 7.76393 3
      vertex 141.196 7.76393 31
    endloop
  endfacet
  facet normal -0.972201 0.234146 0
    outer loop
      vertex 141.049 9.62574 3
      vertex 141.196 10.2361 31
      vertex 141.196 10.2361 3
    endloop
  endfacet
  facet normal -0.972201 0.234146 0
    outer loop
      vertex 141.196 10.2361 31
      vertex 141.049 9.62574 3
      vertex 141.049 9.62574 31
    endloop
  endfacet
  facet normal 0.852576 0.522603 0
    outer loop
      vertex 148.564 10.816 31
      vertex 148.236 11.3511 3
      vertex 148.236 11.3511 31
    endloop
  endfacet
  facet normal 0.852576 0.522603 0
    outer loop
      vertex 148.236 11.3511 3
      vertex 148.564 10.816 31
      vertex 148.564 10.816 3
    endloop
  endfacet
  facet normal -0.382624 0.923904 0
    outer loop
      vertex 143.764 12.8042 3
      vertex 143.184 12.564 31
      vertex 143.764 12.8042 31
    endloop
  endfacet
  facet normal -0.382624 0.923904 0
    outer loop
      vertex 143.184 12.564 31
      vertex 143.764 12.8042 3
      vertex 143.184 12.564 3
    endloop
  endfacet
  facet normal -0.852576 0.522603 0
    outer loop
      vertex 141.436 10.816 3
      vertex 141.764 11.3511 31
      vertex 141.764 11.3511 3
    endloop
  endfacet
  facet normal -0.852576 0.522603 0
    outer loop
      vertex 141.764 11.3511 31
      vertex 141.436 10.816 3
      vertex 141.436 10.816 31
    endloop
  endfacet
  facet normal -0.382624 -0.923904 0
    outer loop
      vertex 143.184 5.43597 3
      vertex 143.764 5.19577 31
      vertex 143.184 5.43597 31
    endloop
  endfacet
  facet normal -0.382624 -0.923904 -0
    outer loop
      vertex 143.764 5.19577 31
      vertex 143.184 5.43597 3
      vertex 143.764 5.19577 3
    endloop
  endfacet
  facet normal 0.923994 0.382408 0
    outer loop
      vertex 148.804 10.2361 31
      vertex 148.564 10.816 3
      vertex 148.564 10.816 31
    endloop
  endfacet
  facet normal 0.923994 0.382408 0
    outer loop
      vertex 148.564 10.816 3
      vertex 148.804 10.2361 31
      vertex 148.804 10.2361 3
    endloop
  endfacet
  facet normal 0.382624 -0.923904 0
    outer loop
      vertex 146.236 5.19577 3
      vertex 146.816 5.43597 31
      vertex 146.236 5.19577 31
    endloop
  endfacet
  facet normal 0.382624 -0.923904 0
    outer loop
      vertex 146.816 5.43597 31
      vertex 146.236 5.19577 3
      vertex 146.816 5.43597 3
    endloop
  endfacet
  facet normal 0.233554 -0.972344 0
    outer loop
      vertex 145.626 5.04925 3
      vertex 146.236 5.19577 31
      vertex 145.626 5.04925 31
    endloop
  endfacet
  facet normal 0.233554 -0.972344 0
    outer loop
      vertex 146.236 5.19577 31
      vertex 145.626 5.04925 3
      vertex 146.236 5.19577 3
    endloop
  endfacet
  facet normal 0.0783526 0.996926 -0
    outer loop
      vertex 145.626 12.9508 3
      vertex 145 13 31
      vertex 145.626 12.9508 31
    endloop
  endfacet
  facet normal 0.0783526 0.996926 0
    outer loop
      vertex 145 13 31
      vertex 145.626 12.9508 3
      vertex 145 13 3
    endloop
  endfacet
  facet normal -0.852611 -0.522546 0
    outer loop
      vertex 141.764 6.64886 3
      vertex 141.436 7.18404 31
      vertex 141.436 7.18404 3
    endloop
  endfacet
  facet normal -0.852611 -0.522546 0
    outer loop
      vertex 141.436 7.18404 31
      vertex 141.764 6.64886 3
      vertex 141.764 6.64886 31
    endloop
  endfacet
  facet normal -0.760126 -0.649776 0
    outer loop
      vertex 142.172 6.17157 3
      vertex 141.764 6.64886 31
      vertex 141.764 6.64886 3
    endloop
  endfacet
  facet normal -0.760126 -0.649776 0
    outer loop
      vertex 141.764 6.64886 31
      vertex 142.172 6.17157 3
      vertex 142.172 6.17157 31
    endloop
  endfacet
  facet normal -0.522628 -0.852561 0
    outer loop
      vertex 142.649 5.76393 3
      vertex 143.184 5.43597 31
      vertex 142.649 5.76393 31
    endloop
  endfacet
  facet normal -0.522628 -0.852561 -0
    outer loop
      vertex 143.184 5.43597 31
      vertex 142.649 5.76393 3
      vertex 143.184 5.43597 3
    endloop
  endfacet
  facet normal -0.996948 0.0780683 0
    outer loop
      vertex 141 9 3
      vertex 141.049 9.62574 31
      vertex 141.049 9.62574 3
    endloop
  endfacet
  facet normal -0.996948 0.0780683 0
    outer loop
      vertex 141.049 9.62574 31
      vertex 141 9 3
      vertex 141 9 31
    endloop
  endfacet
  facet normal 0.522628 -0.852561 0
    outer loop
      vertex 146.816 5.43597 3
      vertex 147.351 5.76393 31
      vertex 146.816 5.43597 31
    endloop
  endfacet
  facet normal 0.522628 -0.852561 0
    outer loop
      vertex 147.351 5.76393 31
      vertex 146.816 5.43597 3
      vertex 147.351 5.76393 3
    endloop
  endfacet
  facet normal -0.0784318 -0.996919 0
    outer loop
      vertex 144.374 5.04925 3
      vertex 145 5 31
      vertex 144.374 5.04925 31
    endloop
  endfacet
  facet normal -0.0784318 -0.996919 -0
    outer loop
      vertex 145 5 31
      vertex 144.374 5.04925 3
      vertex 145 5 3
    endloop
  endfacet
  facet normal 0.522558 0.852604 -0
    outer loop
      vertex 147.351 12.2361 3
      vertex 146.816 12.564 31
      vertex 147.351 12.2361 31
    endloop
  endfacet
  facet normal 0.522558 0.852604 0
    outer loop
      vertex 146.816 12.564 31
      vertex 147.351 12.2361 3
      vertex 146.816 12.564 3
    endloop
  endfacet
  facet normal 0.0784318 -0.996919 0
    outer loop
      vertex 145 5 3
      vertex 145.626 5.04925 31
      vertex 145 5 31
    endloop
  endfacet
  facet normal 0.0784318 -0.996919 0
    outer loop
      vertex 145.626 5.04925 31
      vertex 145 5 3
      vertex 145.626 5.04925 3
    endloop
  endfacet
  facet normal -0.233554 -0.972344 0
    outer loop
      vertex 143.764 5.19577 3
      vertex 144.374 5.04925 31
      vertex 143.764 5.19577 31
    endloop
  endfacet
  facet normal -0.233554 -0.972344 -0
    outer loop
      vertex 144.374 5.04925 31
      vertex 143.764 5.19577 3
      vertex 144.374 5.04925 3
    endloop
  endfacet
  facet normal 0.852611 -0.522546 0
    outer loop
      vertex 148.236 6.64886 31
      vertex 148.564 7.18404 3
      vertex 148.564 7.18404 31
    endloop
  endfacet
  facet normal 0.852611 -0.522546 0
    outer loop
      vertex 148.564 7.18404 3
      vertex 148.236 6.64886 31
      vertex 148.236 6.64886 3
    endloop
  endfacet
  facet normal -0.760133 0.649768 0
    outer loop
      vertex 141.764 11.3511 3
      vertex 142.172 11.8284 31
      vertex 142.172 11.8284 3
    endloop
  endfacet
  facet normal -0.760133 0.649768 0
    outer loop
      vertex 142.172 11.8284 31
      vertex 141.764 11.3511 3
      vertex 141.764 11.3511 31
    endloop
  endfacet
  facet normal 0.972201 0.234146 0
    outer loop
      vertex 148.951 9.62574 31
      vertex 148.804 10.2361 3
      vertex 148.804 10.2361 31
    endloop
  endfacet
  facet normal 0.972201 0.234146 0
    outer loop
      vertex 148.804 10.2361 3
      vertex 148.951 9.62574 31
      vertex 148.951 9.62574 3
    endloop
  endfacet
  facet normal -0.649728 0.760167 0
    outer loop
      vertex 142.649 12.2361 3
      vertex 142.172 11.8284 31
      vertex 142.649 12.2361 31
    endloop
  endfacet
  facet normal -0.649728 0.760167 0
    outer loop
      vertex 142.172 11.8284 31
      vertex 142.649 12.2361 3
      vertex 142.172 11.8284 3
    endloop
  endfacet
  facet normal 0.760133 0.649768 0
    outer loop
      vertex 148.236 11.3511 31
      vertex 147.828 11.8284 3
      vertex 147.828 11.8284 31
    endloop
  endfacet
  facet normal 0.760133 0.649768 0
    outer loop
      vertex 147.828 11.8284 3
      vertex 148.236 11.3511 31
      vertex 148.236 11.3511 3
    endloop
  endfacet
  facet normal 0.649728 0.760167 -0
    outer loop
      vertex 147.828 11.8284 3
      vertex 147.351 12.2361 31
      vertex 147.828 11.8284 31
    endloop
  endfacet
  facet normal 0.649728 0.760167 0
    outer loop
      vertex 147.351 12.2361 31
      vertex 147.828 11.8284 3
      vertex 147.351 12.2361 3
    endloop
  endfacet
  facet normal -0.0783526 0.996926 0
    outer loop
      vertex 145 13 3
      vertex 144.374 12.9508 31
      vertex 145 13 31
    endloop
  endfacet
  facet normal -0.0783526 0.996926 0
    outer loop
      vertex 144.374 12.9508 31
      vertex 145 13 3
      vertex 144.374 12.9508 3
    endloop
  endfacet
  facet normal 0.382624 0.923904 -0
    outer loop
      vertex 146.816 12.564 3
      vertex 146.236 12.8042 31
      vertex 146.816 12.564 31
    endloop
  endfacet
  facet normal 0.382624 0.923904 0
    outer loop
      vertex 146.236 12.8042 31
      vertex 146.816 12.564 3
      vertex 146.236 12.8042 3
    endloop
  endfacet
  facet normal -0.923994 0.382408 0
    outer loop
      vertex 141.196 10.2361 3
      vertex 141.436 10.816 31
      vertex 141.436 10.816 3
    endloop
  endfacet
  facet normal -0.923994 0.382408 0
    outer loop
      vertex 141.436 10.816 31
      vertex 141.196 10.2361 3
      vertex 141.196 10.2361 31
    endloop
  endfacet
  facet normal 0.923991 -0.382414 0
    outer loop
      vertex 148.564 7.18404 31
      vertex 148.804 7.76393 3
      vertex 148.804 7.76393 31
    endloop
  endfacet
  facet normal 0.923991 -0.382414 0
    outer loop
      vertex 148.804 7.76393 3
      vertex 148.564 7.18404 31
      vertex 148.564 7.18404 3
    endloop
  endfacet
  facet normal -0.233674 0.972315 0
    outer loop
      vertex 144.374 12.9508 3
      vertex 143.764 12.8042 31
      vertex 144.374 12.9508 31
    endloop
  endfacet
  facet normal -0.233674 0.972315 0
    outer loop
      vertex 143.764 12.8042 31
      vertex 144.374 12.9508 3
      vertex 143.764 12.8042 3
    endloop
  endfacet
  facet normal -0.996948 -0.0780683 0
    outer loop
      vertex 141.049 8.37426 3
      vertex 141 9 31
      vertex 141 9 3
    endloop
  endfacet
  facet normal -0.996948 -0.0780683 0
    outer loop
      vertex 141 9 31
      vertex 141.049 8.37426 3
      vertex 141.049 8.37426 31
    endloop
  endfacet
  facet normal -0.923991 -0.382414 0
    outer loop
      vertex 184.436 7.18404 3
      vertex 184.196 7.76393 31
      vertex 184.196 7.76393 3
    endloop
  endfacet
  facet normal -0.923991 -0.382414 0
    outer loop
      vertex 184.196 7.76393 31
      vertex 184.436 7.18404 3
      vertex 184.436 7.18404 31
    endloop
  endfacet
  facet normal 0.233674 0.972315 -0
    outer loop
      vertex 189.236 12.8042 3
      vertex 188.626 12.9508 31
      vertex 189.236 12.8042 31
    endloop
  endfacet
  facet normal 0.233674 0.972315 0
    outer loop
      vertex 188.626 12.9508 31
      vertex 189.236 12.8042 3
      vertex 188.626 12.9508 3
    endloop
  endfacet
  facet normal 0.972199 -0.234157 0
    outer loop
      vertex 191.804 7.76393 31
      vertex 191.951 8.37426 2.99
      vertex 191.951 8.37426 31
    endloop
  endfacet
  facet normal 0.972199 -0.234157 0
    outer loop
      vertex 191.951 8.37426 2.99
      vertex 191.804 7.76393 31
      vertex 191.804 7.76393 2.99
    endloop
  endfacet
  facet normal 0.996948 -0.0780683 0
    outer loop
      vertex 191.951 8.37426 31
      vertex 192 9 2.99
      vertex 192 9 31
    endloop
  endfacet
  facet normal 0.996948 -0.0780683 0
    outer loop
      vertex 192 9 2.99
      vertex 191.951 8.37426 31
      vertex 191.951 8.37426 2.99
    endloop
  endfacet
  facet normal 0.996948 0.0780683 0
    outer loop
      vertex 192 9 31
      vertex 191.951 9.62574 2.99
      vertex 191.951 9.62574 31
    endloop
  endfacet
  facet normal 0.996948 0.0780683 0
    outer loop
      vertex 191.951 9.62574 2.99
      vertex 192 9 31
      vertex 192 9 2.99
    endloop
  endfacet
  facet normal 0 0 1
    outer loop
      vertex 189.7 9 31
      vertex 192 9 31
      vertex 191.951 9.62574 31
    endloop
  endfacet
  facet normal 0 0 1
    outer loop
      vertex 189.679 9.26594 31
      vertex 191.951 9.62574 31
      vertex 191.804 10.2361 31
    endloop
  endfacet
  facet normal 0 0 1
    outer loop
      vertex 192 9 31
      vertex 189.7 9 31
      vertex 191.951 8.37426 31
    endloop
  endfacet
  facet normal 0 0 1
    outer loop
      vertex 189.617 9.52533 31
      vertex 191.804 10.2361 31
      vertex 191.564 10.816 31
    endloop
  endfacet
  facet normal -0 0 1
    outer loop
      vertex 189.679 8.73406 31
      vertex 191.951 8.37426 31
      vertex 189.7 9 31
    endloop
  endfacet
  facet normal 0 0 1
    outer loop
      vertex 189.515 9.77178 31
      vertex 191.564 10.816 31
      vertex 191.236 11.3511 31
    endloop
  endfacet
  facet normal 0 0 1
    outer loop
      vertex 191.951 8.37426 31
      vertex 189.679 8.73406 31
      vertex 191.804 7.76393 31
    endloop
  endfacet
  facet normal 0 0 1
    outer loop
      vertex 189.375 9.99923 31
      vertex 191.236 11.3511 31
      vertex 190.828 11.8284 31
    endloop
  endfacet
  facet normal -0 0 1
    outer loop
      vertex 189.617 8.47467 31
      vertex 191.804 7.76393 31
      vertex 189.679 8.73406 31
    endloop
  endfacet
  facet normal 0 0 1
    outer loop
      vertex 189.202 10.2021 31
      vertex 190.828 11.8284 31
      vertex 190.351 12.2361 31
    endloop
  endfacet
  facet normal 0 0 1
    outer loop
      vertex 191.804 7.76393 31
      vertex 189.617 8.47467 31
      vertex 191.564 7.18404 31
    endloop
  endfacet
  facet normal 0 0 1
    outer loop
      vertex 188.999 10.3753 31
      vertex 190.351 12.2361 31
      vertex 189.816 12.564 31
    endloop
  endfacet
  facet normal -0 0 1
    outer loop
      vertex 189.515 8.22822 31
      vertex 191.564 7.18404 31
      vertex 189.617 8.47467 31
    endloop
  endfacet
  facet normal 0 0 1
    outer loop
      vertex 191.564 7.18404 31
      vertex 189.515 8.22822 31
      vertex 191.236 6.64886 31
    endloop
  endfacet
  facet normal 0 0 1
    outer loop
      vertex 191.951 9.62574 31
      vertex 189.679 9.26594 31
      vertex 189.7 9 31
    endloop
  endfacet
  facet normal 0 0 1
    outer loop
      vertex 191.804 10.2361 31
      vertex 189.617 9.52533 31
      vertex 189.679 9.26594 31
    endloop
  endfacet
  facet normal 0 0 1
    outer loop
      vertex 191.564 10.816 31
      vertex 189.515 9.77178 31
      vertex 189.617 9.52533 31
    endloop
  endfacet
  facet normal 0 0 1
    outer loop
      vertex 191.236 11.3511 31
      vertex 189.375 9.99923 31
      vertex 189.515 9.77178 31
    endloop
  endfacet
  facet normal 0 0 1
    outer loop
      vertex 188.772 10.5147 31
      vertex 189.816 12.564 31
      vertex 189.236 12.8042 31
    endloop
  endfacet
  facet normal 0 0 1
    outer loop
      vertex 190.828 11.8284 31
      vertex 189.202 10.2021 31
      vertex 189.375 9.99923 31
    endloop
  endfacet
  facet normal 0 0 1
    outer loop
      vertex 190.351 12.2361 31
      vertex 188.999 10.3753 31
      vertex 189.202 10.2021 31
    endloop
  endfacet
  facet normal 0 0 1
    outer loop
      vertex 189.816 12.564 31
      vertex 188.772 10.5147 31
      vertex 188.999 10.3753 31
    endloop
  endfacet
  facet normal 0 0 1
    outer loop
      vertex 188.525 10.6168 31
      vertex 189.236 12.8042 31
      vertex 188.626 12.9508 31
    endloop
  endfacet
  facet normal 0 0 1
    outer loop
      vertex 189.236 12.8042 31
      vertex 188.525 10.6168 31
      vertex 188.772 10.5147 31
    endloop
  endfacet
  facet normal 0 0 1
    outer loop
      vertex 188.626 12.9508 31
      vertex 188.266 10.6791 31
      vertex 188.525 10.6168 31
    endloop
  endfacet
  facet normal 0 0 1
    outer loop
      vertex 188 13 31
      vertex 188.266 10.6791 31
      vertex 188.626 12.9508 31
    endloop
  endfacet
  facet normal 0 0 1
    outer loop
      vertex 188 13 31
      vertex 188 10.7 31
      vertex 188.266 10.6791 31
    endloop
  endfacet
  facet normal 0 0 1
    outer loop
      vertex 188 13 31
      vertex 187.734 10.6791 31
      vertex 188 10.7 31
    endloop
  endfacet
  facet normal -0 0 1
    outer loop
      vertex 187.374 12.9508 31
      vertex 187.734 10.6791 31
      vertex 188 13 31
    endloop
  endfacet
  facet normal 0 0 1
    outer loop
      vertex 187.734 10.6791 31
      vertex 187.374 12.9508 31
      vertex 187.475 10.6168 31
    endloop
  endfacet
  facet normal -0 0 1
    outer loop
      vertex 186.764 12.8042 31
      vertex 187.475 10.6168 31
      vertex 187.374 12.9508 31
    endloop
  endfacet
  facet normal 0 0 1
    outer loop
      vertex 187.475 10.6168 31
      vertex 186.764 12.8042 31
      vertex 187.228 10.5147 31
    endloop
  endfacet
  facet normal -0 0 1
    outer loop
      vertex 186.184 12.564 31
      vertex 187.228 10.5147 31
      vertex 186.764 12.8042 31
    endloop
  endfacet
  facet normal 0 0 1
    outer loop
      vertex 187.228 10.5147 31
      vertex 186.184 12.564 31
      vertex 187.001 10.3753 31
    endloop
  endfacet
  facet normal -0 0 1
    outer loop
      vertex 185.649 12.2361 31
      vertex 187.001 10.3753 31
      vertex 186.184 12.564 31
    endloop
  endfacet
  facet normal 0 0 1
    outer loop
      vertex 187.001 10.3753 31
      vertex 185.649 12.2361 31
      vertex 186.798 10.2021 31
    endloop
  endfacet
  facet normal -0 0 1
    outer loop
      vertex 185.172 11.8284 31
      vertex 186.798 10.2021 31
      vertex 185.649 12.2361 31
    endloop
  endfacet
  facet normal 0 0 1
    outer loop
      vertex 186.798 10.2021 31
      vertex 185.172 11.8284 31
      vertex 186.625 9.99923 31
    endloop
  endfacet
  facet normal 0 0 1
    outer loop
      vertex 186.625 9.99923 31
      vertex 184.764 11.3511 31
      vertex 186.485 9.77178 31
    endloop
  endfacet
  facet normal -0 0 1
    outer loop
      vertex 184.764 11.3511 31
      vertex 186.625 9.99923 31
      vertex 185.172 11.8284 31
    endloop
  endfacet
  facet normal -0 0 1
    outer loop
      vertex 189.375 8.00077 31
      vertex 191.236 6.64886 31
      vertex 189.515 8.22822 31
    endloop
  endfacet
  facet normal 0 0 1
    outer loop
      vertex 191.236 6.64886 31
      vertex 189.375 8.00077 31
      vertex 190.828 6.17157 31
    endloop
  endfacet
  facet normal -0 0 1
    outer loop
      vertex 189.202 7.79792 31
      vertex 190.828 6.17157 31
      vertex 189.375 8.00077 31
    endloop
  endfacet
  facet normal 0 0 1
    outer loop
      vertex 190.828 6.17157 31
      vertex 189.202 7.79792 31
      vertex 190.351 5.76393 31
    endloop
  endfacet
  facet normal -0 0 1
    outer loop
      vertex 188.999 7.62467 31
      vertex 190.351 5.76393 31
      vertex 189.202 7.79792 31
    endloop
  endfacet
  facet normal 0 0 1
    outer loop
      vertex 190.351 5.76393 31
      vertex 188.999 7.62467 31
      vertex 189.816 5.43597 31
    endloop
  endfacet
  facet normal -0 0 1
    outer loop
      vertex 188.772 7.48529 31
      vertex 189.816 5.43597 31
      vertex 188.999 7.62467 31
    endloop
  endfacet
  facet normal 0 0 1
    outer loop
      vertex 189.816 5.43597 31
      vertex 188.772 7.48529 31
      vertex 189.236 5.19577 31
    endloop
  endfacet
  facet normal -0 0 1
    outer loop
      vertex 188.525 7.3832 31
      vertex 189.236 5.19577 31
      vertex 188.772 7.48529 31
    endloop
  endfacet
  facet normal 0 0 1
    outer loop
      vertex 189.236 5.19577 31
      vertex 188.525 7.3832 31
      vertex 188.626 5.04925 31
    endloop
  endfacet
  facet normal -0 0 1
    outer loop
      vertex 188.266 7.32093 31
      vertex 188.626 5.04925 31
      vertex 188.525 7.3832 31
    endloop
  endfacet
  facet normal -0 0 1
    outer loop
      vertex 188 7.3 31
      vertex 188.626 5.04925 31
      vertex 188.266 7.32093 31
    endloop
  endfacet
  facet normal 0 0 1
    outer loop
      vertex 188 7.3 31
      vertex 188 5 31
      vertex 188.626 5.04925 31
    endloop
  endfacet
  facet normal 0 0 1
    outer loop
      vertex 187.734 7.32093 31
      vertex 188 5 31
      vertex 188 7.3 31
    endloop
  endfacet
  facet normal 0 0 1
    outer loop
      vertex 187.374 5.04925 31
      vertex 187.734 7.32093 31
      vertex 187.475 7.3832 31
    endloop
  endfacet
  facet normal 0 0 1
    outer loop
      vertex 187.734 7.32093 31
      vertex 187.374 5.04925 31
      vertex 188 5 31
    endloop
  endfacet
  facet normal 0 0 1
    outer loop
      vertex 186.764 5.19577 31
      vertex 187.475 7.3832 31
      vertex 187.228 7.48529 31
    endloop
  endfacet
  facet normal 0 0 1
    outer loop
      vertex 186.184 5.43597 31
      vertex 187.228 7.48529 31
      vertex 187.001 7.62467 31
    endloop
  endfacet
  facet normal 0 0 1
    outer loop
      vertex 185.649 5.76393 31
      vertex 187.001 7.62467 31
      vertex 186.798 7.79792 31
    endloop
  endfacet
  facet normal 0 0 1
    outer loop
      vertex 187.475 7.3832 31
      vertex 186.764 5.19577 31
      vertex 187.374 5.04925 31
    endloop
  endfacet
  facet normal 0 0 1
    outer loop
      vertex 185.172 6.17157 31
      vertex 186.798 7.79792 31
      vertex 186.625 8.00077 31
    endloop
  endfacet
  facet normal 0 0 1
    outer loop
      vertex 184.764 6.64886 31
      vertex 186.625 8.00077 31
      vertex 186.485 8.22822 31
    endloop
  endfacet
  facet normal 0 0 1
    outer loop
      vertex 184.436 7.18404 31
      vertex 186.485 8.22822 31
      vertex 186.383 8.47467 31
    endloop
  endfacet
  facet normal 0 0 1
    outer loop
      vertex 184.196 7.76393 31
      vertex 186.383 8.47467 31
      vertex 186.321 8.73406 31
    endloop
  endfacet
  facet normal 0 0 1
    outer loop
      vertex 187.228 7.48529 31
      vertex 186.184 5.43597 31
      vertex 186.764 5.19577 31
    endloop
  endfacet
  facet normal 0 0 1
    outer loop
      vertex 184.049 8.37426 31
      vertex 186.321 8.73406 31
      vertex 186.3 9 31
    endloop
  endfacet
  facet normal -0 0 1
    outer loop
      vertex 184.436 10.816 31
      vertex 186.485 9.77178 31
      vertex 184.764 11.3511 31
    endloop
  endfacet
  facet normal 0 0 1
    outer loop
      vertex 186.485 9.77178 31
      vertex 184.436 10.816 31
      vertex 186.383 9.52533 31
    endloop
  endfacet
  facet normal 0 0 1
    outer loop
      vertex 187.001 7.62467 31
      vertex 185.649 5.76393 31
      vertex 186.184 5.43597 31
    endloop
  endfacet
  facet normal -0 0 1
    outer loop
      vertex 184.196 10.2361 31
      vertex 186.383 9.52533 31
      vertex 184.436 10.816 31
    endloop
  endfacet
  facet normal 0 0 1
    outer loop
      vertex 186.798 7.79792 31
      vertex 185.172 6.17157 31
      vertex 185.649 5.76393 31
    endloop
  endfacet
  facet normal 0 0 1
    outer loop
      vertex 186.383 9.52533 31
      vertex 184.196 10.2361 31
      vertex 186.321 9.26594 31
    endloop
  endfacet
  facet normal 0 0 1
    outer loop
      vertex 186.625 8.00077 31
      vertex 184.764 6.64886 31
      vertex 185.172 6.17157 31
    endloop
  endfacet
  facet normal -0 0 1
    outer loop
      vertex 184.049 9.62574 31
      vertex 186.321 9.26594 31
      vertex 184.196 10.2361 31
    endloop
  endfacet
  facet normal 0 0 1
    outer loop
      vertex 186.485 8.22822 31
      vertex 184.436 7.18404 31
      vertex 184.764 6.64886 31
    endloop
  endfacet
  facet normal 0 0 1
    outer loop
      vertex 186.321 9.26594 31
      vertex 184.049 9.62574 31
      vertex 186.3 9 31
    endloop
  endfacet
  facet normal 0 0 1
    outer loop
      vertex 186.383 8.47467 31
      vertex 184.196 7.76393 31
      vertex 184.436 7.18404 31
    endloop
  endfacet
  facet normal 0 0 1
    outer loop
      vertex 184 9 31
      vertex 186.3 9 31
      vertex 184.049 9.62574 31
    endloop
  endfacet
  facet normal 0 0 1
    outer loop
      vertex 186.321 8.73406 31
      vertex 184.049 8.37426 31
      vertex 184.196 7.76393 31
    endloop
  endfacet
  facet normal 0 0 1
    outer loop
      vertex 186.3 9 31
      vertex 184 9 31
      vertex 184.049 8.37426 31
    endloop
  endfacet
  facet normal 0.760126 -0.649776 0
    outer loop
      vertex 190.828 6.17157 31
      vertex 191.236 6.64886 3
      vertex 191.236 6.64886 31
    endloop
  endfacet
  facet normal 0.760126 -0.649776 0
    outer loop
      vertex 191.236 6.64886 3
      vertex 190.828 6.17157 31
      vertex 190.828 6.17157 3
    endloop
  endfacet
  facet normal 0.649672 -0.760214 0
    outer loop
      vertex 190.351 5.76393 3
      vertex 190.828 6.17157 31
      vertex 190.351 5.76393 31
    endloop
  endfacet
  facet normal 0.649672 -0.760214 0
    outer loop
      vertex 190.828 6.17157 31
      vertex 190.351 5.76393 3
      vertex 190.828 6.17157 3
    endloop
  endfacet
  facet normal -0.649672 -0.760214 0
    outer loop
      vertex 185.172 6.17157 3
      vertex 185.649 5.76393 31
      vertex 185.172 6.17157 31
    endloop
  endfacet
  facet normal -0.649672 -0.760214 -0
    outer loop
      vertex 185.649 5.76393 31
      vertex 185.172 6.17157 3
      vertex 185.649 5.76393 3
    endloop
  endfacet
  facet normal -0.522558 0.852604 0
    outer loop
      vertex 186.184 12.564 3
      vertex 185.649 12.2361 31
      vertex 186.184 12.564 31
    endloop
  endfacet
  facet normal -0.522558 0.852604 0
    outer loop
      vertex 185.649 12.2361 31
      vertex 186.184 12.564 3
      vertex 185.649 12.2361 3
    endloop
  endfacet
  facet normal -0.972199 -0.234157 0
    outer loop
      vertex 184.196 7.76393 3
      vertex 184.049 8.37426 31
      vertex 184.049 8.37426 3
    endloop
  endfacet
  facet normal -0.972199 -0.234157 0
    outer loop
      vertex 184.049 8.37426 31
      vertex 184.196 7.76393 3
      vertex 184.196 7.76393 31
    endloop
  endfacet
  facet normal -0.233674 0.972315 0
    outer loop
      vertex 187.374 12.9508 3
      vertex 186.764 12.8042 31
      vertex 187.374 12.9508 31
    endloop
  endfacet
  facet normal -0.233674 0.972315 0
    outer loop
      vertex 186.764 12.8042 31
      vertex 187.374 12.9508 3
      vertex 186.764 12.8042 3
    endloop
  endfacet
  facet normal -0.972201 0.234146 0
    outer loop
      vertex 184.049 9.62574 3
      vertex 184.196 10.2361 31
      vertex 184.196 10.2361 3
    endloop
  endfacet
  facet normal -0.972201 0.234146 0
    outer loop
      vertex 184.196 10.2361 31
      vertex 184.049 9.62574 3
      vertex 184.049 9.62574 31
    endloop
  endfacet
  facet normal 0.852533 0.522674 0
    outer loop
      vertex 191.236 11.3511 31
      vertex 191.4 11.0836 3
      vertex 191.236 11.3511 3
    endloop
  endfacet
  facet normal 0.852576 0.522603 9.3322e-07
    outer loop
      vertex 191.564 10.816 31
      vertex 191.4 11.0836 3
      vertex 191.236 11.3511 31
    endloop
  endfacet
  facet normal 0.85262 0.522532 -0
    outer loop
      vertex 191.564 10.816 2.99
      vertex 191.4 11.0836 3
      vertex 191.564 10.816 31
    endloop
  endfacet
  facet normal 0.85262 0.522532 0
    outer loop
      vertex 191.4 11.0836 3
      vertex 191.564 10.816 2.99
      vertex 191.4 11.0836 2.99
    endloop
  endfacet
  facet normal -0.382624 0.923904 0
    outer loop
      vertex 186.764 12.8042 3
      vertex 186.184 12.564 31
      vertex 186.764 12.8042 31
    endloop
  endfacet
  facet normal -0.382624 0.923904 0
    outer loop
      vertex 186.184 12.564 31
      vertex 186.764 12.8042 3
      vertex 186.184 12.564 3
    endloop
  endfacet
  facet normal -0.852576 0.522603 0
    outer loop
      vertex 184.436 10.816 3
      vertex 184.764 11.3511 31
      vertex 184.764 11.3511 3
    endloop
  endfacet
  facet normal -0.852576 0.522603 0
    outer loop
      vertex 184.764 11.3511 31
      vertex 184.436 10.816 3
      vertex 184.436 10.816 31
    endloop
  endfacet
  facet normal -0.382624 -0.923904 0
    outer loop
      vertex 186.184 5.43597 3
      vertex 186.764 5.19577 31
      vertex 186.184 5.43597 31
    endloop
  endfacet
  facet normal -0.382624 -0.923904 -0
    outer loop
      vertex 186.764 5.19577 31
      vertex 186.184 5.43597 3
      vertex 186.764 5.19577 3
    endloop
  endfacet
  facet normal 0.923994 0.382408 0
    outer loop
      vertex 191.804 10.2361 31
      vertex 191.564 10.816 2.99
      vertex 191.564 10.816 31
    endloop
  endfacet
  facet normal 0.923994 0.382408 0
    outer loop
      vertex 191.564 10.816 2.99
      vertex 191.804 10.2361 31
      vertex 191.804 10.2361 2.99
    endloop
  endfacet
  facet normal 0.382624 -0.923904 0
    outer loop
      vertex 189.236 5.19577 3
      vertex 189.816 5.43597 31
      vertex 189.236 5.19577 31
    endloop
  endfacet
  facet normal 0.382624 -0.923904 0
    outer loop
      vertex 189.816 5.43597 31
      vertex 189.236 5.19577 3
      vertex 189.816 5.43597 3
    endloop
  endfacet
  facet normal 0 0 -1
    outer loop
      vertex 191.951 8.37426 2.99
      vertex 191.951 9.62574 2.99
      vertex 192 9 2.99
    endloop
  endfacet
  facet normal 0 0 -1
    outer loop
      vertex 191.804 7.76393 2.99
      vertex 191.951 9.62574 2.99
      vertex 191.951 8.37426 2.99
    endloop
  endfacet
  facet normal 0 0 -1
    outer loop
      vertex 191.804 7.76393 2.99
      vertex 191.804 10.2361 2.99
      vertex 191.951 9.62574 2.99
    endloop
  endfacet
  facet normal 0 0 -1
    outer loop
      vertex 191.4 6.91637 2.99
      vertex 191.804 7.76393 2.99
      vertex 191.564 7.18404 2.99
    endloop
  endfacet
  facet normal -0 0 -1
    outer loop
      vertex 191.804 7.76393 2.99
      vertex 191.4 6.91637 2.99
      vertex 191.804 10.2361 2.99
    endloop
  endfacet
  facet normal 0 0 -1
    outer loop
      vertex 191.4 11.0836 2.99
      vertex 191.804 10.2361 2.99
      vertex 191.4 6.91637 2.99
    endloop
  endfacet
  facet normal 0 0 -1
    outer loop
      vertex 191.804 10.2361 2.99
      vertex 191.4 11.0836 2.99
      vertex 191.564 10.816 2.99
    endloop
  endfacet
  facet normal 0.233554 -0.972344 0
    outer loop
      vertex 188.626 5.04925 3
      vertex 189.236 5.19577 31
      vertex 188.626 5.04925 31
    endloop
  endfacet
  facet normal 0.233554 -0.972344 0
    outer loop
      vertex 189.236 5.19577 31
      vertex 188.626 5.04925 3
      vertex 189.236 5.19577 3
    endloop
  endfacet
  facet normal 0.0783526 0.996926 -0
    outer loop
      vertex 188.626 12.9508 3
      vertex 188 13 31
      vertex 188.626 12.9508 31
    endloop
  endfacet
  facet normal 0.0783526 0.996926 0
    outer loop
      vertex 188 13 31
      vertex 188.626 12.9508 3
      vertex 188 13 3
    endloop
  endfacet
  facet normal -0.852611 -0.522546 0
    outer loop
      vertex 184.764 6.64886 3
      vertex 184.436 7.18404 31
      vertex 184.436 7.18404 3
    endloop
  endfacet
  facet normal -0.852611 -0.522546 0
    outer loop
      vertex 184.436 7.18404 31
      vertex 184.764 6.64886 3
      vertex 184.764 6.64886 31
    endloop
  endfacet
  facet normal -0.760126 -0.649776 0
    outer loop
      vertex 185.172 6.17157 3
      vertex 184.764 6.64886 31
      vertex 184.764 6.64886 3
    endloop
  endfacet
  facet normal -0.760126 -0.649776 0
    outer loop
      vertex 184.764 6.64886 31
      vertex 185.172 6.17157 3
      vertex 185.172 6.17157 31
    endloop
  endfacet
  facet normal -0.522628 -0.852561 0
    outer loop
      vertex 185.649 5.76393 3
      vertex 186.184 5.43597 31
      vertex 185.649 5.76393 31
    endloop
  endfacet
  facet normal -0.522628 -0.852561 -0
    outer loop
      vertex 186.184 5.43597 31
      vertex 185.649 5.76393 3
      vertex 186.184 5.43597 3
    endloop
  endfacet
  facet normal -0.996948 0.0780683 0
    outer loop
      vertex 184 9 3
      vertex 184.049 9.62574 31
      vertex 184.049 9.62574 3
    endloop
  endfacet
  facet normal -0.996948 0.0780683 0
    outer loop
      vertex 184.049 9.62574 31
      vertex 184 9 3
      vertex 184 9 31
    endloop
  endfacet
  facet normal 0.522628 -0.852561 0
    outer loop
      vertex 189.816 5.43597 3
      vertex 190.351 5.76393 31
      vertex 189.816 5.43597 31
    endloop
  endfacet
  facet normal 0.522628 -0.852561 0
    outer loop
      vertex 190.351 5.76393 31
      vertex 189.816 5.43597 3
      vertex 190.351 5.76393 3
    endloop
  endfacet
  facet normal -0.0784318 -0.996919 0
    outer loop
      vertex 187.374 5.04925 3
      vertex 188 5 31
      vertex 187.374 5.04925 31
    endloop
  endfacet
  facet normal -0.0784318 -0.996919 -0
    outer loop
      vertex 188 5 31
      vertex 187.374 5.04925 3
      vertex 188 5 3
    endloop
  endfacet
  facet normal 0.522558 0.852604 -0
    outer loop
      vertex 190.351 12.2361 3
      vertex 189.816 12.564 31
      vertex 190.351 12.2361 31
    endloop
  endfacet
  facet normal 0.522558 0.852604 0
    outer loop
      vertex 189.816 12.564 31
      vertex 190.351 12.2361 3
      vertex 189.816 12.564 3
    endloop
  endfacet
  facet normal 0.0784318 -0.996919 0
    outer loop
      vertex 188 5 3
      vertex 188.626 5.04925 31
      vertex 188 5 31
    endloop
  endfacet
  facet normal 0.0784318 -0.996919 0
    outer loop
      vertex 188.626 5.04925 31
      vertex 188 5 3
      vertex 188.626 5.04925 3
    endloop
  endfacet
  facet normal -0.233554 -0.972344 0
    outer loop
      vertex 186.764 5.19577 3
      vertex 187.374 5.04925 31
      vertex 186.764 5.19577 31
    endloop
  endfacet
  facet normal -0.233554 -0.972344 -0
    outer loop
      vertex 187.374 5.04925 31
      vertex 186.764 5.19577 3
      vertex 187.374 5.04925 3
    endloop
  endfacet
  facet normal 0.85268 -0.522433 0
    outer loop
      vertex 191.564 7.18404 31
      vertex 191.4 6.91637 3
      vertex 191.564 7.18404 2.99
    endloop
  endfacet
  facet normal 0.852611 -0.522546 1.49299e-06
    outer loop
      vertex 191.236 6.64886 31
      vertex 191.4 6.91637 3
      vertex 191.564 7.18404 31
    endloop
  endfacet
  facet normal 0.852541 -0.52266 0
    outer loop
      vertex 191.4 6.91637 3
      vertex 191.236 6.64886 31
      vertex 191.236 6.64886 3
    endloop
  endfacet
  facet normal 0.85268 -0.522433 0
    outer loop
      vertex 191.564 7.18404 2.99
      vertex 191.4 6.91637 3
      vertex 191.4 6.91637 2.99
    endloop
  endfacet
  facet normal -0.760133 0.649768 0
    outer loop
      vertex 184.764 11.3511 3
      vertex 185.172 11.8284 31
      vertex 185.172 11.8284 3
    endloop
  endfacet
  facet normal -0.760133 0.649768 0
    outer loop
      vertex 185.172 11.8284 31
      vertex 184.764 11.3511 3
      vertex 184.764 11.3511 31
    endloop
  endfacet
  facet normal 0.972201 0.234146 0
    outer loop
      vertex 191.951 9.62574 31
      vertex 191.804 10.2361 2.99
      vertex 191.804 10.2361 31
    endloop
  endfacet
  facet normal 0.972201 0.234146 0
    outer loop
      vertex 191.804 10.2361 2.99
      vertex 191.951 9.62574 31
      vertex 191.951 9.62574 2.99
    endloop
  endfacet
  facet normal -0.649728 0.760167 0
    outer loop
      vertex 185.649 12.2361 3
      vertex 185.172 11.8284 31
      vertex 185.649 12.2361 31
    endloop
  endfacet
  facet normal -0.649728 0.760167 0
    outer loop
      vertex 185.172 11.8284 31
      vertex 185.649 12.2361 3
      vertex 185.172 11.8284 3
    endloop
  endfacet
  facet normal 0.760133 0.649768 0
    outer loop
      vertex 191.236 11.3511 31
      vertex 190.828 11.8284 3
      vertex 190.828 11.8284 31
    endloop
  endfacet
  facet normal 0.760133 0.649768 0
    outer loop
      vertex 190.828 11.8284 3
      vertex 191.236 11.3511 31
      vertex 191.236 11.3511 3
    endloop
  endfacet
  facet normal 0.649728 0.760167 -0
    outer loop
      vertex 190.828 11.8284 3
      vertex 190.351 12.2361 31
      vertex 190.828 11.8284 31
    endloop
  endfacet
  facet normal 0.649728 0.760167 0
    outer loop
      vertex 190.351 12.2361 31
      vertex 190.828 11.8284 3
      vertex 190.351 12.2361 3
    endloop
  endfacet
  facet normal -0.0783526 0.996926 0
    outer loop
      vertex 188 13 3
      vertex 187.374 12.9508 31
      vertex 188 13 31
    endloop
  endfacet
  facet normal -0.0783526 0.996926 0
    outer loop
      vertex 187.374 12.9508 31
      vertex 188 13 3
      vertex 187.374 12.9508 3
    endloop
  endfacet
  facet normal 0.382624 0.923904 -0
    outer loop
      vertex 189.816 12.564 3
      vertex 189.236 12.8042 31
      vertex 189.816 12.564 31
    endloop
  endfacet
  facet normal 0.382624 0.923904 0
    outer loop
      vertex 189.236 12.8042 31
      vertex 189.816 12.564 3
      vertex 189.236 12.8042 3
    endloop
  endfacet
  facet normal -0.923994 0.382408 0
    outer loop
      vertex 184.196 10.2361 3
      vertex 184.436 10.816 31
      vertex 184.436 10.816 3
    endloop
  endfacet
  facet normal -0.923994 0.382408 0
    outer loop
      vertex 184.436 10.816 31
      vertex 184.196 10.2361 3
      vertex 184.196 10.2361 31
    endloop
  endfacet
  facet normal 0.923991 -0.382414 0
    outer loop
      vertex 191.564 7.18404 31
      vertex 191.804 7.76393 2.99
      vertex 191.804 7.76393 31
    endloop
  endfacet
  facet normal 0.923991 -0.382414 0
    outer loop
      vertex 191.804 7.76393 2.99
      vertex 191.564 7.18404 31
      vertex 191.564 7.18404 2.99
    endloop
  endfacet
  facet normal -0.996948 -0.0780683 0
    outer loop
      vertex 184.049 8.37426 3
      vertex 184 9 31
      vertex 184 9 3
    endloop
  endfacet
  facet normal -0.996948 -0.0780683 0
    outer loop
      vertex 184 9 31
      vertex 184.049 8.37426 3
      vertex 184.049 8.37426 31
    endloop
  endfacet
  facet normal 1 0 0
    outer loop
      vertex 191.4 6.91637 3
      vertex 191.4 3.5 3
      vertex 191.4 6.91637 2.99
    endloop
  endfacet
  facet normal 1 0 0
    outer loop
      vertex 191.4 65.9164 3
      vertex 191.4 11.0836 3
      vertex 191.4 65.9164 2.99
    endloop
  endfacet
  facet normal 1 0 0
    outer loop
      vertex 191.4 70.0836 2.99
      vertex 191.4 74.1 3
      vertex 191.4 70.0836 3
    endloop
  endfacet
  facet normal 1 0 0
    outer loop
      vertex 191.4 74.1 3
      vertex 191.4 70.0836 2.99
      vertex 191.4 74.1 0
    endloop
  endfacet
  facet normal 1 -0 0
    outer loop
      vertex 191.4 65.9164 2.99
      vertex 191.4 74.1 0
      vertex 191.4 70.0836 2.99
    endloop
  endfacet
  facet normal 1 0 0
    outer loop
      vertex 191.4 11.0836 2.99
      vertex 191.4 65.9164 2.99
      vertex 191.4 11.0836 3
    endloop
  endfacet
  facet normal 1 0 0
    outer loop
      vertex 191.4 3.5 0
      vertex 191.4 65.9164 2.99
      vertex 191.4 11.0836 2.99
    endloop
  endfacet
  facet normal 1 0 0
    outer loop
      vertex 191.4 3.5 0
      vertex 191.4 11.0836 2.99
      vertex 191.4 6.91637 2.99
    endloop
  endfacet
  facet normal 1 0 0
    outer loop
      vertex 191.4 3.5 0
      vertex 191.4 6.91637 2.99
      vertex 191.4 3.5 3
    endloop
  endfacet
  facet normal 1 0 0
    outer loop
      vertex 191.4 65.9164 2.99
      vertex 191.4 3.5 0
      vertex 191.4 74.1 0
    endloop
  endfacet
  facet normal 0 0 -1
    outer loop
      vertex 191.062 9.48495 0
      vertex 191.1 68 0
      vertex 191.1 9 0
    endloop
  endfacet
  facet normal 0 0 -1
    outer loop
      vertex 191.062 9.48495 0
      vertex 191.062 67.5151 0
      vertex 191.1 68 0
    endloop
  endfacet
  facet normal 0 0 -1
    outer loop
      vertex 190.948 9.95795 0
      vertex 191.062 67.5151 0
      vertex 191.062 9.48495 0
    endloop
  endfacet
  facet normal 0 0 -1
    outer loop
      vertex 190.948 9.95795 0
      vertex 190.948 67.042 0
      vertex 191.062 67.5151 0
    endloop
  endfacet
  facet normal 0 0 -1
    outer loop
      vertex 190.762 10.4074 0
      vertex 190.948 67.042 0
      vertex 190.948 9.95795 0
    endloop
  endfacet
  facet normal 0 0 -1
    outer loop
      vertex 190.762 10.4074 0
      vertex 190.762 66.5926 0
      vertex 190.948 67.042 0
    endloop
  endfacet
  facet normal 0 0 -1
    outer loop
      vertex 190.508 10.8221 0
      vertex 190.762 66.5926 0
      vertex 190.762 10.4074 0
    endloop
  endfacet
  facet normal 0 0 -1
    outer loop
      vertex 190.508 10.8221 0
      vertex 190.508 66.1779 0
      vertex 190.762 66.5926 0
    endloop
  endfacet
  facet normal 0 0 -1
    outer loop
      vertex 190.192 11.192 0
      vertex 190.508 66.1779 0
      vertex 190.508 10.8221 0
    endloop
  endfacet
  facet normal 0 0 -1
    outer loop
      vertex 190.192 11.192 0
      vertex 190.192 65.808 0
      vertex 190.508 66.1779 0
    endloop
  endfacet
  facet normal 0 0 -1
    outer loop
      vertex 189.822 11.508 0
      vertex 190.192 65.808 0
      vertex 190.192 11.192 0
    endloop
  endfacet
  facet normal 0 0 -1
    outer loop
      vertex 189.822 11.508 0
      vertex 189.822 65.4921 0
      vertex 190.192 65.808 0
    endloop
  endfacet
  facet normal 0 0 -1
    outer loop
      vertex 189.407 11.7621 0
      vertex 189.822 65.4921 0
      vertex 189.822 11.508 0
    endloop
  endfacet
  facet normal 0 0 -1
    outer loop
      vertex 189.407 11.7621 0
      vertex 189.407 65.2379 0
      vertex 189.822 65.4921 0
    endloop
  endfacet
  facet normal 0 0 -1
    outer loop
      vertex 188.958 11.9483 0
      vertex 189.407 65.2379 0
      vertex 189.407 11.7621 0
    endloop
  endfacet
  facet normal 0 0 -1
    outer loop
      vertex 188.958 11.9483 0
      vertex 188.958 65.0517 0
      vertex 189.407 65.2379 0
    endloop
  endfacet
  facet normal 0 0 -1
    outer loop
      vertex 188.485 12.0618 0
      vertex 188.958 65.0517 0
      vertex 188.958 11.9483 0
    endloop
  endfacet
  facet normal 0 0 -1
    outer loop
      vertex 188.485 12.0618 0
      vertex 188.485 64.9382 0
      vertex 188.958 65.0517 0
    endloop
  endfacet
  facet normal 0 0 -1
    outer loop
      vertex 171.4 21.5 0
      vertex 188.485 12.0618 0
      vertex 188 12.1 0
    endloop
  endfacet
  facet normal 0 0 -1
    outer loop
      vertex 188.485 12.0618 0
      vertex 171.4 21.5 0
      vertex 188.485 64.9382 0
    endloop
  endfacet
  facet normal 0 0 -1
    outer loop
      vertex 171.4 21.5 0
      vertex 188 12.1 0
      vertex 187.515 12.0618 0
    endloop
  endfacet
  facet normal 0 0 -1
    outer loop
      vertex 171.4 56.1 0
      vertex 188.485 64.9382 0
      vertex 171.4 21.5 0
    endloop
  endfacet
  facet normal 0 0 -1
    outer loop
      vertex 171.4 21.5 0
      vertex 187.515 12.0618 0
      vertex 187.042 11.9483 0
    endloop
  endfacet
  facet normal 0 0 -1
    outer loop
      vertex 188.485 64.9382 0
      vertex 171.4 56.1 0
      vertex 188 64.9 0
    endloop
  endfacet
  facet normal 0 0 -1
    outer loop
      vertex 171.4 21.5 0
      vertex 187.042 11.9483 0
      vertex 186.593 11.7621 0
    endloop
  endfacet
  facet normal -0 0 -1
    outer loop
      vertex 188 64.9 0
      vertex 171.4 56.1 0
      vertex 187.515 64.9382 0
    endloop
  endfacet
  facet normal 0 0 -1
    outer loop
      vertex 171.4 21.5 0
      vertex 186.593 11.7621 0
      vertex 186.178 11.508 0
    endloop
  endfacet
  facet normal -0 0 -1
    outer loop
      vertex 187.515 64.9382 0
      vertex 171.4 56.1 0
      vertex 187.042 65.0517 0
    endloop
  endfacet
  facet normal 0 0 -1
    outer loop
      vertex 171.4 21.5 0
      vertex 186.178 11.508 0
      vertex 185.808 11.192 0
    endloop
  endfacet
  facet normal -0 0 -1
    outer loop
      vertex 187.042 65.0517 0
      vertex 171.4 56.1 0
      vertex 186.593 65.2379 0
    endloop
  endfacet
  facet normal 0 0 -1
    outer loop
      vertex 171.4 21.5 0
      vertex 185.808 11.192 0
      vertex 185.492 10.8221 0
    endloop
  endfacet
  facet normal -0 0 -1
    outer loop
      vertex 186.593 65.2379 0
      vertex 171.4 56.1 0
      vertex 186.178 65.4921 0
    endloop
  endfacet
  facet normal 0 0 -1
    outer loop
      vertex 171.4 21.5 0
      vertex 185.492 10.8221 0
      vertex 185.238 10.4074 0
    endloop
  endfacet
  facet normal -0 0 -1
    outer loop
      vertex 186.178 65.4921 0
      vertex 171.4 56.1 0
      vertex 185.808 65.808 0
    endloop
  endfacet
  facet normal 0 0 -1
    outer loop
      vertex 171.4 21.5 0
      vertex 185.238 10.4074 0
      vertex 185.052 9.95795 0
    endloop
  endfacet
  facet normal -0 0 -1
    outer loop
      vertex 185.808 65.808 0
      vertex 171.4 56.1 0
      vertex 185.492 66.1779 0
    endloop
  endfacet
  facet normal 0 0 -1
    outer loop
      vertex 171.4 21.5 0
      vertex 185.052 9.95795 0
      vertex 184.938 9.48495 0
    endloop
  endfacet
  facet normal -0 0 -1
    outer loop
      vertex 185.492 66.1779 0
      vertex 171.4 56.1 0
      vertex 185.238 66.5926 0
    endloop
  endfacet
  facet normal 0 0 -1
    outer loop
      vertex 171.4 21.5 0
      vertex 184.938 9.48495 0
      vertex 184.9 9 0
    endloop
  endfacet
  facet normal -0 0 -1
    outer loop
      vertex 185.238 66.5926 0
      vertex 171.4 56.1 0
      vertex 185.052 67.042 0
    endloop
  endfacet
  facet normal 0 0 -1
    outer loop
      vertex 191.4 3.5 0
      vertex 191.1 9 0
      vertex 191.4 74.1 0
    endloop
  endfacet
  facet normal 0 0 -1
    outer loop
      vertex 191.4 3.5 0
      vertex 191.062 8.51505 0
      vertex 191.1 9 0
    endloop
  endfacet
  facet normal 0 0 -1
    outer loop
      vertex 191.4 3.5 0
      vertex 190.948 8.04205 0
      vertex 191.062 8.51505 0
    endloop
  endfacet
  facet normal 0 0 -1
    outer loop
      vertex 191.4 3.5 0
      vertex 190.762 7.59263 0
      vertex 190.948 8.04205 0
    endloop
  endfacet
  facet normal 0 0 -1
    outer loop
      vertex 191.4 3.5 0
      vertex 190.508 7.17787 0
      vertex 190.762 7.59263 0
    endloop
  endfacet
  facet normal 0 0 -1
    outer loop
      vertex 191.4 3.5 0
      vertex 190.192 6.80797 0
      vertex 190.508 7.17787 0
    endloop
  endfacet
  facet normal 0 0 -1
    outer loop
      vertex 191.4 3.5 0
      vertex 189.822 6.49205 0
      vertex 190.192 6.80797 0
    endloop
  endfacet
  facet normal 0 0 -1
    outer loop
      vertex 191.4 3.5 0
      vertex 189.407 6.23788 0
      vertex 189.822 6.49205 0
    endloop
  endfacet
  facet normal 0 0 -1
    outer loop
      vertex 191.4 3.5 0
      vertex 188.958 6.05173 0
      vertex 189.407 6.23788 0
    endloop
  endfacet
  facet normal 0 0 -1
    outer loop
      vertex 191.4 3.5 0
      vertex 188.485 5.93817 0
      vertex 188.958 6.05173 0
    endloop
  endfacet
  facet normal 0 0 -1
    outer loop
      vertex 191.4 3.5 0
      vertex 188 5.9 0
      vertex 188.485 5.93817 0
    endloop
  endfacet
  facet normal 0 0 -1
    outer loop
      vertex 191.4 3.5 0
      vertex 187.515 5.93817 0
      vertex 188 5.9 0
    endloop
  endfacet
  facet normal 0 0 -1
    outer loop
      vertex 191.4 3.5 0
      vertex 187.042 6.05173 0
      vertex 187.515 5.93817 0
    endloop
  endfacet
  facet normal 0 0 -1
    outer loop
      vertex 191.4 3.5 0
      vertex 186.593 6.23788 0
      vertex 187.042 6.05173 0
    endloop
  endfacet
  facet normal -0 0 -1
    outer loop
      vertex 185.052 67.042 0
      vertex 171.4 56.1 0
      vertex 184.938 67.5151 0
    endloop
  endfacet
  facet normal 0 0 -1
    outer loop
      vertex 184.938 8.51505 0
      vertex 171.4 21.5 0
      vertex 184.9 9 0
    endloop
  endfacet
  facet normal 0 0 -1
    outer loop
      vertex 185.052 8.04205 0
      vertex 171.4 21.5 0
      vertex 184.938 8.51505 0
    endloop
  endfacet
  facet normal 0 0 -1
    outer loop
      vertex 147.948 8.04205 0
      vertex 185.052 8.04205 0
      vertex 185.238 7.59263 0
    endloop
  endfacet
  facet normal 0 0 -1
    outer loop
      vertex 147.762 7.59263 0
      vertex 185.238 7.59263 0
      vertex 185.492 7.17787 0
    endloop
  endfacet
  facet normal 0 0 -1
    outer loop
      vertex 147.508 7.17787 0
      vertex 185.492 7.17787 0
      vertex 185.808 6.80797 0
    endloop
  endfacet
  facet normal 0 0 -1
    outer loop
      vertex 185.052 8.04205 0
      vertex 147.948 8.04205 0
      vertex 171.4 21.5 0
    endloop
  endfacet
  facet normal 0 0 -1
    outer loop
      vertex 147.192 6.80797 0
      vertex 185.808 6.80797 0
      vertex 186.178 6.49205 0
    endloop
  endfacet
  facet normal 0 0 -1
    outer loop
      vertex 146.822 6.49205 0
      vertex 186.178 6.49205 0
      vertex 186.593 6.23788 0
    endloop
  endfacet
  facet normal 0 0 -1
    outer loop
      vertex 146.407 6.23788 0
      vertex 186.593 6.23788 0
      vertex 191.4 3.5 0
    endloop
  endfacet
  facet normal 0 0 -1
    outer loop
      vertex 171.4 21.5 0
      vertex 148.062 8.51505 0
      vertex 148.1 9 0
    endloop
  endfacet
  facet normal 0 0 -1
    outer loop
      vertex 171.4 21.5 0
      vertex 147.948 8.04205 0
      vertex 148.062 8.51505 0
    endloop
  endfacet
  facet normal 0 0 -1
    outer loop
      vertex 185.238 7.59263 0
      vertex 147.762 7.59263 0
      vertex 147.948 8.04205 0
    endloop
  endfacet
  facet normal 0 0 -1
    outer loop
      vertex 185.492 7.17787 0
      vertex 147.508 7.17787 0
      vertex 147.762 7.59263 0
    endloop
  endfacet
  facet normal 0 0 -1
    outer loop
      vertex 185.808 6.80797 0
      vertex 147.192 6.80797 0
      vertex 147.508 7.17787 0
    endloop
  endfacet
  facet normal 0 0 -1
    outer loop
      vertex 186.178 6.49205 0
      vertex 146.822 6.49205 0
      vertex 147.192 6.80797 0
    endloop
  endfacet
  facet normal 0 0 -1
    outer loop
      vertex 186.593 6.23788 0
      vertex 146.407 6.23788 0
      vertex 146.822 6.49205 0
    endloop
  endfacet
  facet normal 0 0 -1
    outer loop
      vertex 191.4 3.5 0
      vertex 145.958 6.05173 0
      vertex 146.407 6.23788 0
    endloop
  endfacet
  facet normal 0 0 -1
    outer loop
      vertex 191.4 3.5 0
      vertex 145.485 5.93817 0
      vertex 145.958 6.05173 0
    endloop
  endfacet
  facet normal 0 0 -1
    outer loop
      vertex 191.4 3.5 0
      vertex 145 5.9 0
      vertex 145.485 5.93817 0
    endloop
  endfacet
  facet normal 0 0 -1
    outer loop
      vertex 141.938 8.51505 0
      vertex 116 21.5 0
      vertex 141.9 9 0
    endloop
  endfacet
  facet normal 0 0 -1
    outer loop
      vertex 142.052 8.04205 0
      vertex 116 21.5 0
      vertex 141.938 8.51505 0
    endloop
  endfacet
  facet normal 0 0 -1
    outer loop
      vertex 142.238 7.59263 0
      vertex 116 21.5 0
      vertex 142.052 8.04205 0
    endloop
  endfacet
  facet normal 0 0 -1
    outer loop
      vertex 96 3.5 0
      vertex 142.238 7.59263 0
      vertex 142.492 7.17787 0
    endloop
  endfacet
  facet normal 0 0 -1
    outer loop
      vertex 96 3.5 0
      vertex 142.492 7.17787 0
      vertex 142.808 6.80797 0
    endloop
  endfacet
  facet normal 0 0 -1
    outer loop
      vertex 96 3.5 0
      vertex 142.808 6.80797 0
      vertex 143.178 6.49205 0
    endloop
  endfacet
  facet normal 0 0 -1
    outer loop
      vertex 96 3.5 0
      vertex 143.178 6.49205 0
      vertex 143.593 6.23788 0
    endloop
  endfacet
  facet normal 0 0 -1
    outer loop
      vertex 98.5151 64.9382 0
      vertex 116 56.1 0
      vertex 116 21.5 0
    endloop
  endfacet
  facet normal 0 0 -1
    outer loop
      vertex 116 56.1 0
      vertex 102.062 67.5151 0
      vertex 102.1 68 0
    endloop
  endfacet
  facet normal 0 0 -1
    outer loop
      vertex 116 56.1 0
      vertex 101.948 67.042 0
      vertex 102.062 67.5151 0
    endloop
  endfacet
  facet normal 0 0 -1
    outer loop
      vertex 116 56.1 0
      vertex 101.762 66.5926 0
      vertex 101.948 67.042 0
    endloop
  endfacet
  facet normal 0 0 -1
    outer loop
      vertex 116 56.1 0
      vertex 101.508 66.1779 0
      vertex 101.762 66.5926 0
    endloop
  endfacet
  facet normal 0 0 -1
    outer loop
      vertex 116 56.1 0
      vertex 101.192 65.808 0
      vertex 101.508 66.1779 0
    endloop
  endfacet
  facet normal 0 0 -1
    outer loop
      vertex 116 56.1 0
      vertex 100.822 65.4921 0
      vertex 101.192 65.808 0
    endloop
  endfacet
  facet normal 0 0 -1
    outer loop
      vertex 116 56.1 0
      vertex 100.407 65.2379 0
      vertex 100.822 65.4921 0
    endloop
  endfacet
  facet normal 0 0 -1
    outer loop
      vertex 116 56.1 0
      vertex 99.958 65.0517 0
      vertex 100.407 65.2379 0
    endloop
  endfacet
  facet normal 0 0 -1
    outer loop
      vertex 116 56.1 0
      vertex 99.4849 64.9382 0
      vertex 99.958 65.0517 0
    endloop
  endfacet
  facet normal 0 0 -1
    outer loop
      vertex 116 56.1 0
      vertex 99 64.9 0
      vertex 99.4849 64.9382 0
    endloop
  endfacet
  facet normal 0 0 -1
    outer loop
      vertex 116 56.1 0
      vertex 98.5151 64.9382 0
      vertex 99 64.9 0
    endloop
  endfacet
  facet normal 0 0 -1
    outer loop
      vertex 116 21.5 0
      vertex 98.042 65.0517 0
      vertex 98.5151 64.9382 0
    endloop
  endfacet
  facet normal 0 0 -1
    outer loop
      vertex 96 3.5 0
      vertex 98.042 65.0517 0
      vertex 116 21.5 0
    endloop
  endfacet
  facet normal -0 0 -1
    outer loop
      vertex 98.042 65.0517 0
      vertex 96 3.5 0
      vertex 97.5926 65.2379 0
    endloop
  endfacet
  facet normal -0 0 -1
    outer loop
      vertex 97.5926 65.2379 0
      vertex 96 3.5 0
      vertex 97.1779 65.4921 0
    endloop
  endfacet
  facet normal -0 0 -1
    outer loop
      vertex 97.1779 65.4921 0
      vertex 96 3.5 0
      vertex 96.808 65.808 0
    endloop
  endfacet
  facet normal -0 0 -1
    outer loop
      vertex 96.808 65.808 0
      vertex 96 3.5 0
      vertex 96.4921 66.1779 0
    endloop
  endfacet
  facet normal 0 0 -1
    outer loop
      vertex 96 3.5 0
      vertex 145 5.9 0
      vertex 191.4 3.5 0
    endloop
  endfacet
  facet normal 0 0 -1
    outer loop
      vertex 96 3.5 0
      vertex 144.515 5.93817 0
      vertex 145 5.9 0
    endloop
  endfacet
  facet normal 0 0 -1
    outer loop
      vertex 96 3.5 0
      vertex 144.042 6.05173 0
      vertex 144.515 5.93817 0
    endloop
  endfacet
  facet normal 0 0 -1
    outer loop
      vertex 96 3.5 0
      vertex 143.593 6.23788 0
      vertex 144.042 6.05173 0
    endloop
  endfacet
  facet normal -0 0 -1
    outer loop
      vertex 142.238 7.59263 0
      vertex 96 3.5 0
      vertex 116 21.5 0
    endloop
  endfacet
  facet normal -0 0 -1
    outer loop
      vertex 96.4921 66.1779 0
      vertex 96 3.5 0
      vertex 96.2379 66.5926 0
    endloop
  endfacet
  facet normal 0 0 -1
    outer loop
      vertex 96 3.5 0
      vertex 96.0517 67.042 0
      vertex 96.2379 66.5926 0
    endloop
  endfacet
  facet normal -0 0 -1
    outer loop
      vertex 96.0517 67.042 0
      vertex 96 3.5 0
      vertex 96 67.2575 0
    endloop
  endfacet
  facet normal 0 0 -1
    outer loop
      vertex 191.1 68 0
      vertex 191.4 74.1 0
      vertex 191.1 9 0
    endloop
  endfacet
  facet normal 0 0 -1
    outer loop
      vertex 191.062 68.4849 0
      vertex 191.4 74.1 0
      vertex 191.1 68 0
    endloop
  endfacet
  facet normal 0 0 -1
    outer loop
      vertex 190.948 68.958 0
      vertex 191.4 74.1 0
      vertex 191.062 68.4849 0
    endloop
  endfacet
  facet normal 0 0 -1
    outer loop
      vertex 190.762 69.4074 0
      vertex 191.4 74.1 0
      vertex 190.948 68.958 0
    endloop
  endfacet
  facet normal 0 0 -1
    outer loop
      vertex 190.508 69.8221 0
      vertex 191.4 74.1 0
      vertex 190.762 69.4074 0
    endloop
  endfacet
  facet normal 0 0 -1
    outer loop
      vertex 190.192 70.192 0
      vertex 191.4 74.1 0
      vertex 190.508 69.8221 0
    endloop
  endfacet
  facet normal 0 0 -1
    outer loop
      vertex 189.822 70.5079 0
      vertex 191.4 74.1 0
      vertex 190.192 70.192 0
    endloop
  endfacet
  facet normal 0 0 -1
    outer loop
      vertex 189.407 70.7621 0
      vertex 191.4 74.1 0
      vertex 189.822 70.5079 0
    endloop
  endfacet
  facet normal 0 0 -1
    outer loop
      vertex 188.958 70.9483 0
      vertex 191.4 74.1 0
      vertex 189.407 70.7621 0
    endloop
  endfacet
  facet normal 0 0 -1
    outer loop
      vertex 188.485 71.0618 0
      vertex 191.4 74.1 0
      vertex 188.958 70.9483 0
    endloop
  endfacet
  facet normal 0 0 -1
    outer loop
      vertex 188 71.1 0
      vertex 191.4 74.1 0
      vertex 188.485 71.0618 0
    endloop
  endfacet
  facet normal 0 0 -1
    outer loop
      vertex 187.515 71.0618 0
      vertex 191.4 74.1 0
      vertex 188 71.1 0
    endloop
  endfacet
  facet normal 0 0 -1
    outer loop
      vertex 187.042 70.9483 0
      vertex 191.4 74.1 0
      vertex 187.515 71.0618 0
    endloop
  endfacet
  facet normal 0 0 -1
    outer loop
      vertex 186.593 70.7621 0
      vertex 191.4 74.1 0
      vertex 187.042 70.9483 0
    endloop
  endfacet
  facet normal 0 0 -1
    outer loop
      vertex 186.178 70.5079 0
      vertex 191.4 74.1 0
      vertex 186.593 70.7621 0
    endloop
  endfacet
  facet normal -0 0 -1
    outer loop
      vertex 184.938 67.5151 0
      vertex 171.4 56.1 0
      vertex 184.9 68 0
    endloop
  endfacet
  facet normal -0 0 -1
    outer loop
      vertex 184.9 68 0
      vertex 171.4 56.1 0
      vertex 184.938 68.4849 0
    endloop
  endfacet
  facet normal -0 0 -1
    outer loop
      vertex 184.938 68.4849 0
      vertex 171.4 56.1 0
      vertex 185.052 68.958 0
    endloop
  endfacet
  facet normal 0 0 -1
    outer loop
      vertex 171.4 56.1 0
      vertex 185.238 69.4074 0
      vertex 185.052 68.958 0
    endloop
  endfacet
  facet normal 0 0 -1
    outer loop
      vertex 171.4 56.1 0
      vertex 185.492 69.8221 0
      vertex 185.238 69.4074 0
    endloop
  endfacet
  facet normal 0 0 -1
    outer loop
      vertex 116 56.1 0
      vertex 185.492 69.8221 0
      vertex 171.4 56.1 0
    endloop
  endfacet
  facet normal 0 0 -1
    outer loop
      vertex 101.508 69.8221 0
      vertex 185.492 69.8221 0
      vertex 116 56.1 0
    endloop
  endfacet
  facet normal 0 0 -1
    outer loop
      vertex 185.492 69.8221 0
      vertex 101.508 69.8221 0
      vertex 185.808 70.192 0
    endloop
  endfacet
  facet normal 0 0 -1
    outer loop
      vertex 101.192 70.192 0
      vertex 185.808 70.192 0
      vertex 101.508 69.8221 0
    endloop
  endfacet
  facet normal 0 0 -1
    outer loop
      vertex 102.062 68.4849 0
      vertex 116 56.1 0
      vertex 102.1 68 0
    endloop
  endfacet
  facet normal 0 0 -1
    outer loop
      vertex 101.948 68.958 0
      vertex 116 56.1 0
      vertex 102.062 68.4849 0
    endloop
  endfacet
  facet normal 0 0 -1
    outer loop
      vertex 101.762 69.4074 0
      vertex 116 56.1 0
      vertex 101.948 68.958 0
    endloop
  endfacet
  facet normal 0 0 -1
    outer loop
      vertex 101.508 69.8221 0
      vertex 116 56.1 0
      vertex 101.762 69.4074 0
    endloop
  endfacet
  facet normal 0 0 -1
    outer loop
      vertex 185.808 70.192 0
      vertex 101.192 70.192 0
      vertex 186.178 70.5079 0
    endloop
  endfacet
  facet normal 0 0 -1
    outer loop
      vertex 100.822 70.5079 0
      vertex 186.178 70.5079 0
      vertex 101.192 70.192 0
    endloop
  endfacet
  facet normal 0 0 -1
    outer loop
      vertex 96 74.1 0
      vertex 186.178 70.5079 0
      vertex 100.822 70.5079 0
    endloop
  endfacet
  facet normal 0 0 -1
    outer loop
      vertex 96 74.1 0
      vertex 100.822 70.5079 0
      vertex 100.407 70.7621 0
    endloop
  endfacet
  facet normal 0 0 -1
    outer loop
      vertex 96 74.1 0
      vertex 100.407 70.7621 0
      vertex 99.958 70.9483 0
    endloop
  endfacet
  facet normal 0 0 -1
    outer loop
      vertex 96 74.1 0
      vertex 99.958 70.9483 0
      vertex 99.4849 71.0618 0
    endloop
  endfacet
  facet normal 0 0 -1
    outer loop
      vertex 96 74.1 0
      vertex 99.4849 71.0618 0
      vertex 99 71.1 0
    endloop
  endfacet
  facet normal 0 0 -1
    outer loop
      vertex 186.178 70.5079 0
      vertex 96 74.1 0
      vertex 191.4 74.1 0
    endloop
  endfacet
  facet normal 0 0 -1
    outer loop
      vertex 98.5151 71.0618 0
      vertex 96 74.1 0
      vertex 99 71.1 0
    endloop
  endfacet
  facet normal 0 0 -1
    outer loop
      vertex 98.042 70.9483 0
      vertex 96 74.1 0
      vertex 98.5151 71.0618 0
    endloop
  endfacet
  facet normal 0 0 -1
    outer loop
      vertex 97.5926 70.7621 0
      vertex 96 74.1 0
      vertex 98.042 70.9483 0
    endloop
  endfacet
  facet normal 0 0 -1
    outer loop
      vertex 97.1779 70.5079 0
      vertex 96 74.1 0
      vertex 97.5926 70.7621 0
    endloop
  endfacet
  facet normal 0 0 -1
    outer loop
      vertex 96.808 70.192 0
      vertex 96 74.1 0
      vertex 97.1779 70.5079 0
    endloop
  endfacet
  facet normal 0 0 -1
    outer loop
      vertex 96.4921 69.8221 0
      vertex 96 74.1 0
      vertex 96.808 70.192 0
    endloop
  endfacet
  facet normal 0 0 -1
    outer loop
      vertex 96.2379 69.4074 0
      vertex 96 74.1 0
      vertex 96.4921 69.8221 0
    endloop
  endfacet
  facet normal 0 0 -1
    outer loop
      vertex 96.0517 68.958 0
      vertex 96 74.1 0
      vertex 96.2379 69.4074 0
    endloop
  endfacet
  facet normal 0 0 -1
    outer loop
      vertex 96 74.1 0
      vertex 96.0517 68.958 0
      vertex 96 68.7425 0
    endloop
  endfacet
  facet normal 0 0 -1
    outer loop
      vertex 148.062 9.48495 0
      vertex 171.4 21.5 0
      vertex 148.1 9 0
    endloop
  endfacet
  facet normal 0 0 -1
    outer loop
      vertex 147.948 9.95795 0
      vertex 171.4 21.5 0
      vertex 148.062 9.48495 0
    endloop
  endfacet
  facet normal 0 0 -1
    outer loop
      vertex 147.762 10.4074 0
      vertex 171.4 21.5 0
      vertex 147.948 9.95795 0
    endloop
  endfacet
  facet normal 0 0 -1
    outer loop
      vertex 147.508 10.8221 0
      vertex 171.4 21.5 0
      vertex 147.762 10.4074 0
    endloop
  endfacet
  facet normal 0 0 -1
    outer loop
      vertex 147.192 11.192 0
      vertex 171.4 21.5 0
      vertex 147.508 10.8221 0
    endloop
  endfacet
  facet normal 0 0 -1
    outer loop
      vertex 146.822 11.508 0
      vertex 171.4 21.5 0
      vertex 147.192 11.192 0
    endloop
  endfacet
  facet normal 0 0 -1
    outer loop
      vertex 146.407 11.7621 0
      vertex 171.4 21.5 0
      vertex 146.822 11.508 0
    endloop
  endfacet
  facet normal 0 0 -1
    outer loop
      vertex 145.958 11.9483 0
      vertex 171.4 21.5 0
      vertex 146.407 11.7621 0
    endloop
  endfacet
  facet normal 0 0 -1
    outer loop
      vertex 145.485 12.0618 0
      vertex 171.4 21.5 0
      vertex 145.958 11.9483 0
    endloop
  endfacet
  facet normal 0 0 -1
    outer loop
      vertex 145 12.1 0
      vertex 171.4 21.5 0
      vertex 145.485 12.0618 0
    endloop
  endfacet
  facet normal 0 0 -1
    outer loop
      vertex 116 21.5 0
      vertex 145 12.1 0
      vertex 144.515 12.0618 0
    endloop
  endfacet
  facet normal 0 0 -1
    outer loop
      vertex 116 21.5 0
      vertex 144.515 12.0618 0
      vertex 144.042 11.9483 0
    endloop
  endfacet
  facet normal 0 0 -1
    outer loop
      vertex 145 12.1 0
      vertex 116 21.5 0
      vertex 171.4 21.5 0
    endloop
  endfacet
  facet normal 0 0 -1
    outer loop
      vertex 143.593 11.7621 0
      vertex 116 21.5 0
      vertex 144.042 11.9483 0
    endloop
  endfacet
  facet normal 0 0 -1
    outer loop
      vertex 143.178 11.508 0
      vertex 116 21.5 0
      vertex 143.593 11.7621 0
    endloop
  endfacet
  facet normal 0 0 -1
    outer loop
      vertex 142.808 11.192 0
      vertex 116 21.5 0
      vertex 143.178 11.508 0
    endloop
  endfacet
  facet normal 0 0 -1
    outer loop
      vertex 142.492 10.8221 0
      vertex 116 21.5 0
      vertex 142.808 11.192 0
    endloop
  endfacet
  facet normal 0 0 -1
    outer loop
      vertex 142.238 10.4074 0
      vertex 116 21.5 0
      vertex 142.492 10.8221 0
    endloop
  endfacet
  facet normal 0 0 -1
    outer loop
      vertex 142.052 9.95795 0
      vertex 116 21.5 0
      vertex 142.238 10.4074 0
    endloop
  endfacet
  facet normal 0 0 -1
    outer loop
      vertex 141.938 9.48495 0
      vertex 116 21.5 0
      vertex 142.052 9.95795 0
    endloop
  endfacet
  facet normal 0 0 -1
    outer loop
      vertex 116 21.5 0
      vertex 141.938 9.48495 0
      vertex 141.9 9 0
    endloop
  endfacet
  facet normal 0 0 1
    outer loop
      vertex 171.4 21.5 3
      vertex 148.951 9.62574 3
      vertex 149 9 3
    endloop
  endfacet
  facet normal 0 0 1
    outer loop
      vertex 171.4 21.5 3
      vertex 148.804 10.2361 3
      vertex 148.951 9.62574 3
    endloop
  endfacet
  facet normal 0 0 1
    outer loop
      vertex 171.4 21.5 3
      vertex 148.564 10.816 3
      vertex 148.804 10.2361 3
    endloop
  endfacet
  facet normal 0 0 1
    outer loop
      vertex 171.4 21.5 3
      vertex 148.236 11.3511 3
      vertex 148.564 10.816 3
    endloop
  endfacet
  facet normal 0 0 1
    outer loop
      vertex 171.4 21.5 3
      vertex 147.828 11.8284 3
      vertex 148.236 11.3511 3
    endloop
  endfacet
  facet normal 0 0 1
    outer loop
      vertex 171.4 21.5 3
      vertex 147.351 12.2361 3
      vertex 147.828 11.8284 3
    endloop
  endfacet
  facet normal 0 0 1
    outer loop
      vertex 171.4 21.5 3
      vertex 146.816 12.564 3
      vertex 147.351 12.2361 3
    endloop
  endfacet
  facet normal 0 0 1
    outer loop
      vertex 171.4 21.5 3
      vertex 146.236 12.8042 3
      vertex 146.816 12.564 3
    endloop
  endfacet
  facet normal 0 0 1
    outer loop
      vertex 171.4 21.5 3
      vertex 145.626 12.9508 3
      vertex 146.236 12.8042 3
    endloop
  endfacet
  facet normal 0 0 1
    outer loop
      vertex 171.4 21.5 3
      vertex 145 13 3
      vertex 145.626 12.9508 3
    endloop
  endfacet
  facet normal -0 0 1
    outer loop
      vertex 116 21.5 3
      vertex 145 13 3
      vertex 171.4 21.5 3
    endloop
  endfacet
  facet normal 0 0 1
    outer loop
      vertex 145 13 3
      vertex 116 21.5 3
      vertex 144.374 12.9508 3
    endloop
  endfacet
  facet normal 0 0 1
    outer loop
      vertex 141.049 9.62574 3
      vertex 116 21.5 3
      vertex 141 9 3
    endloop
  endfacet
  facet normal 0 0 1
    outer loop
      vertex 141.196 10.2361 3
      vertex 116 21.5 3
      vertex 141.049 9.62574 3
    endloop
  endfacet
  facet normal 0 0 1
    outer loop
      vertex 141.436 10.816 3
      vertex 116 21.5 3
      vertex 141.196 10.2361 3
    endloop
  endfacet
  facet normal 0 0 1
    outer loop
      vertex 141.764 11.3511 3
      vertex 116 21.5 3
      vertex 141.436 10.816 3
    endloop
  endfacet
  facet normal 0 0 1
    outer loop
      vertex 142.172 11.8284 3
      vertex 116 21.5 3
      vertex 141.764 11.3511 3
    endloop
  endfacet
  facet normal 0 0 1
    outer loop
      vertex 142.649 12.2361 3
      vertex 116 21.5 3
      vertex 142.172 11.8284 3
    endloop
  endfacet
  facet normal 0 0 1
    outer loop
      vertex 143.184 12.564 3
      vertex 116 21.5 3
      vertex 142.649 12.2361 3
    endloop
  endfacet
  facet normal 0 0 1
    outer loop
      vertex 143.764 12.8042 3
      vertex 116 21.5 3
      vertex 143.184 12.564 3
    endloop
  endfacet
  facet normal 0 0 1
    outer loop
      vertex 144.374 12.9508 3
      vertex 116 21.5 3
      vertex 143.764 12.8042 3
    endloop
  endfacet
  facet normal 0 0 1
    outer loop
      vertex 191.4 74.1 3
      vertex 191.236 70.3511 3
      vertex 191.4 70.0836 3
    endloop
  endfacet
  facet normal 0 0 1
    outer loop
      vertex 191.4 74.1 3
      vertex 190.828 70.8284 3
      vertex 191.236 70.3511 3
    endloop
  endfacet
  facet normal 0 0 1
    outer loop
      vertex 191.4 74.1 3
      vertex 190.351 71.2361 3
      vertex 190.828 70.8284 3
    endloop
  endfacet
  facet normal 0 0 1
    outer loop
      vertex 191.4 74.1 3
      vertex 189.816 71.564 3
      vertex 190.351 71.2361 3
    endloop
  endfacet
  facet normal 0 0 1
    outer loop
      vertex 191.4 74.1 3
      vertex 189.236 71.8042 3
      vertex 189.816 71.564 3
    endloop
  endfacet
  facet normal 0 0 1
    outer loop
      vertex 191.4 74.1 3
      vertex 188.626 71.9508 3
      vertex 189.236 71.8042 3
    endloop
  endfacet
  facet normal 0 0 1
    outer loop
      vertex 191.4 74.1 3
      vertex 188 72 3
      vertex 188.626 71.9508 3
    endloop
  endfacet
  facet normal 0 0 1
    outer loop
      vertex 191.4 74.1 3
      vertex 187.374 71.9508 3
      vertex 188 72 3
    endloop
  endfacet
  facet normal 0 0 1
    outer loop
      vertex 191.4 74.1 3
      vertex 186.764 71.8042 3
      vertex 187.374 71.9508 3
    endloop
  endfacet
  facet normal 0 0 1
    outer loop
      vertex 191.4 74.1 3
      vertex 186.184 71.564 3
      vertex 186.764 71.8042 3
    endloop
  endfacet
  facet normal 0 0 1
    outer loop
      vertex 184.196 10.2361 3
      vertex 171.4 21.5 3
      vertex 184.049 9.62574 3
    endloop
  endfacet
  facet normal 0 0 1
    outer loop
      vertex 184.049 68.6257 3
      vertex 171.4 56.1 3
      vertex 184 68 3
    endloop
  endfacet
  facet normal 0 0 1
    outer loop
      vertex 184.196 69.2361 3
      vertex 171.4 56.1 3
      vertex 184.049 68.6257 3
    endloop
  endfacet
  facet normal 0 0 1
    outer loop
      vertex 184.436 69.816 3
      vertex 171.4 56.1 3
      vertex 184.196 69.2361 3
    endloop
  endfacet
  facet normal 0 0 1
    outer loop
      vertex 184.764 70.3511 3
      vertex 171.4 56.1 3
      vertex 184.436 69.816 3
    endloop
  endfacet
  facet normal 0 0 1
    outer loop
      vertex 102.236 70.3511 3
      vertex 184.764 70.3511 3
      vertex 185.172 70.8284 3
    endloop
  endfacet
  facet normal 0 0 1
    outer loop
      vertex 184.764 70.3511 3
      vertex 116 56.1 3
      vertex 171.4 56.1 3
    endloop
  endfacet
  facet normal 0 0 1
    outer loop
      vertex 101.828 70.8284 3
      vertex 185.172 70.8284 3
      vertex 185.649 71.2361 3
    endloop
  endfacet
  facet normal 0 0 1
    outer loop
      vertex 101.351 71.2361 3
      vertex 185.649 71.2361 3
      vertex 186.184 71.564 3
    endloop
  endfacet
  facet normal -0 0 1
    outer loop
      vertex 96 74.1 3
      vertex 186.184 71.564 3
      vertex 191.4 74.1 3
    endloop
  endfacet
  facet normal -0 0 1
    outer loop
      vertex 102.951 67.3743 3
      vertex 116 56.1 3
      vertex 103 68 3
    endloop
  endfacet
  facet normal 0 0 1
    outer loop
      vertex 184.764 70.3511 3
      vertex 102.236 70.3511 3
      vertex 116 56.1 3
    endloop
  endfacet
  facet normal 0 0 1
    outer loop
      vertex 116 56.1 3
      vertex 102.951 68.6257 3
      vertex 103 68 3
    endloop
  endfacet
  facet normal 0 0 1
    outer loop
      vertex 116 56.1 3
      vertex 102.804 69.2361 3
      vertex 102.951 68.6257 3
    endloop
  endfacet
  facet normal 0 0 1
    outer loop
      vertex 116 56.1 3
      vertex 102.564 69.816 3
      vertex 102.804 69.2361 3
    endloop
  endfacet
  facet normal 0 0 1
    outer loop
      vertex 116 56.1 3
      vertex 102.236 70.3511 3
      vertex 102.564 69.816 3
    endloop
  endfacet
  facet normal 0 0 1
    outer loop
      vertex 185.172 70.8284 3
      vertex 101.828 70.8284 3
      vertex 102.236 70.3511 3
    endloop
  endfacet
  facet normal 0 0 1
    outer loop
      vertex 185.649 71.2361 3
      vertex 101.351 71.2361 3
      vertex 101.828 70.8284 3
    endloop
  endfacet
  facet normal 0 0 1
    outer loop
      vertex 186.184 71.564 3
      vertex 100.816 71.564 3
      vertex 101.351 71.2361 3
    endloop
  endfacet
  facet normal 0 0 1
    outer loop
      vertex 186.184 71.564 3
      vertex 96 74.1 3
      vertex 100.816 71.564 3
    endloop
  endfacet
  facet normal 0 0 1
    outer loop
      vertex 100.816 71.564 3
      vertex 96 74.1 3
      vertex 100.236 71.8042 3
    endloop
  endfacet
  facet normal 0 0 1
    outer loop
      vertex 100.236 71.8042 3
      vertex 96 74.1 3
      vertex 99.6257 71.9508 3
    endloop
  endfacet
  facet normal 0 0 1
    outer loop
      vertex 99.6257 71.9508 3
      vertex 96 74.1 3
      vertex 99 72 3
    endloop
  endfacet
  facet normal 0 0 1
    outer loop
      vertex 96 74.1 3
      vertex 98.3743 71.9508 3
      vertex 99 72 3
    endloop
  endfacet
  facet normal 0 0 1
    outer loop
      vertex 96 74.1 3
      vertex 97.7639 71.8042 3
      vertex 98.3743 71.9508 3
    endloop
  endfacet
  facet normal 0 0 1
    outer loop
      vertex 96 74.1 3
      vertex 97.184 71.564 3
      vertex 97.7639 71.8042 3
    endloop
  endfacet
  facet normal 0 0 1
    outer loop
      vertex 96 74.1 3
      vertex 96.6489 71.2361 3
      vertex 97.184 71.564 3
    endloop
  endfacet
  facet normal 0 0 1
    outer loop
      vertex 96 74.1 3
      vertex 96.1716 70.8284 3
      vertex 96.6489 71.2361 3
    endloop
  endfacet
  facet normal 0 0 1
    outer loop
      vertex 96.1716 70.8284 3
      vertex 96 74.1 3
      vertex 96 70.6275 3
    endloop
  endfacet
  facet normal -0 0 1
    outer loop
      vertex 191.236 65.6489 3
      vertex 191.4 11.0836 3
      vertex 191.4 65.9164 3
    endloop
  endfacet
  facet normal 0 0 1
    outer loop
      vertex 191.236 65.6489 3
      vertex 191.236 11.3511 3
      vertex 191.4 11.0836 3
    endloop
  endfacet
  facet normal -0 0 1
    outer loop
      vertex 190.828 65.1716 3
      vertex 191.236 11.3511 3
      vertex 191.236 65.6489 3
    endloop
  endfacet
  facet normal 0 0 1
    outer loop
      vertex 190.828 65.1716 3
      vertex 190.828 11.8284 3
      vertex 191.236 11.3511 3
    endloop
  endfacet
  facet normal -0 0 1
    outer loop
      vertex 190.351 64.7639 3
      vertex 190.828 11.8284 3
      vertex 190.828 65.1716 3
    endloop
  endfacet
  facet normal 0 0 1
    outer loop
      vertex 190.351 64.7639 3
      vertex 190.351 12.2361 3
      vertex 190.828 11.8284 3
    endloop
  endfacet
  facet normal -0 0 1
    outer loop
      vertex 189.816 64.436 3
      vertex 190.351 12.2361 3
      vertex 190.351 64.7639 3
    endloop
  endfacet
  facet normal 0 0 1
    outer loop
      vertex 189.816 64.436 3
      vertex 189.816 12.564 3
      vertex 190.351 12.2361 3
    endloop
  endfacet
  facet normal -0 0 1
    outer loop
      vertex 189.236 64.1958 3
      vertex 189.816 12.564 3
      vertex 189.816 64.436 3
    endloop
  endfacet
  facet normal 0 0 1
    outer loop
      vertex 189.236 64.1958 3
      vertex 189.236 12.8042 3
      vertex 189.816 12.564 3
    endloop
  endfacet
  facet normal -0 0 1
    outer loop
      vertex 188.626 64.0492 3
      vertex 189.236 12.8042 3
      vertex 189.236 64.1958 3
    endloop
  endfacet
  facet normal 0 0 1
    outer loop
      vertex 188.626 64.0492 3
      vertex 188.626 12.9508 3
      vertex 189.236 12.8042 3
    endloop
  endfacet
  facet normal -0 0 1
    outer loop
      vertex 188 64 3
      vertex 188.626 12.9508 3
      vertex 188.626 64.0492 3
    endloop
  endfacet
  facet normal -0 0 1
    outer loop
      vertex 171.4 21.5 3
      vertex 188.626 12.9508 3
      vertex 188 64 3
    endloop
  endfacet
  facet normal 0 0 1
    outer loop
      vertex 171.4 56.1 3
      vertex 188 64 3
      vertex 187.374 64.0492 3
    endloop
  endfacet
  facet normal 0 0 1
    outer loop
      vertex 171.4 21.5 3
      vertex 188 64 3
      vertex 171.4 56.1 3
    endloop
  endfacet
  facet normal 0 0 1
    outer loop
      vertex 171.4 56.1 3
      vertex 187.374 64.0492 3
      vertex 186.764 64.1958 3
    endloop
  endfacet
  facet normal 0 0 1
    outer loop
      vertex 188.626 12.9508 3
      vertex 171.4 21.5 3
      vertex 188 13 3
    endloop
  endfacet
  facet normal 0 0 1
    outer loop
      vertex 171.4 56.1 3
      vertex 186.764 64.1958 3
      vertex 186.184 64.436 3
    endloop
  endfacet
  facet normal 0 0 1
    outer loop
      vertex 188 13 3
      vertex 171.4 21.5 3
      vertex 187.374 12.9508 3
    endloop
  endfacet
  facet normal 0 0 1
    outer loop
      vertex 171.4 56.1 3
      vertex 186.184 64.436 3
      vertex 185.649 64.7639 3
    endloop
  endfacet
  facet normal 0 0 1
    outer loop
      vertex 187.374 12.9508 3
      vertex 171.4 21.5 3
      vertex 186.764 12.8042 3
    endloop
  endfacet
  facet normal 0 0 1
    outer loop
      vertex 171.4 56.1 3
      vertex 185.649 64.7639 3
      vertex 185.172 65.1716 3
    endloop
  endfacet
  facet normal 0 0 1
    outer loop
      vertex 186.764 12.8042 3
      vertex 171.4 21.5 3
      vertex 186.184 12.564 3
    endloop
  endfacet
  facet normal 0 0 1
    outer loop
      vertex 171.4 56.1 3
      vertex 185.172 65.1716 3
      vertex 184.764 65.6489 3
    endloop
  endfacet
  facet normal 0 0 1
    outer loop
      vertex 186.184 12.564 3
      vertex 171.4 21.5 3
      vertex 185.649 12.2361 3
    endloop
  endfacet
  facet normal 0 0 1
    outer loop
      vertex 171.4 56.1 3
      vertex 184.764 65.6489 3
      vertex 184.436 66.184 3
    endloop
  endfacet
  facet normal 0 0 1
    outer loop
      vertex 185.649 12.2361 3
      vertex 171.4 21.5 3
      vertex 185.172 11.8284 3
    endloop
  endfacet
  facet normal 0 0 1
    outer loop
      vertex 171.4 56.1 3
      vertex 184.436 66.184 3
      vertex 184.196 66.7639 3
    endloop
  endfacet
  facet normal 0 0 1
    outer loop
      vertex 185.172 11.8284 3
      vertex 171.4 21.5 3
      vertex 184.764 11.3511 3
    endloop
  endfacet
  facet normal 0 0 1
    outer loop
      vertex 171.4 56.1 3
      vertex 184.196 66.7639 3
      vertex 184.049 67.3743 3
    endloop
  endfacet
  facet normal 0 0 1
    outer loop
      vertex 184.764 11.3511 3
      vertex 171.4 21.5 3
      vertex 184.436 10.816 3
    endloop
  endfacet
  facet normal 0 0 1
    outer loop
      vertex 171.4 56.1 3
      vertex 184.049 67.3743 3
      vertex 184 68 3
    endloop
  endfacet
  facet normal 0 0 1
    outer loop
      vertex 184.436 10.816 3
      vertex 171.4 21.5 3
      vertex 184.196 10.2361 3
    endloop
  endfacet
  facet normal -0 0 1
    outer loop
      vertex 191.236 6.64886 3
      vertex 191.4 3.5 3
      vertex 191.4 6.91637 3
    endloop
  endfacet
  facet normal -0 0 1
    outer loop
      vertex 190.828 6.17157 3
      vertex 191.4 3.5 3
      vertex 191.236 6.64886 3
    endloop
  endfacet
  facet normal -0 0 1
    outer loop
      vertex 190.351 5.76393 3
      vertex 191.4 3.5 3
      vertex 190.828 6.17157 3
    endloop
  endfacet
  facet normal -0 0 1
    outer loop
      vertex 189.816 5.43597 3
      vertex 191.4 3.5 3
      vertex 190.351 5.76393 3
    endloop
  endfacet
  facet normal -0 0 1
    outer loop
      vertex 189.236 5.19577 3
      vertex 191.4 3.5 3
      vertex 189.816 5.43597 3
    endloop
  endfacet
  facet normal -0 0 1
    outer loop
      vertex 188.626 5.04925 3
      vertex 191.4 3.5 3
      vertex 189.236 5.19577 3
    endloop
  endfacet
  facet normal -0 0 1
    outer loop
      vertex 188 5 3
      vertex 191.4 3.5 3
      vertex 188.626 5.04925 3
    endloop
  endfacet
  facet normal 0 0 1
    outer loop
      vertex 187.374 5.04925 3
      vertex 191.4 3.5 3
      vertex 188 5 3
    endloop
  endfacet
  facet normal 0 0 1
    outer loop
      vertex 186.764 5.19577 3
      vertex 191.4 3.5 3
      vertex 187.374 5.04925 3
    endloop
  endfacet
  facet normal 0 0 1
    outer loop
      vertex 184.049 9.62574 3
      vertex 171.4 21.5 3
      vertex 184 9 3
    endloop
  endfacet
  facet normal 0 0 1
    outer loop
      vertex 184 9 3
      vertex 171.4 21.5 3
      vertex 184.049 8.37426 3
    endloop
  endfacet
  facet normal 0 0 1
    outer loop
      vertex 148.951 8.37426 3
      vertex 184.049 8.37426 3
      vertex 171.4 21.5 3
    endloop
  endfacet
  facet normal 0 0 1
    outer loop
      vertex 184.049 8.37426 3
      vertex 148.951 8.37426 3
      vertex 184.196 7.76393 3
    endloop
  endfacet
  facet normal 0 0 1
    outer loop
      vertex 184.196 7.76393 3
      vertex 148.804 7.76393 3
      vertex 184.436 7.18404 3
    endloop
  endfacet
  facet normal 0 0 1
    outer loop
      vertex 148.564 7.18404 3
      vertex 184.436 7.18404 3
      vertex 148.804 7.76393 3
    endloop
  endfacet
  facet normal 0 0 1
    outer loop
      vertex 148.951 8.37426 3
      vertex 171.4 21.5 3
      vertex 149 9 3
    endloop
  endfacet
  facet normal 0 0 1
    outer loop
      vertex 184.196 7.76393 3
      vertex 148.951 8.37426 3
      vertex 148.804 7.76393 3
    endloop
  endfacet
  facet normal 0 0 1
    outer loop
      vertex 184.436 7.18404 3
      vertex 148.564 7.18404 3
      vertex 184.764 6.64886 3
    endloop
  endfacet
  facet normal 0 0 1
    outer loop
      vertex 148.236 6.64886 3
      vertex 184.764 6.64886 3
      vertex 148.564 7.18404 3
    endloop
  endfacet
  facet normal 0 0 1
    outer loop
      vertex 184.764 6.64886 3
      vertex 148.236 6.64886 3
      vertex 185.172 6.17157 3
    endloop
  endfacet
  facet normal 0 0 1
    outer loop
      vertex 147.828 6.17157 3
      vertex 185.172 6.17157 3
      vertex 148.236 6.64886 3
    endloop
  endfacet
  facet normal 0 0 1
    outer loop
      vertex 185.172 6.17157 3
      vertex 147.828 6.17157 3
      vertex 185.649 5.76393 3
    endloop
  endfacet
  facet normal 0 0 1
    outer loop
      vertex 147.351 5.76393 3
      vertex 185.649 5.76393 3
      vertex 147.828 6.17157 3
    endloop
  endfacet
  facet normal 0 0 1
    outer loop
      vertex 185.649 5.76393 3
      vertex 147.351 5.76393 3
      vertex 186.184 5.43597 3
    endloop
  endfacet
  facet normal 0 0 1
    outer loop
      vertex 146.816 5.43597 3
      vertex 186.184 5.43597 3
      vertex 147.351 5.76393 3
    endloop
  endfacet
  facet normal 0 0 1
    outer loop
      vertex 186.184 5.43597 3
      vertex 146.816 5.43597 3
      vertex 186.764 5.19577 3
    endloop
  endfacet
  facet normal 0 0 1
    outer loop
      vertex 146.236 5.19577 3
      vertex 186.764 5.19577 3
      vertex 146.816 5.43597 3
    endloop
  endfacet
  facet normal 0 0 1
    outer loop
      vertex 186.764 5.19577 3
      vertex 146.236 5.19577 3
      vertex 191.4 3.5 3
    endloop
  endfacet
  facet normal -0 0 1
    outer loop
      vertex 145.626 5.04925 3
      vertex 191.4 3.5 3
      vertex 146.236 5.19577 3
    endloop
  endfacet
  facet normal -0 0 1
    outer loop
      vertex 145 5 3
      vertex 191.4 3.5 3
      vertex 145.626 5.04925 3
    endloop
  endfacet
  facet normal 0 0 1
    outer loop
      vertex 116 21.5 3
      vertex 141.049 8.37426 3
      vertex 141 9 3
    endloop
  endfacet
  facet normal 0 0 1
    outer loop
      vertex 116 21.5 3
      vertex 141.196 7.76393 3
      vertex 141.049 8.37426 3
    endloop
  endfacet
  facet normal 0 0 1
    outer loop
      vertex 116 21.5 3
      vertex 141.436 7.18404 3
      vertex 141.196 7.76393 3
    endloop
  endfacet
  facet normal 0 0 1
    outer loop
      vertex 96 3.5 3
      vertex 141.436 7.18404 3
      vertex 116 21.5 3
    endloop
  endfacet
  facet normal 0 0 1
    outer loop
      vertex 141.436 7.18404 3
      vertex 96 3.5 3
      vertex 141.764 6.64886 3
    endloop
  endfacet
  facet normal 0 0 1
    outer loop
      vertex 141.764 6.64886 3
      vertex 96 3.5 3
      vertex 142.172 6.17157 3
    endloop
  endfacet
  facet normal 0 0 1
    outer loop
      vertex 142.172 6.17157 3
      vertex 96 3.5 3
      vertex 142.649 5.76393 3
    endloop
  endfacet
  facet normal -0 0 1
    outer loop
      vertex 102.804 66.7639 3
      vertex 116 56.1 3
      vertex 102.951 67.3743 3
    endloop
  endfacet
  facet normal -0 0 1
    outer loop
      vertex 102.564 66.184 3
      vertex 116 56.1 3
      vertex 102.804 66.7639 3
    endloop
  endfacet
  facet normal -0 0 1
    outer loop
      vertex 102.236 65.6489 3
      vertex 116 56.1 3
      vertex 102.564 66.184 3
    endloop
  endfacet
  facet normal -0 0 1
    outer loop
      vertex 101.828 65.1716 3
      vertex 116 56.1 3
      vertex 102.236 65.6489 3
    endloop
  endfacet
  facet normal -0 0 1
    outer loop
      vertex 101.351 64.7639 3
      vertex 116 56.1 3
      vertex 101.828 65.1716 3
    endloop
  endfacet
  facet normal -0 0 1
    outer loop
      vertex 100.816 64.436 3
      vertex 116 56.1 3
      vertex 101.351 64.7639 3
    endloop
  endfacet
  facet normal -0 0 1
    outer loop
      vertex 100.236 64.1958 3
      vertex 116 56.1 3
      vertex 100.816 64.436 3
    endloop
  endfacet
  facet normal -0 0 1
    outer loop
      vertex 99.6257 64.0492 3
      vertex 116 56.1 3
      vertex 100.236 64.1958 3
    endloop
  endfacet
  facet normal -0 0 1
    outer loop
      vertex 99 64 3
      vertex 116 56.1 3
      vertex 99.6257 64.0492 3
    endloop
  endfacet
  facet normal 0 0 1
    outer loop
      vertex 116 56.1 3
      vertex 99 64 3
      vertex 116 21.5 3
    endloop
  endfacet
  facet normal 0 0 1
    outer loop
      vertex 98.3743 64.0492 3
      vertex 116 21.5 3
      vertex 99 64 3
    endloop
  endfacet
  facet normal 0 0 1
    outer loop
      vertex 97.7639 64.1958 3
      vertex 116 21.5 3
      vertex 98.3743 64.0492 3
    endloop
  endfacet
  facet normal 0 0 1
    outer loop
      vertex 96 3.5 3
      vertex 97.7639 64.1958 3
      vertex 97.184 64.436 3
    endloop
  endfacet
  facet normal 0 0 1
    outer loop
      vertex 96 3.5 3
      vertex 97.184 64.436 3
      vertex 96.6489 64.7639 3
    endloop
  endfacet
  facet normal 0 0 1
    outer loop
      vertex 96 3.5 3
      vertex 96.6489 64.7639 3
      vertex 96.1716 65.1716 3
    endloop
  endfacet
  facet normal 0 0 1
    outer loop
      vertex 96 3.5 3
      vertex 96.1716 65.1716 3
      vertex 96 65.3725 3
    endloop
  endfacet
  facet normal 0 0 1
    outer loop
      vertex 145 5 3
      vertex 96 3.5 3
      vertex 191.4 3.5 3
    endloop
  endfacet
  facet normal 0 0 1
    outer loop
      vertex 144.374 5.04925 3
      vertex 96 3.5 3
      vertex 145 5 3
    endloop
  endfacet
  facet normal 0 0 1
    outer loop
      vertex 143.764 5.19577 3
      vertex 96 3.5 3
      vertex 144.374 5.04925 3
    endloop
  endfacet
  facet normal 0 0 1
    outer loop
      vertex 143.184 5.43597 3
      vertex 96 3.5 3
      vertex 143.764 5.19577 3
    endloop
  endfacet
  facet normal 0 0 1
    outer loop
      vertex 142.649 5.76393 3
      vertex 96 3.5 3
      vertex 143.184 5.43597 3
    endloop
  endfacet
  facet normal 0 0 1
    outer loop
      vertex 97.7639 64.1958 3
      vertex 96 3.5 3
      vertex 116 21.5 3
    endloop
  endfacet
  facet normal -1 0 0
    outer loop
      vertex 96 67.2575 0
      vertex 96 65.3725 2.99
      vertex 96 67.2575 2.99
    endloop
  endfacet
  facet normal -1 0 0
    outer loop
      vertex 96 3.5 0
      vertex 96 65.3725 2.99
      vertex 96 67.2575 0
    endloop
  endfacet
  facet normal -1 0 0
    outer loop
      vertex 96 3.5 3
      vertex 96 65.3725 2.99
      vertex 96 3.5 0
    endloop
  endfacet
  facet normal -1 0 0
    outer loop
      vertex 96 65.3725 2.99
      vertex 96 3.5 3
      vertex 96 65.3725 3
    endloop
  endfacet
  facet normal -1 0 0
    outer loop
      vertex 96 74.1 0
      vertex 96 70.6275 2.99
      vertex 96 74.1 3
    endloop
  endfacet
  facet normal -1 0 0
    outer loop
      vertex 96 68.7425 0
      vertex 96 70.6275 2.99
      vertex 96 74.1 0
    endloop
  endfacet
  facet normal -1 -0 0
    outer loop
      vertex 96 70.6275 2.99
      vertex 96 68.7425 0
      vertex 96 68.7425 2.99
    endloop
  endfacet
  facet normal -1 -0 0
    outer loop
      vertex 96 74.1 3
      vertex 96 70.6275 2.99
      vertex 96 70.6275 3
    endloop
  endfacet
  facet normal 0 -1 0
    outer loop
      vertex 96 3.5 0
      vertex 191.4 3.5 3
      vertex 96 3.5 3
    endloop
  endfacet
  facet normal 0 -1 -0
    outer loop
      vertex 191.4 3.5 3
      vertex 96 3.5 0
      vertex 191.4 3.5 0
    endloop
  endfacet
  facet normal 0 1 -0
    outer loop
      vertex 191.4 74.1 0
      vertex 96 74.1 3
      vertex 191.4 74.1 3
    endloop
  endfacet
  facet normal 0 1 0
    outer loop
      vertex 96 74.1 3
      vertex 191.4 74.1 0
      vertex 96 74.1 0
    endloop
  endfacet
  facet normal -0.972605 0.232465 0
    outer loop
      vertex 100.617 67.4747 3
      vertex 100.679 67.7341 31
      vertex 100.679 67.7341 3
    endloop
  endfacet
  facet normal -0.972605 0.232465 0
    outer loop
      vertex 100.679 67.7341 31
      vertex 100.617 67.4747 3
      vertex 100.617 67.4747 31
    endloop
  endfacet
  facet normal -0.996896 0.0787319 0
    outer loop
      vertex 100.679 67.7341 3
      vertex 100.7 68 31
      vertex 100.7 68 3
    endloop
  endfacet
  facet normal -0.996896 0.0787319 0
    outer loop
      vertex 100.7 68 31
      vertex 100.679 67.7341 3
      vertex 100.679 67.7341 31
    endloop
  endfacet
  facet normal -0.924017 0.382352 0
    outer loop
      vertex 100.515 67.2282 3
      vertex 100.617 67.4747 31
      vertex 100.617 67.4747 3
    endloop
  endfacet
  facet normal -0.924017 0.382352 0
    outer loop
      vertex 100.617 67.4747 31
      vertex 100.515 67.2282 3
      vertex 100.515 67.2282 31
    endloop
  endfacet
  facet normal -0.522632 -0.852558 0
    outer loop
      vertex 99.7718 69.5147 3
      vertex 99.9992 69.3753 31
      vertex 99.7718 69.5147 31
    endloop
  endfacet
  facet normal -0.522632 -0.852558 -0
    outer loop
      vertex 99.9992 69.3753 31
      vertex 99.7718 69.5147 3
      vertex 99.9992 69.3753 3
    endloop
  endfacet
  facet normal 0.923884 0.382672 0
    outer loop
      vertex 97.4853 67.2282 31
      vertex 97.3832 67.4747 3
      vertex 97.3832 67.4747 31
    endloop
  endfacet
  facet normal 0.923884 0.382672 0
    outer loop
      vertex 97.3832 67.4747 3
      vertex 97.4853 67.2282 31
      vertex 97.4853 67.2282 3
    endloop
  endfacet
  facet normal 0.522632 -0.852558 0
    outer loop
      vertex 98.0008 69.3753 3
      vertex 98.2282 69.5147 31
      vertex 98.0008 69.3753 31
    endloop
  endfacet
  facet normal 0.522632 -0.852558 0
    outer loop
      vertex 98.2282 69.5147 31
      vertex 98.0008 69.3753 3
      vertex 98.2282 69.5147 3
    endloop
  endfacet
  facet normal -0.382672 -0.923884 0
    outer loop
      vertex 99.5253 69.6168 3
      vertex 99.7718 69.5147 31
      vertex 99.5253 69.6168 31
    endloop
  endfacet
  facet normal -0.382672 -0.923884 -0
    outer loop
      vertex 99.7718 69.5147 31
      vertex 99.5253 69.6168 3
      vertex 99.7718 69.5147 3
    endloop
  endfacet
  facet normal 0.382672 0.923884 -0
    outer loop
      vertex 98.4747 66.3832 3
      vertex 98.2282 66.4853 31
      vertex 98.4747 66.3832 31
    endloop
  endfacet
  facet normal 0.382672 0.923884 0
    outer loop
      vertex 98.2282 66.4853 31
      vertex 98.4747 66.3832 3
      vertex 98.2282 66.4853 3
    endloop
  endfacet
  facet normal 0.522632 0.852558 -0
    outer loop
      vertex 98.2282 66.4853 3
      vertex 98.0008 66.6247 31
      vertex 98.2282 66.4853 31
    endloop
  endfacet
  facet normal 0.522632 0.852558 0
    outer loop
      vertex 98.0008 66.6247 31
      vertex 98.2282 66.4853 3
      vertex 98.0008 66.6247 3
    endloop
  endfacet
  facet normal 0.233529 0.97235 -0
    outer loop
      vertex 98.7341 66.3209 3
      vertex 98.4747 66.3832 31
      vertex 98.7341 66.3209 31
    endloop
  endfacet
  facet normal 0.233529 0.97235 0
    outer loop
      vertex 98.4747 66.3832 31
      vertex 98.7341 66.3209 3
      vertex 98.4747 66.3832 3
    endloop
  endfacet
  facet normal -0.649432 -0.76042 0
    outer loop
      vertex 99.9992 69.3753 3
      vertex 100.202 69.2021 31
      vertex 99.9992 69.3753 31
    endloop
  endfacet
  facet normal -0.649432 -0.76042 -0
    outer loop
      vertex 100.202 69.2021 31
      vertex 99.9992 69.3753 3
      vertex 100.202 69.2021 3
    endloop
  endfacet
  facet normal 0.0783593 0.996925 -0
    outer loop
      vertex 99 66.3 3
      vertex 98.7341 66.3209 31
      vertex 99 66.3 31
    endloop
  endfacet
  facet normal 0.0783593 0.996925 0
    outer loop
      vertex 98.7341 66.3209 31
      vertex 99 66.3 3
      vertex 98.7341 66.3209 3
    endloop
  endfacet
  facet normal 0.923884 -0.382672 0
    outer loop
      vertex 97.3832 68.5253 31
      vertex 97.4853 68.7718 3
      vertex 97.4853 68.7718 31
    endloop
  endfacet
  facet normal 0.923884 -0.382672 0
    outer loop
      vertex 97.4853 68.7718 3
      vertex 97.3832 68.5253 31
      vertex 97.3832 68.5253 3
    endloop
  endfacet
  facet normal 0.760578 0.649247 0
    outer loop
      vertex 97.7979 66.7979 31
      vertex 97.6247 67.0008 3
      vertex 97.6247 67.0008 31
    endloop
  endfacet
  facet normal 0.760578 0.649247 0
    outer loop
      vertex 97.6247 67.0008 3
      vertex 97.7979 66.7979 31
      vertex 97.7979 66.7979 3
    endloop
  endfacet
  facet normal 0.233529 -0.97235 0
    outer loop
      vertex 98.4747 69.6168 3
      vertex 98.7341 69.6791 31
      vertex 98.4747 69.6168 31
    endloop
  endfacet
  facet normal 0.233529 -0.97235 0
    outer loop
      vertex 98.7341 69.6791 31
      vertex 98.4747 69.6168 3
      vertex 98.7341 69.6791 3
    endloop
  endfacet
  facet normal -0.924017 -0.382352 0
    outer loop
      vertex 100.617 68.5253 3
      vertex 100.515 68.7718 31
      vertex 100.515 68.7718 3
    endloop
  endfacet
  facet normal -0.924017 -0.382352 0
    outer loop
      vertex 100.515 68.7718 31
      vertex 100.617 68.5253 3
      vertex 100.617 68.5253 31
    endloop
  endfacet
  facet normal 0.760578 -0.649247 0
    outer loop
      vertex 97.6247 68.9992 31
      vertex 97.7979 69.2021 3
      vertex 97.7979 69.2021 31
    endloop
  endfacet
  facet normal 0.760578 -0.649247 0
    outer loop
      vertex 97.7979 69.2021 3
      vertex 97.6247 68.9992 31
      vertex 97.6247 68.9992 3
    endloop
  endfacet
  facet normal 0.649247 0.760578 -0
    outer loop
      vertex 98.0008 66.6247 3
      vertex 97.7979 66.7979 31
      vertex 98.0008 66.6247 31
    endloop
  endfacet
  facet normal 0.649247 0.760578 0
    outer loop
      vertex 97.7979 66.7979 31
      vertex 98.0008 66.6247 3
      vertex 97.7979 66.7979 3
    endloop
  endfacet
  facet normal -0.0783593 -0.996925 0
    outer loop
      vertex 99 69.7 3
      vertex 99.2659 69.6791 31
      vertex 99 69.7 31
    endloop
  endfacet
  facet normal -0.0783593 -0.996925 -0
    outer loop
      vertex 99.2659 69.6791 31
      vertex 99 69.7 3
      vertex 99.2659 69.6791 3
    endloop
  endfacet
  facet normal -0.851555 -0.524265 0
    outer loop
      vertex 100.515 68.7718 3
      vertex 100.375 68.9992 31
      vertex 100.375 68.9992 3
    endloop
  endfacet
  facet normal -0.851555 -0.524265 0
    outer loop
      vertex 100.375 68.9992 31
      vertex 100.515 68.7718 3
      vertex 100.515 68.7718 31
    endloop
  endfacet
  facet normal -0.851555 0.524265 0
    outer loop
      vertex 100.375 67.0008 3
      vertex 100.515 67.2282 31
      vertex 100.515 67.2282 3
    endloop
  endfacet
  facet normal -0.851555 0.524265 0
    outer loop
      vertex 100.515 67.2282 31
      vertex 100.375 67.0008 3
      vertex 100.375 67.0008 31
    endloop
  endfacet
  facet normal -0.996896 -0.0787319 0
    outer loop
      vertex 100.7 68 3
      vertex 100.679 68.2659 31
      vertex 100.679 68.2659 3
    endloop
  endfacet
  facet normal -0.996896 -0.0787319 0
    outer loop
      vertex 100.679 68.2659 31
      vertex 100.7 68 3
      vertex 100.7 68 31
    endloop
  endfacet
  facet normal -0.972605 -0.232465 0
    outer loop
      vertex 100.679 68.2659 3
      vertex 100.617 68.5253 31
      vertex 100.617 68.5253 3
    endloop
  endfacet
  facet normal -0.972605 -0.232465 0
    outer loop
      vertex 100.617 68.5253 31
      vertex 100.679 68.2659 3
      vertex 100.679 68.2659 31
    endloop
  endfacet
  facet normal 0.97235 -0.233529 0
    outer loop
      vertex 97.3209 68.2659 31
      vertex 97.3832 68.5253 3
      vertex 97.3832 68.5253 31
    endloop
  endfacet
  facet normal 0.97235 -0.233529 0
    outer loop
      vertex 97.3832 68.5253 3
      vertex 97.3209 68.2659 31
      vertex 97.3209 68.2659 3
    endloop
  endfacet
  facet normal -0.522632 0.852558 0
    outer loop
      vertex 99.9992 66.6247 3
      vertex 99.7718 66.4853 31
      vertex 99.9992 66.6247 31
    endloop
  endfacet
  facet normal -0.522632 0.852558 0
    outer loop
      vertex 99.7718 66.4853 31
      vertex 99.9992 66.6247 3
      vertex 99.7718 66.4853 3
    endloop
  endfacet
  facet normal -0.760948 0.648813 0
    outer loop
      vertex 100.202 66.7979 3
      vertex 100.375 67.0008 31
      vertex 100.375 67.0008 3
    endloop
  endfacet
  facet normal -0.760948 0.648813 0
    outer loop
      vertex 100.375 67.0008 31
      vertex 100.202 66.7979 3
      vertex 100.202 66.7979 31
    endloop
  endfacet
  facet normal 0.996925 0.0783593 0
    outer loop
      vertex 97.3209 67.7341 31
      vertex 97.3 68 3
      vertex 97.3 68 31
    endloop
  endfacet
  facet normal 0.996925 0.0783593 0
    outer loop
      vertex 97.3 68 3
      vertex 97.3209 67.7341 31
      vertex 97.3209 67.7341 3
    endloop
  endfacet
  facet normal -0.649432 0.76042 0
    outer loop
      vertex 100.202 66.7979 3
      vertex 99.9992 66.6247 31
      vertex 100.202 66.7979 31
    endloop
  endfacet
  facet normal -0.649432 0.76042 0
    outer loop
      vertex 99.9992 66.6247 31
      vertex 100.202 66.7979 3
      vertex 99.9992 66.6247 3
    endloop
  endfacet
  facet normal -0.233529 -0.97235 0
    outer loop
      vertex 99.2659 69.6791 3
      vertex 99.5253 69.6168 31
      vertex 99.2659 69.6791 31
    endloop
  endfacet
  facet normal -0.233529 -0.97235 -0
    outer loop
      vertex 99.5253 69.6168 31
      vertex 99.2659 69.6791 3
      vertex 99.5253 69.6168 3
    endloop
  endfacet
  facet normal 0.852558 -0.522632 0
    outer loop
      vertex 97.4853 68.7718 31
      vertex 97.6247 68.9992 3
      vertex 97.6247 68.9992 31
    endloop
  endfacet
  facet normal 0.852558 -0.522632 0
    outer loop
      vertex 97.6247 68.9992 3
      vertex 97.4853 68.7718 31
      vertex 97.4853 68.7718 3
    endloop
  endfacet
  facet normal -0.0783593 0.996925 0
    outer loop
      vertex 99.2659 66.3209 3
      vertex 99 66.3 31
      vertex 99.2659 66.3209 31
    endloop
  endfacet
  facet normal -0.0783593 0.996925 0
    outer loop
      vertex 99 66.3 31
      vertex 99.2659 66.3209 3
      vertex 99 66.3 3
    endloop
  endfacet
  facet normal 0.649247 -0.760578 0
    outer loop
      vertex 97.7979 69.2021 3
      vertex 98.0008 69.3753 31
      vertex 97.7979 69.2021 31
    endloop
  endfacet
  facet normal 0.649247 -0.760578 0
    outer loop
      vertex 98.0008 69.3753 31
      vertex 97.7979 69.2021 3
      vertex 98.0008 69.3753 3
    endloop
  endfacet
  facet normal -0.760948 -0.648813 0
    outer loop
      vertex 100.375 68.9992 3
      vertex 100.202 69.2021 31
      vertex 100.202 69.2021 3
    endloop
  endfacet
  facet normal -0.760948 -0.648813 0
    outer loop
      vertex 100.202 69.2021 31
      vertex 100.375 68.9992 3
      vertex 100.375 68.9992 31
    endloop
  endfacet
  facet normal 0.852558 0.522632 0
    outer loop
      vertex 97.6247 67.0008 31
      vertex 97.4853 67.2282 3
      vertex 97.4853 67.2282 31
    endloop
  endfacet
  facet normal 0.852558 0.522632 0
    outer loop
      vertex 97.4853 67.2282 3
      vertex 97.6247 67.0008 31
      vertex 97.6247 67.0008 3
    endloop
  endfacet
  facet normal 0.996925 -0.0783593 0
    outer loop
      vertex 97.3 68 31
      vertex 97.3209 68.2659 3
      vertex 97.3209 68.2659 31
    endloop
  endfacet
  facet normal 0.996925 -0.0783593 0
    outer loop
      vertex 97.3209 68.2659 3
      vertex 97.3 68 31
      vertex 97.3 68 3
    endloop
  endfacet
  facet normal 0.382672 -0.923884 0
    outer loop
      vertex 98.2282 69.5147 3
      vertex 98.4747 69.6168 31
      vertex 98.2282 69.5147 31
    endloop
  endfacet
  facet normal 0.382672 -0.923884 0
    outer loop
      vertex 98.4747 69.6168 31
      vertex 98.2282 69.5147 3
      vertex 98.4747 69.6168 3
    endloop
  endfacet
  facet normal -0.382672 0.923884 0
    outer loop
      vertex 99.7718 66.4853 3
      vertex 99.5253 66.3832 31
      vertex 99.7718 66.4853 31
    endloop
  endfacet
  facet normal -0.382672 0.923884 0
    outer loop
      vertex 99.5253 66.3832 31
      vertex 99.7718 66.4853 3
      vertex 99.5253 66.3832 3
    endloop
  endfacet
  facet normal -0.233529 0.97235 0
    outer loop
      vertex 99.5253 66.3832 3
      vertex 99.2659 66.3209 31
      vertex 99.5253 66.3832 31
    endloop
  endfacet
  facet normal -0.233529 0.97235 0
    outer loop
      vertex 99.2659 66.3209 31
      vertex 99.5253 66.3832 3
      vertex 99.2659 66.3209 3
    endloop
  endfacet
  facet normal 0.97235 0.233529 0
    outer loop
      vertex 97.3832 67.4747 31
      vertex 97.3209 67.7341 3
      vertex 97.3209 67.7341 31
    endloop
  endfacet
  facet normal 0.97235 0.233529 0
    outer loop
      vertex 97.3209 67.7341 3
      vertex 97.3832 67.4747 31
      vertex 97.3832 67.4747 3
    endloop
  endfacet
  facet normal 0.0783593 -0.996925 0
    outer loop
      vertex 98.7341 69.6791 3
      vertex 99 69.7 31
      vertex 98.7341 69.6791 31
    endloop
  endfacet
  facet normal 0.0783593 -0.996925 0
    outer loop
      vertex 99 69.7 31
      vertex 98.7341 69.6791 3
      vertex 99 69.7 3
    endloop
  endfacet
  facet normal -0.972174 0.234259 0
    outer loop
      vertex 101.948 67.042 0
      vertex 102.062 67.5151 3
      vertex 102.062 67.5151 0
    endloop
  endfacet
  facet normal -0.972174 0.234259 0
    outer loop
      vertex 102.062 67.5151 3
      vertex 101.948 67.042 0
      vertex 101.948 67.042 3
    endloop
  endfacet
  facet normal -0.996943 0.0781271 0
    outer loop
      vertex 102.062 67.5151 0
      vertex 102.1 68 3
      vertex 102.1 68 0
    endloop
  endfacet
  facet normal -0.996943 0.0781271 0
    outer loop
      vertex 102.1 68 3
      vertex 102.062 67.5151 0
      vertex 102.062 67.5151 3
    endloop
  endfacet
  facet normal -0.760329 0.649538 0
    outer loop
      vertex 101.192 65.808 0
      vertex 101.508 66.1779 3
      vertex 101.508 66.1779 0
    endloop
  endfacet
  facet normal -0.760329 0.649538 0
    outer loop
      vertex 101.508 66.1779 3
      vertex 101.192 65.808 0
      vertex 101.192 65.808 3
    endloop
  endfacet
  facet normal 0.923841 -0.382775 0
    outer loop
      vertex 96.0517 68.958 3
      vertex 96.2379 69.4074 0
      vertex 96.2379 69.4074 3
    endloop
  endfacet
  facet normal 0.923841 -0.382775 0
    outer loop
      vertex 96.2379 69.4074 0
      vertex 96.0517 68.958 3
      vertex 96.0517 68.958 0
    endloop
  endfacet
  facet normal 0.760431 -0.649419 0
    outer loop
      vertex 96.4921 69.8221 3
      vertex 96.808 70.192 0
      vertex 96.808 70.192 3
    endloop
  endfacet
  facet normal 0.760431 -0.649419 0
    outer loop
      vertex 96.808 70.192 0
      vertex 96.4921 69.8221 3
      vertex 96.4921 69.8221 0
    endloop
  endfacet
  facet normal -0.996943 -0.0781271 0
    outer loop
      vertex 102.1 68 0
      vertex 102.062 68.4849 3
      vertex 102.062 68.4849 0
    endloop
  endfacet
  facet normal -0.996943 -0.0781271 0
    outer loop
      vertex 102.062 68.4849 3
      vertex 102.1 68 0
      vertex 102.1 68 3
    endloop
  endfacet
  facet normal 0.760431 0.649419 0
    outer loop
      vertex 96.808 65.808 3
      vertex 96.4921 66.1779 0
      vertex 96.4921 66.1779 3
    endloop
  endfacet
  facet normal 0.760431 0.649419 0
    outer loop
      vertex 96.4921 66.1779 0
      vertex 96.808 65.808 3
      vertex 96.808 65.808 0
    endloop
  endfacet
  facet normal 0.972408 -0.233288 0
    outer loop
      vertex 96.0517 68.958 3
      vertex 96 68.7425 2.99
      vertex 96.0517 68.958 0
    endloop
  endfacet
  facet normal 0.972408 -0.233287 -4.11079e-06
    outer loop
      vertex 95.9382 68.4849 3
      vertex 96 68.7425 2.99
      vertex 96.0517 68.958 3
    endloop
  endfacet
  facet normal 0.972408 -0.233287 0
    outer loop
      vertex 96 68.7425 2.99
      vertex 95.9382 68.4849 3
      vertex 95.9382 68.4849 2.99
    endloop
  endfacet
  facet normal 0.972408 -0.233288 0
    outer loop
      vertex 96.0517 68.958 0
      vertex 96 68.7425 2.99
      vertex 96 68.7425 0
    endloop
  endfacet
  facet normal 0.972408 0.233287 0
    outer loop
      vertex 95.9382 67.5151 3
      vertex 96 67.2575 2.99
      vertex 95.9382 67.5151 2.99
    endloop
  endfacet
  facet normal 0.972408 0.233287 -4.11079e-06
    outer loop
      vertex 96.0517 67.042 3
      vertex 96 67.2575 2.99
      vertex 95.9382 67.5151 3
    endloop
  endfacet
  facet normal 0.972408 0.233288 -0
    outer loop
      vertex 96.0517 67.042 0
      vertex 96 67.2575 2.99
      vertex 96.0517 67.042 3
    endloop
  endfacet
  facet normal 0.972408 0.233288 0
    outer loop
      vertex 96 67.2575 2.99
      vertex 96.0517 67.042 0
      vertex 96 67.2575 0
    endloop
  endfacet
  facet normal -0.233287 0.972408 0
    outer loop
      vertex 99.958 65.0517 0
      vertex 99.4849 64.9382 3
      vertex 99.958 65.0517 3
    endloop
  endfacet
  facet normal -0.233287 0.972408 0
    outer loop
      vertex 99.4849 64.9382 3
      vertex 99.958 65.0517 0
      vertex 99.4849 64.9382 0
    endloop
  endfacet
  facet normal 0.382775 0.923841 -0
    outer loop
      vertex 98.042 65.0517 0
      vertex 97.5926 65.2379 3
      vertex 98.042 65.0517 3
    endloop
  endfacet
  facet normal 0.382775 0.923841 0
    outer loop
      vertex 97.5926 65.2379 3
      vertex 98.042 65.0517 0
      vertex 97.5926 65.2379 0
    endloop
  endfacet
  facet normal -0.522331 -0.852743 0
    outer loop
      vertex 100.407 70.7621 0
      vertex 100.822 70.5079 3
      vertex 100.407 70.7621 3
    endloop
  endfacet
  facet normal -0.522331 -0.852743 -0
    outer loop
      vertex 100.822 70.5079 3
      vertex 100.407 70.7621 0
      vertex 100.822 70.5079 0
    endloop
  endfacet
  facet normal -0.383066 0.923721 0
    outer loop
      vertex 100.407 65.2379 0
      vertex 99.958 65.0517 3
      vertex 100.407 65.2379 3
    endloop
  endfacet
  facet normal -0.383066 0.923721 0
    outer loop
      vertex 99.958 65.0517 3
      vertex 100.407 65.2379 0
      vertex 99.958 65.0517 0
    endloop
  endfacet
  facet normal -0.760329 -0.649538 0
    outer loop
      vertex 101.508 69.8221 0
      vertex 101.192 70.192 3
      vertex 101.192 70.192 0
    endloop
  endfacet
  facet normal -0.760329 -0.649538 0
    outer loop
      vertex 101.192 70.192 3
      vertex 101.508 69.8221 0
      vertex 101.508 69.8221 3
    endloop
  endfacet
  facet normal 0.522605 0.852575 -0
    outer loop
      vertex 97.5926 65.2379 0
      vertex 97.1779 65.4921 3
      vertex 97.5926 65.2379 3
    endloop
  endfacet
  facet normal 0.522605 0.852575 0
    outer loop
      vertex 97.1779 65.4921 3
      vertex 97.5926 65.2379 0
      vertex 97.1779 65.4921 0
    endloop
  endfacet
  facet normal -0.0785358 -0.996911 0
    outer loop
      vertex 99 71.1 0
      vertex 99.4849 71.0618 3
      vertex 99 71.1 3
    endloop
  endfacet
  facet normal -0.0785358 -0.996911 -0
    outer loop
      vertex 99.4849 71.0618 3
      vertex 99 71.1 0
      vertex 99.4849 71.0618 0
    endloop
  endfacet
  facet normal -0.233287 -0.972408 0
    outer loop
      vertex 99.4849 71.0618 0
      vertex 99.958 70.9483 3
      vertex 99.4849 71.0618 3
    endloop
  endfacet
  facet normal -0.233287 -0.972408 -0
    outer loop
      vertex 99.958 70.9483 3
      vertex 99.4849 71.0618 0
      vertex 99.958 70.9483 0
    endloop
  endfacet
  facet normal 0.382775 -0.923841 0
    outer loop
      vertex 97.5926 70.7621 0
      vertex 98.042 70.9483 3
      vertex 97.5926 70.7621 3
    endloop
  endfacet
  facet normal 0.382775 -0.923841 0
    outer loop
      vertex 98.042 70.9483 3
      vertex 97.5926 70.7621 0
      vertex 98.042 70.9483 0
    endloop
  endfacet
  facet normal -0.923987 -0.382424 0
    outer loop
      vertex 101.948 68.958 0
      vertex 101.762 69.4074 3
      vertex 101.762 69.4074 0
    endloop
  endfacet
  facet normal -0.923987 -0.382424 0
    outer loop
      vertex 101.762 69.4074 3
      vertex 101.948 68.958 0
      vertex 101.948 68.958 3
    endloop
  endfacet
  facet normal -0.852758 -0.522306 0
    outer loop
      vertex 101.762 69.4074 0
      vertex 101.508 69.8221 3
      vertex 101.508 69.8221 0
    endloop
  endfacet
  facet normal -0.852758 -0.522306 0
    outer loop
      vertex 101.508 69.8221 3
      vertex 101.762 69.4074 0
      vertex 101.762 69.4074 3
    endloop
  endfacet
  facet normal -0.972174 -0.234259 0
    outer loop
      vertex 102.062 68.4849 0
      vertex 101.948 68.958 3
      vertex 101.948 68.958 0
    endloop
  endfacet
  facet normal -0.972174 -0.234259 0
    outer loop
      vertex 101.948 68.958 3
      vertex 102.062 68.4849 0
      vertex 102.062 68.4849 3
    endloop
  endfacet
  facet normal 0.0785358 -0.996911 0
    outer loop
      vertex 98.5151 71.0618 0
      vertex 99 71.1 3
      vertex 98.5151 71.0618 3
    endloop
  endfacet
  facet normal 0.0785358 -0.996911 0
    outer loop
      vertex 99 71.1 3
      vertex 98.5151 71.0618 0
      vertex 99 71.1 0
    endloop
  endfacet
  facet normal -0.852758 0.522306 0
    outer loop
      vertex 101.508 66.1779 0
      vertex 101.762 66.5926 3
      vertex 101.762 66.5926 0
    endloop
  endfacet
  facet normal -0.852758 0.522306 0
    outer loop
      vertex 101.762 66.5926 3
      vertex 101.508 66.1779 0
      vertex 101.508 66.1779 3
    endloop
  endfacet
  facet normal -0.649317 -0.760517 0
    outer loop
      vertex 100.822 70.5079 0
      vertex 101.192 70.192 3
      vertex 100.822 70.5079 3
    endloop
  endfacet
  facet normal -0.649317 -0.760517 -0
    outer loop
      vertex 101.192 70.192 3
      vertex 100.822 70.5079 0
      vertex 101.192 70.192 0
    endloop
  endfacet
  facet normal 0.996911 0.0785358 0
    outer loop
      vertex 95.9382 67.5151 3
      vertex 95.9 68 2.99
      vertex 95.9 68 3
    endloop
  endfacet
  facet normal 0.996911 0.0785358 0
    outer loop
      vertex 95.9 68 2.99
      vertex 95.9382 67.5151 3
      vertex 95.9382 67.5151 2.99
    endloop
  endfacet
  facet normal 0.649419 0.760431 -0
    outer loop
      vertex 97.1779 65.4921 0
      vertex 96.808 65.808 3
      vertex 97.1779 65.4921 3
    endloop
  endfacet
  facet normal 0.649419 0.760431 0
    outer loop
      vertex 96.808 65.808 3
      vertex 97.1779 65.4921 0
      vertex 96.808 65.808 0
    endloop
  endfacet
  facet normal -0.649317 0.760517 0
    outer loop
      vertex 101.192 65.808 0
      vertex 100.822 65.4921 3
      vertex 101.192 65.808 3
    endloop
  endfacet
  facet normal -0.649317 0.760517 0
    outer loop
      vertex 100.822 65.4921 3
      vertex 101.192 65.808 0
      vertex 100.822 65.4921 0
    endloop
  endfacet
  facet normal -0.383066 -0.923721 0
    outer loop
      vertex 99.958 70.9483 0
      vertex 100.407 70.7621 3
      vertex 99.958 70.9483 3
    endloop
  endfacet
  facet normal -0.383066 -0.923721 -0
    outer loop
      vertex 100.407 70.7621 3
      vertex 99.958 70.9483 0
      vertex 100.407 70.7621 0
    endloop
  endfacet
  facet normal -0.522331 0.852743 0
    outer loop
      vertex 100.822 65.4921 0
      vertex 100.407 65.2379 3
      vertex 100.822 65.4921 3
    endloop
  endfacet
  facet normal -0.522331 0.852743 0
    outer loop
      vertex 100.407 65.2379 3
      vertex 100.822 65.4921 0
      vertex 100.407 65.2379 0
    endloop
  endfacet
  facet normal 0.233287 0.972408 -0
    outer loop
      vertex 98.5151 64.9382 0
      vertex 98.042 65.0517 3
      vertex 98.5151 64.9382 3
    endloop
  endfacet
  facet normal 0.233287 0.972408 0
    outer loop
      vertex 98.042 65.0517 3
      vertex 98.5151 64.9382 0
      vertex 98.042 65.0517 0
    endloop
  endfacet
  facet normal 0.0785358 0.996911 -0
    outer loop
      vertex 99 64.9 0
      vertex 98.5151 64.9382 3
      vertex 99 64.9 3
    endloop
  endfacet
  facet normal 0.0785358 0.996911 0
    outer loop
      vertex 98.5151 64.9382 3
      vertex 99 64.9 0
      vertex 98.5151 64.9382 0
    endloop
  endfacet
  facet normal 0.996911 -0.0785358 0
    outer loop
      vertex 95.9 68 3
      vertex 95.9382 68.4849 2.99
      vertex 95.9382 68.4849 3
    endloop
  endfacet
  facet normal 0.996911 -0.0785358 0
    outer loop
      vertex 95.9382 68.4849 2.99
      vertex 95.9 68 3
      vertex 95.9 68 2.99
    endloop
  endfacet
  facet normal -0.923987 0.382424 0
    outer loop
      vertex 101.762 66.5926 0
      vertex 101.948 67.042 3
      vertex 101.948 67.042 0
    endloop
  endfacet
  facet normal -0.923987 0.382424 0
    outer loop
      vertex 101.948 67.042 3
      vertex 101.762 66.5926 0
      vertex 101.762 66.5926 3
    endloop
  endfacet
  facet normal 0.852575 0.522605 0
    outer loop
      vertex 96.4921 66.1779 3
      vertex 96.2379 66.5926 0
      vertex 96.2379 66.5926 3
    endloop
  endfacet
  facet normal 0.852575 0.522605 0
    outer loop
      vertex 96.2379 66.5926 0
      vertex 96.4921 66.1779 3
      vertex 96.4921 66.1779 0
    endloop
  endfacet
  facet normal 0.233287 -0.972408 0
    outer loop
      vertex 98.042 70.9483 0
      vertex 98.5151 71.0618 3
      vertex 98.042 70.9483 3
    endloop
  endfacet
  facet normal 0.233287 -0.972408 0
    outer loop
      vertex 98.5151 71.0618 3
      vertex 98.042 70.9483 0
      vertex 98.5151 71.0618 0
    endloop
  endfacet
  facet normal -0.0785358 0.996911 0
    outer loop
      vertex 99.4849 64.9382 0
      vertex 99 64.9 3
      vertex 99.4849 64.9382 3
    endloop
  endfacet
  facet normal -0.0785358 0.996911 0
    outer loop
      vertex 99 64.9 3
      vertex 99.4849 64.9382 0
      vertex 99 64.9 0
    endloop
  endfacet
  facet normal 0.852575 -0.522605 0
    outer loop
      vertex 96.2379 69.4074 3
      vertex 96.4921 69.8221 0
      vertex 96.4921 69.8221 3
    endloop
  endfacet
  facet normal 0.852575 -0.522605 0
    outer loop
      vertex 96.4921 69.8221 0
      vertex 96.2379 69.4074 3
      vertex 96.2379 69.4074 0
    endloop
  endfacet
  facet normal 0.649419 -0.760431 0
    outer loop
      vertex 96.808 70.192 0
      vertex 97.1779 70.5079 3
      vertex 96.808 70.192 3
    endloop
  endfacet
  facet normal 0.649419 -0.760431 0
    outer loop
      vertex 97.1779 70.5079 3
      vertex 96.808 70.192 0
      vertex 97.1779 70.5079 0
    endloop
  endfacet
  facet normal 0.923841 0.382775 0
    outer loop
      vertex 96.2379 66.5926 3
      vertex 96.0517 67.042 0
      vertex 96.0517 67.042 3
    endloop
  endfacet
  facet normal 0.923841 0.382775 0
    outer loop
      vertex 96.0517 67.042 0
      vertex 96.2379 66.5926 3
      vertex 96.2379 66.5926 0
    endloop
  endfacet
  facet normal 0 0 -1
    outer loop
      vertex 100.7 68 3
      vertex 102.1 68 3
      vertex 102.062 67.5151 3
    endloop
  endfacet
  facet normal 0 0 -1
    outer loop
      vertex 100.679 67.7341 3
      vertex 102.062 67.5151 3
      vertex 101.948 67.042 3
    endloop
  endfacet
  facet normal 0 0 -1
    outer loop
      vertex 102.1 68 3
      vertex 100.7 68 3
      vertex 102.062 68.4849 3
    endloop
  endfacet
  facet normal 0 0 -1
    outer loop
      vertex 100.617 67.4747 3
      vertex 101.948 67.042 3
      vertex 101.762 66.5926 3
    endloop
  endfacet
  facet normal 0 0 -1
    outer loop
      vertex 100.679 68.2659 3
      vertex 102.062 68.4849 3
      vertex 100.7 68 3
    endloop
  endfacet
  facet normal 0 0 -1
    outer loop
      vertex 100.515 67.2282 3
      vertex 101.762 66.5926 3
      vertex 101.508 66.1779 3
    endloop
  endfacet
  facet normal -0 0 -1
    outer loop
      vertex 102.062 68.4849 3
      vertex 100.679 68.2659 3
      vertex 101.948 68.958 3
    endloop
  endfacet
  facet normal 0 0 -1
    outer loop
      vertex 100.375 67.0008 3
      vertex 101.508 66.1779 3
      vertex 101.192 65.808 3
    endloop
  endfacet
  facet normal 0 0 -1
    outer loop
      vertex 100.617 68.5253 3
      vertex 101.948 68.958 3
      vertex 100.679 68.2659 3
    endloop
  endfacet
  facet normal 0 0 -1
    outer loop
      vertex 100.202 66.7979 3
      vertex 101.192 65.808 3
      vertex 100.822 65.4921 3
    endloop
  endfacet
  facet normal -0 0 -1
    outer loop
      vertex 101.948 68.958 3
      vertex 100.617 68.5253 3
      vertex 101.762 69.4074 3
    endloop
  endfacet
  facet normal 0 0 -1
    outer loop
      vertex 100.515 68.7718 3
      vertex 101.762 69.4074 3
      vertex 100.617 68.5253 3
    endloop
  endfacet
  facet normal 0 0 -1
    outer loop
      vertex 102.062 67.5151 3
      vertex 100.679 67.7341 3
      vertex 100.7 68 3
    endloop
  endfacet
  facet normal 0 0 -1
    outer loop
      vertex 101.948 67.042 3
      vertex 100.617 67.4747 3
      vertex 100.679 67.7341 3
    endloop
  endfacet
  facet normal 0 0 -1
    outer loop
      vertex 101.762 66.5926 3
      vertex 100.515 67.2282 3
      vertex 100.617 67.4747 3
    endloop
  endfacet
  facet normal 0 0 -1
    outer loop
      vertex 99.9992 66.6247 3
      vertex 100.822 65.4921 3
      vertex 100.407 65.2379 3
    endloop
  endfacet
  facet normal 0 0 -1
    outer loop
      vertex 101.508 66.1779 3
      vertex 100.375 67.0008 3
      vertex 100.515 67.2282 3
    endloop
  endfacet
  facet normal 0 0 -1
    outer loop
      vertex 101.192 65.808 3
      vertex 100.202 66.7979 3
      vertex 100.375 67.0008 3
    endloop
  endfacet
  facet normal 0 0 -1
    outer loop
      vertex 100.822 65.4921 3
      vertex 99.9992 66.6247 3
      vertex 100.202 66.7979 3
    endloop
  endfacet
  facet normal 0 0 -1
    outer loop
      vertex 99.7718 66.4853 3
      vertex 100.407 65.2379 3
      vertex 99.958 65.0517 3
    endloop
  endfacet
  facet normal 0 0 -1
    outer loop
      vertex 100.407 65.2379 3
      vertex 99.7718 66.4853 3
      vertex 99.9992 66.6247 3
    endloop
  endfacet
  facet normal 0 0 -1
    outer loop
      vertex 99.958 65.0517 3
      vertex 99.5253 66.3832 3
      vertex 99.7718 66.4853 3
    endloop
  endfacet
  facet normal 0 0 -1
    outer loop
      vertex 99.4849 64.9382 3
      vertex 99.5253 66.3832 3
      vertex 99.958 65.0517 3
    endloop
  endfacet
  facet normal 0 0 -1
    outer loop
      vertex 99.4849 64.9382 3
      vertex 99.2659 66.3209 3
      vertex 99.5253 66.3832 3
    endloop
  endfacet
  facet normal 0 0 -1
    outer loop
      vertex 99 64.9 3
      vertex 99.2659 66.3209 3
      vertex 99.4849 64.9382 3
    endloop
  endfacet
  facet normal 0 0 -1
    outer loop
      vertex 99 64.9 3
      vertex 99 66.3 3
      vertex 99.2659 66.3209 3
    endloop
  endfacet
  facet normal 0 0 -1
    outer loop
      vertex 99 64.9 3
      vertex 98.7341 66.3209 3
      vertex 99 66.3 3
    endloop
  endfacet
  facet normal 0 0 -1
    outer loop
      vertex 98.5151 64.9382 3
      vertex 98.7341 66.3209 3
      vertex 99 64.9 3
    endloop
  endfacet
  facet normal 0 0 -1
    outer loop
      vertex 98.5151 64.9382 3
      vertex 98.4747 66.3832 3
      vertex 98.7341 66.3209 3
    endloop
  endfacet
  facet normal 0 0 -1
    outer loop
      vertex 98.042 65.0517 3
      vertex 98.4747 66.3832 3
      vertex 98.5151 64.9382 3
    endloop
  endfacet
  facet normal -0 0 -1
    outer loop
      vertex 98.4747 66.3832 3
      vertex 98.042 65.0517 3
      vertex 98.2282 66.4853 3
    endloop
  endfacet
  facet normal 0 0 -1
    outer loop
      vertex 97.5926 65.2379 3
      vertex 98.2282 66.4853 3
      vertex 98.042 65.0517 3
    endloop
  endfacet
  facet normal -0 0 -1
    outer loop
      vertex 98.2282 66.4853 3
      vertex 97.5926 65.2379 3
      vertex 98.0008 66.6247 3
    endloop
  endfacet
  facet normal 0 0 -1
    outer loop
      vertex 97.1779 65.4921 3
      vertex 98.0008 66.6247 3
      vertex 97.5926 65.2379 3
    endloop
  endfacet
  facet normal -0 0 -1
    outer loop
      vertex 98.0008 66.6247 3
      vertex 97.1779 65.4921 3
      vertex 97.7979 66.7979 3
    endloop
  endfacet
  facet normal 0 0 -1
    outer loop
      vertex 96.808 65.808 3
      vertex 97.7979 66.7979 3
      vertex 97.1779 65.4921 3
    endloop
  endfacet
  facet normal -0 0 -1
    outer loop
      vertex 97.7979 66.7979 3
      vertex 96.808 65.808 3
      vertex 97.6247 67.0008 3
    endloop
  endfacet
  facet normal 0 0 -1
    outer loop
      vertex 96.4921 66.1779 3
      vertex 97.6247 67.0008 3
      vertex 96.808 65.808 3
    endloop
  endfacet
  facet normal 0 0 -1
    outer loop
      vertex 96.2379 66.5926 3
      vertex 97.4853 67.2282 3
      vertex 96.4921 66.1779 3
    endloop
  endfacet
  facet normal -0 0 -1
    outer loop
      vertex 97.6247 67.0008 3
      vertex 96.4921 66.1779 3
      vertex 97.4853 67.2282 3
    endloop
  endfacet
  facet normal -0 0 -1
    outer loop
      vertex 101.762 69.4074 3
      vertex 100.515 68.7718 3
      vertex 101.508 69.8221 3
    endloop
  endfacet
  facet normal 0 0 -1
    outer loop
      vertex 100.375 68.9992 3
      vertex 101.508 69.8221 3
      vertex 100.515 68.7718 3
    endloop
  endfacet
  facet normal -0 0 -1
    outer loop
      vertex 101.508 69.8221 3
      vertex 100.375 68.9992 3
      vertex 101.192 70.192 3
    endloop
  endfacet
  facet normal 0 0 -1
    outer loop
      vertex 100.202 69.2021 3
      vertex 101.192 70.192 3
      vertex 100.375 68.9992 3
    endloop
  endfacet
  facet normal -0 0 -1
    outer loop
      vertex 101.192 70.192 3
      vertex 100.202 69.2021 3
      vertex 100.822 70.5079 3
    endloop
  endfacet
  facet normal 0 0 -1
    outer loop
      vertex 99.9992 69.3753 3
      vertex 100.822 70.5079 3
      vertex 100.202 69.2021 3
    endloop
  endfacet
  facet normal -0 0 -1
    outer loop
      vertex 100.822 70.5079 3
      vertex 99.9992 69.3753 3
      vertex 100.407 70.7621 3
    endloop
  endfacet
  facet normal 0 0 -1
    outer loop
      vertex 99.7718 69.5147 3
      vertex 100.407 70.7621 3
      vertex 99.9992 69.3753 3
    endloop
  endfacet
  facet normal -0 0 -1
    outer loop
      vertex 100.407 70.7621 3
      vertex 99.7718 69.5147 3
      vertex 99.958 70.9483 3
    endloop
  endfacet
  facet normal 0 0 -1
    outer loop
      vertex 99.5253 69.6168 3
      vertex 99.958 70.9483 3
      vertex 99.7718 69.5147 3
    endloop
  endfacet
  facet normal 0 0 -1
    outer loop
      vertex 99.5253 69.6168 3
      vertex 99.4849 71.0618 3
      vertex 99.958 70.9483 3
    endloop
  endfacet
  facet normal 0 0 -1
    outer loop
      vertex 99.2659 69.6791 3
      vertex 99.4849 71.0618 3
      vertex 99.5253 69.6168 3
    endloop
  endfacet
  facet normal 0 0 -1
    outer loop
      vertex 99 69.7 3
      vertex 99.4849 71.0618 3
      vertex 99.2659 69.6791 3
    endloop
  endfacet
  facet normal 0 0 -1
    outer loop
      vertex 99 69.7 3
      vertex 99 71.1 3
      vertex 99.4849 71.0618 3
    endloop
  endfacet
  facet normal 0 0 -1
    outer loop
      vertex 98.7341 69.6791 3
      vertex 99 71.1 3
      vertex 99 69.7 3
    endloop
  endfacet
  facet normal 0 0 -1
    outer loop
      vertex 98.7341 69.6791 3
      vertex 98.5151 71.0618 3
      vertex 99 71.1 3
    endloop
  endfacet
  facet normal 0 0 -1
    outer loop
      vertex 98.4747 69.6168 3
      vertex 98.5151 71.0618 3
      vertex 98.7341 69.6791 3
    endloop
  endfacet
  facet normal 0 0 -1
    outer loop
      vertex 98.042 70.9483 3
      vertex 98.4747 69.6168 3
      vertex 98.2282 69.5147 3
    endloop
  endfacet
  facet normal 0 0 -1
    outer loop
      vertex 98.4747 69.6168 3
      vertex 98.042 70.9483 3
      vertex 98.5151 71.0618 3
    endloop
  endfacet
  facet normal 0 0 -1
    outer loop
      vertex 97.5926 70.7621 3
      vertex 98.2282 69.5147 3
      vertex 98.0008 69.3753 3
    endloop
  endfacet
  facet normal 0 0 -1
    outer loop
      vertex 97.1779 70.5079 3
      vertex 98.0008 69.3753 3
      vertex 97.7979 69.2021 3
    endloop
  endfacet
  facet normal 0 0 -1
    outer loop
      vertex 96.808 70.192 3
      vertex 97.7979 69.2021 3
      vertex 97.6247 68.9992 3
    endloop
  endfacet
  facet normal 0 0 -1
    outer loop
      vertex 98.2282 69.5147 3
      vertex 97.5926 70.7621 3
      vertex 98.042 70.9483 3
    endloop
  endfacet
  facet normal 0 0 -1
    outer loop
      vertex 96.4921 69.8221 3
      vertex 97.6247 68.9992 3
      vertex 97.4853 68.7718 3
    endloop
  endfacet
  facet normal 0 0 -1
    outer loop
      vertex 96.2379 69.4074 3
      vertex 97.4853 68.7718 3
      vertex 97.3832 68.5253 3
    endloop
  endfacet
  facet normal 0 0 -1
    outer loop
      vertex 96.0517 68.958 3
      vertex 97.3832 68.5253 3
      vertex 97.3209 68.2659 3
    endloop
  endfacet
  facet normal 0 0 -1
    outer loop
      vertex 98.0008 69.3753 3
      vertex 97.1779 70.5079 3
      vertex 97.5926 70.7621 3
    endloop
  endfacet
  facet normal 0 0 -1
    outer loop
      vertex 95.9382 68.4849 3
      vertex 97.3209 68.2659 3
      vertex 97.3 68 3
    endloop
  endfacet
  facet normal -0 0 -1
    outer loop
      vertex 97.4853 67.2282 3
      vertex 96.2379 66.5926 3
      vertex 97.3832 67.4747 3
    endloop
  endfacet
  facet normal 0 0 -1
    outer loop
      vertex 96.0517 67.042 3
      vertex 97.3832 67.4747 3
      vertex 96.2379 66.5926 3
    endloop
  endfacet
  facet normal 0 0 -1
    outer loop
      vertex 97.7979 69.2021 3
      vertex 96.808 70.192 3
      vertex 97.1779 70.5079 3
    endloop
  endfacet
  facet normal -0 0 -1
    outer loop
      vertex 97.3832 67.4747 3
      vertex 96.0517 67.042 3
      vertex 97.3209 67.7341 3
    endloop
  endfacet
  facet normal 0 0 -1
    outer loop
      vertex 97.6247 68.9992 3
      vertex 96.4921 69.8221 3
      vertex 96.808 70.192 3
    endloop
  endfacet
  facet normal 0 0 -1
    outer loop
      vertex 95.9382 67.5151 3
      vertex 97.3209 67.7341 3
      vertex 96.0517 67.042 3
    endloop
  endfacet
  facet normal 0 0 -1
    outer loop
      vertex 97.4853 68.7718 3
      vertex 96.2379 69.4074 3
      vertex 96.4921 69.8221 3
    endloop
  endfacet
  facet normal -0 0 -1
    outer loop
      vertex 97.3209 67.7341 3
      vertex 95.9382 67.5151 3
      vertex 97.3 68 3
    endloop
  endfacet
  facet normal 0 0 -1
    outer loop
      vertex 97.3832 68.5253 3
      vertex 96.0517 68.958 3
      vertex 96.2379 69.4074 3
    endloop
  endfacet
  facet normal 0 0 -1
    outer loop
      vertex 95.9 68 3
      vertex 97.3 68 3
      vertex 95.9382 67.5151 3
    endloop
  endfacet
  facet normal 0 0 -1
    outer loop
      vertex 97.3209 68.2659 3
      vertex 95.9382 68.4849 3
      vertex 96.0517 68.958 3
    endloop
  endfacet
  facet normal 0 0 -1
    outer loop
      vertex 97.3 68 3
      vertex 95.9 68 3
      vertex 95.9382 68.4849 3
    endloop
  endfacet
  facet normal 0.522605 -0.852575 0
    outer loop
      vertex 97.1779 70.5079 0
      vertex 97.5926 70.7621 3
      vertex 97.1779 70.5079 3
    endloop
  endfacet
  facet normal 0.522605 -0.852575 0
    outer loop
      vertex 97.5926 70.7621 3
      vertex 97.1779 70.5079 0
      vertex 97.5926 70.7621 0
    endloop
  endfacet
  facet normal -0.972605 0.232465 0
    outer loop
      vertex 189.617 67.4747 3
      vertex 189.679 67.7341 31
      vertex 189.679 67.7341 3
    endloop
  endfacet
  facet normal -0.972605 0.232465 0
    outer loop
      vertex 189.679 67.7341 31
      vertex 189.617 67.4747 3
      vertex 189.617 67.4747 31
    endloop
  endfacet
  facet normal -0.996896 0.0787319 0
    outer loop
      vertex 189.679 67.7341 3
      vertex 189.7 68 31
      vertex 189.7 68 3
    endloop
  endfacet
  facet normal -0.996896 0.0787319 0
    outer loop
      vertex 189.7 68 31
      vertex 189.679 67.7341 3
      vertex 189.679 67.7341 31
    endloop
  endfacet
  facet normal -0.924017 0.382352 0
    outer loop
      vertex 189.515 67.2282 3
      vertex 189.617 67.4747 31
      vertex 189.617 67.4747 3
    endloop
  endfacet
  facet normal -0.924017 0.382352 0
    outer loop
      vertex 189.617 67.4747 31
      vertex 189.515 67.2282 3
      vertex 189.515 67.2282 31
    endloop
  endfacet
  facet normal -0.523301 -0.852148 0
    outer loop
      vertex 188.772 69.5147 3
      vertex 188.999 69.3753 31
      vertex 188.772 69.5147 31
    endloop
  endfacet
  facet normal -0.523301 -0.852148 -0
    outer loop
      vertex 188.999 69.3753 31
      vertex 188.772 69.5147 3
      vertex 188.999 69.3753 3
    endloop
  endfacet
  facet normal 0.924017 0.382352 0
    outer loop
      vertex 186.485 67.2282 31
      vertex 186.383 67.4747 3
      vertex 186.383 67.4747 31
    endloop
  endfacet
  facet normal 0.924017 0.382352 0
    outer loop
      vertex 186.383 67.4747 3
      vertex 186.485 67.2282 31
      vertex 186.485 67.2282 3
    endloop
  endfacet
  facet normal 0.523301 -0.852148 0
    outer loop
      vertex 187.001 69.3753 3
      vertex 187.228 69.5147 31
      vertex 187.001 69.3753 31
    endloop
  endfacet
  facet normal 0.523301 -0.852148 0
    outer loop
      vertex 187.228 69.5147 31
      vertex 187.001 69.3753 3
      vertex 187.228 69.5147 3
    endloop
  endfacet
  facet normal -0.972605 -0.232465 0
    outer loop
      vertex 189.679 68.2659 3
      vertex 189.617 68.5253 31
      vertex 189.617 68.5253 3
    endloop
  endfacet
  facet normal -0.972605 -0.232465 0
    outer loop
      vertex 189.617 68.5253 31
      vertex 189.679 68.2659 3
      vertex 189.679 68.2659 31
    endloop
  endfacet
  facet normal -0.38201 -0.924158 0
    outer loop
      vertex 188.525 69.6168 3
      vertex 188.772 69.5147 31
      vertex 188.525 69.6168 31
    endloop
  endfacet
  facet normal -0.38201 -0.924158 -0
    outer loop
      vertex 188.772 69.5147 31
      vertex 188.525 69.6168 3
      vertex 188.772 69.5147 3
    endloop
  endfacet
  facet normal 0.38201 0.924158 -0
    outer loop
      vertex 187.475 66.3832 3
      vertex 187.228 66.4853 31
      vertex 187.475 66.3832 31
    endloop
  endfacet
  facet normal 0.38201 0.924158 0
    outer loop
      vertex 187.228 66.4853 31
      vertex 187.475 66.3832 3
      vertex 187.228 66.4853 3
    endloop
  endfacet
  facet normal 0.523301 0.852148 -0
    outer loop
      vertex 187.228 66.4853 3
      vertex 187.001 66.6247 31
      vertex 187.228 66.4853 31
    endloop
  endfacet
  facet normal 0.523301 0.852148 0
    outer loop
      vertex 187.001 66.6247 31
      vertex 187.228 66.4853 3
      vertex 187.001 66.6247 3
    endloop
  endfacet
  facet normal 0.23387 0.972268 -0
    outer loop
      vertex 187.734 66.3209 3
      vertex 187.475 66.3832 31
      vertex 187.734 66.3209 31
    endloop
  endfacet
  facet normal 0.23387 0.972268 0
    outer loop
      vertex 187.475 66.3832 31
      vertex 187.734 66.3209 3
      vertex 187.475 66.3832 3
    endloop
  endfacet
  facet normal -0.649061 -0.760736 0
    outer loop
      vertex 188.999 69.3753 3
      vertex 189.202 69.2021 31
      vertex 188.999 69.3753 31
    endloop
  endfacet
  facet normal -0.649061 -0.760736 -0
    outer loop
      vertex 189.202 69.2021 31
      vertex 188.999 69.3753 3
      vertex 189.202 69.2021 3
    endloop
  endfacet
  facet normal 0.07833 0.996927 -0
    outer loop
      vertex 188 66.3 3
      vertex 187.734 66.3209 31
      vertex 188 66.3 31
    endloop
  endfacet
  facet normal 0.07833 0.996927 0
    outer loop
      vertex 187.734 66.3209 31
      vertex 188 66.3 3
      vertex 187.734 66.3209 3
    endloop
  endfacet
  facet normal 0.924017 -0.382352 0
    outer loop
      vertex 186.383 68.5253 31
      vertex 186.485 68.7718 3
      vertex 186.485 68.7718 31
    endloop
  endfacet
  facet normal 0.924017 -0.382352 0
    outer loop
      vertex 186.485 68.7718 3
      vertex 186.383 68.5253 31
      vertex 186.383 68.5253 3
    endloop
  endfacet
  facet normal 0.760948 0.648813 0
    outer loop
      vertex 186.798 66.7979 31
      vertex 186.625 67.0008 3
      vertex 186.625 67.0008 31
    endloop
  endfacet
  facet normal 0.760948 0.648813 0
    outer loop
      vertex 186.625 67.0008 3
      vertex 186.798 66.7979 31
      vertex 186.798 66.7979 3
    endloop
  endfacet
  facet normal 0.23387 -0.972268 0
    outer loop
      vertex 187.475 69.6168 3
      vertex 187.734 69.6791 31
      vertex 187.475 69.6168 31
    endloop
  endfacet
  facet normal 0.23387 -0.972268 0
    outer loop
      vertex 187.734 69.6791 31
      vertex 187.475 69.6168 3
      vertex 187.734 69.6791 3
    endloop
  endfacet
  facet normal -0.924017 -0.382352 0
    outer loop
      vertex 189.617 68.5253 3
      vertex 189.515 68.7718 31
      vertex 189.515 68.7718 3
    endloop
  endfacet
  facet normal -0.924017 -0.382352 0
    outer loop
      vertex 189.515 68.7718 31
      vertex 189.617 68.5253 3
      vertex 189.617 68.5253 31
    endloop
  endfacet
  facet normal 0.760948 -0.648813 0
    outer loop
      vertex 186.625 68.9992 31
      vertex 186.798 69.2021 3
      vertex 186.798 69.2021 31
    endloop
  endfacet
  facet normal 0.760948 -0.648813 0
    outer loop
      vertex 186.798 69.2021 3
      vertex 186.625 68.9992 31
      vertex 186.625 68.9992 3
    endloop
  endfacet
  facet normal 0.649061 0.760736 -0
    outer loop
      vertex 187.001 66.6247 3
      vertex 186.798 66.7979 31
      vertex 187.001 66.6247 31
    endloop
  endfacet
  facet normal 0.649061 0.760736 0
    outer loop
      vertex 186.798 66.7979 31
      vertex 187.001 66.6247 3
      vertex 186.798 66.7979 3
    endloop
  endfacet
  facet normal -0.07833 -0.996927 0
    outer loop
      vertex 188 69.7 3
      vertex 188.266 69.6791 31
      vertex 188 69.7 31
    endloop
  endfacet
  facet normal -0.07833 -0.996927 -0
    outer loop
      vertex 188.266 69.6791 31
      vertex 188 69.7 3
      vertex 188.266 69.6791 3
    endloop
  endfacet
  facet normal -0.851555 -0.524265 0
    outer loop
      vertex 189.515 68.7718 3
      vertex 189.375 68.9992 31
      vertex 189.375 68.9992 3
    endloop
  endfacet
  facet normal -0.851555 -0.524265 0
    outer loop
      vertex 189.375 68.9992 31
      vertex 189.515 68.7718 3
      vertex 189.515 68.7718 31
    endloop
  endfacet
  facet normal -0.851555 0.524265 0
    outer loop
      vertex 189.375 67.0008 3
      vertex 189.515 67.2282 31
      vertex 189.515 67.2282 3
    endloop
  endfacet
  facet normal -0.851555 0.524265 0
    outer loop
      vertex 189.515 67.2282 31
      vertex 189.375 67.0008 3
      vertex 189.375 67.0008 31
    endloop
  endfacet
  facet normal -0.996896 -0.0787319 0
    outer loop
      vertex 189.7 68 3
      vertex 189.679 68.2659 31
      vertex 189.679 68.2659 3
    endloop
  endfacet
  facet normal -0.996896 -0.0787319 0
    outer loop
      vertex 189.679 68.2659 31
      vertex 189.7 68 3
      vertex 189.7 68 31
    endloop
  endfacet
  facet normal 0.972605 -0.232465 0
    outer loop
      vertex 186.321 68.2659 31
      vertex 186.383 68.5253 3
      vertex 186.383 68.5253 31
    endloop
  endfacet
  facet normal 0.972605 -0.232465 0
    outer loop
      vertex 186.383 68.5253 3
      vertex 186.321 68.2659 31
      vertex 186.321 68.2659 3
    endloop
  endfacet
  facet normal -0.523301 0.852148 0
    outer loop
      vertex 188.999 66.6247 3
      vertex 188.772 66.4853 31
      vertex 188.999 66.6247 31
    endloop
  endfacet
  facet normal -0.523301 0.852148 0
    outer loop
      vertex 188.772 66.4853 31
      vertex 188.999 66.6247 3
      vertex 188.772 66.4853 3
    endloop
  endfacet
  facet normal -0.760948 0.648813 0
    outer loop
      vertex 189.202 66.7979 3
      vertex 189.375 67.0008 31
      vertex 189.375 67.0008 3
    endloop
  endfacet
  facet normal -0.760948 0.648813 0
    outer loop
      vertex 189.375 67.0008 31
      vertex 189.202 66.7979 3
      vertex 189.202 66.7979 31
    endloop
  endfacet
  facet normal 0.996896 0.0787319 0
    outer loop
      vertex 186.321 67.7341 31
      vertex 186.3 68 3
      vertex 186.3 68 31
    endloop
  endfacet
  facet normal 0.996896 0.0787319 0
    outer loop
      vertex 186.3 68 3
      vertex 186.321 67.7341 31
      vertex 186.321 67.7341 3
    endloop
  endfacet
  facet normal -0.649061 0.760736 0
    outer loop
      vertex 189.202 66.7979 3
      vertex 188.999 66.6247 31
      vertex 189.202 66.7979 31
    endloop
  endfacet
  facet normal -0.649061 0.760736 0
    outer loop
      vertex 188.999 66.6247 31
      vertex 189.202 66.7979 3
      vertex 188.999 66.6247 3
    endloop
  endfacet
  facet normal -0.23387 -0.972268 0
    outer loop
      vertex 188.266 69.6791 3
      vertex 188.525 69.6168 31
      vertex 188.266 69.6791 31
    endloop
  endfacet
  facet normal -0.23387 -0.972268 -0
    outer loop
      vertex 188.525 69.6168 31
      vertex 188.266 69.6791 3
      vertex 188.525 69.6168 3
    endloop
  endfacet
  facet normal 0.851555 -0.524265 0
    outer loop
      vertex 186.485 68.7718 31
      vertex 186.625 68.9992 3
      vertex 186.625 68.9992 31
    endloop
  endfacet
  facet normal 0.851555 -0.524265 0
    outer loop
      vertex 186.625 68.9992 3
      vertex 186.485 68.7718 31
      vertex 186.485 68.7718 3
    endloop
  endfacet
  facet normal -0.07833 0.996927 0
    outer loop
      vertex 188.266 66.3209 3
      vertex 188 66.3 31
      vertex 188.266 66.3209 31
    endloop
  endfacet
  facet normal -0.07833 0.996927 0
    outer loop
      vertex 188 66.3 31
      vertex 188.266 66.3209 3
      vertex 188 66.3 3
    endloop
  endfacet
  facet normal 0.649061 -0.760736 0
    outer loop
      vertex 186.798 69.2021 3
      vertex 187.001 69.3753 31
      vertex 186.798 69.2021 31
    endloop
  endfacet
  facet normal 0.649061 -0.760736 0
    outer loop
      vertex 187.001 69.3753 31
      vertex 186.798 69.2021 3
      vertex 187.001 69.3753 3
    endloop
  endfacet
  facet normal -0.760948 -0.648813 0
    outer loop
      vertex 189.375 68.9992 3
      vertex 189.202 69.2021 31
      vertex 189.202 69.2021 3
    endloop
  endfacet
  facet normal -0.760948 -0.648813 0
    outer loop
      vertex 189.202 69.2021 31
      vertex 189.375 68.9992 3
      vertex 189.375 68.9992 31
    endloop
  endfacet
  facet normal 0.851555 0.524265 0
    outer loop
      vertex 186.625 67.0008 31
      vertex 186.485 67.2282 3
      vertex 186.485 67.2282 31
    endloop
  endfacet
  facet normal 0.851555 0.524265 0
    outer loop
      vertex 186.485 67.2282 3
      vertex 186.625 67.0008 31
      vertex 186.625 67.0008 3
    endloop
  endfacet
  facet normal 0.996896 -0.0787319 0
    outer loop
      vertex 186.3 68 31
      vertex 186.321 68.2659 3
      vertex 186.321 68.2659 31
    endloop
  endfacet
  facet normal 0.996896 -0.0787319 0
    outer loop
      vertex 186.321 68.2659 3
      vertex 186.3 68 31
      vertex 186.3 68 3
    endloop
  endfacet
  facet normal 0.38201 -0.924158 0
    outer loop
      vertex 187.228 69.5147 3
      vertex 187.475 69.6168 31
      vertex 187.228 69.5147 31
    endloop
  endfacet
  facet normal 0.38201 -0.924158 0
    outer loop
      vertex 187.475 69.6168 31
      vertex 187.228 69.5147 3
      vertex 187.475 69.6168 3
    endloop
  endfacet
  facet normal -0.38201 0.924158 0
    outer loop
      vertex 188.772 66.4853 3
      vertex 188.525 66.3832 31
      vertex 188.772 66.4853 31
    endloop
  endfacet
  facet normal -0.38201 0.924158 0
    outer loop
      vertex 188.525 66.3832 31
      vertex 188.772 66.4853 3
      vertex 188.525 66.3832 3
    endloop
  endfacet
  facet normal -0.23387 0.972268 0
    outer loop
      vertex 188.525 66.3832 3
      vertex 188.266 66.3209 31
      vertex 188.525 66.3832 31
    endloop
  endfacet
  facet normal -0.23387 0.972268 0
    outer loop
      vertex 188.266 66.3209 31
      vertex 188.525 66.3832 3
      vertex 188.266 66.3209 3
    endloop
  endfacet
  facet normal 0.972605 0.232465 0
    outer loop
      vertex 186.383 67.4747 31
      vertex 186.321 67.7341 3
      vertex 186.321 67.7341 31
    endloop
  endfacet
  facet normal 0.972605 0.232465 0
    outer loop
      vertex 186.321 67.7341 3
      vertex 186.383 67.4747 31
      vertex 186.383 67.4747 3
    endloop
  endfacet
  facet normal 0.07833 -0.996927 0
    outer loop
      vertex 187.734 69.6791 3
      vertex 188 69.7 31
      vertex 187.734 69.6791 31
    endloop
  endfacet
  facet normal 0.07833 -0.996927 0
    outer loop
      vertex 188 69.7 31
      vertex 187.734 69.6791 3
      vertex 188 69.7 3
    endloop
  endfacet
  facet normal -0.972174 0.234259 0
    outer loop
      vertex 190.948 67.042 0
      vertex 191.062 67.5151 3
      vertex 191.062 67.5151 0
    endloop
  endfacet
  facet normal -0.972174 0.234259 0
    outer loop
      vertex 191.062 67.5151 3
      vertex 190.948 67.042 0
      vertex 190.948 67.042 3
    endloop
  endfacet
  facet normal -0.996943 0.0781271 0
    outer loop
      vertex 191.062 67.5151 0
      vertex 191.1 68 3
      vertex 191.1 68 0
    endloop
  endfacet
  facet normal -0.996943 0.0781271 0
    outer loop
      vertex 191.1 68 3
      vertex 191.062 67.5151 0
      vertex 191.062 67.5151 3
    endloop
  endfacet
  facet normal -0.760329 0.649538 0
    outer loop
      vertex 190.192 65.808 0
      vertex 190.508 66.1779 3
      vertex 190.508 66.1779 0
    endloop
  endfacet
  facet normal -0.760329 0.649538 0
    outer loop
      vertex 190.508 66.1779 3
      vertex 190.192 65.808 0
      vertex 190.192 65.808 3
    endloop
  endfacet
  facet normal 0.923987 -0.382424 0
    outer loop
      vertex 185.052 68.958 3
      vertex 185.238 69.4074 0
      vertex 185.238 69.4074 3
    endloop
  endfacet
  facet normal 0.923987 -0.382424 0
    outer loop
      vertex 185.238 69.4074 0
      vertex 185.052 68.958 3
      vertex 185.052 68.958 0
    endloop
  endfacet
  facet normal 0.760329 -0.649538 0
    outer loop
      vertex 185.492 69.8221 3
      vertex 185.808 70.192 0
      vertex 185.808 70.192 3
    endloop
  endfacet
  facet normal 0.760329 -0.649538 0
    outer loop
      vertex 185.808 70.192 0
      vertex 185.492 69.8221 3
      vertex 185.492 69.8221 0
    endloop
  endfacet
  facet normal -0.996943 -0.0781271 0
    outer loop
      vertex 191.1 68 0
      vertex 191.062 68.4849 3
      vertex 191.062 68.4849 0
    endloop
  endfacet
  facet normal -0.996943 -0.0781271 0
    outer loop
      vertex 191.062 68.4849 3
      vertex 191.1 68 0
      vertex 191.1 68 3
    endloop
  endfacet
  facet normal 0.760329 0.649538 0
    outer loop
      vertex 185.808 65.808 3
      vertex 185.492 66.1779 0
      vertex 185.492 66.1779 3
    endloop
  endfacet
  facet normal 0.760329 0.649538 0
    outer loop
      vertex 185.492 66.1779 0
      vertex 185.808 65.808 3
      vertex 185.808 65.808 0
    endloop
  endfacet
  facet normal 0.972174 -0.234259 0
    outer loop
      vertex 184.938 68.4849 3
      vertex 185.052 68.958 0
      vertex 185.052 68.958 3
    endloop
  endfacet
  facet normal 0.972174 -0.234259 0
    outer loop
      vertex 185.052 68.958 0
      vertex 184.938 68.4849 3
      vertex 184.938 68.4849 0
    endloop
  endfacet
  facet normal 0.972174 0.234259 0
    outer loop
      vertex 185.052 67.042 3
      vertex 184.938 67.5151 0
      vertex 184.938 67.5151 3
    endloop
  endfacet
  facet normal 0.972174 0.234259 0
    outer loop
      vertex 184.938 67.5151 0
      vertex 185.052 67.042 3
      vertex 185.052 67.042 0
    endloop
  endfacet
  facet normal -0.233334 0.972397 0
    outer loop
      vertex 188.958 65.0517 0
      vertex 188.485 64.9382 3
      vertex 188.958 65.0517 3
    endloop
  endfacet
  facet normal -0.233334 0.972397 0
    outer loop
      vertex 188.485 64.9382 3
      vertex 188.958 65.0517 0
      vertex 188.485 64.9382 0
    endloop
  endfacet
  facet normal 0.383066 0.923721 -0
    outer loop
      vertex 187.042 65.0517 0
      vertex 186.593 65.2379 3
      vertex 187.042 65.0517 3
    endloop
  endfacet
  facet normal 0.383066 0.923721 0
    outer loop
      vertex 186.593 65.2379 3
      vertex 187.042 65.0517 0
      vertex 186.593 65.2379 0
    endloop
  endfacet
  facet normal -0.522331 -0.852743 0
    outer loop
      vertex 189.407 70.7621 0
      vertex 189.822 70.5079 3
      vertex 189.407 70.7621 3
    endloop
  endfacet
  facet normal -0.522331 -0.852743 -0
    outer loop
      vertex 189.822 70.5079 3
      vertex 189.407 70.7621 0
      vertex 189.822 70.5079 0
    endloop
  endfacet
  facet normal -0.383066 0.923721 0
    outer loop
      vertex 189.407 65.2379 0
      vertex 188.958 65.0517 3
      vertex 189.407 65.2379 3
    endloop
  endfacet
  facet normal -0.383066 0.923721 0
    outer loop
      vertex 188.958 65.0517 3
      vertex 189.407 65.2379 0
      vertex 188.958 65.0517 0
    endloop
  endfacet
  facet normal -0.760329 -0.649538 0
    outer loop
      vertex 190.508 69.8221 0
      vertex 190.192 70.192 3
      vertex 190.192 70.192 0
    endloop
  endfacet
  facet normal -0.760329 -0.649538 0
    outer loop
      vertex 190.192 70.192 3
      vertex 190.508 69.8221 0
      vertex 190.508 69.8221 3
    endloop
  endfacet
  facet normal 0.522331 0.852743 -0
    outer loop
      vertex 186.593 65.2379 0
      vertex 186.178 65.4921 3
      vertex 186.593 65.2379 3
    endloop
  endfacet
  facet normal 0.522331 0.852743 0
    outer loop
      vertex 186.178 65.4921 3
      vertex 186.593 65.2379 0
      vertex 186.178 65.4921 0
    endloop
  endfacet
  facet normal -0.0785197 -0.996913 0
    outer loop
      vertex 188 71.1 0
      vertex 188.485 71.0618 3
      vertex 188 71.1 3
    endloop
  endfacet
  facet normal -0.0785197 -0.996913 -0
    outer loop
      vertex 188.485 71.0618 3
      vertex 188 71.1 0
      vertex 188.485 71.0618 0
    endloop
  endfacet
  facet normal -0.233334 -0.972397 0
    outer loop
      vertex 188.485 71.0618 0
      vertex 188.958 70.9483 3
      vertex 188.485 71.0618 3
    endloop
  endfacet
  facet normal -0.233334 -0.972397 -0
    outer loop
      vertex 188.958 70.9483 3
      vertex 188.485 71.0618 0
      vertex 188.958 70.9483 0
    endloop
  endfacet
  facet normal 0.383066 -0.923721 0
    outer loop
      vertex 186.593 70.7621 0
      vertex 187.042 70.9483 3
      vertex 186.593 70.7621 3
    endloop
  endfacet
  facet normal 0.383066 -0.923721 0
    outer loop
      vertex 187.042 70.9483 3
      vertex 186.593 70.7621 0
      vertex 187.042 70.9483 0
    endloop
  endfacet
  facet normal -0.923987 -0.382424 0
    outer loop
      vertex 190.948 68.958 0
      vertex 190.762 69.4074 3
      vertex 190.762 69.4074 0
    endloop
  endfacet
  facet normal -0.923987 -0.382424 0
    outer loop
      vertex 190.762 69.4074 3
      vertex 190.948 68.958 0
      vertex 190.948 68.958 3
    endloop
  endfacet
  facet normal -0.852758 -0.522306 0
    outer loop
      vertex 190.762 69.4074 0
      vertex 190.508 69.8221 3
      vertex 190.508 69.8221 0
    endloop
  endfacet
  facet normal -0.852758 -0.522306 0
    outer loop
      vertex 190.508 69.8221 3
      vertex 190.762 69.4074 0
      vertex 190.762 69.4074 3
    endloop
  endfacet
  facet normal -0.972174 -0.234259 0
    outer loop
      vertex 191.062 68.4849 0
      vertex 190.948 68.958 3
      vertex 190.948 68.958 0
    endloop
  endfacet
  facet normal -0.972174 -0.234259 0
    outer loop
      vertex 190.948 68.958 3
      vertex 191.062 68.4849 0
      vertex 191.062 68.4849 3
    endloop
  endfacet
  facet normal 0.0785197 -0.996913 0
    outer loop
      vertex 187.515 71.0618 0
      vertex 188 71.1 3
      vertex 187.515 71.0618 3
    endloop
  endfacet
  facet normal 0.0785197 -0.996913 0
    outer loop
      vertex 188 71.1 3
      vertex 187.515 71.0618 0
      vertex 188 71.1 0
    endloop
  endfacet
  facet normal -0.852758 0.522306 0
    outer loop
      vertex 190.508 66.1779 0
      vertex 190.762 66.5926 3
      vertex 190.762 66.5926 0
    endloop
  endfacet
  facet normal -0.852758 0.522306 0
    outer loop
      vertex 190.762 66.5926 3
      vertex 190.508 66.1779 0
      vertex 190.508 66.1779 3
    endloop
  endfacet
  facet normal -0.649317 -0.760517 0
    outer loop
      vertex 189.822 70.5079 0
      vertex 190.192 70.192 3
      vertex 189.822 70.5079 3
    endloop
  endfacet
  facet normal -0.649317 -0.760517 -0
    outer loop
      vertex 190.192 70.192 3
      vertex 189.822 70.5079 0
      vertex 190.192 70.192 0
    endloop
  endfacet
  facet normal 0.996943 0.0781271 0
    outer loop
      vertex 184.938 67.5151 3
      vertex 184.9 68 0
      vertex 184.9 68 3
    endloop
  endfacet
  facet normal 0.996943 0.0781271 0
    outer loop
      vertex 184.9 68 0
      vertex 184.938 67.5151 3
      vertex 184.938 67.5151 0
    endloop
  endfacet
  facet normal 0.649317 0.760517 -0
    outer loop
      vertex 186.178 65.4921 0
      vertex 185.808 65.808 3
      vertex 186.178 65.4921 3
    endloop
  endfacet
  facet normal 0.649317 0.760517 0
    outer loop
      vertex 185.808 65.808 3
      vertex 186.178 65.4921 0
      vertex 185.808 65.808 0
    endloop
  endfacet
  facet normal -0.649317 0.760517 0
    outer loop
      vertex 190.192 65.808 0
      vertex 189.822 65.4921 3
      vertex 190.192 65.808 3
    endloop
  endfacet
  facet normal -0.649317 0.760517 0
    outer loop
      vertex 189.822 65.4921 3
      vertex 190.192 65.808 0
      vertex 189.822 65.4921 0
    endloop
  endfacet
  facet normal -0.383066 -0.923721 0
    outer loop
      vertex 188.958 70.9483 0
      vertex 189.407 70.7621 3
      vertex 188.958 70.9483 3
    endloop
  endfacet
  facet normal -0.383066 -0.923721 -0
    outer loop
      vertex 189.407 70.7621 3
      vertex 188.958 70.9483 0
      vertex 189.407 70.7621 0
    endloop
  endfacet
  facet normal -0.522331 0.852743 0
    outer loop
      vertex 189.822 65.4921 0
      vertex 189.407 65.2379 3
      vertex 189.822 65.4921 3
    endloop
  endfacet
  facet normal -0.522331 0.852743 0
    outer loop
      vertex 189.407 65.2379 3
      vertex 189.822 65.4921 0
      vertex 189.407 65.2379 0
    endloop
  endfacet
  facet normal 0.233334 0.972397 -0
    outer loop
      vertex 187.515 64.9382 0
      vertex 187.042 65.0517 3
      vertex 187.515 64.9382 3
    endloop
  endfacet
  facet normal 0.233334 0.972397 0
    outer loop
      vertex 187.042 65.0517 3
      vertex 187.515 64.9382 0
      vertex 187.042 65.0517 0
    endloop
  endfacet
  facet normal 0.0785197 0.996913 -0
    outer loop
      vertex 188 64.9 0
      vertex 187.515 64.9382 3
      vertex 188 64.9 3
    endloop
  endfacet
  facet normal 0.0785197 0.996913 0
    outer loop
      vertex 187.515 64.9382 3
      vertex 188 64.9 0
      vertex 187.515 64.9382 0
    endloop
  endfacet
  facet normal 0.996943 -0.0781271 0
    outer loop
      vertex 184.9 68 3
      vertex 184.938 68.4849 0
      vertex 184.938 68.4849 3
    endloop
  endfacet
  facet normal 0.996943 -0.0781271 0
    outer loop
      vertex 184.938 68.4849 0
      vertex 184.9 68 3
      vertex 184.9 68 0
    endloop
  endfacet
  facet normal -0.923987 0.382424 0
    outer loop
      vertex 190.762 66.5926 0
      vertex 190.948 67.042 3
      vertex 190.948 67.042 0
    endloop
  endfacet
  facet normal -0.923987 0.382424 0
    outer loop
      vertex 190.948 67.042 3
      vertex 190.762 66.5926 0
      vertex 190.762 66.5926 3
    endloop
  endfacet
  facet normal 0.852758 0.522306 0
    outer loop
      vertex 185.492 66.1779 3
      vertex 185.238 66.5926 0
      vertex 185.238 66.5926 3
    endloop
  endfacet
  facet normal 0.852758 0.522306 0
    outer loop
      vertex 185.238 66.5926 0
      vertex 185.492 66.1779 3
      vertex 185.492 66.1779 0
    endloop
  endfacet
  facet normal 0.233334 -0.972397 0
    outer loop
      vertex 187.042 70.9483 0
      vertex 187.515 71.0618 3
      vertex 187.042 70.9483 3
    endloop
  endfacet
  facet normal 0.233334 -0.972397 0
    outer loop
      vertex 187.515 71.0618 3
      vertex 187.042 70.9483 0
      vertex 187.515 71.0618 0
    endloop
  endfacet
  facet normal -0.0785197 0.996913 0
    outer loop
      vertex 188.485 64.9382 0
      vertex 188 64.9 3
      vertex 188.485 64.9382 3
    endloop
  endfacet
  facet normal -0.0785197 0.996913 0
    outer loop
      vertex 188 64.9 3
      vertex 188.485 64.9382 0
      vertex 188 64.9 0
    endloop
  endfacet
  facet normal 0.852758 -0.522306 0
    outer loop
      vertex 185.238 69.4074 3
      vertex 185.492 69.8221 0
      vertex 185.492 69.8221 3
    endloop
  endfacet
  facet normal 0.852758 -0.522306 0
    outer loop
      vertex 185.492 69.8221 0
      vertex 185.238 69.4074 3
      vertex 185.238 69.4074 0
    endloop
  endfacet
  facet normal 0.649317 -0.760517 0
    outer loop
      vertex 185.808 70.192 0
      vertex 186.178 70.5079 3
      vertex 185.808 70.192 3
    endloop
  endfacet
  facet normal 0.649317 -0.760517 0
    outer loop
      vertex 186.178 70.5079 3
      vertex 185.808 70.192 0
      vertex 186.178 70.5079 0
    endloop
  endfacet
  facet normal 0.923987 0.382424 0
    outer loop
      vertex 185.238 66.5926 3
      vertex 185.052 67.042 0
      vertex 185.052 67.042 3
    endloop
  endfacet
  facet normal 0.923987 0.382424 0
    outer loop
      vertex 185.052 67.042 0
      vertex 185.238 66.5926 3
      vertex 185.238 66.5926 0
    endloop
  endfacet
  facet normal 0 0 -1
    outer loop
      vertex 189.7 68 3
      vertex 191.1 68 3
      vertex 191.062 67.5151 3
    endloop
  endfacet
  facet normal 0 0 -1
    outer loop
      vertex 189.679 67.7341 3
      vertex 191.062 67.5151 3
      vertex 190.948 67.042 3
    endloop
  endfacet
  facet normal 0 0 -1
    outer loop
      vertex 191.1 68 3
      vertex 189.7 68 3
      vertex 191.062 68.4849 3
    endloop
  endfacet
  facet normal 0 0 -1
    outer loop
      vertex 189.617 67.4747 3
      vertex 190.948 67.042 3
      vertex 190.762 66.5926 3
    endloop
  endfacet
  facet normal 0 0 -1
    outer loop
      vertex 189.679 68.2659 3
      vertex 191.062 68.4849 3
      vertex 189.7 68 3
    endloop
  endfacet
  facet normal 0 0 -1
    outer loop
      vertex 189.515 67.2282 3
      vertex 190.762 66.5926 3
      vertex 190.508 66.1779 3
    endloop
  endfacet
  facet normal -0 0 -1
    outer loop
      vertex 191.062 68.4849 3
      vertex 189.679 68.2659 3
      vertex 190.948 68.958 3
    endloop
  endfacet
  facet normal 0 0 -1
    outer loop
      vertex 189.375 67.0008 3
      vertex 190.508 66.1779 3
      vertex 190.192 65.808 3
    endloop
  endfacet
  facet normal 0 0 -1
    outer loop
      vertex 189.617 68.5253 3
      vertex 190.948 68.958 3
      vertex 189.679 68.2659 3
    endloop
  endfacet
  facet normal 0 0 -1
    outer loop
      vertex 189.202 66.7979 3
      vertex 190.192 65.808 3
      vertex 189.822 65.4921 3
    endloop
  endfacet
  facet normal -0 0 -1
    outer loop
      vertex 190.948 68.958 3
      vertex 189.617 68.5253 3
      vertex 190.762 69.4074 3
    endloop
  endfacet
  facet normal 0 0 -1
    outer loop
      vertex 189.515 68.7718 3
      vertex 190.762 69.4074 3
      vertex 189.617 68.5253 3
    endloop
  endfacet
  facet normal 0 0 -1
    outer loop
      vertex 191.062 67.5151 3
      vertex 189.679 67.7341 3
      vertex 189.7 68 3
    endloop
  endfacet
  facet normal 0 0 -1
    outer loop
      vertex 190.948 67.042 3
      vertex 189.617 67.4747 3
      vertex 189.679 67.7341 3
    endloop
  endfacet
  facet normal 0 0 -1
    outer loop
      vertex 190.762 66.5926 3
      vertex 189.515 67.2282 3
      vertex 189.617 67.4747 3
    endloop
  endfacet
  facet normal 0 0 -1
    outer loop
      vertex 188.999 66.6247 3
      vertex 189.822 65.4921 3
      vertex 189.407 65.2379 3
    endloop
  endfacet
  facet normal 0 0 -1
    outer loop
      vertex 190.508 66.1779 3
      vertex 189.375 67.0008 3
      vertex 189.515 67.2282 3
    endloop
  endfacet
  facet normal 0 0 -1
    outer loop
      vertex 190.192 65.808 3
      vertex 189.202 66.7979 3
      vertex 189.375 67.0008 3
    endloop
  endfacet
  facet normal 0 0 -1
    outer loop
      vertex 189.822 65.4921 3
      vertex 188.999 66.6247 3
      vertex 189.202 66.7979 3
    endloop
  endfacet
  facet normal 0 0 -1
    outer loop
      vertex 188.772 66.4853 3
      vertex 189.407 65.2379 3
      vertex 188.958 65.0517 3
    endloop
  endfacet
  facet normal 0 0 -1
    outer loop
      vertex 189.407 65.2379 3
      vertex 188.772 66.4853 3
      vertex 188.999 66.6247 3
    endloop
  endfacet
  facet normal 0 0 -1
    outer loop
      vertex 188.958 65.0517 3
      vertex 188.525 66.3832 3
      vertex 188.772 66.4853 3
    endloop
  endfacet
  facet normal 0 0 -1
    outer loop
      vertex 188.485 64.9382 3
      vertex 188.525 66.3832 3
      vertex 188.958 65.0517 3
    endloop
  endfacet
  facet normal 0 0 -1
    outer loop
      vertex 188.485 64.9382 3
      vertex 188.266 66.3209 3
      vertex 188.525 66.3832 3
    endloop
  endfacet
  facet normal 0 0 -1
    outer loop
      vertex 188 64.9 3
      vertex 188.266 66.3209 3
      vertex 188.485 64.9382 3
    endloop
  endfacet
  facet normal 0 0 -1
    outer loop
      vertex 188 64.9 3
      vertex 188 66.3 3
      vertex 188.266 66.3209 3
    endloop
  endfacet
  facet normal 0 0 -1
    outer loop
      vertex 188 64.9 3
      vertex 187.734 66.3209 3
      vertex 188 66.3 3
    endloop
  endfacet
  facet normal 0 0 -1
    outer loop
      vertex 187.515 64.9382 3
      vertex 187.734 66.3209 3
      vertex 188 64.9 3
    endloop
  endfacet
  facet normal 0 0 -1
    outer loop
      vertex 187.515 64.9382 3
      vertex 187.475 66.3832 3
      vertex 187.734 66.3209 3
    endloop
  endfacet
  facet normal 0 0 -1
    outer loop
      vertex 187.042 65.0517 3
      vertex 187.475 66.3832 3
      vertex 187.515 64.9382 3
    endloop
  endfacet
  facet normal -0 0 -1
    outer loop
      vertex 187.475 66.3832 3
      vertex 187.042 65.0517 3
      vertex 187.228 66.4853 3
    endloop
  endfacet
  facet normal 0 0 -1
    outer loop
      vertex 186.593 65.2379 3
      vertex 187.228 66.4853 3
      vertex 187.042 65.0517 3
    endloop
  endfacet
  facet normal -0 0 -1
    outer loop
      vertex 187.228 66.4853 3
      vertex 186.593 65.2379 3
      vertex 187.001 66.6247 3
    endloop
  endfacet
  facet normal 0 0 -1
    outer loop
      vertex 186.178 65.4921 3
      vertex 187.001 66.6247 3
      vertex 186.593 65.2379 3
    endloop
  endfacet
  facet normal -0 0 -1
    outer loop
      vertex 187.001 66.6247 3
      vertex 186.178 65.4921 3
      vertex 186.798 66.7979 3
    endloop
  endfacet
  facet normal 0 0 -1
    outer loop
      vertex 185.808 65.808 3
      vertex 186.798 66.7979 3
      vertex 186.178 65.4921 3
    endloop
  endfacet
  facet normal -0 0 -1
    outer loop
      vertex 186.798 66.7979 3
      vertex 185.808 65.808 3
      vertex 186.625 67.0008 3
    endloop
  endfacet
  facet normal 0 0 -1
    outer loop
      vertex 185.492 66.1779 3
      vertex 186.625 67.0008 3
      vertex 185.808 65.808 3
    endloop
  endfacet
  facet normal 0 0 -1
    outer loop
      vertex 185.238 66.5926 3
      vertex 186.485 67.2282 3
      vertex 185.492 66.1779 3
    endloop
  endfacet
  facet normal -0 0 -1
    outer loop
      vertex 186.625 67.0008 3
      vertex 185.492 66.1779 3
      vertex 186.485 67.2282 3
    endloop
  endfacet
  facet normal -0 0 -1
    outer loop
      vertex 190.762 69.4074 3
      vertex 189.515 68.7718 3
      vertex 190.508 69.8221 3
    endloop
  endfacet
  facet normal 0 0 -1
    outer loop
      vertex 189.375 68.9992 3
      vertex 190.508 69.8221 3
      vertex 189.515 68.7718 3
    endloop
  endfacet
  facet normal -0 0 -1
    outer loop
      vertex 190.508 69.8221 3
      vertex 189.375 68.9992 3
      vertex 190.192 70.192 3
    endloop
  endfacet
  facet normal 0 0 -1
    outer loop
      vertex 189.202 69.2021 3
      vertex 190.192 70.192 3
      vertex 189.375 68.9992 3
    endloop
  endfacet
  facet normal -0 0 -1
    outer loop
      vertex 190.192 70.192 3
      vertex 189.202 69.2021 3
      vertex 189.822 70.5079 3
    endloop
  endfacet
  facet normal 0 0 -1
    outer loop
      vertex 188.999 69.3753 3
      vertex 189.822 70.5079 3
      vertex 189.202 69.2021 3
    endloop
  endfacet
  facet normal -0 0 -1
    outer loop
      vertex 189.822 70.5079 3
      vertex 188.999 69.3753 3
      vertex 189.407 70.7621 3
    endloop
  endfacet
  facet normal 0 0 -1
    outer loop
      vertex 188.772 69.5147 3
      vertex 189.407 70.7621 3
      vertex 188.999 69.3753 3
    endloop
  endfacet
  facet normal -0 0 -1
    outer loop
      vertex 189.407 70.7621 3
      vertex 188.772 69.5147 3
      vertex 188.958 70.9483 3
    endloop
  endfacet
  facet normal 0 0 -1
    outer loop
      vertex 188.525 69.6168 3
      vertex 188.958 70.9483 3
      vertex 188.772 69.5147 3
    endloop
  endfacet
  facet normal 0 0 -1
    outer loop
      vertex 188.525 69.6168 3
      vertex 188.485 71.0618 3
      vertex 188.958 70.9483 3
    endloop
  endfacet
  facet normal 0 0 -1
    outer loop
      vertex 188.266 69.6791 3
      vertex 188.485 71.0618 3
      vertex 188.525 69.6168 3
    endloop
  endfacet
  facet normal 0 0 -1
    outer loop
      vertex 188 69.7 3
      vertex 188.485 71.0618 3
      vertex 188.266 69.6791 3
    endloop
  endfacet
  facet normal 0 0 -1
    outer loop
      vertex 188 69.7 3
      vertex 188 71.1 3
      vertex 188.485 71.0618 3
    endloop
  endfacet
  facet normal 0 0 -1
    outer loop
      vertex 187.734 69.6791 3
      vertex 188 71.1 3
      vertex 188 69.7 3
    endloop
  endfacet
  facet normal 0 0 -1
    outer loop
      vertex 187.734 69.6791 3
      vertex 187.515 71.0618 3
      vertex 188 71.1 3
    endloop
  endfacet
  facet normal 0 0 -1
    outer loop
      vertex 187.475 69.6168 3
      vertex 187.515 71.0618 3
      vertex 187.734 69.6791 3
    endloop
  endfacet
  facet normal 0 0 -1
    outer loop
      vertex 187.042 70.9483 3
      vertex 187.475 69.6168 3
      vertex 187.228 69.5147 3
    endloop
  endfacet
  facet normal 0 0 -1
    outer loop
      vertex 187.475 69.6168 3
      vertex 187.042 70.9483 3
      vertex 187.515 71.0618 3
    endloop
  endfacet
  facet normal 0 0 -1
    outer loop
      vertex 186.593 70.7621 3
      vertex 187.228 69.5147 3
      vertex 187.001 69.3753 3
    endloop
  endfacet
  facet normal 0 0 -1
    outer loop
      vertex 186.178 70.5079 3
      vertex 187.001 69.3753 3
      vertex 186.798 69.2021 3
    endloop
  endfacet
  facet normal 0 0 -1
    outer loop
      vertex 185.808 70.192 3
      vertex 186.798 69.2021 3
      vertex 186.625 68.9992 3
    endloop
  endfacet
  facet normal 0 0 -1
    outer loop
      vertex 187.228 69.5147 3
      vertex 186.593 70.7621 3
      vertex 187.042 70.9483 3
    endloop
  endfacet
  facet normal 0 0 -1
    outer loop
      vertex 185.492 69.8221 3
      vertex 186.625 68.9992 3
      vertex 186.485 68.7718 3
    endloop
  endfacet
  facet normal 0 0 -1
    outer loop
      vertex 185.238 69.4074 3
      vertex 186.485 68.7718 3
      vertex 186.383 68.5253 3
    endloop
  endfacet
  facet normal 0 0 -1
    outer loop
      vertex 185.052 68.958 3
      vertex 186.383 68.5253 3
      vertex 186.321 68.2659 3
    endloop
  endfacet
  facet normal 0 0 -1
    outer loop
      vertex 187.001 69.3753 3
      vertex 186.178 70.5079 3
      vertex 186.593 70.7621 3
    endloop
  endfacet
  facet normal 0 0 -1
    outer loop
      vertex 184.938 68.4849 3
      vertex 186.321 68.2659 3
      vertex 186.3 68 3
    endloop
  endfacet
  facet normal -0 0 -1
    outer loop
      vertex 186.485 67.2282 3
      vertex 185.238 66.5926 3
      vertex 186.383 67.4747 3
    endloop
  endfacet
  facet normal 0 0 -1
    outer loop
      vertex 185.052 67.042 3
      vertex 186.383 67.4747 3
      vertex 185.238 66.5926 3
    endloop
  endfacet
  facet normal 0 0 -1
    outer loop
      vertex 186.798 69.2021 3
      vertex 185.808 70.192 3
      vertex 186.178 70.5079 3
    endloop
  endfacet
  facet normal -0 0 -1
    outer loop
      vertex 186.383 67.4747 3
      vertex 185.052 67.042 3
      vertex 186.321 67.7341 3
    endloop
  endfacet
  facet normal 0 0 -1
    outer loop
      vertex 186.625 68.9992 3
      vertex 185.492 69.8221 3
      vertex 185.808 70.192 3
    endloop
  endfacet
  facet normal 0 0 -1
    outer loop
      vertex 184.938 67.5151 3
      vertex 186.321 67.7341 3
      vertex 185.052 67.042 3
    endloop
  endfacet
  facet normal 0 0 -1
    outer loop
      vertex 186.485 68.7718 3
      vertex 185.238 69.4074 3
      vertex 185.492 69.8221 3
    endloop
  endfacet
  facet normal -0 0 -1
    outer loop
      vertex 186.321 67.7341 3
      vertex 184.938 67.5151 3
      vertex 186.3 68 3
    endloop
  endfacet
  facet normal 0 0 -1
    outer loop
      vertex 186.383 68.5253 3
      vertex 185.052 68.958 3
      vertex 185.238 69.4074 3
    endloop
  endfacet
  facet normal 0 0 -1
    outer loop
      vertex 184.9 68 3
      vertex 186.3 68 3
      vertex 184.938 67.5151 3
    endloop
  endfacet
  facet normal 0 0 -1
    outer loop
      vertex 186.321 68.2659 3
      vertex 184.938 68.4849 3
      vertex 185.052 68.958 3
    endloop
  endfacet
  facet normal 0 0 -1
    outer loop
      vertex 186.3 68 3
      vertex 184.9 68 3
      vertex 184.938 68.4849 3
    endloop
  endfacet
  facet normal 0.522331 -0.852743 0
    outer loop
      vertex 186.178 70.5079 0
      vertex 186.593 70.7621 3
      vertex 186.178 70.5079 3
    endloop
  endfacet
  facet normal 0.522331 -0.852743 0
    outer loop
      vertex 186.593 70.7621 3
      vertex 186.178 70.5079 0
      vertex 186.593 70.7621 0
    endloop
  endfacet
  facet normal -0.972603 0.232474 0
    outer loop
      vertex 146.617 8.47467 3
      vertex 146.679 8.73406 31
      vertex 146.679 8.73406 3
    endloop
  endfacet
  facet normal -0.972603 0.232474 0
    outer loop
      vertex 146.679 8.73406 31
      vertex 146.617 8.47467 3
      vertex 146.617 8.47467 31
    endloop
  endfacet
  facet normal -0.996897 0.0787201 0
    outer loop
      vertex 146.679 8.73406 3
      vertex 146.7 9 31
      vertex 146.7 9 3
    endloop
  endfacet
  facet normal -0.996897 0.0787201 0
    outer loop
      vertex 146.7 9 31
      vertex 146.679 8.73406 3
      vertex 146.679 8.73406 31
    endloop
  endfacet
  facet normal -0.923989 0.382418 0
    outer loop
      vertex 146.515 8.22822 3
      vertex 146.617 8.47467 31
      vertex 146.617 8.47467 3
    endloop
  endfacet
  facet normal -0.923989 0.382418 0
    outer loop
      vertex 146.617 8.47467 31
      vertex 146.515 8.22822 3
      vertex 146.515 8.22822 31
    endloop
  endfacet
  facet normal -0.523301 -0.852148 0
    outer loop
      vertex 145.772 10.5147 3
      vertex 145.999 10.3753 31
      vertex 145.772 10.5147 31
    endloop
  endfacet
  facet normal -0.523301 -0.852148 -0
    outer loop
      vertex 145.999 10.3753 31
      vertex 145.772 10.5147 3
      vertex 145.999 10.3753 3
    endloop
  endfacet
  facet normal 0.923989 0.382418 0
    outer loop
      vertex 143.485 8.22822 31
      vertex 143.383 8.47467 3
      vertex 143.383 8.47467 31
    endloop
  endfacet
  facet normal 0.923989 0.382418 0
    outer loop
      vertex 143.383 8.47467 3
      vertex 143.485 8.22822 31
      vertex 143.485 8.22822 3
    endloop
  endfacet
  facet normal 0.523301 -0.852148 0
    outer loop
      vertex 144.001 10.3753 3
      vertex 144.228 10.5147 31
      vertex 144.001 10.3753 31
    endloop
  endfacet
  facet normal 0.523301 -0.852148 0
    outer loop
      vertex 144.228 10.5147 31
      vertex 144.001 10.3753 3
      vertex 144.228 10.5147 3
    endloop
  endfacet
  facet normal -0.38201 -0.924158 0
    outer loop
      vertex 145.525 10.6168 3
      vertex 145.772 10.5147 31
      vertex 145.525 10.6168 31
    endloop
  endfacet
  facet normal -0.38201 -0.924158 -0
    outer loop
      vertex 145.772 10.5147 31
      vertex 145.525 10.6168 3
      vertex 145.772 10.5147 3
    endloop
  endfacet
  facet normal 0.381978 0.924171 -0
    outer loop
      vertex 144.475 7.3832 3
      vertex 144.228 7.48529 31
      vertex 144.475 7.3832 31
    endloop
  endfacet
  facet normal 0.381978 0.924171 0
    outer loop
      vertex 144.228 7.48529 31
      vertex 144.475 7.3832 3
      vertex 144.228 7.48529 3
    endloop
  endfacet
  facet normal 0.523247 0.852181 -0
    outer loop
      vertex 144.228 7.48529 3
      vertex 144.001 7.62467 31
      vertex 144.228 7.48529 31
    endloop
  endfacet
  facet normal 0.523247 0.852181 0
    outer loop
      vertex 144.001 7.62467 31
      vertex 144.228 7.48529 3
      vertex 144.001 7.62467 3
    endloop
  endfacet
  facet normal 0.233763 0.972294 -0
    outer loop
      vertex 144.734 7.32093 3
      vertex 144.475 7.3832 31
      vertex 144.734 7.32093 31
    endloop
  endfacet
  facet normal 0.233763 0.972294 0
    outer loop
      vertex 144.475 7.3832 31
      vertex 144.734 7.32093 3
      vertex 144.475 7.3832 3
    endloop
  endfacet
  facet normal -0.649061 -0.760736 0
    outer loop
      vertex 145.999 10.3753 3
      vertex 146.202 10.2021 31
      vertex 145.999 10.3753 31
    endloop
  endfacet
  facet normal -0.649061 -0.760736 -0
    outer loop
      vertex 146.202 10.2021 31
      vertex 145.999 10.3753 3
      vertex 146.202 10.2021 3
    endloop
  endfacet
  facet normal 0.0784418 0.996919 -0
    outer loop
      vertex 145 7.3 3
      vertex 144.734 7.32093 31
      vertex 145 7.3 31
    endloop
  endfacet
  facet normal 0.0784418 0.996919 0
    outer loop
      vertex 144.734 7.32093 31
      vertex 145 7.3 3
      vertex 144.734 7.32093 3
    endloop
  endfacet
  facet normal 0.923989 -0.382418 0
    outer loop
      vertex 143.383 9.52533 31
      vertex 143.485 9.77178 3
      vertex 143.485 9.77178 31
    endloop
  endfacet
  facet normal 0.923989 -0.382418 0
    outer loop
      vertex 143.485 9.77178 3
      vertex 143.383 9.52533 31
      vertex 143.383 9.52533 3
    endloop
  endfacet
  facet normal 0.760869 0.648905 0
    outer loop
      vertex 143.798 7.79792 31
      vertex 143.625 8.00077 3
      vertex 143.625 8.00077 31
    endloop
  endfacet
  facet normal 0.760869 0.648905 0
    outer loop
      vertex 143.625 8.00077 3
      vertex 143.798 7.79792 31
      vertex 143.798 7.79792 3
    endloop
  endfacet
  facet normal 0.23387 -0.972268 0
    outer loop
      vertex 144.475 10.6168 3
      vertex 144.734 10.6791 31
      vertex 144.475 10.6168 31
    endloop
  endfacet
  facet normal 0.23387 -0.972268 0
    outer loop
      vertex 144.734 10.6791 31
      vertex 144.475 10.6168 3
      vertex 144.734 10.6791 3
    endloop
  endfacet
  facet normal -0.923989 -0.382418 0
    outer loop
      vertex 146.617 9.52533 3
      vertex 146.515 9.77178 31
      vertex 146.515 9.77178 3
    endloop
  endfacet
  facet normal -0.923989 -0.382418 0
    outer loop
      vertex 146.515 9.77178 31
      vertex 146.617 9.52533 3
      vertex 146.617 9.52533 31
    endloop
  endfacet
  facet normal 0.760901 -0.648868 0
    outer loop
      vertex 143.625 9.99923 31
      vertex 143.798 10.2021 3
      vertex 143.798 10.2021 31
    endloop
  endfacet
  facet normal 0.760901 -0.648868 0
    outer loop
      vertex 143.798 10.2021 3
      vertex 143.625 9.99923 31
      vertex 143.625 9.99923 3
    endloop
  endfacet
  facet normal 0.64917 0.760643 -0
    outer loop
      vertex 144.001 7.62467 3
      vertex 143.798 7.79792 31
      vertex 144.001 7.62467 31
    endloop
  endfacet
  facet normal 0.64917 0.760643 0
    outer loop
      vertex 143.798 7.79792 31
      vertex 144.001 7.62467 3
      vertex 143.798 7.79792 3
    endloop
  endfacet
  facet normal -0.07833 -0.996927 0
    outer loop
      vertex 145 10.7 3
      vertex 145.266 10.6791 31
      vertex 145 10.7 31
    endloop
  endfacet
  facet normal -0.07833 -0.996927 -0
    outer loop
      vertex 145.266 10.6791 31
      vertex 145 10.7 3
      vertex 145.266 10.6791 3
    endloop
  endfacet
  facet normal -0.851607 -0.524181 0
    outer loop
      vertex 146.515 9.77178 3
      vertex 146.375 9.99923 31
      vertex 146.375 9.99923 3
    endloop
  endfacet
  facet normal -0.851607 -0.524181 0
    outer loop
      vertex 146.375 9.99923 31
      vertex 146.515 9.77178 3
      vertex 146.515 9.77178 31
    endloop
  endfacet
  facet normal -0.851607 0.524181 0
    outer loop
      vertex 146.375 8.00077 3
      vertex 146.515 8.22822 31
      vertex 146.515 8.22822 3
    endloop
  endfacet
  facet normal -0.851607 0.524181 0
    outer loop
      vertex 146.515 8.22822 31
      vertex 146.375 8.00077 3
      vertex 146.375 8.00077 31
    endloop
  endfacet
  facet normal -0.996897 -0.0787201 0
    outer loop
      vertex 146.7 9 3
      vertex 146.679 9.26594 31
      vertex 146.679 9.26594 3
    endloop
  endfacet
  facet normal -0.996897 -0.0787201 0
    outer loop
      vertex 146.679 9.26594 31
      vertex 146.7 9 3
      vertex 146.7 9 31
    endloop
  endfacet
  facet normal -0.972603 -0.232474 0
    outer loop
      vertex 146.679 9.26594 3
      vertex 146.617 9.52533 31
      vertex 146.617 9.52533 3
    endloop
  endfacet
  facet normal -0.972603 -0.232474 0
    outer loop
      vertex 146.617 9.52533 31
      vertex 146.679 9.26594 3
      vertex 146.679 9.26594 31
    endloop
  endfacet
  facet normal 0.972603 -0.232474 0
    outer loop
      vertex 143.321 9.26594 31
      vertex 143.383 9.52533 3
      vertex 143.383 9.52533 31
    endloop
  endfacet
  facet normal 0.972603 -0.232474 0
    outer loop
      vertex 143.383 9.52533 3
      vertex 143.321 9.26594 31
      vertex 143.321 9.26594 3
    endloop
  endfacet
  facet normal -0.523247 0.852181 0
    outer loop
      vertex 145.999 7.62467 3
      vertex 145.772 7.48529 31
      vertex 145.999 7.62467 31
    endloop
  endfacet
  facet normal -0.523247 0.852181 0
    outer loop
      vertex 145.772 7.48529 31
      vertex 145.999 7.62467 3
      vertex 145.772 7.48529 3
    endloop
  endfacet
  facet normal -0.760869 0.648905 0
    outer loop
      vertex 146.202 7.79792 3
      vertex 146.375 8.00077 31
      vertex 146.375 8.00077 3
    endloop
  endfacet
  facet normal -0.760869 0.648905 0
    outer loop
      vertex 146.375 8.00077 31
      vertex 146.202 7.79792 3
      vertex 146.202 7.79792 31
    endloop
  endfacet
  facet normal 0.996897 0.0787201 0
    outer loop
      vertex 143.321 8.73406 31
      vertex 143.3 9 3
      vertex 143.3 9 31
    endloop
  endfacet
  facet normal 0.996897 0.0787201 0
    outer loop
      vertex 143.3 9 3
      vertex 143.321 8.73406 31
      vertex 143.321 8.73406 3
    endloop
  endfacet
  facet normal -0.64917 0.760643 0
    outer loop
      vertex 146.202 7.79792 3
      vertex 145.999 7.62467 31
      vertex 146.202 7.79792 31
    endloop
  endfacet
  facet normal -0.64917 0.760643 0
    outer loop
      vertex 145.999 7.62467 31
      vertex 146.202 7.79792 3
      vertex 145.999 7.62467 3
    endloop
  endfacet
  facet normal -0.23387 -0.972268 0
    outer loop
      vertex 145.266 10.6791 3
      vertex 145.525 10.6168 31
      vertex 145.266 10.6791 31
    endloop
  endfacet
  facet normal -0.23387 -0.972268 -0
    outer loop
      vertex 145.525 10.6168 31
      vertex 145.266 10.6791 3
      vertex 145.525 10.6168 3
    endloop
  endfacet
  facet normal 0.851607 -0.524181 0
    outer loop
      vertex 143.485 9.77178 31
      vertex 143.625 9.99923 3
      vertex 143.625 9.99923 31
    endloop
  endfacet
  facet normal 0.851607 -0.524181 0
    outer loop
      vertex 143.625 9.99923 3
      vertex 143.485 9.77178 31
      vertex 143.485 9.77178 3
    endloop
  endfacet
  facet normal 0.649061 -0.760736 0
    outer loop
      vertex 143.798 10.2021 3
      vertex 144.001 10.3753 31
      vertex 143.798 10.2021 31
    endloop
  endfacet
  facet normal 0.649061 -0.760736 0
    outer loop
      vertex 144.001 10.3753 31
      vertex 143.798 10.2021 3
      vertex 144.001 10.3753 3
    endloop
  endfacet
  facet normal -0.760901 -0.648868 0
    outer loop
      vertex 146.375 9.99923 3
      vertex 146.202 10.2021 31
      vertex 146.202 10.2021 3
    endloop
  endfacet
  facet normal -0.760901 -0.648868 0
    outer loop
      vertex 146.202 10.2021 31
      vertex 146.375 9.99923 3
      vertex 146.375 9.99923 31
    endloop
  endfacet
  facet normal 0.851607 0.524181 0
    outer loop
      vertex 143.625 8.00077 31
      vertex 143.485 8.22822 3
      vertex 143.485 8.22822 31
    endloop
  endfacet
  facet normal 0.851607 0.524181 0
    outer loop
      vertex 143.485 8.22822 3
      vertex 143.625 8.00077 31
      vertex 143.625 8.00077 3
    endloop
  endfacet
  facet normal 0.996897 -0.0787201 0
    outer loop
      vertex 143.3 9 31
      vertex 143.321 9.26594 3
      vertex 143.321 9.26594 31
    endloop
  endfacet
  facet normal 0.996897 -0.0787201 0
    outer loop
      vertex 143.321 9.26594 3
      vertex 143.3 9 31
      vertex 143.3 9 3
    endloop
  endfacet
  facet normal 0.38201 -0.924158 0
    outer loop
      vertex 144.228 10.5147 3
      vertex 144.475 10.6168 31
      vertex 144.228 10.5147 31
    endloop
  endfacet
  facet normal 0.38201 -0.924158 0
    outer loop
      vertex 144.475 10.6168 31
      vertex 144.228 10.5147 3
      vertex 144.475 10.6168 3
    endloop
  endfacet
  facet normal -0.381978 0.924171 0
    outer loop
      vertex 145.772 7.48529 3
      vertex 145.525 7.3832 31
      vertex 145.772 7.48529 31
    endloop
  endfacet
  facet normal -0.381978 0.924171 0
    outer loop
      vertex 145.525 7.3832 31
      vertex 145.772 7.48529 3
      vertex 145.525 7.3832 3
    endloop
  endfacet
  facet normal -0.233763 0.972294 0
    outer loop
      vertex 145.525 7.3832 3
      vertex 145.266 7.32093 31
      vertex 145.525 7.3832 31
    endloop
  endfacet
  facet normal -0.233763 0.972294 0
    outer loop
      vertex 145.266 7.32093 31
      vertex 145.525 7.3832 3
      vertex 145.266 7.32093 3
    endloop
  endfacet
  facet normal -0.0784418 0.996919 0
    outer loop
      vertex 145.266 7.32093 3
      vertex 145 7.3 31
      vertex 145.266 7.32093 31
    endloop
  endfacet
  facet normal -0.0784418 0.996919 0
    outer loop
      vertex 145 7.3 31
      vertex 145.266 7.32093 3
      vertex 145 7.3 3
    endloop
  endfacet
  facet normal 0.972603 0.232474 0
    outer loop
      vertex 143.383 8.47467 31
      vertex 143.321 8.73406 3
      vertex 143.321 8.73406 31
    endloop
  endfacet
  facet normal 0.972603 0.232474 0
    outer loop
      vertex 143.321 8.73406 3
      vertex 143.383 8.47467 31
      vertex 143.383 8.47467 3
    endloop
  endfacet
  facet normal 0.07833 -0.996927 0
    outer loop
      vertex 144.734 10.6791 3
      vertex 145 10.7 31
      vertex 144.734 10.6791 31
    endloop
  endfacet
  facet normal 0.07833 -0.996927 0
    outer loop
      vertex 145 10.7 31
      vertex 144.734 10.6791 3
      vertex 145 10.7 3
    endloop
  endfacet
  facet normal -0.972163 0.234306 0
    outer loop
      vertex 147.948 8.04205 0
      vertex 148.062 8.51505 3
      vertex 148.062 8.51505 0
    endloop
  endfacet
  facet normal -0.972163 0.234306 0
    outer loop
      vertex 148.062 8.51505 3
      vertex 147.948 8.04205 0
      vertex 147.948 8.04205 3
    endloop
  endfacet
  facet normal -0.996944 0.0781191 0
    outer loop
      vertex 148.062 8.51505 0
      vertex 148.1 9 3
      vertex 148.1 9 0
    endloop
  endfacet
  facet normal -0.996944 0.0781191 0
    outer loop
      vertex 148.1 9 3
      vertex 148.062 8.51505 0
      vertex 148.062 8.51505 3
    endloop
  endfacet
  facet normal -0.760329 0.649538 0
    outer loop
      vertex 147.192 6.80797 0
      vertex 147.508 7.17787 3
      vertex 147.508 7.17787 0
    endloop
  endfacet
  facet normal -0.760329 0.649538 0
    outer loop
      vertex 147.508 7.17787 3
      vertex 147.192 6.80797 0
      vertex 147.192 6.80797 3
    endloop
  endfacet
  facet normal 0.924002 -0.382388 0
    outer loop
      vertex 142.052 9.95795 3
      vertex 142.238 10.4074 0
      vertex 142.238 10.4074 3
    endloop
  endfacet
  facet normal 0.924002 -0.382388 0
    outer loop
      vertex 142.238 10.4074 0
      vertex 142.052 9.95795 3
      vertex 142.052 9.95795 0
    endloop
  endfacet
  facet normal 0.760329 -0.649538 0
    outer loop
      vertex 142.492 10.8221 3
      vertex 142.808 11.192 0
      vertex 142.808 11.192 3
    endloop
  endfacet
  facet normal 0.760329 -0.649538 0
    outer loop
      vertex 142.808 11.192 0
      vertex 142.492 10.8221 3
      vertex 142.492 10.8221 0
    endloop
  endfacet
  facet normal -0.996944 -0.0781191 0
    outer loop
      vertex 148.1 9 0
      vertex 148.062 9.48495 3
      vertex 148.062 9.48495 0
    endloop
  endfacet
  facet normal -0.996944 -0.0781191 0
    outer loop
      vertex 148.062 9.48495 3
      vertex 148.1 9 0
      vertex 148.1 9 3
    endloop
  endfacet
  facet normal 0.760329 0.649538 0
    outer loop
      vertex 142.808 6.80797 3
      vertex 142.492 7.17787 0
      vertex 142.492 7.17787 3
    endloop
  endfacet
  facet normal 0.760329 0.649538 0
    outer loop
      vertex 142.492 7.17787 0
      vertex 142.808 6.80797 3
      vertex 142.808 6.80797 0
    endloop
  endfacet
  facet normal 0.972163 -0.234306 0
    outer loop
      vertex 141.938 9.48495 3
      vertex 142.052 9.95795 0
      vertex 142.052 9.95795 3
    endloop
  endfacet
  facet normal 0.972163 -0.234306 0
    outer loop
      vertex 142.052 9.95795 0
      vertex 141.938 9.48495 3
      vertex 141.938 9.48495 0
    endloop
  endfacet
  facet normal 0.972163 0.234306 0
    outer loop
      vertex 142.052 8.04205 3
      vertex 141.938 8.51505 0
      vertex 141.938 8.51505 3
    endloop
  endfacet
  facet normal 0.972163 0.234306 0
    outer loop
      vertex 141.938 8.51505 0
      vertex 142.052 8.04205 3
      vertex 142.052 8.04205 0
    endloop
  endfacet
  facet normal -0.233451 0.972369 0
    outer loop
      vertex 145.958 6.05173 0
      vertex 145.485 5.93817 3
      vertex 145.958 6.05173 3
    endloop
  endfacet
  facet normal -0.233451 0.972369 0
    outer loop
      vertex 145.485 5.93817 3
      vertex 145.958 6.05173 0
      vertex 145.485 5.93817 0
    endloop
  endfacet
  facet normal 0.382979 0.923757 -0
    outer loop
      vertex 144.042 6.05173 0
      vertex 143.593 6.23788 3
      vertex 144.042 6.05173 3
    endloop
  endfacet
  facet normal 0.382979 0.923757 0
    outer loop
      vertex 143.593 6.23788 3
      vertex 144.042 6.05173 0
      vertex 143.593 6.23788 0
    endloop
  endfacet
  facet normal -0.522181 -0.852834 0
    outer loop
      vertex 146.407 11.7621 0
      vertex 146.822 11.508 3
      vertex 146.407 11.7621 3
    endloop
  endfacet
  facet normal -0.522181 -0.852834 -0
    outer loop
      vertex 146.822 11.508 3
      vertex 146.407 11.7621 0
      vertex 146.822 11.508 0
    endloop
  endfacet
  facet normal -0.382979 0.923757 0
    outer loop
      vertex 146.407 6.23788 0
      vertex 145.958 6.05173 3
      vertex 146.407 6.23788 3
    endloop
  endfacet
  facet normal -0.382979 0.923757 0
    outer loop
      vertex 145.958 6.05173 3
      vertex 146.407 6.23788 0
      vertex 145.958 6.05173 0
    endloop
  endfacet
  facet normal -0.760329 -0.649538 0
    outer loop
      vertex 147.508 10.8221 0
      vertex 147.192 11.192 3
      vertex 147.192 11.192 0
    endloop
  endfacet
  facet normal -0.760329 -0.649538 0
    outer loop
      vertex 147.192 11.192 3
      vertex 147.508 10.8221 0
      vertex 147.508 10.8221 3
    endloop
  endfacet
  facet normal 0.522286 0.85277 -0
    outer loop
      vertex 143.593 6.23788 0
      vertex 143.178 6.49205 3
      vertex 143.593 6.23788 3
    endloop
  endfacet
  facet normal 0.522286 0.85277 0
    outer loop
      vertex 143.178 6.49205 3
      vertex 143.593 6.23788 0
      vertex 143.178 6.49205 0
    endloop
  endfacet
  facet normal -0.0785197 -0.996913 0
    outer loop
      vertex 145 12.1 0
      vertex 145.485 12.0618 3
      vertex 145 12.1 3
    endloop
  endfacet
  facet normal -0.0785197 -0.996913 -0
    outer loop
      vertex 145.485 12.0618 3
      vertex 145 12.1 0
      vertex 145.485 12.0618 0
    endloop
  endfacet
  facet normal -0.233334 -0.972397 0
    outer loop
      vertex 145.485 12.0618 0
      vertex 145.958 11.9483 3
      vertex 145.485 12.0618 3
    endloop
  endfacet
  facet normal -0.233334 -0.972397 -0
    outer loop
      vertex 145.958 11.9483 3
      vertex 145.485 12.0618 0
      vertex 145.958 11.9483 0
    endloop
  endfacet
  facet normal 0.383066 -0.923721 0
    outer loop
      vertex 143.593 11.7621 0
      vertex 144.042 11.9483 3
      vertex 143.593 11.7621 3
    endloop
  endfacet
  facet normal 0.383066 -0.923721 0
    outer loop
      vertex 144.042 11.9483 3
      vertex 143.593 11.7621 0
      vertex 144.042 11.9483 0
    endloop
  endfacet
  facet normal -0.924002 -0.382388 0
    outer loop
      vertex 147.948 9.95795 0
      vertex 147.762 10.4074 3
      vertex 147.762 10.4074 0
    endloop
  endfacet
  facet normal -0.924002 -0.382388 0
    outer loop
      vertex 147.762 10.4074 3
      vertex 147.948 9.95795 0
      vertex 147.948 9.95795 3
    endloop
  endfacet
  facet normal -0.852758 -0.522306 0
    outer loop
      vertex 147.762 10.4074 0
      vertex 147.508 10.8221 3
      vertex 147.508 10.8221 0
    endloop
  endfacet
  facet normal -0.852758 -0.522306 0
    outer loop
      vertex 147.508 10.8221 3
      vertex 147.762 10.4074 0
      vertex 147.762 10.4074 3
    endloop
  endfacet
  facet normal 0.233334 -0.972397 0
    outer loop
      vertex 144.042 11.9483 0
      vertex 144.515 12.0618 3
      vertex 144.042 11.9483 3
    endloop
  endfacet
  facet normal 0.233334 -0.972397 0
    outer loop
      vertex 144.515 12.0618 3
      vertex 144.042 11.9483 0
      vertex 144.515 12.0618 0
    endloop
  endfacet
  facet normal -0.972163 -0.234306 0
    outer loop
      vertex 148.062 9.48495 0
      vertex 147.948 9.95795 3
      vertex 147.948 9.95795 0
    endloop
  endfacet
  facet normal -0.972163 -0.234306 0
    outer loop
      vertex 147.948 9.95795 3
      vertex 148.062 9.48495 0
      vertex 148.062 9.48495 3
    endloop
  endfacet
  facet normal 0.0785197 -0.996913 0
    outer loop
      vertex 144.515 12.0618 0
      vertex 145 12.1 3
      vertex 144.515 12.0618 3
    endloop
  endfacet
  facet normal 0.0785197 -0.996913 0
    outer loop
      vertex 145 12.1 3
      vertex 144.515 12.0618 0
      vertex 145 12.1 0
    endloop
  endfacet
  facet normal -0.852792 0.522252 0
    outer loop
      vertex 147.508 7.17787 0
      vertex 147.762 7.59263 3
      vertex 147.762 7.59263 0
    endloop
  endfacet
  facet normal -0.852792 0.522252 0
    outer loop
      vertex 147.762 7.59263 3
      vertex 147.508 7.17787 0
      vertex 147.508 7.17787 3
    endloop
  endfacet
  facet normal -0.649436 -0.760416 0
    outer loop
      vertex 146.822 11.508 0
      vertex 147.192 11.192 3
      vertex 146.822 11.508 3
    endloop
  endfacet
  facet normal -0.649436 -0.760416 -0
    outer loop
      vertex 147.192 11.192 3
      vertex 146.822 11.508 0
      vertex 147.192 11.192 0
    endloop
  endfacet
  facet normal 0.996944 0.0781191 0
    outer loop
      vertex 141.938 8.51505 3
      vertex 141.9 9 0
      vertex 141.9 9 3
    endloop
  endfacet
  facet normal 0.996944 0.0781191 0
    outer loop
      vertex 141.9 9 0
      vertex 141.938 8.51505 3
      vertex 141.938 8.51505 0
    endloop
  endfacet
  facet normal 0.649341 0.760497 -0
    outer loop
      vertex 143.178 6.49205 0
      vertex 142.808 6.80797 3
      vertex 143.178 6.49205 3
    endloop
  endfacet
  facet normal 0.649341 0.760497 0
    outer loop
      vertex 142.808 6.80797 3
      vertex 143.178 6.49205 0
      vertex 142.808 6.80797 0
    endloop
  endfacet
  facet normal -0.649341 0.760497 0
    outer loop
      vertex 147.192 6.80797 0
      vertex 146.822 6.49205 3
      vertex 147.192 6.80797 3
    endloop
  endfacet
  facet normal -0.649341 0.760497 0
    outer loop
      vertex 146.822 6.49205 3
      vertex 147.192 6.80797 0
      vertex 146.822 6.49205 0
    endloop
  endfacet
  facet normal -0.383066 -0.923721 0
    outer loop
      vertex 145.958 11.9483 0
      vertex 146.407 11.7621 3
      vertex 145.958 11.9483 3
    endloop
  endfacet
  facet normal -0.383066 -0.923721 -0
    outer loop
      vertex 146.407 11.7621 3
      vertex 145.958 11.9483 0
      vertex 146.407 11.7621 0
    endloop
  endfacet
  facet normal -0.522286 0.85277 0
    outer loop
      vertex 146.822 6.49205 0
      vertex 146.407 6.23788 3
      vertex 146.822 6.49205 3
    endloop
  endfacet
  facet normal -0.522286 0.85277 0
    outer loop
      vertex 146.407 6.23788 3
      vertex 146.822 6.49205 0
      vertex 146.407 6.23788 0
    endloop
  endfacet
  facet normal 0.233451 0.972369 -0
    outer loop
      vertex 144.515 5.93817 0
      vertex 144.042 6.05173 3
      vertex 144.515 5.93817 3
    endloop
  endfacet
  facet normal 0.233451 0.972369 0
    outer loop
      vertex 144.042 6.05173 3
      vertex 144.515 5.93817 0
      vertex 144.042 6.05173 0
    endloop
  endfacet
  facet normal 0.0784584 0.996917 -0
    outer loop
      vertex 145 5.9 0
      vertex 144.515 5.93817 3
      vertex 145 5.9 3
    endloop
  endfacet
  facet normal 0.0784584 0.996917 0
    outer loop
      vertex 144.515 5.93817 3
      vertex 145 5.9 0
      vertex 144.515 5.93817 0
    endloop
  endfacet
  facet normal 0.996944 -0.0781191 0
    outer loop
      vertex 141.9 9 3
      vertex 141.938 9.48495 0
      vertex 141.938 9.48495 3
    endloop
  endfacet
  facet normal 0.996944 -0.0781191 0
    outer loop
      vertex 141.938 9.48495 0
      vertex 141.9 9 3
      vertex 141.9 9 0
    endloop
  endfacet
  facet normal -0.923993 0.38241 0
    outer loop
      vertex 147.762 7.59263 0
      vertex 147.948 8.04205 3
      vertex 147.948 8.04205 0
    endloop
  endfacet
  facet normal -0.923993 0.38241 0
    outer loop
      vertex 147.948 8.04205 3
      vertex 147.762 7.59263 0
      vertex 147.762 7.59263 3
    endloop
  endfacet
  facet normal 0.852792 0.522252 0
    outer loop
      vertex 142.492 7.17787 3
      vertex 142.238 7.59263 0
      vertex 142.238 7.59263 3
    endloop
  endfacet
  facet normal 0.852792 0.522252 0
    outer loop
      vertex 142.238 7.59263 0
      vertex 142.492 7.17787 3
      vertex 142.492 7.17787 0
    endloop
  endfacet
  facet normal -0.0784584 0.996917 0
    outer loop
      vertex 145.485 5.93817 0
      vertex 145 5.9 3
      vertex 145.485 5.93817 3
    endloop
  endfacet
  facet normal -0.0784584 0.996917 0
    outer loop
      vertex 145 5.9 3
      vertex 145.485 5.93817 0
      vertex 145 5.9 0
    endloop
  endfacet
  facet normal 0.852758 -0.522306 0
    outer loop
      vertex 142.238 10.4074 3
      vertex 142.492 10.8221 0
      vertex 142.492 10.8221 3
    endloop
  endfacet
  facet normal 0.852758 -0.522306 0
    outer loop
      vertex 142.492 10.8221 0
      vertex 142.238 10.4074 3
      vertex 142.238 10.4074 0
    endloop
  endfacet
  facet normal 0.649436 -0.760416 0
    outer loop
      vertex 142.808 11.192 0
      vertex 143.178 11.508 3
      vertex 142.808 11.192 3
    endloop
  endfacet
  facet normal 0.649436 -0.760416 0
    outer loop
      vertex 143.178 11.508 3
      vertex 142.808 11.192 0
      vertex 143.178 11.508 0
    endloop
  endfacet
  facet normal 0.923993 0.38241 0
    outer loop
      vertex 142.238 7.59263 3
      vertex 142.052 8.04205 0
      vertex 142.052 8.04205 3
    endloop
  endfacet
  facet normal 0.923993 0.38241 0
    outer loop
      vertex 142.052 8.04205 0
      vertex 142.238 7.59263 3
      vertex 142.238 7.59263 0
    endloop
  endfacet
  facet normal 0 0 -1
    outer loop
      vertex 146.7 9 3
      vertex 148.1 9 3
      vertex 148.062 8.51505 3
    endloop
  endfacet
  facet normal 0 0 -1
    outer loop
      vertex 146.679 8.73406 3
      vertex 148.062 8.51505 3
      vertex 147.948 8.04205 3
    endloop
  endfacet
  facet normal 0 0 -1
    outer loop
      vertex 148.1 9 3
      vertex 146.7 9 3
      vertex 148.062 9.48495 3
    endloop
  endfacet
  facet normal 0 0 -1
    outer loop
      vertex 146.617 8.47467 3
      vertex 147.948 8.04205 3
      vertex 147.762 7.59263 3
    endloop
  endfacet
  facet normal 0 0 -1
    outer loop
      vertex 146.679 9.26594 3
      vertex 148.062 9.48495 3
      vertex 146.7 9 3
    endloop
  endfacet
  facet normal 0 0 -1
    outer loop
      vertex 146.515 8.22822 3
      vertex 147.762 7.59263 3
      vertex 147.508 7.17787 3
    endloop
  endfacet
  facet normal -0 0 -1
    outer loop
      vertex 148.062 9.48495 3
      vertex 146.679 9.26594 3
      vertex 147.948 9.95795 3
    endloop
  endfacet
  facet normal 0 0 -1
    outer loop
      vertex 146.375 8.00077 3
      vertex 147.508 7.17787 3
      vertex 147.192 6.80797 3
    endloop
  endfacet
  facet normal 0 0 -1
    outer loop
      vertex 146.617 9.52533 3
      vertex 147.948 9.95795 3
      vertex 146.679 9.26594 3
    endloop
  endfacet
  facet normal 0 0 -1
    outer loop
      vertex 146.202 7.79792 3
      vertex 147.192 6.80797 3
      vertex 146.822 6.49205 3
    endloop
  endfacet
  facet normal -0 0 -1
    outer loop
      vertex 147.948 9.95795 3
      vertex 146.617 9.52533 3
      vertex 147.762 10.4074 3
    endloop
  endfacet
  facet normal 0 0 -1
    outer loop
      vertex 146.515 9.77178 3
      vertex 147.762 10.4074 3
      vertex 146.617 9.52533 3
    endloop
  endfacet
  facet normal 0 0 -1
    outer loop
      vertex 148.062 8.51505 3
      vertex 146.679 8.73406 3
      vertex 146.7 9 3
    endloop
  endfacet
  facet normal 0 0 -1
    outer loop
      vertex 147.948 8.04205 3
      vertex 146.617 8.47467 3
      vertex 146.679 8.73406 3
    endloop
  endfacet
  facet normal 0 0 -1
    outer loop
      vertex 147.762 7.59263 3
      vertex 146.515 8.22822 3
      vertex 146.617 8.47467 3
    endloop
  endfacet
  facet normal 0 0 -1
    outer loop
      vertex 145.999 7.62467 3
      vertex 146.822 6.49205 3
      vertex 146.407 6.23788 3
    endloop
  endfacet
  facet normal 0 0 -1
    outer loop
      vertex 147.508 7.17787 3
      vertex 146.375 8.00077 3
      vertex 146.515 8.22822 3
    endloop
  endfacet
  facet normal 0 0 -1
    outer loop
      vertex 147.192 6.80797 3
      vertex 146.202 7.79792 3
      vertex 146.375 8.00077 3
    endloop
  endfacet
  facet normal 0 0 -1
    outer loop
      vertex 146.822 6.49205 3
      vertex 145.999 7.62467 3
      vertex 146.202 7.79792 3
    endloop
  endfacet
  facet normal 0 0 -1
    outer loop
      vertex 145.772 7.48529 3
      vertex 146.407 6.23788 3
      vertex 145.958 6.05173 3
    endloop
  endfacet
  facet normal 0 0 -1
    outer loop
      vertex 146.407 6.23788 3
      vertex 145.772 7.48529 3
      vertex 145.999 7.62467 3
    endloop
  endfacet
  facet normal 0 0 -1
    outer loop
      vertex 145.958 6.05173 3
      vertex 145.525 7.3832 3
      vertex 145.772 7.48529 3
    endloop
  endfacet
  facet normal 0 0 -1
    outer loop
      vertex 145.485 5.93817 3
      vertex 145.525 7.3832 3
      vertex 145.958 6.05173 3
    endloop
  endfacet
  facet normal 0 0 -1
    outer loop
      vertex 145.485 5.93817 3
      vertex 145.266 7.32093 3
      vertex 145.525 7.3832 3
    endloop
  endfacet
  facet normal 0 0 -1
    outer loop
      vertex 145 5.9 3
      vertex 145.266 7.32093 3
      vertex 145.485 5.93817 3
    endloop
  endfacet
  facet normal 0 0 -1
    outer loop
      vertex 145 5.9 3
      vertex 145 7.3 3
      vertex 145.266 7.32093 3
    endloop
  endfacet
  facet normal 0 0 -1
    outer loop
      vertex 145 5.9 3
      vertex 144.734 7.32093 3
      vertex 145 7.3 3
    endloop
  endfacet
  facet normal 0 0 -1
    outer loop
      vertex 144.515 5.93817 3
      vertex 144.734 7.32093 3
      vertex 145 5.9 3
    endloop
  endfacet
  facet normal 0 0 -1
    outer loop
      vertex 144.515 5.93817 3
      vertex 144.475 7.3832 3
      vertex 144.734 7.32093 3
    endloop
  endfacet
  facet normal 0 0 -1
    outer loop
      vertex 144.042 6.05173 3
      vertex 144.475 7.3832 3
      vertex 144.515 5.93817 3
    endloop
  endfacet
  facet normal -0 0 -1
    outer loop
      vertex 144.475 7.3832 3
      vertex 144.042 6.05173 3
      vertex 144.228 7.48529 3
    endloop
  endfacet
  facet normal 0 0 -1
    outer loop
      vertex 143.593 6.23788 3
      vertex 144.228 7.48529 3
      vertex 144.042 6.05173 3
    endloop
  endfacet
  facet normal -0 0 -1
    outer loop
      vertex 144.228 7.48529 3
      vertex 143.593 6.23788 3
      vertex 144.001 7.62467 3
    endloop
  endfacet
  facet normal 0 0 -1
    outer loop
      vertex 143.178 6.49205 3
      vertex 144.001 7.62467 3
      vertex 143.593 6.23788 3
    endloop
  endfacet
  facet normal -0 0 -1
    outer loop
      vertex 144.001 7.62467 3
      vertex 143.178 6.49205 3
      vertex 143.798 7.79792 3
    endloop
  endfacet
  facet normal 0 0 -1
    outer loop
      vertex 142.808 6.80797 3
      vertex 143.798 7.79792 3
      vertex 143.178 6.49205 3
    endloop
  endfacet
  facet normal -0 0 -1
    outer loop
      vertex 143.798 7.79792 3
      vertex 142.808 6.80797 3
      vertex 143.625 8.00077 3
    endloop
  endfacet
  facet normal 0 0 -1
    outer loop
      vertex 142.492 7.17787 3
      vertex 143.625 8.00077 3
      vertex 142.808 6.80797 3
    endloop
  endfacet
  facet normal 0 0 -1
    outer loop
      vertex 142.238 7.59263 3
      vertex 143.485 8.22822 3
      vertex 142.492 7.17787 3
    endloop
  endfacet
  facet normal -0 0 -1
    outer loop
      vertex 143.625 8.00077 3
      vertex 142.492 7.17787 3
      vertex 143.485 8.22822 3
    endloop
  endfacet
  facet normal -0 0 -1
    outer loop
      vertex 147.762 10.4074 3
      vertex 146.515 9.77178 3
      vertex 147.508 10.8221 3
    endloop
  endfacet
  facet normal 0 0 -1
    outer loop
      vertex 146.375 9.99923 3
      vertex 147.508 10.8221 3
      vertex 146.515 9.77178 3
    endloop
  endfacet
  facet normal -0 0 -1
    outer loop
      vertex 147.508 10.8221 3
      vertex 146.375 9.99923 3
      vertex 147.192 11.192 3
    endloop
  endfacet
  facet normal 0 0 -1
    outer loop
      vertex 146.202 10.2021 3
      vertex 147.192 11.192 3
      vertex 146.375 9.99923 3
    endloop
  endfacet
  facet normal -0 0 -1
    outer loop
      vertex 147.192 11.192 3
      vertex 146.202 10.2021 3
      vertex 146.822 11.508 3
    endloop
  endfacet
  facet normal 0 0 -1
    outer loop
      vertex 145.999 10.3753 3
      vertex 146.822 11.508 3
      vertex 146.202 10.2021 3
    endloop
  endfacet
  facet normal -0 0 -1
    outer loop
      vertex 146.822 11.508 3
      vertex 145.999 10.3753 3
      vertex 146.407 11.7621 3
    endloop
  endfacet
  facet normal 0 0 -1
    outer loop
      vertex 145.772 10.5147 3
      vertex 146.407 11.7621 3
      vertex 145.999 10.3753 3
    endloop
  endfacet
  facet normal -0 0 -1
    outer loop
      vertex 146.407 11.7621 3
      vertex 145.772 10.5147 3
      vertex 145.958 11.9483 3
    endloop
  endfacet
  facet normal 0 0 -1
    outer loop
      vertex 145.525 10.6168 3
      vertex 145.958 11.9483 3
      vertex 145.772 10.5147 3
    endloop
  endfacet
  facet normal 0 0 -1
    outer loop
      vertex 145.525 10.6168 3
      vertex 145.485 12.0618 3
      vertex 145.958 11.9483 3
    endloop
  endfacet
  facet normal 0 0 -1
    outer loop
      vertex 145.266 10.6791 3
      vertex 145.485 12.0618 3
      vertex 145.525 10.6168 3
    endloop
  endfacet
  facet normal 0 0 -1
    outer loop
      vertex 145 10.7 3
      vertex 145.485 12.0618 3
      vertex 145.266 10.6791 3
    endloop
  endfacet
  facet normal 0 0 -1
    outer loop
      vertex 145 10.7 3
      vertex 145 12.1 3
      vertex 145.485 12.0618 3
    endloop
  endfacet
  facet normal 0 0 -1
    outer loop
      vertex 144.734 10.6791 3
      vertex 145 12.1 3
      vertex 145 10.7 3
    endloop
  endfacet
  facet normal 0 0 -1
    outer loop
      vertex 144.734 10.6791 3
      vertex 144.515 12.0618 3
      vertex 145 12.1 3
    endloop
  endfacet
  facet normal 0 0 -1
    outer loop
      vertex 144.475 10.6168 3
      vertex 144.515 12.0618 3
      vertex 144.734 10.6791 3
    endloop
  endfacet
  facet normal 0 0 -1
    outer loop
      vertex 144.042 11.9483 3
      vertex 144.475 10.6168 3
      vertex 144.228 10.5147 3
    endloop
  endfacet
  facet normal 0 0 -1
    outer loop
      vertex 144.475 10.6168 3
      vertex 144.042 11.9483 3
      vertex 144.515 12.0618 3
    endloop
  endfacet
  facet normal 0 0 -1
    outer loop
      vertex 143.593 11.7621 3
      vertex 144.228 10.5147 3
      vertex 144.001 10.3753 3
    endloop
  endfacet
  facet normal 0 0 -1
    outer loop
      vertex 143.178 11.508 3
      vertex 144.001 10.3753 3
      vertex 143.798 10.2021 3
    endloop
  endfacet
  facet normal 0 0 -1
    outer loop
      vertex 142.808 11.192 3
      vertex 143.798 10.2021 3
      vertex 143.625 9.99923 3
    endloop
  endfacet
  facet normal 0 0 -1
    outer loop
      vertex 144.228 10.5147 3
      vertex 143.593 11.7621 3
      vertex 144.042 11.9483 3
    endloop
  endfacet
  facet normal 0 0 -1
    outer loop
      vertex 142.492 10.8221 3
      vertex 143.625 9.99923 3
      vertex 143.485 9.77178 3
    endloop
  endfacet
  facet normal 0 0 -1
    outer loop
      vertex 142.238 10.4074 3
      vertex 143.485 9.77178 3
      vertex 143.383 9.52533 3
    endloop
  endfacet
  facet normal 0 0 -1
    outer loop
      vertex 142.052 9.95795 3
      vertex 143.383 9.52533 3
      vertex 143.321 9.26594 3
    endloop
  endfacet
  facet normal 0 0 -1
    outer loop
      vertex 144.001 10.3753 3
      vertex 143.178 11.508 3
      vertex 143.593 11.7621 3
    endloop
  endfacet
  facet normal 0 0 -1
    outer loop
      vertex 141.938 9.48495 3
      vertex 143.321 9.26594 3
      vertex 143.3 9 3
    endloop
  endfacet
  facet normal -0 0 -1
    outer loop
      vertex 143.485 8.22822 3
      vertex 142.238 7.59263 3
      vertex 143.383 8.47467 3
    endloop
  endfacet
  facet normal 0 0 -1
    outer loop
      vertex 142.052 8.04205 3
      vertex 143.383 8.47467 3
      vertex 142.238 7.59263 3
    endloop
  endfacet
  facet normal 0 0 -1
    outer loop
      vertex 143.798 10.2021 3
      vertex 142.808 11.192 3
      vertex 143.178 11.508 3
    endloop
  endfacet
  facet normal -0 0 -1
    outer loop
      vertex 143.383 8.47467 3
      vertex 142.052 8.04205 3
      vertex 143.321 8.73406 3
    endloop
  endfacet
  facet normal 0 0 -1
    outer loop
      vertex 143.625 9.99923 3
      vertex 142.492 10.8221 3
      vertex 142.808 11.192 3
    endloop
  endfacet
  facet normal 0 0 -1
    outer loop
      vertex 141.938 8.51505 3
      vertex 143.321 8.73406 3
      vertex 142.052 8.04205 3
    endloop
  endfacet
  facet normal 0 0 -1
    outer loop
      vertex 143.485 9.77178 3
      vertex 142.238 10.4074 3
      vertex 142.492 10.8221 3
    endloop
  endfacet
  facet normal -0 0 -1
    outer loop
      vertex 143.321 8.73406 3
      vertex 141.938 8.51505 3
      vertex 143.3 9 3
    endloop
  endfacet
  facet normal 0 0 -1
    outer loop
      vertex 143.383 9.52533 3
      vertex 142.052 9.95795 3
      vertex 142.238 10.4074 3
    endloop
  endfacet
  facet normal 0 0 -1
    outer loop
      vertex 141.9 9 3
      vertex 143.3 9 3
      vertex 141.938 8.51505 3
    endloop
  endfacet
  facet normal 0 0 -1
    outer loop
      vertex 143.321 9.26594 3
      vertex 141.938 9.48495 3
      vertex 142.052 9.95795 3
    endloop
  endfacet
  facet normal 0 0 -1
    outer loop
      vertex 143.3 9 3
      vertex 141.9 9 3
      vertex 141.938 9.48495 3
    endloop
  endfacet
  facet normal 0.522181 -0.852834 0
    outer loop
      vertex 143.178 11.508 0
      vertex 143.593 11.7621 3
      vertex 143.178 11.508 3
    endloop
  endfacet
  facet normal 0.522181 -0.852834 0
    outer loop
      vertex 143.593 11.7621 3
      vertex 143.178 11.508 0
      vertex 143.593 11.7621 0
    endloop
  endfacet
  facet normal -0.972603 0.232474 0
    outer loop
      vertex 189.617 8.47467 3
      vertex 189.679 8.73406 31
      vertex 189.679 8.73406 3
    endloop
  endfacet
  facet normal -0.972603 0.232474 0
    outer loop
      vertex 189.679 8.73406 31
      vertex 189.617 8.47467 3
      vertex 189.617 8.47467 31
    endloop
  endfacet
  facet normal -0.996897 0.0787201 0
    outer loop
      vertex 189.679 8.73406 3
      vertex 189.7 9 31
      vertex 189.7 9 3
    endloop
  endfacet
  facet normal -0.996897 0.0787201 0
    outer loop
      vertex 189.7 9 31
      vertex 189.679 8.73406 3
      vertex 189.679 8.73406 31
    endloop
  endfacet
  facet normal -0.923989 0.382418 0
    outer loop
      vertex 189.515 8.22822 3
      vertex 189.617 8.47467 31
      vertex 189.617 8.47467 3
    endloop
  endfacet
  facet normal -0.923989 0.382418 0
    outer loop
      vertex 189.617 8.47467 31
      vertex 189.515 8.22822 3
      vertex 189.515 8.22822 31
    endloop
  endfacet
  facet normal -0.523301 -0.852148 0
    outer loop
      vertex 188.772 10.5147 3
      vertex 188.999 10.3753 31
      vertex 188.772 10.5147 31
    endloop
  endfacet
  facet normal -0.523301 -0.852148 -0
    outer loop
      vertex 188.999 10.3753 31
      vertex 188.772 10.5147 3
      vertex 188.999 10.3753 3
    endloop
  endfacet
  facet normal 0.923989 0.382418 0
    outer loop
      vertex 186.485 8.22822 31
      vertex 186.383 8.47467 3
      vertex 186.383 8.47467 31
    endloop
  endfacet
  facet normal 0.923989 0.382418 0
    outer loop
      vertex 186.383 8.47467 3
      vertex 186.485 8.22822 31
      vertex 186.485 8.22822 3
    endloop
  endfacet
  facet normal 0.523301 -0.852148 0
    outer loop
      vertex 187.001 10.3753 3
      vertex 187.228 10.5147 31
      vertex 187.001 10.3753 31
    endloop
  endfacet
  facet normal 0.523301 -0.852148 0
    outer loop
      vertex 187.228 10.5147 31
      vertex 187.001 10.3753 3
      vertex 187.228 10.5147 3
    endloop
  endfacet
  facet normal -0.38201 -0.924158 0
    outer loop
      vertex 188.525 10.6168 3
      vertex 188.772 10.5147 31
      vertex 188.525 10.6168 31
    endloop
  endfacet
  facet normal -0.38201 -0.924158 -0
    outer loop
      vertex 188.772 10.5147 31
      vertex 188.525 10.6168 3
      vertex 188.772 10.5147 3
    endloop
  endfacet
  facet normal 0.381978 0.924171 -0
    outer loop
      vertex 187.475 7.3832 3
      vertex 187.228 7.48529 31
      vertex 187.475 7.3832 31
    endloop
  endfacet
  facet normal 0.381978 0.924171 0
    outer loop
      vertex 187.228 7.48529 31
      vertex 187.475 7.3832 3
      vertex 187.228 7.48529 3
    endloop
  endfacet
  facet normal 0.523247 0.852181 -0
    outer loop
      vertex 187.228 7.48529 3
      vertex 187.001 7.62467 31
      vertex 187.228 7.48529 31
    endloop
  endfacet
  facet normal 0.523247 0.852181 0
    outer loop
      vertex 187.001 7.62467 31
      vertex 187.228 7.48529 3
      vertex 187.001 7.62467 3
    endloop
  endfacet
  facet normal 0.233763 0.972294 -0
    outer loop
      vertex 187.734 7.32093 3
      vertex 187.475 7.3832 31
      vertex 187.734 7.32093 31
    endloop
  endfacet
  facet normal 0.233763 0.972294 0
    outer loop
      vertex 187.475 7.3832 31
      vertex 187.734 7.32093 3
      vertex 187.475 7.3832 3
    endloop
  endfacet
  facet normal -0.649061 -0.760736 0
    outer loop
      vertex 188.999 10.3753 3
      vertex 189.202 10.2021 31
      vertex 188.999 10.3753 31
    endloop
  endfacet
  facet normal -0.649061 -0.760736 -0
    outer loop
      vertex 189.202 10.2021 31
      vertex 188.999 10.3753 3
      vertex 189.202 10.2021 3
    endloop
  endfacet
  facet normal 0.0784418 0.996919 -0
    outer loop
      vertex 188 7.3 3
      vertex 187.734 7.32093 31
      vertex 188 7.3 31
    endloop
  endfacet
  facet normal 0.0784418 0.996919 0
    outer loop
      vertex 187.734 7.32093 31
      vertex 188 7.3 3
      vertex 187.734 7.32093 3
    endloop
  endfacet
  facet normal 0.923989 -0.382418 0
    outer loop
      vertex 186.383 9.52533 31
      vertex 186.485 9.77178 3
      vertex 186.485 9.77178 31
    endloop
  endfacet
  facet normal 0.923989 -0.382418 0
    outer loop
      vertex 186.485 9.77178 3
      vertex 186.383 9.52533 31
      vertex 186.383 9.52533 3
    endloop
  endfacet
  facet normal 0.760869 0.648905 0
    outer loop
      vertex 186.798 7.79792 31
      vertex 186.625 8.00077 3
      vertex 186.625 8.00077 31
    endloop
  endfacet
  facet normal 0.760869 0.648905 0
    outer loop
      vertex 186.625 8.00077 3
      vertex 186.798 7.79792 31
      vertex 186.798 7.79792 3
    endloop
  endfacet
  facet normal 0.23387 -0.972268 0
    outer loop
      vertex 187.475 10.6168 3
      vertex 187.734 10.6791 31
      vertex 187.475 10.6168 31
    endloop
  endfacet
  facet normal 0.23387 -0.972268 0
    outer loop
      vertex 187.734 10.6791 31
      vertex 187.475 10.6168 3
      vertex 187.734 10.6791 3
    endloop
  endfacet
  facet normal -0.923989 -0.382418 0
    outer loop
      vertex 189.617 9.52533 3
      vertex 189.515 9.77178 31
      vertex 189.515 9.77178 3
    endloop
  endfacet
  facet normal -0.923989 -0.382418 0
    outer loop
      vertex 189.515 9.77178 31
      vertex 189.617 9.52533 3
      vertex 189.617 9.52533 31
    endloop
  endfacet
  facet normal 0.760901 -0.648868 0
    outer loop
      vertex 186.625 9.99923 31
      vertex 186.798 10.2021 3
      vertex 186.798 10.2021 31
    endloop
  endfacet
  facet normal 0.760901 -0.648868 0
    outer loop
      vertex 186.798 10.2021 3
      vertex 186.625 9.99923 31
      vertex 186.625 9.99923 3
    endloop
  endfacet
  facet normal 0.64917 0.760643 -0
    outer loop
      vertex 187.001 7.62467 3
      vertex 186.798 7.79792 31
      vertex 187.001 7.62467 31
    endloop
  endfacet
  facet normal 0.64917 0.760643 0
    outer loop
      vertex 186.798 7.79792 31
      vertex 187.001 7.62467 3
      vertex 186.798 7.79792 3
    endloop
  endfacet
  facet normal -0.07833 -0.996927 0
    outer loop
      vertex 188 10.7 3
      vertex 188.266 10.6791 31
      vertex 188 10.7 31
    endloop
  endfacet
  facet normal -0.07833 -0.996927 -0
    outer loop
      vertex 188.266 10.6791 31
      vertex 188 10.7 3
      vertex 188.266 10.6791 3
    endloop
  endfacet
  facet normal -0.851607 -0.524181 0
    outer loop
      vertex 189.515 9.77178 3
      vertex 189.375 9.99923 31
      vertex 189.375 9.99923 3
    endloop
  endfacet
  facet normal -0.851607 -0.524181 0
    outer loop
      vertex 189.375 9.99923 31
      vertex 189.515 9.77178 3
      vertex 189.515 9.77178 31
    endloop
  endfacet
  facet normal -0.851607 0.524181 0
    outer loop
      vertex 189.375 8.00077 3
      vertex 189.515 8.22822 31
      vertex 189.515 8.22822 3
    endloop
  endfacet
  facet normal -0.851607 0.524181 0
    outer loop
      vertex 189.515 8.22822 31
      vertex 189.375 8.00077 3
      vertex 189.375 8.00077 31
    endloop
  endfacet
  facet normal -0.996897 -0.0787201 0
    outer loop
      vertex 189.7 9 3
      vertex 189.679 9.26594 31
      vertex 189.679 9.26594 3
    endloop
  endfacet
  facet normal -0.996897 -0.0787201 0
    outer loop
      vertex 189.679 9.26594 31
      vertex 189.7 9 3
      vertex 189.7 9 31
    endloop
  endfacet
  facet normal -0.972603 -0.232474 0
    outer loop
      vertex 189.679 9.26594 3
      vertex 189.617 9.52533 31
      vertex 189.617 9.52533 3
    endloop
  endfacet
  facet normal -0.972603 -0.232474 0
    outer loop
      vertex 189.617 9.52533 31
      vertex 189.679 9.26594 3
      vertex 189.679 9.26594 31
    endloop
  endfacet
  facet normal 0.972603 -0.232474 0
    outer loop
      vertex 186.321 9.26594 31
      vertex 186.383 9.52533 3
      vertex 186.383 9.52533 31
    endloop
  endfacet
  facet normal 0.972603 -0.232474 0
    outer loop
      vertex 186.383 9.52533 3
      vertex 186.321 9.26594 31
      vertex 186.321 9.26594 3
    endloop
  endfacet
  facet normal -0.523247 0.852181 0
    outer loop
      vertex 188.999 7.62467 3
      vertex 188.772 7.48529 31
      vertex 188.999 7.62467 31
    endloop
  endfacet
  facet normal -0.523247 0.852181 0
    outer loop
      vertex 188.772 7.48529 31
      vertex 188.999 7.62467 3
      vertex 188.772 7.48529 3
    endloop
  endfacet
  facet normal -0.760869 0.648905 0
    outer loop
      vertex 189.202 7.79792 3
      vertex 189.375 8.00077 31
      vertex 189.375 8.00077 3
    endloop
  endfacet
  facet normal -0.760869 0.648905 0
    outer loop
      vertex 189.375 8.00077 31
      vertex 189.202 7.79792 3
      vertex 189.202 7.79792 31
    endloop
  endfacet
  facet normal 0.996897 0.0787201 0
    outer loop
      vertex 186.321 8.73406 31
      vertex 186.3 9 3
      vertex 186.3 9 31
    endloop
  endfacet
  facet normal 0.996897 0.0787201 0
    outer loop
      vertex 186.3 9 3
      vertex 186.321 8.73406 31
      vertex 186.321 8.73406 3
    endloop
  endfacet
  facet normal -0.64917 0.760643 0
    outer loop
      vertex 189.202 7.79792 3
      vertex 188.999 7.62467 31
      vertex 189.202 7.79792 31
    endloop
  endfacet
  facet normal -0.64917 0.760643 0
    outer loop
      vertex 188.999 7.62467 31
      vertex 189.202 7.79792 3
      vertex 188.999 7.62467 3
    endloop
  endfacet
  facet normal -0.23387 -0.972268 0
    outer loop
      vertex 188.266 10.6791 3
      vertex 188.525 10.6168 31
      vertex 188.266 10.6791 31
    endloop
  endfacet
  facet normal -0.23387 -0.972268 -0
    outer loop
      vertex 188.525 10.6168 31
      vertex 188.266 10.6791 3
      vertex 188.525 10.6168 3
    endloop
  endfacet
  facet normal 0.851607 -0.524181 0
    outer loop
      vertex 186.485 9.77178 31
      vertex 186.625 9.99923 3
      vertex 186.625 9.99923 31
    endloop
  endfacet
  facet normal 0.851607 -0.524181 0
    outer loop
      vertex 186.625 9.99923 3
      vertex 186.485 9.77178 31
      vertex 186.485 9.77178 3
    endloop
  endfacet
  facet normal 0.649061 -0.760736 0
    outer loop
      vertex 186.798 10.2021 3
      vertex 187.001 10.3753 31
      vertex 186.798 10.2021 31
    endloop
  endfacet
  facet normal 0.649061 -0.760736 0
    outer loop
      vertex 187.001 10.3753 31
      vertex 186.798 10.2021 3
      vertex 187.001 10.3753 3
    endloop
  endfacet
  facet normal -0.760901 -0.648868 0
    outer loop
      vertex 189.375 9.99923 3
      vertex 189.202 10.2021 31
      vertex 189.202 10.2021 3
    endloop
  endfacet
  facet normal -0.760901 -0.648868 0
    outer loop
      vertex 189.202 10.2021 31
      vertex 189.375 9.99923 3
      vertex 189.375 9.99923 31
    endloop
  endfacet
  facet normal 0.851607 0.524181 0
    outer loop
      vertex 186.625 8.00077 31
      vertex 186.485 8.22822 3
      vertex 186.485 8.22822 31
    endloop
  endfacet
  facet normal 0.851607 0.524181 0
    outer loop
      vertex 186.485 8.22822 3
      vertex 186.625 8.00077 31
      vertex 186.625 8.00077 3
    endloop
  endfacet
  facet normal 0.996897 -0.0787201 0
    outer loop
      vertex 186.3 9 31
      vertex 186.321 9.26594 3
      vertex 186.321 9.26594 31
    endloop
  endfacet
  facet normal 0.996897 -0.0787201 0
    outer loop
      vertex 186.321 9.26594 3
      vertex 186.3 9 31
      vertex 186.3 9 3
    endloop
  endfacet
  facet normal 0.38201 -0.924158 0
    outer loop
      vertex 187.228 10.5147 3
      vertex 187.475 10.6168 31
      vertex 187.228 10.5147 31
    endloop
  endfacet
  facet normal 0.38201 -0.924158 0
    outer loop
      vertex 187.475 10.6168 31
      vertex 187.228 10.5147 3
      vertex 187.475 10.6168 3
    endloop
  endfacet
  facet normal -0.381978 0.924171 0
    outer loop
      vertex 188.772 7.48529 3
      vertex 188.525 7.3832 31
      vertex 188.772 7.48529 31
    endloop
  endfacet
  facet normal -0.381978 0.924171 0
    outer loop
      vertex 188.525 7.3832 31
      vertex 188.772 7.48529 3
      vertex 188.525 7.3832 3
    endloop
  endfacet
  facet normal -0.233763 0.972294 0
    outer loop
      vertex 188.525 7.3832 3
      vertex 188.266 7.32093 31
      vertex 188.525 7.3832 31
    endloop
  endfacet
  facet normal -0.233763 0.972294 0
    outer loop
      vertex 188.266 7.32093 31
      vertex 188.525 7.3832 3
      vertex 188.266 7.32093 3
    endloop
  endfacet
  facet normal -0.0784418 0.996919 0
    outer loop
      vertex 188.266 7.32093 3
      vertex 188 7.3 31
      vertex 188.266 7.32093 31
    endloop
  endfacet
  facet normal -0.0784418 0.996919 0
    outer loop
      vertex 188 7.3 31
      vertex 188.266 7.32093 3
      vertex 188 7.3 3
    endloop
  endfacet
  facet normal 0.972603 0.232474 0
    outer loop
      vertex 186.383 8.47467 31
      vertex 186.321 8.73406 3
      vertex 186.321 8.73406 31
    endloop
  endfacet
  facet normal 0.972603 0.232474 0
    outer loop
      vertex 186.321 8.73406 3
      vertex 186.383 8.47467 31
      vertex 186.383 8.47467 3
    endloop
  endfacet
  facet normal 0.07833 -0.996927 0
    outer loop
      vertex 187.734 10.6791 3
      vertex 188 10.7 31
      vertex 187.734 10.6791 31
    endloop
  endfacet
  facet normal 0.07833 -0.996927 0
    outer loop
      vertex 188 10.7 31
      vertex 187.734 10.6791 3
      vertex 188 10.7 3
    endloop
  endfacet
  facet normal -0.972163 0.234306 0
    outer loop
      vertex 190.948 8.04205 0
      vertex 191.062 8.51505 3
      vertex 191.062 8.51505 0
    endloop
  endfacet
  facet normal -0.972163 0.234306 0
    outer loop
      vertex 191.062 8.51505 3
      vertex 190.948 8.04205 0
      vertex 190.948 8.04205 3
    endloop
  endfacet
  facet normal -0.996944 0.0781191 0
    outer loop
      vertex 191.062 8.51505 0
      vertex 191.1 9 3
      vertex 191.1 9 0
    endloop
  endfacet
  facet normal -0.996944 0.0781191 0
    outer loop
      vertex 191.1 9 3
      vertex 191.062 8.51505 0
      vertex 191.062 8.51505 3
    endloop
  endfacet
  facet normal -0.760329 0.649538 0
    outer loop
      vertex 190.192 6.80797 0
      vertex 190.508 7.17787 3
      vertex 190.508 7.17787 0
    endloop
  endfacet
  facet normal -0.760329 0.649538 0
    outer loop
      vertex 190.508 7.17787 3
      vertex 190.192 6.80797 0
      vertex 190.192 6.80797 3
    endloop
  endfacet
  facet normal 0.924002 -0.382388 0
    outer loop
      vertex 185.052 9.95795 3
      vertex 185.238 10.4074 0
      vertex 185.238 10.4074 3
    endloop
  endfacet
  facet normal 0.924002 -0.382388 0
    outer loop
      vertex 185.238 10.4074 0
      vertex 185.052 9.95795 3
      vertex 185.052 9.95795 0
    endloop
  endfacet
  facet normal 0.760329 -0.649538 0
    outer loop
      vertex 185.492 10.8221 3
      vertex 185.808 11.192 0
      vertex 185.808 11.192 3
    endloop
  endfacet
  facet normal 0.760329 -0.649538 0
    outer loop
      vertex 185.808 11.192 0
      vertex 185.492 10.8221 3
      vertex 185.492 10.8221 0
    endloop
  endfacet
  facet normal -0.996944 -0.0781191 0
    outer loop
      vertex 191.1 9 0
      vertex 191.062 9.48495 3
      vertex 191.062 9.48495 0
    endloop
  endfacet
  facet normal -0.996944 -0.0781191 0
    outer loop
      vertex 191.062 9.48495 3
      vertex 191.1 9 0
      vertex 191.1 9 3
    endloop
  endfacet
  facet normal 0.760329 0.649538 0
    outer loop
      vertex 185.808 6.80797 3
      vertex 185.492 7.17787 0
      vertex 185.492 7.17787 3
    endloop
  endfacet
  facet normal 0.760329 0.649538 0
    outer loop
      vertex 185.492 7.17787 0
      vertex 185.808 6.80797 3
      vertex 185.808 6.80797 0
    endloop
  endfacet
  facet normal 0.972163 -0.234306 0
    outer loop
      vertex 184.938 9.48495 3
      vertex 185.052 9.95795 0
      vertex 185.052 9.95795 3
    endloop
  endfacet
  facet normal 0.972163 -0.234306 0
    outer loop
      vertex 185.052 9.95795 0
      vertex 184.938 9.48495 3
      vertex 184.938 9.48495 0
    endloop
  endfacet
  facet normal 0.972163 0.234306 0
    outer loop
      vertex 185.052 8.04205 3
      vertex 184.938 8.51505 0
      vertex 184.938 8.51505 3
    endloop
  endfacet
  facet normal 0.972163 0.234306 0
    outer loop
      vertex 184.938 8.51505 0
      vertex 185.052 8.04205 3
      vertex 185.052 8.04205 0
    endloop
  endfacet
  facet normal -0.233451 0.972369 0
    outer loop
      vertex 188.958 6.05173 0
      vertex 188.485 5.93817 3
      vertex 188.958 6.05173 3
    endloop
  endfacet
  facet normal -0.233451 0.972369 0
    outer loop
      vertex 188.485 5.93817 3
      vertex 188.958 6.05173 0
      vertex 188.485 5.93817 0
    endloop
  endfacet
  facet normal 0.382979 0.923757 -0
    outer loop
      vertex 187.042 6.05173 0
      vertex 186.593 6.23788 3
      vertex 187.042 6.05173 3
    endloop
  endfacet
  facet normal 0.382979 0.923757 0
    outer loop
      vertex 186.593 6.23788 3
      vertex 187.042 6.05173 0
      vertex 186.593 6.23788 0
    endloop
  endfacet
  facet normal -0.522181 -0.852834 0
    outer loop
      vertex 189.407 11.7621 0
      vertex 189.822 11.508 3
      vertex 189.407 11.7621 3
    endloop
  endfacet
  facet normal -0.522181 -0.852834 -0
    outer loop
      vertex 189.822 11.508 3
      vertex 189.407 11.7621 0
      vertex 189.822 11.508 0
    endloop
  endfacet
  facet normal -0.382979 0.923757 0
    outer loop
      vertex 189.407 6.23788 0
      vertex 188.958 6.05173 3
      vertex 189.407 6.23788 3
    endloop
  endfacet
  facet normal -0.382979 0.923757 0
    outer loop
      vertex 188.958 6.05173 3
      vertex 189.407 6.23788 0
      vertex 188.958 6.05173 0
    endloop
  endfacet
  facet normal -0.760329 -0.649538 0
    outer loop
      vertex 190.508 10.8221 0
      vertex 190.192 11.192 3
      vertex 190.192 11.192 0
    endloop
  endfacet
  facet normal -0.760329 -0.649538 0
    outer loop
      vertex 190.192 11.192 3
      vertex 190.508 10.8221 0
      vertex 190.508 10.8221 3
    endloop
  endfacet
  facet normal 0.522286 0.85277 -0
    outer loop
      vertex 186.593 6.23788 0
      vertex 186.178 6.49205 3
      vertex 186.593 6.23788 3
    endloop
  endfacet
  facet normal 0.522286 0.85277 0
    outer loop
      vertex 186.178 6.49205 3
      vertex 186.593 6.23788 0
      vertex 186.178 6.49205 0
    endloop
  endfacet
  facet normal -0.0785197 -0.996913 0
    outer loop
      vertex 188 12.1 0
      vertex 188.485 12.0618 3
      vertex 188 12.1 3
    endloop
  endfacet
  facet normal -0.0785197 -0.996913 -0
    outer loop
      vertex 188.485 12.0618 3
      vertex 188 12.1 0
      vertex 188.485 12.0618 0
    endloop
  endfacet
  facet normal -0.233334 -0.972397 0
    outer loop
      vertex 188.485 12.0618 0
      vertex 188.958 11.9483 3
      vertex 188.485 12.0618 3
    endloop
  endfacet
  facet normal -0.233334 -0.972397 -0
    outer loop
      vertex 188.958 11.9483 3
      vertex 188.485 12.0618 0
      vertex 188.958 11.9483 0
    endloop
  endfacet
  facet normal 0.383066 -0.923721 0
    outer loop
      vertex 186.593 11.7621 0
      vertex 187.042 11.9483 3
      vertex 186.593 11.7621 3
    endloop
  endfacet
  facet normal 0.383066 -0.923721 0
    outer loop
      vertex 187.042 11.9483 3
      vertex 186.593 11.7621 0
      vertex 187.042 11.9483 0
    endloop
  endfacet
  facet normal -0.924002 -0.382388 0
    outer loop
      vertex 190.948 9.95795 0
      vertex 190.762 10.4074 3
      vertex 190.762 10.4074 0
    endloop
  endfacet
  facet normal -0.924002 -0.382388 0
    outer loop
      vertex 190.762 10.4074 3
      vertex 190.948 9.95795 0
      vertex 190.948 9.95795 3
    endloop
  endfacet
  facet normal -0.852758 -0.522306 0
    outer loop
      vertex 190.762 10.4074 0
      vertex 190.508 10.8221 3
      vertex 190.508 10.8221 0
    endloop
  endfacet
  facet normal -0.852758 -0.522306 0
    outer loop
      vertex 190.508 10.8221 3
      vertex 190.762 10.4074 0
      vertex 190.762 10.4074 3
    endloop
  endfacet
  facet normal 0.233334 -0.972397 0
    outer loop
      vertex 187.042 11.9483 0
      vertex 187.515 12.0618 3
      vertex 187.042 11.9483 3
    endloop
  endfacet
  facet normal 0.233334 -0.972397 0
    outer loop
      vertex 187.515 12.0618 3
      vertex 187.042 11.9483 0
      vertex 187.515 12.0618 0
    endloop
  endfacet
  facet normal -0.972163 -0.234306 0
    outer loop
      vertex 191.062 9.48495 0
      vertex 190.948 9.95795 3
      vertex 190.948 9.95795 0
    endloop
  endfacet
  facet normal -0.972163 -0.234306 0
    outer loop
      vertex 190.948 9.95795 3
      vertex 191.062 9.48495 0
      vertex 191.062 9.48495 3
    endloop
  endfacet
  facet normal 0.0785197 -0.996913 0
    outer loop
      vertex 187.515 12.0618 0
      vertex 188 12.1 3
      vertex 187.515 12.0618 3
    endloop
  endfacet
  facet normal 0.0785197 -0.996913 0
    outer loop
      vertex 188 12.1 3
      vertex 187.515 12.0618 0
      vertex 188 12.1 0
    endloop
  endfacet
  facet normal -0.852792 0.522252 0
    outer loop
      vertex 190.508 7.17787 0
      vertex 190.762 7.59263 3
      vertex 190.762 7.59263 0
    endloop
  endfacet
  facet normal -0.852792 0.522252 0
    outer loop
      vertex 190.762 7.59263 3
      vertex 190.508 7.17787 0
      vertex 190.508 7.17787 3
    endloop
  endfacet
  facet normal -0.649436 -0.760416 0
    outer loop
      vertex 189.822 11.508 0
      vertex 190.192 11.192 3
      vertex 189.822 11.508 3
    endloop
  endfacet
  facet normal -0.649436 -0.760416 -0
    outer loop
      vertex 190.192 11.192 3
      vertex 189.822 11.508 0
      vertex 190.192 11.192 0
    endloop
  endfacet
  facet normal 0.996944 0.0781191 0
    outer loop
      vertex 184.938 8.51505 3
      vertex 184.9 9 0
      vertex 184.9 9 3
    endloop
  endfacet
  facet normal 0.996944 0.0781191 0
    outer loop
      vertex 184.9 9 0
      vertex 184.938 8.51505 3
      vertex 184.938 8.51505 0
    endloop
  endfacet
  facet normal 0.649341 0.760497 -0
    outer loop
      vertex 186.178 6.49205 0
      vertex 185.808 6.80797 3
      vertex 186.178 6.49205 3
    endloop
  endfacet
  facet normal 0.649341 0.760497 0
    outer loop
      vertex 185.808 6.80797 3
      vertex 186.178 6.49205 0
      vertex 185.808 6.80797 0
    endloop
  endfacet
  facet normal -0.649341 0.760497 0
    outer loop
      vertex 190.192 6.80797 0
      vertex 189.822 6.49205 3
      vertex 190.192 6.80797 3
    endloop
  endfacet
  facet normal -0.649341 0.760497 0
    outer loop
      vertex 189.822 6.49205 3
      vertex 190.192 6.80797 0
      vertex 189.822 6.49205 0
    endloop
  endfacet
  facet normal -0.383066 -0.923721 0
    outer loop
      vertex 188.958 11.9483 0
      vertex 189.407 11.7621 3
      vertex 188.958 11.9483 3
    endloop
  endfacet
  facet normal -0.383066 -0.923721 -0
    outer loop
      vertex 189.407 11.7621 3
      vertex 188.958 11.9483 0
      vertex 189.407 11.7621 0
    endloop
  endfacet
  facet normal -0.522286 0.85277 0
    outer loop
      vertex 189.822 6.49205 0
      vertex 189.407 6.23788 3
      vertex 189.822 6.49205 3
    endloop
  endfacet
  facet normal -0.522286 0.85277 0
    outer loop
      vertex 189.407 6.23788 3
      vertex 189.822 6.49205 0
      vertex 189.407 6.23788 0
    endloop
  endfacet
  facet normal 0.233451 0.972369 -0
    outer loop
      vertex 187.515 5.93817 0
      vertex 187.042 6.05173 3
      vertex 187.515 5.93817 3
    endloop
  endfacet
  facet normal 0.233451 0.972369 0
    outer loop
      vertex 187.042 6.05173 3
      vertex 187.515 5.93817 0
      vertex 187.042 6.05173 0
    endloop
  endfacet
  facet normal 0.0784584 0.996917 -0
    outer loop
      vertex 188 5.9 0
      vertex 187.515 5.93817 3
      vertex 188 5.9 3
    endloop
  endfacet
  facet normal 0.0784584 0.996917 0
    outer loop
      vertex 187.515 5.93817 3
      vertex 188 5.9 0
      vertex 187.515 5.93817 0
    endloop
  endfacet
  facet normal 0.996944 -0.0781191 0
    outer loop
      vertex 184.9 9 3
      vertex 184.938 9.48495 0
      vertex 184.938 9.48495 3
    endloop
  endfacet
  facet normal 0.996944 -0.0781191 0
    outer loop
      vertex 184.938 9.48495 0
      vertex 184.9 9 3
      vertex 184.9 9 0
    endloop
  endfacet
  facet normal -0.923993 0.38241 0
    outer loop
      vertex 190.762 7.59263 0
      vertex 190.948 8.04205 3
      vertex 190.948 8.04205 0
    endloop
  endfacet
  facet normal -0.923993 0.38241 0
    outer loop
      vertex 190.948 8.04205 3
      vertex 190.762 7.59263 0
      vertex 190.762 7.59263 3
    endloop
  endfacet
  facet normal 0.852792 0.522252 0
    outer loop
      vertex 185.492 7.17787 3
      vertex 185.238 7.59263 0
      vertex 185.238 7.59263 3
    endloop
  endfacet
  facet normal 0.852792 0.522252 0
    outer loop
      vertex 185.238 7.59263 0
      vertex 185.492 7.17787 3
      vertex 185.492 7.17787 0
    endloop
  endfacet
  facet normal -0.0784584 0.996917 0
    outer loop
      vertex 188.485 5.93817 0
      vertex 188 5.9 3
      vertex 188.485 5.93817 3
    endloop
  endfacet
  facet normal -0.0784584 0.996917 0
    outer loop
      vertex 188 5.9 3
      vertex 188.485 5.93817 0
      vertex 188 5.9 0
    endloop
  endfacet
  facet normal 0.852758 -0.522306 0
    outer loop
      vertex 185.238 10.4074 3
      vertex 185.492 10.8221 0
      vertex 185.492 10.8221 3
    endloop
  endfacet
  facet normal 0.852758 -0.522306 0
    outer loop
      vertex 185.492 10.8221 0
      vertex 185.238 10.4074 3
      vertex 185.238 10.4074 0
    endloop
  endfacet
  facet normal 0.649436 -0.760416 0
    outer loop
      vertex 185.808 11.192 0
      vertex 186.178 11.508 3
      vertex 185.808 11.192 3
    endloop
  endfacet
  facet normal 0.649436 -0.760416 0
    outer loop
      vertex 186.178 11.508 3
      vertex 185.808 11.192 0
      vertex 186.178 11.508 0
    endloop
  endfacet
  facet normal 0.923993 0.38241 0
    outer loop
      vertex 185.238 7.59263 3
      vertex 185.052 8.04205 0
      vertex 185.052 8.04205 3
    endloop
  endfacet
  facet normal 0.923993 0.38241 0
    outer loop
      vertex 185.052 8.04205 0
      vertex 185.238 7.59263 3
      vertex 185.238 7.59263 0
    endloop
  endfacet
  facet normal 0 0 -1
    outer loop
      vertex 189.7 9 3
      vertex 191.1 9 3
      vertex 191.062 8.51505 3
    endloop
  endfacet
  facet normal 0 0 -1
    outer loop
      vertex 189.679 8.73406 3
      vertex 191.062 8.51505 3
      vertex 190.948 8.04205 3
    endloop
  endfacet
  facet normal 0 0 -1
    outer loop
      vertex 191.1 9 3
      vertex 189.7 9 3
      vertex 191.062 9.48495 3
    endloop
  endfacet
  facet normal 0 0 -1
    outer loop
      vertex 189.617 8.47467 3
      vertex 190.948 8.04205 3
      vertex 190.762 7.59263 3
    endloop
  endfacet
  facet normal 0 0 -1
    outer loop
      vertex 189.679 9.26594 3
      vertex 191.062 9.48495 3
      vertex 189.7 9 3
    endloop
  endfacet
  facet normal 0 0 -1
    outer loop
      vertex 189.515 8.22822 3
      vertex 190.762 7.59263 3
      vertex 190.508 7.17787 3
    endloop
  endfacet
  facet normal -0 0 -1
    outer loop
      vertex 191.062 9.48495 3
      vertex 189.679 9.26594 3
      vertex 190.948 9.95795 3
    endloop
  endfacet
  facet normal 0 0 -1
    outer loop
      vertex 189.375 8.00077 3
      vertex 190.508 7.17787 3
      vertex 190.192 6.80797 3
    endloop
  endfacet
  facet normal 0 0 -1
    outer loop
      vertex 189.617 9.52533 3
      vertex 190.948 9.95795 3
      vertex 189.679 9.26594 3
    endloop
  endfacet
  facet normal 0 0 -1
    outer loop
      vertex 189.202 7.79792 3
      vertex 190.192 6.80797 3
      vertex 189.822 6.49205 3
    endloop
  endfacet
  facet normal -0 0 -1
    outer loop
      vertex 190.948 9.95795 3
      vertex 189.617 9.52533 3
      vertex 190.762 10.4074 3
    endloop
  endfacet
  facet normal 0 0 -1
    outer loop
      vertex 189.515 9.77178 3
      vertex 190.762 10.4074 3
      vertex 189.617 9.52533 3
    endloop
  endfacet
  facet normal 0 0 -1
    outer loop
      vertex 191.062 8.51505 3
      vertex 189.679 8.73406 3
      vertex 189.7 9 3
    endloop
  endfacet
  facet normal 0 0 -1
    outer loop
      vertex 190.948 8.04205 3
      vertex 189.617 8.47467 3
      vertex 189.679 8.73406 3
    endloop
  endfacet
  facet normal 0 0 -1
    outer loop
      vertex 190.762 7.59263 3
      vertex 189.515 8.22822 3
      vertex 189.617 8.47467 3
    endloop
  endfacet
  facet normal 0 0 -1
    outer loop
      vertex 188.999 7.62467 3
      vertex 189.822 6.49205 3
      vertex 189.407 6.23788 3
    endloop
  endfacet
  facet normal 0 0 -1
    outer loop
      vertex 190.508 7.17787 3
      vertex 189.375 8.00077 3
      vertex 189.515 8.22822 3
    endloop
  endfacet
  facet normal 0 0 -1
    outer loop
      vertex 190.192 6.80797 3
      vertex 189.202 7.79792 3
      vertex 189.375 8.00077 3
    endloop
  endfacet
  facet normal 0 0 -1
    outer loop
      vertex 189.822 6.49205 3
      vertex 188.999 7.62467 3
      vertex 189.202 7.79792 3
    endloop
  endfacet
  facet normal 0 0 -1
    outer loop
      vertex 188.772 7.48529 3
      vertex 189.407 6.23788 3
      vertex 188.958 6.05173 3
    endloop
  endfacet
  facet normal 0 0 -1
    outer loop
      vertex 189.407 6.23788 3
      vertex 188.772 7.48529 3
      vertex 188.999 7.62467 3
    endloop
  endfacet
  facet normal 0 0 -1
    outer loop
      vertex 188.958 6.05173 3
      vertex 188.525 7.3832 3
      vertex 188.772 7.48529 3
    endloop
  endfacet
  facet normal 0 0 -1
    outer loop
      vertex 188.485 5.93817 3
      vertex 188.525 7.3832 3
      vertex 188.958 6.05173 3
    endloop
  endfacet
  facet normal 0 0 -1
    outer loop
      vertex 188.485 5.93817 3
      vertex 188.266 7.32093 3
      vertex 188.525 7.3832 3
    endloop
  endfacet
  facet normal 0 0 -1
    outer loop
      vertex 188 5.9 3
      vertex 188.266 7.32093 3
      vertex 188.485 5.93817 3
    endloop
  endfacet
  facet normal 0 0 -1
    outer loop
      vertex 188 5.9 3
      vertex 188 7.3 3
      vertex 188.266 7.32093 3
    endloop
  endfacet
  facet normal 0 0 -1
    outer loop
      vertex 188 5.9 3
      vertex 187.734 7.32093 3
      vertex 188 7.3 3
    endloop
  endfacet
  facet normal 0 0 -1
    outer loop
      vertex 187.515 5.93817 3
      vertex 187.734 7.32093 3
      vertex 188 5.9 3
    endloop
  endfacet
  facet normal 0 0 -1
    outer loop
      vertex 187.515 5.93817 3
      vertex 187.475 7.3832 3
      vertex 187.734 7.32093 3
    endloop
  endfacet
  facet normal 0 0 -1
    outer loop
      vertex 187.042 6.05173 3
      vertex 187.475 7.3832 3
      vertex 187.515 5.93817 3
    endloop
  endfacet
  facet normal -0 0 -1
    outer loop
      vertex 187.475 7.3832 3
      vertex 187.042 6.05173 3
      vertex 187.228 7.48529 3
    endloop
  endfacet
  facet normal 0 0 -1
    outer loop
      vertex 186.593 6.23788 3
      vertex 187.228 7.48529 3
      vertex 187.042 6.05173 3
    endloop
  endfacet
  facet normal -0 0 -1
    outer loop
      vertex 187.228 7.48529 3
      vertex 186.593 6.23788 3
      vertex 187.001 7.62467 3
    endloop
  endfacet
  facet normal 0 0 -1
    outer loop
      vertex 186.178 6.49205 3
      vertex 187.001 7.62467 3
      vertex 186.593 6.23788 3
    endloop
  endfacet
  facet normal -0 0 -1
    outer loop
      vertex 187.001 7.62467 3
      vertex 186.178 6.49205 3
      vertex 186.798 7.79792 3
    endloop
  endfacet
  facet normal 0 0 -1
    outer loop
      vertex 185.808 6.80797 3
      vertex 186.798 7.79792 3
      vertex 186.178 6.49205 3
    endloop
  endfacet
  facet normal -0 0 -1
    outer loop
      vertex 186.798 7.79792 3
      vertex 185.808 6.80797 3
      vertex 186.625 8.00077 3
    endloop
  endfacet
  facet normal 0 0 -1
    outer loop
      vertex 185.492 7.17787 3
      vertex 186.625 8.00077 3
      vertex 185.808 6.80797 3
    endloop
  endfacet
  facet normal 0 0 -1
    outer loop
      vertex 185.238 7.59263 3
      vertex 186.485 8.22822 3
      vertex 185.492 7.17787 3
    endloop
  endfacet
  facet normal -0 0 -1
    outer loop
      vertex 186.625 8.00077 3
      vertex 185.492 7.17787 3
      vertex 186.485 8.22822 3
    endloop
  endfacet
  facet normal -0 0 -1
    outer loop
      vertex 190.762 10.4074 3
      vertex 189.515 9.77178 3
      vertex 190.508 10.8221 3
    endloop
  endfacet
  facet normal 0 0 -1
    outer loop
      vertex 189.375 9.99923 3
      vertex 190.508 10.8221 3
      vertex 189.515 9.77178 3
    endloop
  endfacet
  facet normal -0 0 -1
    outer loop
      vertex 190.508 10.8221 3
      vertex 189.375 9.99923 3
      vertex 190.192 11.192 3
    endloop
  endfacet
  facet normal 0 0 -1
    outer loop
      vertex 189.202 10.2021 3
      vertex 190.192 11.192 3
      vertex 189.375 9.99923 3
    endloop
  endfacet
  facet normal -0 0 -1
    outer loop
      vertex 190.192 11.192 3
      vertex 189.202 10.2021 3
      vertex 189.822 11.508 3
    endloop
  endfacet
  facet normal 0 0 -1
    outer loop
      vertex 188.999 10.3753 3
      vertex 189.822 11.508 3
      vertex 189.202 10.2021 3
    endloop
  endfacet
  facet normal -0 0 -1
    outer loop
      vertex 189.822 11.508 3
      vertex 188.999 10.3753 3
      vertex 189.407 11.7621 3
    endloop
  endfacet
  facet normal 0 0 -1
    outer loop
      vertex 188.772 10.5147 3
      vertex 189.407 11.7621 3
      vertex 188.999 10.3753 3
    endloop
  endfacet
  facet normal -0 0 -1
    outer loop
      vertex 189.407 11.7621 3
      vertex 188.772 10.5147 3
      vertex 188.958 11.9483 3
    endloop
  endfacet
  facet normal 0 0 -1
    outer loop
      vertex 188.525 10.6168 3
      vertex 188.958 11.9483 3
      vertex 188.772 10.5147 3
    endloop
  endfacet
  facet normal 0 0 -1
    outer loop
      vertex 188.525 10.6168 3
      vertex 188.485 12.0618 3
      vertex 188.958 11.9483 3
    endloop
  endfacet
  facet normal 0 0 -1
    outer loop
      vertex 188.266 10.6791 3
      vertex 188.485 12.0618 3
      vertex 188.525 10.6168 3
    endloop
  endfacet
  facet normal 0 0 -1
    outer loop
      vertex 188 10.7 3
      vertex 188.485 12.0618 3
      vertex 188.266 10.6791 3
    endloop
  endfacet
  facet normal 0 0 -1
    outer loop
      vertex 188 10.7 3
      vertex 188 12.1 3
      vertex 188.485 12.0618 3
    endloop
  endfacet
  facet normal 0 0 -1
    outer loop
      vertex 187.734 10.6791 3
      vertex 188 12.1 3
      vertex 188 10.7 3
    endloop
  endfacet
  facet normal 0 0 -1
    outer loop
      vertex 187.734 10.6791 3
      vertex 187.515 12.0618 3
      vertex 188 12.1 3
    endloop
  endfacet
  facet normal 0 0 -1
    outer loop
      vertex 187.475 10.6168 3
      vertex 187.515 12.0618 3
      vertex 187.734 10.6791 3
    endloop
  endfacet
  facet normal 0 0 -1
    outer loop
      vertex 187.042 11.9483 3
      vertex 187.475 10.6168 3
      vertex 187.228 10.5147 3
    endloop
  endfacet
  facet normal 0 0 -1
    outer loop
      vertex 187.475 10.6168 3
      vertex 187.042 11.9483 3
      vertex 187.515 12.0618 3
    endloop
  endfacet
  facet normal 0 0 -1
    outer loop
      vertex 186.593 11.7621 3
      vertex 187.228 10.5147 3
      vertex 187.001 10.3753 3
    endloop
  endfacet
  facet normal 0 0 -1
    outer loop
      vertex 186.178 11.508 3
      vertex 187.001 10.3753 3
      vertex 186.798 10.2021 3
    endloop
  endfacet
  facet normal 0 0 -1
    outer loop
      vertex 185.808 11.192 3
      vertex 186.798 10.2021 3
      vertex 186.625 9.99923 3
    endloop
  endfacet
  facet normal 0 0 -1
    outer loop
      vertex 187.228 10.5147 3
      vertex 186.593 11.7621 3
      vertex 187.042 11.9483 3
    endloop
  endfacet
  facet normal 0 0 -1
    outer loop
      vertex 185.492 10.8221 3
      vertex 186.625 9.99923 3
      vertex 186.485 9.77178 3
    endloop
  endfacet
  facet normal 0 0 -1
    outer loop
      vertex 185.238 10.4074 3
      vertex 186.485 9.77178 3
      vertex 186.383 9.52533 3
    endloop
  endfacet
  facet normal 0 0 -1
    outer loop
      vertex 185.052 9.95795 3
      vertex 186.383 9.52533 3
      vertex 186.321 9.26594 3
    endloop
  endfacet
  facet normal 0 0 -1
    outer loop
      vertex 187.001 10.3753 3
      vertex 186.178 11.508 3
      vertex 186.593 11.7621 3
    endloop
  endfacet
  facet normal 0 0 -1
    outer loop
      vertex 184.938 9.48495 3
      vertex 186.321 9.26594 3
      vertex 186.3 9 3
    endloop
  endfacet
  facet normal -0 0 -1
    outer loop
      vertex 186.485 8.22822 3
      vertex 185.238 7.59263 3
      vertex 186.383 8.47467 3
    endloop
  endfacet
  facet normal 0 0 -1
    outer loop
      vertex 185.052 8.04205 3
      vertex 186.383 8.47467 3
      vertex 185.238 7.59263 3
    endloop
  endfacet
  facet normal 0 0 -1
    outer loop
      vertex 186.798 10.2021 3
      vertex 185.808 11.192 3
      vertex 186.178 11.508 3
    endloop
  endfacet
  facet normal -0 0 -1
    outer loop
      vertex 186.383 8.47467 3
      vertex 185.052 8.04205 3
      vertex 186.321 8.73406 3
    endloop
  endfacet
  facet normal 0 0 -1
    outer loop
      vertex 186.625 9.99923 3
      vertex 185.492 10.8221 3
      vertex 185.808 11.192 3
    endloop
  endfacet
  facet normal 0 0 -1
    outer loop
      vertex 184.938 8.51505 3
      vertex 186.321 8.73406 3
      vertex 185.052 8.04205 3
    endloop
  endfacet
  facet normal 0 0 -1
    outer loop
      vertex 186.485 9.77178 3
      vertex 185.238 10.4074 3
      vertex 185.492 10.8221 3
    endloop
  endfacet
  facet normal -0 0 -1
    outer loop
      vertex 186.321 8.73406 3
      vertex 184.938 8.51505 3
      vertex 186.3 9 3
    endloop
  endfacet
  facet normal 0 0 -1
    outer loop
      vertex 186.383 9.52533 3
      vertex 185.052 9.95795 3
      vertex 185.238 10.4074 3
    endloop
  endfacet
  facet normal 0 0 -1
    outer loop
      vertex 184.9 9 3
      vertex 186.3 9 3
      vertex 184.938 8.51505 3
    endloop
  endfacet
  facet normal 0 0 -1
    outer loop
      vertex 186.321 9.26594 3
      vertex 184.938 9.48495 3
      vertex 185.052 9.95795 3
    endloop
  endfacet
  facet normal 0 0 -1
    outer loop
      vertex 186.3 9 3
      vertex 184.9 9 3
      vertex 184.938 9.48495 3
    endloop
  endfacet
  facet normal 0.522181 -0.852834 0
    outer loop
      vertex 186.178 11.508 0
      vertex 186.593 11.7621 3
      vertex 186.178 11.508 3
    endloop
  endfacet
  facet normal 0.522181 -0.852834 0
    outer loop
      vertex 186.593 11.7621 3
      vertex 186.178 11.508 0
      vertex 186.593 11.7621 0
    endloop
  endfacet
  facet normal -1 0 0
    outer loop
      vertex 171.4 21.5 0
      vertex 171.4 56.1 3
      vertex 171.4 56.1 0
    endloop
  endfacet
  facet normal -1 -0 0
    outer loop
      vertex 171.4 56.1 3
      vertex 171.4 21.5 0
      vertex 171.4 21.5 3
    endloop
  endfacet
  facet normal 1 -0 0
    outer loop
      vertex 116 21.5 3
      vertex 116 56.1 0
      vertex 116 56.1 3
    endloop
  endfacet
  facet normal 1 0 0
    outer loop
      vertex 116 56.1 0
      vertex 116 21.5 3
      vertex 116 21.5 0
    endloop
  endfacet
  facet normal 0 1 -0
    outer loop
      vertex 171.4 21.5 0
      vertex 116 21.5 3
      vertex 171.4 21.5 3
    endloop
  endfacet
  facet normal 0 1 0
    outer loop
      vertex 116 21.5 3
      vertex 171.4 21.5 0
      vertex 116 21.5 0
    endloop
  endfacet
  facet normal 0 -1 0
    outer loop
      vertex 116 56.1 0
      vertex 171.4 56.1 3
      vertex 116 56.1 3
    endloop
  endfacet
  facet normal 0 -1 -0
    outer loop
      vertex 171.4 56.1 3
      vertex 116 56.1 0
      vertex 171.4 56.1 0
    endloop
  endfacet
endsolid OpenSCAD_Model
