solid OpenSCAD_Model
  facet normal 0 0 -1
    outer loop
      vertex 5.01252 67.0742 0
      vertex 9.83565 58.0408 0
      vertex 9.77154 57.7738 0
    endloop
  endfacet
  facet normal 0 0 -1
    outer loop
      vertex 5.00981 67.0753 0
      vertex 9.77154 57.7738 0
      vertex 9.75 57.5 0
    endloop
  endfacet
  facet normal 0 0 -1
    outer loop
      vertex 9.83565 58.0408 0
      vertex 9.74224 69.4894 0
      vertex 9.78242 70 0
    endloop
  endfacet
  facet normal 0 0 -1
    outer loop
      vertex 7.99019 17.9247 0
      vertex 12.0408 55.8357 0
      vertex 8.42686 17.6571 0
    endloop
  endfacet
  facet normal 0 0 -1
    outer loop
      vertex 12.0408 55.8357 0
      vertex 7.99019 17.9247 0
      vertex 11.7738 55.7715 0
    endloop
  endfacet
  facet normal 0 0 -1
    outer loop
      vertex 9.83565 58.0408 0
      vertex 9.74201 69.4865 0
      vertex 9.74224 69.4894 0
    endloop
  endfacet
  facet normal 0 0 -1
    outer loop
      vertex 7.98748 17.9258 0
      vertex 11.7738 55.7715 0
      vertex 7.99019 17.9247 0
    endloop
  endfacet
  facet normal 0 0 -1
    outer loop
      vertex 9.83565 58.0408 0
      vertex 9.74132 69.4837 0
      vertex 9.74201 69.4865 0
    endloop
  endfacet
  facet normal 0 0 -1
    outer loop
      vertex 7.51432 18.1218 0
      vertex 11.7738 55.7715 0
      vertex 7.98748 17.9258 0
    endloop
  endfacet
  facet normal 0 0 -1
    outer loop
      vertex 9.83565 58.0408 0
      vertex 9.62176 68.9857 0
      vertex 9.74132 69.4837 0
    endloop
  endfacet
  facet normal 0 0 -1
    outer loop
      vertex 11.7738 55.7715 0
      vertex 7.51432 18.1218 0
      vertex 11.5 55.75 0
    endloop
  endfacet
  facet normal 0 0 -1
    outer loop
      vertex 9.83565 58.0408 0
      vertex 9.42578 68.5125 0
      vertex 9.62176 68.9857 0
    endloop
  endfacet
  facet normal 0 0 -1
    outer loop
      vertex 7.01633 18.2413 0
      vertex 11.5 55.75 0
      vertex 7.51432 18.1218 0
    endloop
  endfacet
  facet normal 0 0 -1
    outer loop
      vertex 9.83565 58.0408 0
      vertex 9.42465 68.5098 0
      vertex 9.42578 68.5125 0
    endloop
  endfacet
  facet normal 0 0 -1
    outer loop
      vertex 7.01348 18.242 0
      vertex 11.5 55.75 0
      vertex 7.01633 18.2413 0
    endloop
  endfacet
  facet normal 0 0 -1
    outer loop
      vertex 9.83565 58.0408 0
      vertex 9.15706 68.0731 0
      vertex 9.42465 68.5098 0
    endloop
  endfacet
  facet normal -0 0 -1
    outer loop
      vertex 11.5 55.75 0
      vertex 7.01348 18.242 0
      vertex 11.2262 55.7715 0
    endloop
  endfacet
  facet normal 0 0 -1
    outer loop
      vertex 9.83565 58.0408 0
      vertex 9.15553 68.0706 0
      vertex 9.15706 68.0731 0
    endloop
  endfacet
  facet normal 0 0 -1
    outer loop
      vertex 7.01056 18.2422 0
      vertex 11.2262 55.7715 0
      vertex 7.01348 18.242 0
    endloop
  endfacet
  facet normal 0 0 -1
    outer loop
      vertex 9.83565 58.0408 0
      vertex 8.82292 67.6812 0
      vertex 9.15553 68.0706 0
    endloop
  endfacet
  facet normal 0 0 -1
    outer loop
      vertex 6.5 18.2824 0
      vertex 11.2262 55.7715 0
      vertex 7.01056 18.2422 0
    endloop
  endfacet
  facet normal 0 0 -1
    outer loop
      vertex 9.83565 58.0408 0
      vertex 8.82102 67.679 0
      vertex 8.82292 67.6812 0
    endloop
  endfacet
  facet normal -0 0 -1
    outer loop
      vertex 11.2262 55.7715 0
      vertex 6.5 18.2824 0
      vertex 10.9592 55.8357 0
    endloop
  endfacet
  facet normal 0 0 -1
    outer loop
      vertex 9.83565 58.0408 0
      vertex 8.81879 67.6771 0
      vertex 8.82102 67.679 0
    endloop
  endfacet
  facet normal 0 0 -1
    outer loop
      vertex 5.98944 18.2422 0
      vertex 10.9592 55.8357 0
      vertex 6.5 18.2824 0
    endloop
  endfacet
  facet normal 0 0 -1
    outer loop
      vertex 9.83565 58.0408 0
      vertex 8.42936 67.3445 0
      vertex 8.81879 67.6771 0
    endloop
  endfacet
  facet normal 0 0 -1
    outer loop
      vertex 5.98652 18.242 0
      vertex 10.9592 55.8357 0
      vertex 5.98944 18.2422 0
    endloop
  endfacet
  facet normal 0 0 -1
    outer loop
      vertex 9.83565 58.0408 0
      vertex 8.42686 67.3429 0
      vertex 8.42936 67.3445 0
    endloop
  endfacet
  facet normal -0 0 -1
    outer loop
      vertex 10.9592 55.8357 0
      vertex 5.98652 18.242 0
      vertex 10.7055 55.9407 0
    endloop
  endfacet
  facet normal 0 0 -1
    outer loop
      vertex 9.83565 58.0408 0
      vertex 7.99019 67.0753 0
      vertex 8.42686 67.3429 0
    endloop
  endfacet
  facet normal 0 0 -1
    outer loop
      vertex 5.98367 18.2413 0
      vertex 10.7055 55.9407 0
      vertex 5.98652 18.242 0
    endloop
  endfacet
  facet normal 0 0 -1
    outer loop
      vertex 9.83565 58.0408 0
      vertex 7.98748 67.0742 0
      vertex 7.99019 67.0753 0
    endloop
  endfacet
  facet normal 0 0 -1
    outer loop
      vertex 5.48568 18.1218 0
      vertex 10.7055 55.9407 0
      vertex 5.98367 18.2413 0
    endloop
  endfacet
  facet normal 0 0 -1
    outer loop
      vertex 9.83565 58.0408 0
      vertex 7.51432 66.8782 0
      vertex 7.98748 67.0742 0
    endloop
  endfacet
  facet normal -0 0 -1
    outer loop
      vertex 10.7055 55.9407 0
      vertex 5.48568 18.1218 0
      vertex 10.4714 56.0842 0
    endloop
  endfacet
  facet normal 0 0 -1
    outer loop
      vertex 9.83565 58.0408 0
      vertex 7.01633 66.7587 0
      vertex 7.51432 66.8782 0
    endloop
  endfacet
  facet normal 0 0 -1
    outer loop
      vertex 5.01252 17.9258 0
      vertex 10.4714 56.0842 0
      vertex 5.48568 18.1218 0
    endloop
  endfacet
  facet normal 0 0 -1
    outer loop
      vertex 9.83565 58.0408 0
      vertex 7.01348 66.758 0
      vertex 7.01633 66.7587 0
    endloop
  endfacet
  facet normal 0 0 -1
    outer loop
      vertex 5.00981 17.9247 0
      vertex 10.4714 56.0842 0
      vertex 5.01252 17.9258 0
    endloop
  endfacet
  facet normal 0 0 -1
    outer loop
      vertex 9.83565 58.0408 0
      vertex 7.01056 66.7578 0
      vertex 7.01348 66.758 0
    endloop
  endfacet
  facet normal -0 0 -1
    outer loop
      vertex 10.4714 56.0842 0
      vertex 5.00981 17.9247 0
      vertex 10.2626 56.2626 0
    endloop
  endfacet
  facet normal 0 0 -1
    outer loop
      vertex 9.83565 58.0408 0
      vertex 6.5 66.7176 0
      vertex 7.01056 66.7578 0
    endloop
  endfacet
  facet normal 0 0 -1
    outer loop
      vertex 4.57314 17.6571 0
      vertex 10.2626 56.2626 0
      vertex 5.00981 17.9247 0
    endloop
  endfacet
  facet normal 0 0 -1
    outer loop
      vertex 9.83565 58.0408 0
      vertex 5.98944 66.7578 0
      vertex 6.5 66.7176 0
    endloop
  endfacet
  facet normal 0 0 -1
    outer loop
      vertex 4.57064 17.6555 0
      vertex 10.2626 56.2626 0
      vertex 4.57314 17.6571 0
    endloop
  endfacet
  facet normal 0 0 -1
    outer loop
      vertex 9.83565 58.0408 0
      vertex 5.98652 66.758 0
      vertex 5.98944 66.7578 0
    endloop
  endfacet
  facet normal -0 0 -1
    outer loop
      vertex 10.2626 56.2626 0
      vertex 4.57064 17.6555 0
      vertex 10.0842 56.4714 0
    endloop
  endfacet
  facet normal 0 0 -1
    outer loop
      vertex 9.83565 58.0408 0
      vertex 5.98367 66.7587 0
      vertex 5.98652 66.758 0
    endloop
  endfacet
  facet normal 0 0 -1
    outer loop
      vertex 4.18121 17.3229 0
      vertex 10.0842 56.4714 0
      vertex 4.57064 17.6555 0
    endloop
  endfacet
  facet normal 0 0 -1
    outer loop
      vertex 9.83565 58.0408 0
      vertex 5.48568 66.8782 0
      vertex 5.98367 66.7587 0
    endloop
  endfacet
  facet normal 0 0 -1
    outer loop
      vertex 4.17898 17.321 0
      vertex 10.0842 56.4714 0
      vertex 4.18121 17.3229 0
    endloop
  endfacet
  facet normal 0 0 -1
    outer loop
      vertex 9.83565 58.0408 0
      vertex 5.01252 67.0742 0
      vertex 5.48568 66.8782 0
    endloop
  endfacet
  facet normal -0 0 -1
    outer loop
      vertex 10.0842 56.4714 0
      vertex 4.17898 17.321 0
      vertex 9.94074 56.7055 0
    endloop
  endfacet
  facet normal 0 0 -1
    outer loop
      vertex 9.77154 57.7738 0
      vertex 5.00981 67.0753 0
      vertex 5.01252 67.0742 0
    endloop
  endfacet
  facet normal 0 0 -1
    outer loop
      vertex 4.17708 17.3188 0
      vertex 9.94074 56.7055 0
      vertex 4.17898 17.321 0
    endloop
  endfacet
  facet normal 0 0 -1
    outer loop
      vertex 9.75 57.5 0
      vertex 4.57314 67.3429 0
      vertex 5.00981 67.0753 0
    endloop
  endfacet
  facet normal 0 0 -1
    outer loop
      vertex 3.84447 16.9294 0
      vertex 9.94074 56.7055 0
      vertex 4.17708 17.3188 0
    endloop
  endfacet
  facet normal 0 0 -1
    outer loop
      vertex 9.75 57.5 0
      vertex 4.57064 67.3445 0
      vertex 4.57314 67.3429 0
    endloop
  endfacet
  facet normal -0 0 -1
    outer loop
      vertex 9.94074 56.7055 0
      vertex 3.84447 16.9294 0
      vertex 9.83565 56.9592 0
    endloop
  endfacet
  facet normal 0 0 -1
    outer loop
      vertex 9.77154 57.2262 0
      vertex 4.57064 67.3445 0
      vertex 9.75 57.5 0
    endloop
  endfacet
  facet normal 0 0 -1
    outer loop
      vertex 3.84447 68.0706 0
      vertex 9.83565 56.9592 0
      vertex 3.84447 16.9294 0
    endloop
  endfacet
  facet normal -0 -0 -1
    outer loop
      vertex 4.57064 67.3445 0
      vertex 9.77154 57.2262 0
      vertex 4.18121 67.6771 0
    endloop
  endfacet
  facet normal -0 -0 -1
    outer loop
      vertex 4.17708 67.6812 0
      vertex 9.83565 56.9592 0
      vertex 3.84447 68.0706 0
    endloop
  endfacet
  facet normal -0 -0 -1
    outer loop
      vertex 4.18121 67.6771 0
      vertex 9.77154 57.2262 0
      vertex 4.17898 67.679 0
    endloop
  endfacet
  facet normal -0 -0 -1
    outer loop
      vertex 4.17898 67.679 0
      vertex 9.83565 56.9592 0
      vertex 4.17708 67.6812 0
    endloop
  endfacet
  facet normal 0 0 -1
    outer loop
      vertex 9.83565 56.9592 0
      vertex 4.17898 67.679 0
      vertex 9.77154 57.2262 0
    endloop
  endfacet
  facet normal 0 0 -1
    outer loop
      vertex 3.84294 16.9269 0
      vertex 3.84447 68.0706 0
      vertex 3.84447 16.9294 0
    endloop
  endfacet
  facet normal 0 0 -1
    outer loop
      vertex 3.84294 16.9269 0
      vertex 3.84294 68.0731 0
      vertex 3.84447 68.0706 0
    endloop
  endfacet
  facet normal 0 0 -1
    outer loop
      vertex 3.57534 16.4902 0
      vertex 3.84294 68.0731 0
      vertex 3.84294 16.9269 0
    endloop
  endfacet
  facet normal 0 0 -1
    outer loop
      vertex 3.57534 16.4902 0
      vertex 3.57534 68.5098 0
      vertex 3.84294 68.0731 0
    endloop
  endfacet
  facet normal 0 0 -1
    outer loop
      vertex 3.57422 16.4875 0
      vertex 3.57534 68.5098 0
      vertex 3.57534 16.4902 0
    endloop
  endfacet
  facet normal 0 0 -1
    outer loop
      vertex 3.57422 16.4875 0
      vertex 3.57422 68.5125 0
      vertex 3.57534 68.5098 0
    endloop
  endfacet
  facet normal 0 0 -1
    outer loop
      vertex 3.37824 16.0143 0
      vertex 3.57422 68.5125 0
      vertex 3.57422 16.4875 0
    endloop
  endfacet
  facet normal 0 0 -1
    outer loop
      vertex 3.37824 16.0143 0
      vertex 3.37824 68.9857 0
      vertex 3.57422 68.5125 0
    endloop
  endfacet
  facet normal 0 0 -1
    outer loop
      vertex 3.3 15.6884 0
      vertex 3.37824 68.9857 0
      vertex 3.37824 16.0143 0
    endloop
  endfacet
  facet normal -0 0 -1
    outer loop
      vertex 3.37824 68.9857 0
      vertex 3.3 15.6884 0
      vertex 3.3 69.3116 0
    endloop
  endfacet
  facet normal 0 0 -1
    outer loop
      vertex 67.9407 9.29448 0
      vertex 13.0593 9.29448 0
      vertex 68.0842 9.52862 0
    endloop
  endfacet
  facet normal 0 0 -1
    outer loop
      vertex 68.0842 56.4714 0
      vertex 13.2285 57.2262 0
      vertex 13.25 57.5 0
    endloop
  endfacet
  facet normal 0 0 -1
    outer loop
      vertex 12.9158 9.52862 0
      vertex 68.0842 9.52862 0
      vertex 13.0593 9.29448 0
    endloop
  endfacet
  facet normal 0 0 -1
    outer loop
      vertex 68.0842 56.4714 0
      vertex 13.1643 56.9592 0
      vertex 13.2285 57.2262 0
    endloop
  endfacet
  facet normal 0 0 -1
    outer loop
      vertex 9.74132 15.5163 0
      vertex 12.7374 9.73744 0
      vertex 9.74201 15.5135 0
    endloop
  endfacet
  facet normal 0 0 -1
    outer loop
      vertex 68.0842 56.4714 0
      vertex 13.0593 56.7055 0
      vertex 13.1643 56.9592 0
    endloop
  endfacet
  facet normal 0 0 -1
    outer loop
      vertex 12.7374 9.73744 0
      vertex 9.74132 15.5163 0
      vertex 12.9158 9.52862 0
    endloop
  endfacet
  facet normal 0 0 -1
    outer loop
      vertex 68.0842 56.4714 0
      vertex 12.9158 56.4714 0
      vertex 13.0593 56.7055 0
    endloop
  endfacet
  facet normal 0 0 -1
    outer loop
      vertex 9.74201 15.5135 0
      vertex 12.7374 9.73744 0
      vertex 9.74224 15.5106 0
    endloop
  endfacet
  facet normal 0 0 -1
    outer loop
      vertex 9.62176 16.0143 0
      vertex 12.9158 9.52862 0
      vertex 9.74132 15.5163 0
    endloop
  endfacet
  facet normal 0 0 -1
    outer loop
      vertex 9.74224 15.5106 0
      vertex 12.7374 9.73744 0
      vertex 12.5286 9.91578 0
    endloop
  endfacet
  facet normal 0 0 -1
    outer loop
      vertex 12.9158 9.52862 0
      vertex 9.62176 16.0143 0
      vertex 68.0842 9.52862 0
    endloop
  endfacet
  facet normal 0 0 -1
    outer loop
      vertex 9.78242 15 0
      vertex 12.5286 9.91578 0
      vertex 12.2945 10.0593 0
    endloop
  endfacet
  facet normal 0 0 -1
    outer loop
      vertex 9.42578 16.4875 0
      vertex 68.0842 9.52862 0
      vertex 9.62176 16.0143 0
    endloop
  endfacet
  facet normal 0 0 -1
    outer loop
      vertex 9.74201 14.4865 0
      vertex 12.2945 10.0593 0
      vertex 12.0408 10.1643 0
    endloop
  endfacet
  facet normal 0 0 -1
    outer loop
      vertex 9.42465 16.4902 0
      vertex 68.0842 9.52862 0
      vertex 9.42578 16.4875 0
    endloop
  endfacet
  facet normal 0 0 -1
    outer loop
      vertex 9.62176 13.9857 0
      vertex 12.0408 10.1643 0
      vertex 11.7738 10.2285 0
    endloop
  endfacet
  facet normal 0 0 -1
    outer loop
      vertex 68.0842 9.52862 0
      vertex 9.42465 16.4902 0
      vertex 68.0842 56.4714 0
    endloop
  endfacet
  facet normal 0 0 -1
    outer loop
      vertex 9.42578 13.5125 0
      vertex 11.7738 10.2285 0
      vertex 11.5 10.25 0
    endloop
  endfacet
  facet normal -0 0 -1
    outer loop
      vertex 68.0842 56.4714 0
      vertex 9.42465 16.4902 0
      vertex 12.9158 56.4714 0
    endloop
  endfacet
  facet normal 0 0 -1
    outer loop
      vertex 9.42465 13.5098 0
      vertex 11.5 10.25 0
      vertex 11.2262 10.2285 0
    endloop
  endfacet
  facet normal 0 0 -1
    outer loop
      vertex 12.9158 56.4714 0
      vertex 9.42465 16.4902 0
      vertex 12.7374 56.2626 0
    endloop
  endfacet
  facet normal 0 0 -1
    outer loop
      vertex 9.15553 13.0706 0
      vertex 11.2262 10.2285 0
      vertex 10.9592 10.1643 0
    endloop
  endfacet
  facet normal 0 0 -1
    outer loop
      vertex 9.15706 16.9269 0
      vertex 12.7374 56.2626 0
      vertex 9.42465 16.4902 0
    endloop
  endfacet
  facet normal 0 0 -1
    outer loop
      vertex 8.82292 12.6812 0
      vertex 10.9592 10.1643 0
      vertex 10.7055 10.0593 0
    endloop
  endfacet
  facet normal 0 0 -1
    outer loop
      vertex 9.15553 16.9294 0
      vertex 12.7374 56.2626 0
      vertex 9.15706 16.9269 0
    endloop
  endfacet
  facet normal 0 0 -1
    outer loop
      vertex 8.81879 12.6771 0
      vertex 10.7055 10.0593 0
      vertex 10.4714 9.91578 0
    endloop
  endfacet
  facet normal 0 0 -1
    outer loop
      vertex 12.7374 56.2626 0
      vertex 9.15553 16.9294 0
      vertex 12.5286 56.0842 0
    endloop
  endfacet
  facet normal 0 0 -1
    outer loop
      vertex 8.42936 12.3445 0
      vertex 10.4714 9.91578 0
      vertex 10.2626 9.73744 0
    endloop
  endfacet
  facet normal 0 0 -1
    outer loop
      vertex 12.5286 9.91578 0
      vertex 9.78242 15 0
      vertex 9.74224 15.5106 0
    endloop
  endfacet
  facet normal 0 0 -1
    outer loop
      vertex 7.99019 12.0753 0
      vertex 10.2626 9.73744 0
      vertex 10.0842 9.52862 0
    endloop
  endfacet
  facet normal 0 0 -1
    outer loop
      vertex 8.82292 17.3188 0
      vertex 12.5286 56.0842 0
      vertex 9.15553 16.9294 0
    endloop
  endfacet
  facet normal 0 0 -1
    outer loop
      vertex 7.98748 12.0742 0
      vertex 10.0842 9.52862 0
      vertex 9.94074 9.29448 0
    endloop
  endfacet
  facet normal 0 0 -1
    outer loop
      vertex 8.82102 17.321 0
      vertex 12.5286 56.0842 0
      vertex 8.82292 17.3188 0
    endloop
  endfacet
  facet normal 0 0 -1
    outer loop
      vertex 7.51432 11.8782 0
      vertex 9.94074 9.29448 0
      vertex 9.83565 9.04078 0
    endloop
  endfacet
  facet normal 0 0 -1
    outer loop
      vertex 12.5286 56.0842 0
      vertex 8.82102 17.321 0
      vertex 12.2945 55.9407 0
    endloop
  endfacet
  facet normal 0 0 -1
    outer loop
      vertex 8.81879 17.3229 0
      vertex 12.2945 55.9407 0
      vertex 8.82102 17.321 0
    endloop
  endfacet
  facet normal 0 0 -1
    outer loop
      vertex 7.01348 11.758 0
      vertex 9.83565 9.04078 0
      vertex 9.77154 8.77376 0
    endloop
  endfacet
  facet normal 0 0 -1
    outer loop
      vertex 6.5 11.7176 0
      vertex 9.77154 8.77376 0
      vertex 9.75 8.5 0
    endloop
  endfacet
  facet normal 0 0 -1
    outer loop
      vertex 12.2945 10.0593 0
      vertex 9.74224 14.4894 0
      vertex 9.78242 15 0
    endloop
  endfacet
  facet normal 0 0 -1
    outer loop
      vertex 70.9158 9.52862 0
      vertex 99.3129 66.0246 0
      vertex 71.0593 9.29448 0
    endloop
  endfacet
  facet normal 0 0 -1
    outer loop
      vertex 98.6871 66.0246 0
      vertex 71.2285 57.2262 0
      vertex 71.25 57.5 0
    endloop
  endfacet
  facet normal 0 0 -1
    outer loop
      vertex 99.3129 66.0246 0
      vertex 70.9158 9.52862 0
      vertex 99 66 0
    endloop
  endfacet
  facet normal 0 0 -1
    outer loop
      vertex 98.6871 66.0246 0
      vertex 71.1644 56.9592 0
      vertex 71.2285 57.2262 0
    endloop
  endfacet
  facet normal 0 0 -1
    outer loop
      vertex 70.7374 9.73744 0
      vertex 99 66 0
      vertex 70.9158 9.52862 0
    endloop
  endfacet
  facet normal 0 0 -1
    outer loop
      vertex 98.6871 66.0246 0
      vertex 71.0593 56.7055 0
      vertex 71.1644 56.9592 0
    endloop
  endfacet
  facet normal -0 0 -1
    outer loop
      vertex 99 66 0
      vertex 70.7374 9.73744 0
      vertex 98.6871 66.0246 0
    endloop
  endfacet
  facet normal 0 0 -1
    outer loop
      vertex 98.6871 66.0246 0
      vertex 70.9158 56.4714 0
      vertex 71.0593 56.7055 0
    endloop
  endfacet
  facet normal 0 0 -1
    outer loop
      vertex 70.7374 56.2626 0
      vertex 98.6871 66.0246 0
      vertex 70.7374 9.73744 0
    endloop
  endfacet
  facet normal 0 0 -1
    outer loop
      vertex 98.6871 66.0246 0
      vertex 70.7374 56.2626 0
      vertex 70.9158 56.4714 0
    endloop
  endfacet
  facet normal 0 0 -1
    outer loop
      vertex 70.5286 9.91578 0
      vertex 70.7374 56.2626 0
      vertex 70.7374 9.73744 0
    endloop
  endfacet
  facet normal 0 0 -1
    outer loop
      vertex 70.5286 9.91578 0
      vertex 70.5286 56.0842 0
      vertex 70.7374 56.2626 0
    endloop
  endfacet
  facet normal 0 0 -1
    outer loop
      vertex 70.2945 10.0593 0
      vertex 70.5286 56.0842 0
      vertex 70.5286 9.91578 0
    endloop
  endfacet
  facet normal 0 0 -1
    outer loop
      vertex 70.2945 10.0593 0
      vertex 70.2945 55.9407 0
      vertex 70.5286 56.0842 0
    endloop
  endfacet
  facet normal 0 0 -1
    outer loop
      vertex 70.0408 10.1643 0
      vertex 70.2945 55.9407 0
      vertex 70.2945 10.0593 0
    endloop
  endfacet
  facet normal 0 0 -1
    outer loop
      vertex 70.0408 10.1643 0
      vertex 70.0408 55.8357 0
      vertex 70.2945 55.9407 0
    endloop
  endfacet
  facet normal 0 0 -1
    outer loop
      vertex 69.7738 10.2285 0
      vertex 70.0408 55.8357 0
      vertex 70.0408 10.1643 0
    endloop
  endfacet
  facet normal 0 0 -1
    outer loop
      vertex 69.7738 10.2285 0
      vertex 69.7738 55.7715 0
      vertex 70.0408 55.8357 0
    endloop
  endfacet
  facet normal 0 0 -1
    outer loop
      vertex 69.5 10.25 0
      vertex 69.7738 55.7715 0
      vertex 69.7738 10.2285 0
    endloop
  endfacet
  facet normal 0 0 -1
    outer loop
      vertex 69.5 10.25 0
      vertex 69.5 55.75 0
      vertex 69.7738 55.7715 0
    endloop
  endfacet
  facet normal 0 0 -1
    outer loop
      vertex 69.2262 10.2285 0
      vertex 69.5 55.75 0
      vertex 69.5 10.25 0
    endloop
  endfacet
  facet normal 0 0 -1
    outer loop
      vertex 69.2262 10.2285 0
      vertex 69.2262 55.7715 0
      vertex 69.5 55.75 0
    endloop
  endfacet
  facet normal 0 0 -1
    outer loop
      vertex 68.9592 10.1643 0
      vertex 69.2262 55.7715 0
      vertex 69.2262 10.2285 0
    endloop
  endfacet
  facet normal 0 0 -1
    outer loop
      vertex 68.9592 10.1643 0
      vertex 68.9592 55.8357 0
      vertex 69.2262 55.7715 0
    endloop
  endfacet
  facet normal 0 0 -1
    outer loop
      vertex 68.7055 10.0593 0
      vertex 68.9592 55.8357 0
      vertex 68.9592 10.1643 0
    endloop
  endfacet
  facet normal 0 0 -1
    outer loop
      vertex 68.7055 10.0593 0
      vertex 68.7055 55.9407 0
      vertex 68.9592 55.8357 0
    endloop
  endfacet
  facet normal 0 0 -1
    outer loop
      vertex 68.4714 9.91578 0
      vertex 68.7055 55.9407 0
      vertex 68.7055 10.0593 0
    endloop
  endfacet
  facet normal 0 0 -1
    outer loop
      vertex 68.4714 9.91578 0
      vertex 68.4714 56.0842 0
      vertex 68.7055 55.9407 0
    endloop
  endfacet
  facet normal 0 0 -1
    outer loop
      vertex 68.2626 9.73744 0
      vertex 68.4714 56.0842 0
      vertex 68.4714 9.91578 0
    endloop
  endfacet
  facet normal 0 0 -1
    outer loop
      vertex 68.2626 9.73744 0
      vertex 68.2626 56.2626 0
      vertex 68.4714 56.0842 0
    endloop
  endfacet
  facet normal 0 0 -1
    outer loop
      vertex 68.0842 9.52862 0
      vertex 68.2626 56.2626 0
      vertex 68.2626 9.73744 0
    endloop
  endfacet
  facet normal 0 0 -1
    outer loop
      vertex 68.0842 9.52862 0
      vertex 68.0842 56.4714 0
      vertex 68.2626 56.2626 0
    endloop
  endfacet
  facet normal 0 0 -1
    outer loop
      vertex 13.1643 9.04078 0
      vertex 67.8356 9.04078 0
      vertex 13.2285 8.77376 0
    endloop
  endfacet
  facet normal 0 0 -1
    outer loop
      vertex 67.8356 9.04078 0
      vertex 13.1643 9.04078 0
      vertex 67.9407 9.29448 0
    endloop
  endfacet
  facet normal 0 0 -1
    outer loop
      vertex 67.7715 8.77376 0
      vertex 13.2285 8.77376 0
      vertex 67.8356 9.04078 0
    endloop
  endfacet
  facet normal 0 0 -1
    outer loop
      vertex 13.0593 9.29448 0
      vertex 67.9407 9.29448 0
      vertex 13.1643 9.04078 0
    endloop
  endfacet
  facet normal 0 0 -1
    outer loop
      vertex 13.2285 8.77376 0
      vertex 67.7715 8.77376 0
      vertex 13.25 8.5 0
    endloop
  endfacet
  facet normal 0 0 -1
    outer loop
      vertex 68.0842 56.4714 0
      vertex 13.25 57.5 0
      vertex 67.9407 56.7055 0
    endloop
  endfacet
  facet normal 0 0 -1
    outer loop
      vertex 13.25 8.5 0
      vertex 67.7715 8.77376 0
      vertex 67.75 8.5 0
    endloop
  endfacet
  facet normal 0 0 -1
    outer loop
      vertex 67.9407 56.7055 0
      vertex 13.25 57.5 0
      vertex 67.8356 56.9592 0
    endloop
  endfacet
  facet normal 0 0 -1
    outer loop
      vertex 188.618 10.9021 0
      vertex 195.218 15 0
      vertex 188.908 10.782 0
    endloop
  endfacet
  facet normal 0 0 -1
    outer loop
      vertex 195.575 16.4902 0
      vertex 189.975 67.6871 0
      vertex 190 68 0
    endloop
  endfacet
  facet normal -0 0 -1
    outer loop
      vertex 195.218 15 0
      vertex 188.618 10.9021 0
      vertex 195.258 15.5106 0
    endloop
  endfacet
  facet normal 0 0 -1
    outer loop
      vertex 195.575 16.4902 0
      vertex 189.902 67.382 0
      vertex 189.975 67.6871 0
    endloop
  endfacet
  facet normal -0 0 -1
    outer loop
      vertex 195.258 15.5106 0
      vertex 188.618 10.9021 0
      vertex 195.258 15.5135 0
    endloop
  endfacet
  facet normal 0 0 -1
    outer loop
      vertex 195.575 16.4902 0
      vertex 189.782 67.092 0
      vertex 189.902 67.382 0
    endloop
  endfacet
  facet normal 0 0 -1
    outer loop
      vertex 188.313 10.9754 0
      vertex 195.258 15.5135 0
      vertex 188.618 10.9021 0
    endloop
  endfacet
  facet normal 0 0 -1
    outer loop
      vertex 195.575 16.4902 0
      vertex 189.618 66.8244 0
      vertex 189.782 67.092 0
    endloop
  endfacet
  facet normal -0 0 -1
    outer loop
      vertex 195.258 15.5135 0
      vertex 188.313 10.9754 0
      vertex 195.259 15.5163 0
    endloop
  endfacet
  facet normal 0 0 -1
    outer loop
      vertex 195.575 16.4902 0
      vertex 189.414 66.5858 0
      vertex 189.618 66.8244 0
    endloop
  endfacet
  facet normal -0 0 -1
    outer loop
      vertex 195.259 15.5163 0
      vertex 188.313 10.9754 0
      vertex 195.378 16.0143 0
    endloop
  endfacet
  facet normal 0 0 -1
    outer loop
      vertex 177.469 40.3911 0
      vertex 195.575 16.4902 0
      vertex 177.5 40 0
    endloop
  endfacet
  facet normal 0 0 -1
    outer loop
      vertex 188 11 0
      vertex 195.378 16.0143 0
      vertex 188.313 10.9754 0
    endloop
  endfacet
  facet normal 0 0 -1
    outer loop
      vertex 195.575 16.4902 0
      vertex 189.176 66.382 0
      vertex 189.414 66.5858 0
    endloop
  endfacet
  facet normal -0 0 -1
    outer loop
      vertex 195.378 16.0143 0
      vertex 188 11 0
      vertex 195.574 16.4875 0
    endloop
  endfacet
  facet normal 0 0 -1
    outer loop
      vertex 195.575 16.4902 0
      vertex 177.469 40.3911 0
      vertex 189.176 66.382 0
    endloop
  endfacet
  facet normal -0 0 -1
    outer loop
      vertex 195.574 16.4875 0
      vertex 188 11 0
      vertex 195.575 16.4902 0
    endloop
  endfacet
  facet normal 0 0 -1
    outer loop
      vertex 189.176 66.382 0
      vertex 177.469 40.3911 0
      vertex 188.908 66.218 0
    endloop
  endfacet
  facet normal 0 0 -1
    outer loop
      vertex 187.687 10.9754 0
      vertex 195.575 16.4902 0
      vertex 188 11 0
    endloop
  endfacet
  facet normal 0 0 -1
    outer loop
      vertex 177.378 40.7725 0
      vertex 188.908 66.218 0
      vertex 177.469 40.3911 0
    endloop
  endfacet
  facet normal 0 0 -1
    outer loop
      vertex 187.382 10.9021 0
      vertex 195.575 16.4902 0
      vertex 187.687 10.9754 0
    endloop
  endfacet
  facet normal 0 0 -1
    outer loop
      vertex 188.908 66.218 0
      vertex 177.378 40.7725 0
      vertex 188.618 66.0979 0
    endloop
  endfacet
  facet normal 0 0 -1
    outer loop
      vertex 176.135 37.7725 0
      vertex 195.575 16.4902 0
      vertex 187.382 10.9021 0
    endloop
  endfacet
  facet normal 0 0 -1
    outer loop
      vertex 177.228 41.135 0
      vertex 188.618 66.0979 0
      vertex 177.378 40.7725 0
    endloop
  endfacet
  facet normal 0 0 -1
    outer loop
      vertex 176.135 37.7725 0
      vertex 187.382 10.9021 0
      vertex 187.092 10.782 0
    endloop
  endfacet
  facet normal 0 0 -1
    outer loop
      vertex 188.618 66.0979 0
      vertex 177.228 41.135 0
      vertex 188.313 66.0246 0
    endloop
  endfacet
  facet normal 0 0 -1
    outer loop
      vertex 175.773 37.6224 0
      vertex 187.092 10.782 0
      vertex 186.824 10.618 0
    endloop
  endfacet
  facet normal 0 0 -1
    outer loop
      vertex 177.023 41.4695 0
      vertex 188.313 66.0246 0
      vertex 177.228 41.135 0
    endloop
  endfacet
  facet normal 0 0 -1
    outer loop
      vertex 175.391 37.5308 0
      vertex 186.824 10.618 0
      vertex 186.586 10.4142 0
    endloop
  endfacet
  facet normal 0 0 -1
    outer loop
      vertex 188.313 66.0246 0
      vertex 177.023 41.4695 0
      vertex 188 66 0
    endloop
  endfacet
  facet normal 0 0 -1
    outer loop
      vertex 175 37.5 0
      vertex 186.586 10.4142 0
      vertex 186.382 10.1756 0
    endloop
  endfacet
  facet normal 0 0 -1
    outer loop
      vertex 176.768 41.7678 0
      vertex 188 66 0
      vertex 177.023 41.4695 0
    endloop
  endfacet
  facet normal 0 0 -1
    outer loop
      vertex 174.609 37.5308 0
      vertex 186.382 10.1756 0
      vertex 186.218 9.90798 0
    endloop
  endfacet
  facet normal -0 0 -1
    outer loop
      vertex 188 66 0
      vertex 176.768 41.7678 0
      vertex 187.687 66.0246 0
    endloop
  endfacet
  facet normal 0 0 -1
    outer loop
      vertex 174.227 37.6224 0
      vertex 186.218 9.90798 0
      vertex 186.098 9.61803 0
    endloop
  endfacet
  facet normal 0 0 -1
    outer loop
      vertex 176.469 42.0225 0
      vertex 187.687 66.0246 0
      vertex 176.768 41.7678 0
    endloop
  endfacet
  facet normal 0 0 -1
    outer loop
      vertex 146.902 9.61803 0
      vertex 186.098 9.61803 0
      vertex 186.025 9.31287 0
    endloop
  endfacet
  facet normal -0 0 -1
    outer loop
      vertex 187.687 66.0246 0
      vertex 176.469 42.0225 0
      vertex 187.382 66.0979 0
    endloop
  endfacet
  facet normal 0 0 -1
    outer loop
      vertex 146.975 9.31287 0
      vertex 186.025 9.31287 0
      vertex 186 9 0
    endloop
  endfacet
  facet normal 0 0 -1
    outer loop
      vertex 176.135 42.2275 0
      vertex 187.382 66.0979 0
      vertex 176.469 42.0225 0
    endloop
  endfacet
  facet normal 0 0 -1
    outer loop
      vertex 201.7 9 0
      vertex 201.622 13.9857 0
      vertex 201.7 14.3116 0
    endloop
  endfacet
  facet normal 0 0 -1
    outer loop
      vertex 198.5 11.7176 0
      vertex 201.7 9 0
      vertex 201.59 7.88799 0
    endloop
  endfacet
  facet normal 0 0 -1
    outer loop
      vertex 201.7 9 0
      vertex 201.426 13.5125 0
      vertex 201.622 13.9857 0
    endloop
  endfacet
  facet normal 0 0 -1
    outer loop
      vertex 201.7 9 0
      vertex 201.425 13.5098 0
      vertex 201.426 13.5125 0
    endloop
  endfacet
  facet normal 0 0 -1
    outer loop
      vertex 198.5 11.7176 0
      vertex 201.59 7.88799 0
      vertex 201.266 6.8187 0
    endloop
  endfacet
  facet normal 0 0 -1
    outer loop
      vertex 201.7 9 0
      vertex 201.157 13.0731 0
      vertex 201.425 13.5098 0
    endloop
  endfacet
  facet normal 0 0 -1
    outer loop
      vertex 201.7 9 0
      vertex 201.156 13.0706 0
      vertex 201.157 13.0731 0
    endloop
  endfacet
  facet normal 0 0 -1
    outer loop
      vertex 201.7 9 0
      vertex 200.823 12.6812 0
      vertex 201.156 13.0706 0
    endloop
  endfacet
  facet normal 0 0 -1
    outer loop
      vertex 201.7 9 0
      vertex 200.821 12.679 0
      vertex 200.823 12.6812 0
    endloop
  endfacet
  facet normal 0 0 -1
    outer loop
      vertex 201.7 9 0
      vertex 200.819 12.6771 0
      vertex 200.821 12.679 0
    endloop
  endfacet
  facet normal 0 0 -1
    outer loop
      vertex 197.989 11.7578 0
      vertex 201.266 6.8187 0
      vertex 200.739 5.83325 0
    endloop
  endfacet
  facet normal 0 0 -1
    outer loop
      vertex 201.7 9 0
      vertex 200.429 12.3445 0
      vertex 200.819 12.6771 0
    endloop
  endfacet
  facet normal 0 0 -1
    outer loop
      vertex 201.7 9 0
      vertex 200.427 12.3429 0
      vertex 200.429 12.3445 0
    endloop
  endfacet
  facet normal 0 0 -1
    outer loop
      vertex 197.987 11.758 0
      vertex 200.739 5.83325 0
      vertex 200.031 4.96949 0
    endloop
  endfacet
  facet normal 0 0 -1
    outer loop
      vertex 201.7 9 0
      vertex 199.99 12.0753 0
      vertex 200.427 12.3429 0
    endloop
  endfacet
  facet normal 0 0 -1
    outer loop
      vertex 201.7 9 0
      vertex 199.987 12.0742 0
      vertex 199.99 12.0753 0
    endloop
  endfacet
  facet normal 0 0 -1
    outer loop
      vertex 201.7 9 0
      vertex 199.514 11.8782 0
      vertex 199.987 12.0742 0
    endloop
  endfacet
  facet normal 0 0 -1
    outer loop
      vertex 197.987 11.758 0
      vertex 200.031 4.96949 0
      vertex 199.167 4.26062 0
    endloop
  endfacet
  facet normal 0 0 -1
    outer loop
      vertex 201.7 9 0
      vertex 199.016 11.7587 0
      vertex 199.514 11.8782 0
    endloop
  endfacet
  facet normal 0 0 -1
    outer loop
      vertex 201.7 9 0
      vertex 199.013 11.758 0
      vertex 199.016 11.7587 0
    endloop
  endfacet
  facet normal 0 0 -1
    outer loop
      vertex 201.7 9 0
      vertex 199.011 11.7578 0
      vertex 199.013 11.758 0
    endloop
  endfacet
  facet normal 0 0 -1
    outer loop
      vertex 201.7 9 0
      vertex 198.5 11.7176 0
      vertex 199.011 11.7578 0
    endloop
  endfacet
  facet normal 0 0 -1
    outer loop
      vertex 197.486 11.8782 0
      vertex 199.167 4.26062 0
      vertex 198.181 3.73389 0
    endloop
  endfacet
  facet normal 0 0 -1
    outer loop
      vertex 201.266 6.8187 0
      vertex 197.989 11.7578 0
      vertex 198.5 11.7176 0
    endloop
  endfacet
  facet normal 0 0 -1
    outer loop
      vertex 200.739 5.83325 0
      vertex 197.987 11.758 0
      vertex 197.989 11.7578 0
    endloop
  endfacet
  facet normal 0 0 -1
    outer loop
      vertex 199.167 4.26062 0
      vertex 197.984 11.7587 0
      vertex 197.987 11.758 0
    endloop
  endfacet
  facet normal 0 0 -1
    outer loop
      vertex 199.167 4.26062 0
      vertex 197.486 11.8782 0
      vertex 197.984 11.7587 0
    endloop
  endfacet
  facet normal 0 0 -1
    outer loop
      vertex 197.112 3.40952 0
      vertex 197.486 11.8782 0
      vertex 198.181 3.73389 0
    endloop
  endfacet
  facet normal 0 0 -1
    outer loop
      vertex 196 3.3 0
      vertex 197.486 11.8782 0
      vertex 197.112 3.40952 0
    endloop
  endfacet
  facet normal -0 0 -1
    outer loop
      vertex 197.486 11.8782 0
      vertex 196 3.3 0
      vertex 197.013 12.0742 0
    endloop
  endfacet
  facet normal -0 0 -1
    outer loop
      vertex 197.013 12.0742 0
      vertex 196 3.3 0
      vertex 197.01 12.0753 0
    endloop
  endfacet
  facet normal 0 0 -1
    outer loop
      vertex 189.975 8.68713 0
      vertex 197.01 12.0753 0
      vertex 196 3.3 0
    endloop
  endfacet
  facet normal -0 0 -1
    outer loop
      vertex 197.01 12.0753 0
      vertex 189.975 8.68713 0
      vertex 196.573 12.3429 0
    endloop
  endfacet
  facet normal 0 -0 -1
    outer loop
      vertex 190 9 0
      vertex 196.573 12.3429 0
      vertex 189.975 8.68713 0
    endloop
  endfacet
  facet normal -0 0 -1
    outer loop
      vertex 196.573 12.3429 0
      vertex 190 9 0
      vertex 196.571 12.3445 0
    endloop
  endfacet
  facet normal 0 0 -1
    outer loop
      vertex 189.975 9.31287 0
      vertex 196.571 12.3445 0
      vertex 190 9 0
    endloop
  endfacet
  facet normal -0 0 -1
    outer loop
      vertex 196.571 12.3445 0
      vertex 189.975 9.31287 0
      vertex 196.181 12.6771 0
    endloop
  endfacet
  facet normal -0 0 -1
    outer loop
      vertex 196.181 12.6771 0
      vertex 189.975 9.31287 0
      vertex 196.179 12.679 0
    endloop
  endfacet
  facet normal -0 0 -1
    outer loop
      vertex 196.179 12.679 0
      vertex 189.975 9.31287 0
      vertex 196.177 12.6812 0
    endloop
  endfacet
  facet normal 0 0 -1
    outer loop
      vertex 189.902 9.61803 0
      vertex 196.177 12.6812 0
      vertex 189.975 9.31287 0
    endloop
  endfacet
  facet normal -0 0 -1
    outer loop
      vertex 196.177 12.6812 0
      vertex 189.902 9.61803 0
      vertex 195.844 13.0706 0
    endloop
  endfacet
  facet normal -0 0 -1
    outer loop
      vertex 195.844 13.0706 0
      vertex 189.782 9.90798 0
      vertex 195.843 13.0731 0
    endloop
  endfacet
  facet normal -0 0 -1
    outer loop
      vertex 195.843 13.0731 0
      vertex 189.782 9.90798 0
      vertex 195.575 13.5098 0
    endloop
  endfacet
  facet normal 0 0 -1
    outer loop
      vertex 189.618 10.1756 0
      vertex 195.575 13.5098 0
      vertex 189.782 9.90798 0
    endloop
  endfacet
  facet normal -0 0 -1
    outer loop
      vertex 195.575 13.5098 0
      vertex 189.618 10.1756 0
      vertex 195.574 13.5125 0
    endloop
  endfacet
  facet normal -0 0 -1
    outer loop
      vertex 195.259 69.4837 0
      vertex 189.975 68.3129 0
      vertex 195.258 69.4865 0
    endloop
  endfacet
  facet normal -0 0 -1
    outer loop
      vertex 195.574 13.5125 0
      vertex 189.618 10.1756 0
      vertex 195.378 13.9857 0
    endloop
  endfacet
  facet normal 0 0 -1
    outer loop
      vertex 189.782 9.90798 0
      vertex 195.844 13.0706 0
      vertex 189.902 9.61803 0
    endloop
  endfacet
  facet normal 0 0 -1
    outer loop
      vertex 196 3.3 0
      vertex 189.902 8.38197 0
      vertex 189.975 8.68713 0
    endloop
  endfacet
  facet normal 0 0 -1
    outer loop
      vertex 196 3.3 0
      vertex 189.782 8.09202 0
      vertex 189.902 8.38197 0
    endloop
  endfacet
  facet normal 0 0 -1
    outer loop
      vertex 196 3.3 0
      vertex 189.618 7.82443 0
      vertex 189.782 8.09202 0
    endloop
  endfacet
  facet normal 0 0 -1
    outer loop
      vertex 196 3.3 0
      vertex 189.414 7.58579 0
      vertex 189.618 7.82443 0
    endloop
  endfacet
  facet normal 0 0 -1
    outer loop
      vertex 196 3.3 0
      vertex 189.176 7.38197 0
      vertex 189.414 7.58579 0
    endloop
  endfacet
  facet normal 0 0 -1
    outer loop
      vertex 196 3.3 0
      vertex 188.908 7.21799 0
      vertex 189.176 7.38197 0
    endloop
  endfacet
  facet normal 0 0 -1
    outer loop
      vertex 196 3.3 0
      vertex 188.618 7.09789 0
      vertex 188.908 7.21799 0
    endloop
  endfacet
  facet normal 0 0 -1
    outer loop
      vertex 196 3.3 0
      vertex 188.313 7.02462 0
      vertex 188.618 7.09789 0
    endloop
  endfacet
  facet normal 0 0 -1
    outer loop
      vertex 196 3.3 0
      vertex 188 7 0
      vertex 188.313 7.02462 0
    endloop
  endfacet
  facet normal 0 0 -1
    outer loop
      vertex 196 3.3 0
      vertex 187.687 7.02462 0
      vertex 188 7 0
    endloop
  endfacet
  facet normal 0 0 -1
    outer loop
      vertex 196 3.3 0
      vertex 187.382 7.09789 0
      vertex 187.687 7.02462 0
    endloop
  endfacet
  facet normal 0 0 -1
    outer loop
      vertex 145.618 7.09789 0
      vertex 187.382 7.09789 0
      vertex 196 3.3 0
    endloop
  endfacet
  facet normal -0 0 -1
    outer loop
      vertex 187.382 66.0979 0
      vertex 176.135 42.2275 0
      vertex 187.092 66.218 0
    endloop
  endfacet
  facet normal 0 0 -1
    outer loop
      vertex 147 9 0
      vertex 186 9 0
      vertex 186.025 8.68713 0
    endloop
  endfacet
  facet normal 0 0 -1
    outer loop
      vertex 146.975 8.68713 0
      vertex 186.025 8.68713 0
      vertex 186.098 8.38197 0
    endloop
  endfacet
  facet normal 0 0 -1
    outer loop
      vertex 195.575 16.4902 0
      vertex 177.469 39.6089 0
      vertex 177.5 40 0
    endloop
  endfacet
  facet normal 0 0 -1
    outer loop
      vertex 195.575 16.4902 0
      vertex 177.378 39.2275 0
      vertex 177.469 39.6089 0
    endloop
  endfacet
  facet normal 0 0 -1
    outer loop
      vertex 195.575 16.4902 0
      vertex 177.228 38.865 0
      vertex 177.378 39.2275 0
    endloop
  endfacet
  facet normal 0 0 -1
    outer loop
      vertex 195.575 16.4902 0
      vertex 177.023 38.5305 0
      vertex 177.228 38.865 0
    endloop
  endfacet
  facet normal 0 0 -1
    outer loop
      vertex 195.575 16.4902 0
      vertex 176.768 38.2322 0
      vertex 177.023 38.5305 0
    endloop
  endfacet
  facet normal 0 0 -1
    outer loop
      vertex 195.575 16.4902 0
      vertex 176.469 37.9775 0
      vertex 176.768 38.2322 0
    endloop
  endfacet
  facet normal 0 0 -1
    outer loop
      vertex 195.575 16.4902 0
      vertex 176.135 37.7725 0
      vertex 176.469 37.9775 0
    endloop
  endfacet
  facet normal 0 0 -1
    outer loop
      vertex 187.092 10.782 0
      vertex 175.773 37.6224 0
      vertex 176.135 37.7725 0
    endloop
  endfacet
  facet normal 0 0 -1
    outer loop
      vertex 186.824 10.618 0
      vertex 175.391 37.5308 0
      vertex 175.773 37.6224 0
    endloop
  endfacet
  facet normal 0 0 -1
    outer loop
      vertex 186.586 10.4142 0
      vertex 175 37.5 0
      vertex 175.391 37.5308 0
    endloop
  endfacet
  facet normal 0 0 -1
    outer loop
      vertex 186.382 10.1756 0
      vertex 174.609 37.5308 0
      vertex 175 37.5 0
    endloop
  endfacet
  facet normal 0 0 -1
    outer loop
      vertex 186.218 9.90798 0
      vertex 174.227 37.6224 0
      vertex 174.609 37.5308 0
    endloop
  endfacet
  facet normal 0 0 -1
    outer loop
      vertex 186.098 9.61803 0
      vertex 146.902 9.61803 0
      vertex 174.227 37.6224 0
    endloop
  endfacet
  facet normal 0 0 -1
    outer loop
      vertex 146.902 8.38197 0
      vertex 186.098 8.38197 0
      vertex 186.218 8.09202 0
    endloop
  endfacet
  facet normal 0 0 -1
    outer loop
      vertex 146.782 9.90798 0
      vertex 174.227 37.6224 0
      vertex 146.902 9.61803 0
    endloop
  endfacet
  facet normal -0 0 -1
    outer loop
      vertex 174.227 37.6224 0
      vertex 146.782 9.90798 0
      vertex 173.865 37.7725 0
    endloop
  endfacet
  facet normal 0 0 -1
    outer loop
      vertex 146.618 10.1756 0
      vertex 173.865 37.7725 0
      vertex 146.782 9.90798 0
    endloop
  endfacet
  facet normal -0 0 -1
    outer loop
      vertex 173.865 37.7725 0
      vertex 146.618 10.1756 0
      vertex 173.531 37.9775 0
    endloop
  endfacet
  facet normal -0 0 -1
    outer loop
      vertex 173.531 37.9775 0
      vertex 146.414 10.4142 0
      vertex 173.232 38.2322 0
    endloop
  endfacet
  facet normal 0 0 -1
    outer loop
      vertex 146.414 10.4142 0
      vertex 173.531 37.9775 0
      vertex 146.618 10.1756 0
    endloop
  endfacet
  facet normal 0 0 -1
    outer loop
      vertex 186.025 9.31287 0
      vertex 146.975 9.31287 0
      vertex 146.902 9.61803 0
    endloop
  endfacet
  facet normal 0 0 -1
    outer loop
      vertex 186 9 0
      vertex 147 9 0
      vertex 146.975 9.31287 0
    endloop
  endfacet
  facet normal 0 0 -1
    outer loop
      vertex 146.782 8.09202 0
      vertex 186.218 8.09202 0
      vertex 186.382 7.82443 0
    endloop
  endfacet
  facet normal 0 0 -1
    outer loop
      vertex 146.618 7.82443 0
      vertex 186.382 7.82443 0
      vertex 186.586 7.58579 0
    endloop
  endfacet
  facet normal 0 0 -1
    outer loop
      vertex 146.414 7.58579 0
      vertex 186.586 7.58579 0
      vertex 186.824 7.38197 0
    endloop
  endfacet
  facet normal 0 0 -1
    outer loop
      vertex 146.176 7.38197 0
      vertex 186.824 7.38197 0
      vertex 187.092 7.21799 0
    endloop
  endfacet
  facet normal 0 0 -1
    outer loop
      vertex 187.382 7.09789 0
      vertex 145.618 7.09789 0
      vertex 187.092 7.21799 0
    endloop
  endfacet
  facet normal 0 0 -1
    outer loop
      vertex 186.025 8.68713 0
      vertex 146.975 8.68713 0
      vertex 147 9 0
    endloop
  endfacet
  facet normal 0 0 -1
    outer loop
      vertex 186.098 8.38197 0
      vertex 146.902 8.38197 0
      vertex 146.975 8.68713 0
    endloop
  endfacet
  facet normal 0 0 -1
    outer loop
      vertex 186.218 8.09202 0
      vertex 146.782 8.09202 0
      vertex 146.902 8.38197 0
    endloop
  endfacet
  facet normal 0 0 -1
    outer loop
      vertex 186.382 7.82443 0
      vertex 146.618 7.82443 0
      vertex 146.782 8.09202 0
    endloop
  endfacet
  facet normal 0 0 -1
    outer loop
      vertex 186.586 7.58579 0
      vertex 146.414 7.58579 0
      vertex 146.618 7.82443 0
    endloop
  endfacet
  facet normal 0 0 -1
    outer loop
      vertex 186.824 7.38197 0
      vertex 146.176 7.38197 0
      vertex 146.414 7.58579 0
    endloop
  endfacet
  facet normal 0 0 -1
    outer loop
      vertex 187.092 7.21799 0
      vertex 145.908 7.21799 0
      vertex 146.176 7.38197 0
    endloop
  endfacet
  facet normal -0 0 -1
    outer loop
      vertex 187.092 7.21799 0
      vertex 145.618 7.09789 0
      vertex 145.908 7.21799 0
    endloop
  endfacet
  facet normal 0 0 -1
    outer loop
      vertex 196 3.3 0
      vertex 145.313 7.02462 0
      vertex 145.618 7.09789 0
    endloop
  endfacet
  facet normal 0 0 -1
    outer loop
      vertex 196 3.3 0
      vertex 145 7 0
      vertex 145.313 7.02462 0
    endloop
  endfacet
  facet normal 0 0 -1
    outer loop
      vertex 71.25 8.5 0
      vertex 143 9 0
      vertex 143.025 8.68713 0
    endloop
  endfacet
  facet normal 0 0 -1
    outer loop
      vertex 71.2285 8.22624 0
      vertex 143.025 8.68713 0
      vertex 143.098 8.38197 0
    endloop
  endfacet
  facet normal 0 0 -1
    outer loop
      vertex 71.1644 7.95922 0
      vertex 143.098 8.38197 0
      vertex 143.218 8.09202 0
    endloop
  endfacet
  facet normal 0 0 -1
    outer loop
      vertex 71.0593 7.70552 0
      vertex 143.218 8.09202 0
      vertex 143.382 7.82443 0
    endloop
  endfacet
  facet normal 0 0 -1
    outer loop
      vertex 143 9 0
      vertex 100.975 67.6871 0
      vertex 101 68 0
    endloop
  endfacet
  facet normal 0 0 -1
    outer loop
      vertex 143 9 0
      vertex 100.902 67.382 0
      vertex 100.975 67.6871 0
    endloop
  endfacet
  facet normal 0 0 -1
    outer loop
      vertex 143 9 0
      vertex 100.782 67.092 0
      vertex 100.902 67.382 0
    endloop
  endfacet
  facet normal 0 0 -1
    outer loop
      vertex 143 9 0
      vertex 100.618 66.8244 0
      vertex 100.782 67.092 0
    endloop
  endfacet
  facet normal 0 0 -1
    outer loop
      vertex 143 9 0
      vertex 100.414 66.5858 0
      vertex 100.618 66.8244 0
    endloop
  endfacet
  facet normal 0 0 -1
    outer loop
      vertex 143 9 0
      vertex 100.176 66.382 0
      vertex 100.414 66.5858 0
    endloop
  endfacet
  facet normal 0 0 -1
    outer loop
      vertex 143 9 0
      vertex 99.908 66.218 0
      vertex 100.176 66.382 0
    endloop
  endfacet
  facet normal 0 0 -1
    outer loop
      vertex 143 9 0
      vertex 99.618 66.0979 0
      vertex 99.908 66.218 0
    endloop
  endfacet
  facet normal 0 0 -1
    outer loop
      vertex 143 9 0
      vertex 99.3129 66.0246 0
      vertex 99.618 66.0979 0
    endloop
  endfacet
  facet normal 0 0 -1
    outer loop
      vertex 71.2285 8.77376 0
      vertex 143 9 0
      vertex 71.25 8.5 0
    endloop
  endfacet
  facet normal 0 0 -1
    outer loop
      vertex 71.1644 9.04078 0
      vertex 143 9 0
      vertex 71.2285 8.77376 0
    endloop
  endfacet
  facet normal 0 0 -1
    outer loop
      vertex 71.0593 9.29448 0
      vertex 143 9 0
      vertex 71.1644 9.04078 0
    endloop
  endfacet
  facet normal 0 0 -1
    outer loop
      vertex 143 9 0
      vertex 71.0593 9.29448 0
      vertex 99.3129 66.0246 0
    endloop
  endfacet
  facet normal -0 0 -1
    outer loop
      vertex 98.6871 66.0246 0
      vertex 71.25 57.5 0
      vertex 98.382 66.0979 0
    endloop
  endfacet
  facet normal -0 0 -1
    outer loop
      vertex 98.382 66.0979 0
      vertex 71.25 57.5 0
      vertex 98.092 66.218 0
    endloop
  endfacet
  facet normal -0 0 -1
    outer loop
      vertex 98.092 66.218 0
      vertex 71.25 57.5 0
      vertex 97.8244 66.382 0
    endloop
  endfacet
  facet normal 0 0 -1
    outer loop
      vertex 71.1644 58.0408 0
      vertex 97.218 67.092 0
      vertex 71.2285 57.7738 0
    endloop
  endfacet
  facet normal -0 0 -1
    outer loop
      vertex 97.382 66.8244 0
      vertex 71.2285 57.7738 0
      vertex 97.218 67.092 0
    endloop
  endfacet
  facet normal 0 0 -1
    outer loop
      vertex 71.2285 57.7738 0
      vertex 97.382 66.8244 0
      vertex 71.25 57.5 0
    endloop
  endfacet
  facet normal -0 0 -1
    outer loop
      vertex 97.5858 66.5858 0
      vertex 71.25 57.5 0
      vertex 97.382 66.8244 0
    endloop
  endfacet
  facet normal -0 0 -1
    outer loop
      vertex 97.8244 66.382 0
      vertex 71.25 57.5 0
      vertex 97.5858 66.5858 0
    endloop
  endfacet
  facet normal 0 0 -1
    outer loop
      vertex 70.9158 7.47138 0
      vertex 143.382 7.82443 0
      vertex 143.586 7.58579 0
    endloop
  endfacet
  facet normal 0 0 -1
    outer loop
      vertex 70.7374 7.26256 0
      vertex 143.586 7.58579 0
      vertex 143.824 7.38197 0
    endloop
  endfacet
  facet normal 0 0 -1
    outer loop
      vertex 70.5286 7.08422 0
      vertex 143.824 7.38197 0
      vertex 144.092 7.21799 0
    endloop
  endfacet
  facet normal 0 0 -1
    outer loop
      vertex 70.2945 6.94074 0
      vertex 144.092 7.21799 0
      vertex 144.382 7.09789 0
    endloop
  endfacet
  facet normal 0 0 -1
    outer loop
      vertex 70.0408 6.83565 0
      vertex 144.382 7.09789 0
      vertex 144.687 7.02462 0
    endloop
  endfacet
  facet normal 0 0 -1
    outer loop
      vertex 69.7738 6.77155 0
      vertex 144.687 7.02462 0
      vertex 145 7 0
    endloop
  endfacet
  facet normal 0 0 -1
    outer loop
      vertex 69.5 6.75 0
      vertex 145 7 0
      vertex 196 3.3 0
    endloop
  endfacet
  facet normal 0 0 -1
    outer loop
      vertex 143.025 8.68713 0
      vertex 71.2285 8.22624 0
      vertex 71.25 8.5 0
    endloop
  endfacet
  facet normal 0 0 -1
    outer loop
      vertex 143.098 8.38197 0
      vertex 71.1644 7.95922 0
      vertex 71.2285 8.22624 0
    endloop
  endfacet
  facet normal 0 0 -1
    outer loop
      vertex 143.218 8.09202 0
      vertex 71.0593 7.70552 0
      vertex 71.1644 7.95922 0
    endloop
  endfacet
  facet normal 0 0 -1
    outer loop
      vertex 143.382 7.82443 0
      vertex 70.9158 7.47138 0
      vertex 71.0593 7.70552 0
    endloop
  endfacet
  facet normal 0 0 -1
    outer loop
      vertex 143.586 7.58579 0
      vertex 70.7374 7.26256 0
      vertex 70.9158 7.47138 0
    endloop
  endfacet
  facet normal 0 0 -1
    outer loop
      vertex 143.824 7.38197 0
      vertex 70.5286 7.08422 0
      vertex 70.7374 7.26256 0
    endloop
  endfacet
  facet normal 0 0 -1
    outer loop
      vertex 144.092 7.21799 0
      vertex 70.2945 6.94074 0
      vertex 70.5286 7.08422 0
    endloop
  endfacet
  facet normal 0 0 -1
    outer loop
      vertex 144.382 7.09789 0
      vertex 70.0408 6.83565 0
      vertex 70.2945 6.94074 0
    endloop
  endfacet
  facet normal 0 0 -1
    outer loop
      vertex 144.687 7.02462 0
      vertex 69.7738 6.77155 0
      vertex 70.0408 6.83565 0
    endloop
  endfacet
  facet normal 0 0 -1
    outer loop
      vertex 145 7 0
      vertex 69.5 6.75 0
      vertex 69.7738 6.77155 0
    endloop
  endfacet
  facet normal 0 0 -1
    outer loop
      vertex 67.8356 56.9592 0
      vertex 13.25 57.5 0
      vertex 67.7715 57.2262 0
    endloop
  endfacet
  facet normal 0 0 -1
    outer loop
      vertex 67.7715 8.22624 0
      vertex 13.25 8.5 0
      vertex 67.75 8.5 0
    endloop
  endfacet
  facet normal 0 0 -1
    outer loop
      vertex 13.2285 8.22624 0
      vertex 67.7715 8.22624 0
      vertex 67.8356 7.95922 0
    endloop
  endfacet
  facet normal 0 0 -1
    outer loop
      vertex 13.1643 7.95922 0
      vertex 67.8356 7.95922 0
      vertex 67.9407 7.70552 0
    endloop
  endfacet
  facet normal 0 0 -1
    outer loop
      vertex 13.0593 7.70552 0
      vertex 67.9407 7.70552 0
      vertex 68.0842 7.47138 0
    endloop
  endfacet
  facet normal 0 0 -1
    outer loop
      vertex 12.9158 7.47138 0
      vertex 68.0842 7.47138 0
      vertex 68.2626 7.26256 0
    endloop
  endfacet
  facet normal 0 0 -1
    outer loop
      vertex 9 3.3 0
      vertex 68.2626 7.26256 0
      vertex 68.4714 7.08422 0
    endloop
  endfacet
  facet normal 0 0 -1
    outer loop
      vertex 9 3.3 0
      vertex 68.4714 7.08422 0
      vertex 68.7055 6.94074 0
    endloop
  endfacet
  facet normal 0 0 -1
    outer loop
      vertex 9 3.3 0
      vertex 68.7055 6.94074 0
      vertex 68.9592 6.83565 0
    endloop
  endfacet
  facet normal 0 0 -1
    outer loop
      vertex 9 3.3 0
      vertex 68.9592 6.83565 0
      vertex 69.2262 6.77155 0
    endloop
  endfacet
  facet normal 0 0 -1
    outer loop
      vertex 9 3.3 0
      vertex 69.2262 6.77155 0
      vertex 69.5 6.75 0
    endloop
  endfacet
  facet normal 0 0 -1
    outer loop
      vertex 67.7715 8.22624 0
      vertex 13.2285 8.22624 0
      vertex 13.25 8.5 0
    endloop
  endfacet
  facet normal 0 0 -1
    outer loop
      vertex 9 3.3 0
      vertex 69.5 6.75 0
      vertex 196 3.3 0
    endloop
  endfacet
  facet normal 0 0 -1
    outer loop
      vertex 67.8356 7.95922 0
      vertex 13.1643 7.95922 0
      vertex 13.2285 8.22624 0
    endloop
  endfacet
  facet normal 0 0 -1
    outer loop
      vertex 67.9407 7.70552 0
      vertex 13.0593 7.70552 0
      vertex 13.1643 7.95922 0
    endloop
  endfacet
  facet normal 0 0 -1
    outer loop
      vertex 68.0842 7.47138 0
      vertex 12.9158 7.47138 0
      vertex 13.0593 7.70552 0
    endloop
  endfacet
  facet normal 0 0 -1
    outer loop
      vertex 68.2626 7.26256 0
      vertex 12.7374 7.26256 0
      vertex 12.9158 7.47138 0
    endloop
  endfacet
  facet normal -0 0 -1
    outer loop
      vertex 68.2626 7.26256 0
      vertex 9 3.3 0
      vertex 12.7374 7.26256 0
    endloop
  endfacet
  facet normal 0 0 -1
    outer loop
      vertex 12.7374 7.26256 0
      vertex 9 3.3 0
      vertex 12.5286 7.08422 0
    endloop
  endfacet
  facet normal 0 0 -1
    outer loop
      vertex 12.5286 7.08422 0
      vertex 9 3.3 0
      vertex 12.2945 6.94074 0
    endloop
  endfacet
  facet normal 0 0 -1
    outer loop
      vertex 12.2945 6.94074 0
      vertex 9 3.3 0
      vertex 12.0408 6.83565 0
    endloop
  endfacet
  facet normal 0 0 -1
    outer loop
      vertex 12.0408 6.83565 0
      vertex 9 3.3 0
      vertex 11.7738 6.77155 0
    endloop
  endfacet
  facet normal 0 0 -1
    outer loop
      vertex 12.2945 10.0593 0
      vertex 9.74201 14.4865 0
      vertex 9.74224 14.4894 0
    endloop
  endfacet
  facet normal 0 0 -1
    outer loop
      vertex 12.0408 10.1643 0
      vertex 9.74132 14.4837 0
      vertex 9.74201 14.4865 0
    endloop
  endfacet
  facet normal 0 0 -1
    outer loop
      vertex 12.0408 10.1643 0
      vertex 9.62176 13.9857 0
      vertex 9.74132 14.4837 0
    endloop
  endfacet
  facet normal 0 0 -1
    outer loop
      vertex 11.7738 10.2285 0
      vertex 9.42578 13.5125 0
      vertex 9.62176 13.9857 0
    endloop
  endfacet
  facet normal 0 0 -1
    outer loop
      vertex 11.5 10.25 0
      vertex 9.42465 13.5098 0
      vertex 9.42578 13.5125 0
    endloop
  endfacet
  facet normal 0 0 -1
    outer loop
      vertex 11.2262 10.2285 0
      vertex 9.15706 13.0731 0
      vertex 9.42465 13.5098 0
    endloop
  endfacet
  facet normal 0 0 -1
    outer loop
      vertex 3.73389 6.8187 0
      vertex 9.75 8.5 0
      vertex 9.77154 8.22624 0
    endloop
  endfacet
  facet normal 0 0 -1
    outer loop
      vertex 11.2262 10.2285 0
      vertex 9.15553 13.0706 0
      vertex 9.15706 13.0731 0
    endloop
  endfacet
  facet normal 0 0 -1
    outer loop
      vertex 11.7738 6.77155 0
      vertex 9 3.3 0
      vertex 11.5 6.75 0
    endloop
  endfacet
  facet normal 0 0 -1
    outer loop
      vertex 9 3.3 0
      vertex 11.2262 6.77155 0
      vertex 11.5 6.75 0
    endloop
  endfacet
  facet normal 0 0 -1
    outer loop
      vertex 9 3.3 0
      vertex 10.9592 6.83565 0
      vertex 11.2262 6.77155 0
    endloop
  endfacet
  facet normal 0 0 -1
    outer loop
      vertex 9 3.3 0
      vertex 10.7055 6.94074 0
      vertex 10.9592 6.83565 0
    endloop
  endfacet
  facet normal 0 0 -1
    outer loop
      vertex 9 3.3 0
      vertex 10.4714 7.08422 0
      vertex 10.7055 6.94074 0
    endloop
  endfacet
  facet normal 0 0 -1
    outer loop
      vertex 9 3.3 0
      vertex 10.2626 7.26256 0
      vertex 10.4714 7.08422 0
    endloop
  endfacet
  facet normal 0 0 -1
    outer loop
      vertex 7.88798 3.40952 0
      vertex 10.2626 7.26256 0
      vertex 9 3.3 0
    endloop
  endfacet
  facet normal -0 0 -1
    outer loop
      vertex 10.2626 7.26256 0
      vertex 7.88798 3.40952 0
      vertex 10.0842 7.47138 0
    endloop
  endfacet
  facet normal 0 0 -1
    outer loop
      vertex 6.8187 3.73389 0
      vertex 10.0842 7.47138 0
      vertex 7.88798 3.40952 0
    endloop
  endfacet
  facet normal -0 0 -1
    outer loop
      vertex 10.0842 7.47138 0
      vertex 6.8187 3.73389 0
      vertex 9.94074 7.70552 0
    endloop
  endfacet
  facet normal 0 0 -1
    outer loop
      vertex 5.83325 4.26062 0
      vertex 9.94074 7.70552 0
      vertex 6.8187 3.73389 0
    endloop
  endfacet
  facet normal 0 0 -1
    outer loop
      vertex 10.9592 10.1643 0
      vertex 8.82292 12.6812 0
      vertex 9.15553 13.0706 0
    endloop
  endfacet
  facet normal 0 0 -1
    outer loop
      vertex 10.7055 10.0593 0
      vertex 8.82102 12.679 0
      vertex 8.82292 12.6812 0
    endloop
  endfacet
  facet normal 0 0 -1
    outer loop
      vertex 10.7055 10.0593 0
      vertex 8.81879 12.6771 0
      vertex 8.82102 12.679 0
    endloop
  endfacet
  facet normal 0 0 -1
    outer loop
      vertex 10.4714 9.91578 0
      vertex 8.42936 12.3445 0
      vertex 8.81879 12.6771 0
    endloop
  endfacet
  facet normal 0 0 -1
    outer loop
      vertex 10.2626 9.73744 0
      vertex 8.42686 12.3429 0
      vertex 8.42936 12.3445 0
    endloop
  endfacet
  facet normal 0 0 -1
    outer loop
      vertex 10.2626 9.73744 0
      vertex 7.99019 12.0753 0
      vertex 8.42686 12.3429 0
    endloop
  endfacet
  facet normal 0 0 -1
    outer loop
      vertex 10.0842 9.52862 0
      vertex 7.98748 12.0742 0
      vertex 7.99019 12.0753 0
    endloop
  endfacet
  facet normal -0 0 -1
    outer loop
      vertex 9.94074 7.70552 0
      vertex 5.83325 4.26062 0
      vertex 9.83565 7.95922 0
    endloop
  endfacet
  facet normal 0 0 -1
    outer loop
      vertex 9.94074 9.29448 0
      vertex 7.51432 11.8782 0
      vertex 7.98748 12.0742 0
    endloop
  endfacet
  facet normal 0 0 -1
    outer loop
      vertex 4.96949 4.96949 0
      vertex 9.83565 7.95922 0
      vertex 5.83325 4.26062 0
    endloop
  endfacet
  facet normal 0 0 -1
    outer loop
      vertex 4.26062 5.83325 0
      vertex 9.83565 7.95922 0
      vertex 4.96949 4.96949 0
    endloop
  endfacet
  facet normal 0 0 -1
    outer loop
      vertex 9.83565 9.04078 0
      vertex 7.01633 11.7587 0
      vertex 7.51432 11.8782 0
    endloop
  endfacet
  facet normal 0 0 -1
    outer loop
      vertex 9.83565 9.04078 0
      vertex 7.01348 11.758 0
      vertex 7.01633 11.7587 0
    endloop
  endfacet
  facet normal -0 0 -1
    outer loop
      vertex 9.83565 7.95922 0
      vertex 4.26062 5.83325 0
      vertex 9.77154 8.22624 0
    endloop
  endfacet
  facet normal 0 0 -1
    outer loop
      vertex 3.73389 6.8187 0
      vertex 9.77154 8.22624 0
      vertex 4.26062 5.83325 0
    endloop
  endfacet
  facet normal 0 0 -1
    outer loop
      vertex 9.77154 8.77376 0
      vertex 7.01056 11.7578 0
      vertex 7.01348 11.758 0
    endloop
  endfacet
  facet normal 0 0 -1
    outer loop
      vertex 9.75 8.5 0
      vertex 3.73389 6.8187 0
      vertex 3.40952 7.88799 0
    endloop
  endfacet
  facet normal 0 0 -1
    outer loop
      vertex 9.77154 8.77376 0
      vertex 6.5 11.7176 0
      vertex 7.01056 11.7578 0
    endloop
  endfacet
  facet normal -0 0 -1
    outer loop
      vertex 9.75 8.5 0
      vertex 3.40952 7.88799 0
      vertex 6.5 11.7176 0
    endloop
  endfacet
  facet normal 0 0 -1
    outer loop
      vertex 3.3 9 0
      vertex 6.5 11.7176 0
      vertex 3.40952 7.88799 0
    endloop
  endfacet
  facet normal -0 0 -1
    outer loop
      vertex 6.5 11.7176 0
      vertex 3.3 9 0
      vertex 5.98944 11.7578 0
    endloop
  endfacet
  facet normal -0 0 -1
    outer loop
      vertex 5.98944 11.7578 0
      vertex 3.3 9 0
      vertex 5.98652 11.758 0
    endloop
  endfacet
  facet normal -0 0 -1
    outer loop
      vertex 5.98652 11.758 0
      vertex 3.3 9 0
      vertex 5.98367 11.7587 0
    endloop
  endfacet
  facet normal -0 0 -1
    outer loop
      vertex 5.98367 11.7587 0
      vertex 3.3 9 0
      vertex 5.48568 11.8782 0
    endloop
  endfacet
  facet normal -0 0 -1
    outer loop
      vertex 5.48568 11.8782 0
      vertex 3.3 9 0
      vertex 5.01252 12.0742 0
    endloop
  endfacet
  facet normal -0 0 -1
    outer loop
      vertex 5.01252 12.0742 0
      vertex 3.3 9 0
      vertex 5.00981 12.0753 0
    endloop
  endfacet
  facet normal -0 0 -1
    outer loop
      vertex 4.57064 12.3445 0
      vertex 3.3 9 0
      vertex 4.18121 12.6771 0
    endloop
  endfacet
  facet normal -0 0 -1
    outer loop
      vertex 4.18121 12.6771 0
      vertex 3.3 9 0
      vertex 4.17898 12.679 0
    endloop
  endfacet
  facet normal -0 0 -1
    outer loop
      vertex 4.17898 12.679 0
      vertex 3.3 9 0
      vertex 4.17708 12.6812 0
    endloop
  endfacet
  facet normal -0 0 -1
    outer loop
      vertex 4.17708 12.6812 0
      vertex 3.3 9 0
      vertex 3.84447 13.0706 0
    endloop
  endfacet
  facet normal -0 0 -1
    outer loop
      vertex 5.00981 12.0753 0
      vertex 3.3 9 0
      vertex 4.57314 12.3429 0
    endloop
  endfacet
  facet normal -0 0 -1
    outer loop
      vertex 3.84447 13.0706 0
      vertex 3.3 9 0
      vertex 3.84294 13.0731 0
    endloop
  endfacet
  facet normal -0 0 -1
    outer loop
      vertex 3.84294 13.0731 0
      vertex 3.3 9 0
      vertex 3.57534 13.5098 0
    endloop
  endfacet
  facet normal -0 0 -1
    outer loop
      vertex 4.57314 12.3429 0
      vertex 3.3 9 0
      vertex 4.57064 12.3445 0
    endloop
  endfacet
  facet normal -0 0 -1
    outer loop
      vertex 3.57534 13.5098 0
      vertex 3.3 9 0
      vertex 3.57422 13.5125 0
    endloop
  endfacet
  facet normal -0 0 -1
    outer loop
      vertex 3.57422 13.5125 0
      vertex 3.3 9 0
      vertex 3.37824 13.9857 0
    endloop
  endfacet
  facet normal -0 0 -1
    outer loop
      vertex 3.37824 13.9857 0
      vertex 3.3 9 0
      vertex 3.3 14.3116 0
    endloop
  endfacet
  facet normal 0 0 -1
    outer loop
      vertex 201.622 16.0143 0
      vertex 201.7 69.3116 0
      vertex 201.7 15.6884 0
    endloop
  endfacet
  facet normal 0 0 -1
    outer loop
      vertex 201.622 16.0143 0
      vertex 201.622 68.9857 0
      vertex 201.7 69.3116 0
    endloop
  endfacet
  facet normal 0 0 -1
    outer loop
      vertex 201.426 16.4875 0
      vertex 201.622 68.9857 0
      vertex 201.622 16.0143 0
    endloop
  endfacet
  facet normal 0 0 -1
    outer loop
      vertex 201.426 16.4875 0
      vertex 201.426 68.5125 0
      vertex 201.622 68.9857 0
    endloop
  endfacet
  facet normal 0 0 -1
    outer loop
      vertex 201.425 16.4902 0
      vertex 201.426 68.5125 0
      vertex 201.426 16.4875 0
    endloop
  endfacet
  facet normal 0 0 -1
    outer loop
      vertex 201.425 16.4902 0
      vertex 201.425 68.5098 0
      vertex 201.426 68.5125 0
    endloop
  endfacet
  facet normal 0 0 -1
    outer loop
      vertex 201.157 16.9269 0
      vertex 201.425 68.5098 0
      vertex 201.425 16.4902 0
    endloop
  endfacet
  facet normal 0 0 -1
    outer loop
      vertex 201.157 16.9269 0
      vertex 201.157 68.0731 0
      vertex 201.425 68.5098 0
    endloop
  endfacet
  facet normal 0 0 -1
    outer loop
      vertex 201.156 16.9294 0
      vertex 201.157 68.0731 0
      vertex 201.157 16.9269 0
    endloop
  endfacet
  facet normal 0 0 -1
    outer loop
      vertex 201.156 16.9294 0
      vertex 201.156 68.0706 0
      vertex 201.157 68.0731 0
    endloop
  endfacet
  facet normal 0 0 -1
    outer loop
      vertex 200.823 17.3188 0
      vertex 201.156 68.0706 0
      vertex 201.156 16.9294 0
    endloop
  endfacet
  facet normal 0 0 -1
    outer loop
      vertex 200.823 17.3188 0
      vertex 200.823 67.6812 0
      vertex 201.156 68.0706 0
    endloop
  endfacet
  facet normal 0 0 -1
    outer loop
      vertex 200.821 17.321 0
      vertex 200.823 67.6812 0
      vertex 200.823 17.3188 0
    endloop
  endfacet
  facet normal 0 0 -1
    outer loop
      vertex 200.821 17.321 0
      vertex 200.821 67.679 0
      vertex 200.823 67.6812 0
    endloop
  endfacet
  facet normal 0 0 -1
    outer loop
      vertex 200.819 17.3229 0
      vertex 200.821 67.679 0
      vertex 200.821 17.321 0
    endloop
  endfacet
  facet normal 0 0 -1
    outer loop
      vertex 200.819 17.3229 0
      vertex 200.819 67.6771 0
      vertex 200.821 67.679 0
    endloop
  endfacet
  facet normal 0 0 -1
    outer loop
      vertex 200.429 17.6555 0
      vertex 200.819 67.6771 0
      vertex 200.819 17.3229 0
    endloop
  endfacet
  facet normal 0 0 -1
    outer loop
      vertex 200.429 17.6555 0
      vertex 200.429 67.3445 0
      vertex 200.819 67.6771 0
    endloop
  endfacet
  facet normal 0 0 -1
    outer loop
      vertex 200.427 17.6571 0
      vertex 200.429 67.3445 0
      vertex 200.429 17.6555 0
    endloop
  endfacet
  facet normal 0 0 -1
    outer loop
      vertex 200.427 17.6571 0
      vertex 200.427 67.3429 0
      vertex 200.429 67.3445 0
    endloop
  endfacet
  facet normal 0 0 -1
    outer loop
      vertex 199.99 17.9247 0
      vertex 200.427 67.3429 0
      vertex 200.427 17.6571 0
    endloop
  endfacet
  facet normal 0 0 -1
    outer loop
      vertex 199.99 17.9247 0
      vertex 199.99 67.0753 0
      vertex 200.427 67.3429 0
    endloop
  endfacet
  facet normal 0 0 -1
    outer loop
      vertex 199.987 17.9258 0
      vertex 199.99 67.0753 0
      vertex 199.99 17.9247 0
    endloop
  endfacet
  facet normal 0 0 -1
    outer loop
      vertex 199.987 17.9258 0
      vertex 199.987 67.0742 0
      vertex 199.99 67.0753 0
    endloop
  endfacet
  facet normal 0 0 -1
    outer loop
      vertex 199.514 18.1218 0
      vertex 199.987 67.0742 0
      vertex 199.987 17.9258 0
    endloop
  endfacet
  facet normal 0 0 -1
    outer loop
      vertex 199.514 18.1218 0
      vertex 199.514 66.8782 0
      vertex 199.987 67.0742 0
    endloop
  endfacet
  facet normal 0 0 -1
    outer loop
      vertex 199.016 18.2413 0
      vertex 199.514 66.8782 0
      vertex 199.514 18.1218 0
    endloop
  endfacet
  facet normal 0 0 -1
    outer loop
      vertex 199.016 18.2413 0
      vertex 199.016 66.7587 0
      vertex 199.514 66.8782 0
    endloop
  endfacet
  facet normal 0 0 -1
    outer loop
      vertex 199.013 18.242 0
      vertex 199.016 66.7587 0
      vertex 199.016 18.2413 0
    endloop
  endfacet
  facet normal 0 0 -1
    outer loop
      vertex 199.013 18.242 0
      vertex 199.013 66.758 0
      vertex 199.016 66.7587 0
    endloop
  endfacet
  facet normal 0 0 -1
    outer loop
      vertex 199.011 18.2422 0
      vertex 199.013 66.758 0
      vertex 199.013 18.242 0
    endloop
  endfacet
  facet normal 0 0 -1
    outer loop
      vertex 199.011 18.2422 0
      vertex 199.011 66.7578 0
      vertex 199.013 66.758 0
    endloop
  endfacet
  facet normal 0 0 -1
    outer loop
      vertex 198.5 18.2824 0
      vertex 199.011 66.7578 0
      vertex 199.011 18.2422 0
    endloop
  endfacet
  facet normal 0 0 -1
    outer loop
      vertex 198.5 18.2824 0
      vertex 198.5 66.7176 0
      vertex 199.011 66.7578 0
    endloop
  endfacet
  facet normal 0 0 -1
    outer loop
      vertex 197.989 18.2422 0
      vertex 198.5 66.7176 0
      vertex 198.5 18.2824 0
    endloop
  endfacet
  facet normal 0 0 -1
    outer loop
      vertex 197.989 18.2422 0
      vertex 197.989 66.7578 0
      vertex 198.5 66.7176 0
    endloop
  endfacet
  facet normal 0 0 -1
    outer loop
      vertex 197.987 18.242 0
      vertex 197.989 66.7578 0
      vertex 197.989 18.2422 0
    endloop
  endfacet
  facet normal 0 0 -1
    outer loop
      vertex 197.987 18.242 0
      vertex 197.987 66.758 0
      vertex 197.989 66.7578 0
    endloop
  endfacet
  facet normal 0 0 -1
    outer loop
      vertex 197.984 18.2413 0
      vertex 197.987 66.758 0
      vertex 197.987 18.242 0
    endloop
  endfacet
  facet normal 0 0 -1
    outer loop
      vertex 197.984 18.2413 0
      vertex 197.984 66.7587 0
      vertex 197.987 66.758 0
    endloop
  endfacet
  facet normal 0 0 -1
    outer loop
      vertex 197.486 18.1218 0
      vertex 197.984 66.7587 0
      vertex 197.984 18.2413 0
    endloop
  endfacet
  facet normal 0 0 -1
    outer loop
      vertex 197.486 18.1218 0
      vertex 197.486 66.8782 0
      vertex 197.984 66.7587 0
    endloop
  endfacet
  facet normal 0 0 -1
    outer loop
      vertex 190 68 0
      vertex 197.486 18.1218 0
      vertex 197.013 17.9258 0
    endloop
  endfacet
  facet normal 0 0 -1
    outer loop
      vertex 197.486 18.1218 0
      vertex 190 68 0
      vertex 197.486 66.8782 0
    endloop
  endfacet
  facet normal 0 0 -1
    outer loop
      vertex 190 68 0
      vertex 197.013 17.9258 0
      vertex 197.01 17.9247 0
    endloop
  endfacet
  facet normal 0 0 -1
    outer loop
      vertex 197.486 66.8782 0
      vertex 190 68 0
      vertex 197.013 67.0742 0
    endloop
  endfacet
  facet normal 0 0 -1
    outer loop
      vertex 190 68 0
      vertex 197.01 17.9247 0
      vertex 196.573 17.6571 0
    endloop
  endfacet
  facet normal 0 0 -1
    outer loop
      vertex 197.013 67.0742 0
      vertex 190 68 0
      vertex 197.01 67.0753 0
    endloop
  endfacet
  facet normal 0 0 -1
    outer loop
      vertex 190 68 0
      vertex 196.573 17.6571 0
      vertex 196.571 17.6555 0
    endloop
  endfacet
  facet normal 0 0 -1
    outer loop
      vertex 197.01 67.0753 0
      vertex 190 68 0
      vertex 196.573 67.3429 0
    endloop
  endfacet
  facet normal 0 0 -1
    outer loop
      vertex 190 68 0
      vertex 196.571 17.6555 0
      vertex 196.181 17.3229 0
    endloop
  endfacet
  facet normal 0 0 -1
    outer loop
      vertex 196.573 67.3429 0
      vertex 190 68 0
      vertex 196.571 67.3445 0
    endloop
  endfacet
  facet normal 0 0 -1
    outer loop
      vertex 190 68 0
      vertex 196.181 17.3229 0
      vertex 196.179 17.321 0
    endloop
  endfacet
  facet normal 0 0 -1
    outer loop
      vertex 196.571 67.3445 0
      vertex 190 68 0
      vertex 196.181 67.6771 0
    endloop
  endfacet
  facet normal 0 0 -1
    outer loop
      vertex 190 68 0
      vertex 196.179 17.321 0
      vertex 196.177 17.3188 0
    endloop
  endfacet
  facet normal 0 0 -1
    outer loop
      vertex 196.181 67.6771 0
      vertex 190 68 0
      vertex 196.179 67.679 0
    endloop
  endfacet
  facet normal 0 0 -1
    outer loop
      vertex 190 68 0
      vertex 196.177 17.3188 0
      vertex 195.844 16.9294 0
    endloop
  endfacet
  facet normal 0 0 -1
    outer loop
      vertex 196.179 67.679 0
      vertex 190 68 0
      vertex 196.177 67.6812 0
    endloop
  endfacet
  facet normal 0 0 -1
    outer loop
      vertex 190 68 0
      vertex 195.844 16.9294 0
      vertex 195.843 16.9269 0
    endloop
  endfacet
  facet normal 0 0 -1
    outer loop
      vertex 196.177 67.6812 0
      vertex 190 68 0
      vertex 195.844 68.0706 0
    endloop
  endfacet
  facet normal 0 0 -1
    outer loop
      vertex 190 68 0
      vertex 195.843 16.9269 0
      vertex 195.575 16.4902 0
    endloop
  endfacet
  facet normal -0 0 -1
    outer loop
      vertex 195.844 68.0706 0
      vertex 190 68 0
      vertex 195.843 68.0731 0
    endloop
  endfacet
  facet normal 0 0 -1
    outer loop
      vertex 188.908 10.782 0
      vertex 195.258 14.4894 0
      vertex 189.176 10.618 0
    endloop
  endfacet
  facet normal -0 0 -1
    outer loop
      vertex 195.258 14.4894 0
      vertex 188.908 10.782 0
      vertex 195.218 15 0
    endloop
  endfacet
  facet normal -0 0 -1
    outer loop
      vertex 195.258 14.4865 0
      vertex 189.176 10.618 0
      vertex 195.258 14.4894 0
    endloop
  endfacet
  facet normal -0 0 -1
    outer loop
      vertex 195.843 68.0731 0
      vertex 190 68 0
      vertex 195.575 68.5098 0
    endloop
  endfacet
  facet normal -0 0 -1
    outer loop
      vertex 195.259 14.4837 0
      vertex 189.176 10.618 0
      vertex 195.258 14.4865 0
    endloop
  endfacet
  facet normal -0 0 -1
    outer loop
      vertex 195.575 68.5098 0
      vertex 190 68 0
      vertex 195.574 68.5125 0
    endloop
  endfacet
  facet normal 0 0 -1
    outer loop
      vertex 189.176 10.618 0
      vertex 195.259 14.4837 0
      vertex 189.414 10.4142 0
    endloop
  endfacet
  facet normal -0 0 -1
    outer loop
      vertex 195.574 68.5125 0
      vertex 190 68 0
      vertex 195.378 68.9857 0
    endloop
  endfacet
  facet normal -0 0 -1
    outer loop
      vertex 195.378 13.9857 0
      vertex 189.414 10.4142 0
      vertex 195.259 14.4837 0
    endloop
  endfacet
  facet normal 0 0 -1
    outer loop
      vertex 189.975 68.3129 0
      vertex 195.378 68.9857 0
      vertex 190 68 0
    endloop
  endfacet
  facet normal 0 0 -1
    outer loop
      vertex 189.414 10.4142 0
      vertex 195.378 13.9857 0
      vertex 189.618 10.1756 0
    endloop
  endfacet
  facet normal -0 0 -1
    outer loop
      vertex 195.378 68.9857 0
      vertex 189.975 68.3129 0
      vertex 195.259 69.4837 0
    endloop
  endfacet
  facet normal 0 0 -1
    outer loop
      vertex 201.622 71.0143 0
      vertex 201.7 87.1642 0
      vertex 201.7 70.6884 0
    endloop
  endfacet
  facet normal 0 0 -1
    outer loop
      vertex 201.426 71.4875 0
      vertex 201.7 87.1642 0
      vertex 201.622 71.0143 0
    endloop
  endfacet
  facet normal 0 0 -1
    outer loop
      vertex 201.425 71.4902 0
      vertex 201.7 87.1642 0
      vertex 201.426 71.4875 0
    endloop
  endfacet
  facet normal 0 0 -1
    outer loop
      vertex 201.157 71.9269 0
      vertex 201.7 87.1642 0
      vertex 201.425 71.4902 0
    endloop
  endfacet
  facet normal 0 0 -1
    outer loop
      vertex 201.156 71.9294 0
      vertex 201.7 87.1642 0
      vertex 201.157 71.9269 0
    endloop
  endfacet
  facet normal 0 0 -1
    outer loop
      vertex 200.823 72.3188 0
      vertex 201.7 87.1642 0
      vertex 201.156 71.9294 0
    endloop
  endfacet
  facet normal 0 0 -1
    outer loop
      vertex 200.821 72.321 0
      vertex 201.7 87.1642 0
      vertex 200.823 72.3188 0
    endloop
  endfacet
  facet normal 0 0 -1
    outer loop
      vertex 200.819 72.3229 0
      vertex 201.7 87.1642 0
      vertex 200.821 72.321 0
    endloop
  endfacet
  facet normal 0 0 -1
    outer loop
      vertex 200.429 72.6555 0
      vertex 201.7 87.1642 0
      vertex 200.819 72.3229 0
    endloop
  endfacet
  facet normal 0 0 -1
    outer loop
      vertex 200.427 72.6571 0
      vertex 201.7 87.1642 0
      vertex 200.429 72.6555 0
    endloop
  endfacet
  facet normal 0 0 -1
    outer loop
      vertex 199.99 72.9247 0
      vertex 201.7 87.1642 0
      vertex 200.427 72.6571 0
    endloop
  endfacet
  facet normal 0 0 -1
    outer loop
      vertex 199.987 72.9258 0
      vertex 201.7 87.1642 0
      vertex 199.99 72.9247 0
    endloop
  endfacet
  facet normal 0 0 -1
    outer loop
      vertex 199.514 73.1218 0
      vertex 201.7 87.1642 0
      vertex 199.987 72.9258 0
    endloop
  endfacet
  facet normal 0 0 -1
    outer loop
      vertex 199.016 73.2413 0
      vertex 201.7 87.1642 0
      vertex 199.514 73.1218 0
    endloop
  endfacet
  facet normal 0 0 -1
    outer loop
      vertex 199.013 73.242 0
      vertex 201.7 87.1642 0
      vertex 199.016 73.2413 0
    endloop
  endfacet
  facet normal 0 0 -1
    outer loop
      vertex 199.011 73.2422 0
      vertex 201.7 87.1642 0
      vertex 199.013 73.242 0
    endloop
  endfacet
  facet normal 0 0 -1
    outer loop
      vertex 198.5 73.2824 0
      vertex 201.7 87.1642 0
      vertex 199.011 73.2422 0
    endloop
  endfacet
  facet normal 0 0 -1
    outer loop
      vertex 197.989 73.2422 0
      vertex 201.7 87.1642 0
      vertex 198.5 73.2824 0
    endloop
  endfacet
  facet normal 0 0 -1
    outer loop
      vertex 197.987 73.242 0
      vertex 201.7 87.1642 0
      vertex 197.989 73.2422 0
    endloop
  endfacet
  facet normal 0 0 -1
    outer loop
      vertex 197.984 73.2413 0
      vertex 201.7 87.1642 0
      vertex 197.987 73.242 0
    endloop
  endfacet
  facet normal 0 0 -1
    outer loop
      vertex 197.486 73.1218 0
      vertex 201.7 87.1642 0
      vertex 197.984 73.2413 0
    endloop
  endfacet
  facet normal 0 0 -1
    outer loop
      vertex 197.013 72.9258 0
      vertex 201.7 87.1642 0
      vertex 197.486 73.1218 0
    endloop
  endfacet
  facet normal 0 0 -1
    outer loop
      vertex 197.01 72.9247 0
      vertex 201.7 87.1642 0
      vertex 197.013 72.9258 0
    endloop
  endfacet
  facet normal 0 0 -1
    outer loop
      vertex 196.573 72.6571 0
      vertex 201.7 87.1642 0
      vertex 197.01 72.9247 0
    endloop
  endfacet
  facet normal 0 0 -1
    outer loop
      vertex 196.571 72.6555 0
      vertex 201.7 87.1642 0
      vertex 196.573 72.6571 0
    endloop
  endfacet
  facet normal 0 0 -1
    outer loop
      vertex 188.313 69.9754 0
      vertex 196.571 72.6555 0
      vertex 196.181 72.3229 0
    endloop
  endfacet
  facet normal 0 0 -1
    outer loop
      vertex 188.313 69.9754 0
      vertex 196.181 72.3229 0
      vertex 196.179 72.321 0
    endloop
  endfacet
  facet normal 0 0 -1
    outer loop
      vertex 188.618 69.9021 0
      vertex 196.179 72.321 0
      vertex 196.177 72.3188 0
    endloop
  endfacet
  facet normal 0 0 -1
    outer loop
      vertex 188.618 69.9021 0
      vertex 196.177 72.3188 0
      vertex 195.844 71.9294 0
    endloop
  endfacet
  facet normal 0 0 -1
    outer loop
      vertex 188.908 69.782 0
      vertex 195.844 71.9294 0
      vertex 195.843 71.9269 0
    endloop
  endfacet
  facet normal 0 0 -1
    outer loop
      vertex 188.908 69.782 0
      vertex 195.843 71.9269 0
      vertex 195.575 71.4902 0
    endloop
  endfacet
  facet normal 0 0 -1
    outer loop
      vertex 189.176 69.618 0
      vertex 195.575 71.4902 0
      vertex 195.574 71.4875 0
    endloop
  endfacet
  facet normal 0 0 -1
    outer loop
      vertex 189.176 69.618 0
      vertex 195.574 71.4875 0
      vertex 195.378 71.0143 0
    endloop
  endfacet
  facet normal 0 0 -1
    outer loop
      vertex 189.618 69.1756 0
      vertex 195.259 70.5163 0
      vertex 195.258 70.5135 0
    endloop
  endfacet
  facet normal 0 0 -1
    outer loop
      vertex 189.782 68.908 0
      vertex 195.258 70.5106 0
      vertex 195.218 70 0
    endloop
  endfacet
  facet normal 0 0 -1
    outer loop
      vertex 189.902 68.618 0
      vertex 195.258 69.4865 0
      vertex 189.975 68.3129 0
    endloop
  endfacet
  facet normal -0 0 -1
    outer loop
      vertex 195.258 69.4865 0
      vertex 189.902 68.618 0
      vertex 195.258 69.4894 0
    endloop
  endfacet
  facet normal -0 0 -1
    outer loop
      vertex 195.258 69.4894 0
      vertex 189.902 68.618 0
      vertex 195.218 70 0
    endloop
  endfacet
  facet normal 0 0 -1
    outer loop
      vertex 189.782 68.908 0
      vertex 195.218 70 0
      vertex 189.902 68.618 0
    endloop
  endfacet
  facet normal 0 0 -1
    outer loop
      vertex 189.618 69.1756 0
      vertex 195.258 70.5106 0
      vertex 189.782 68.908 0
    endloop
  endfacet
  facet normal -0 0 -1
    outer loop
      vertex 195.258 70.5106 0
      vertex 189.618 69.1756 0
      vertex 195.258 70.5135 0
    endloop
  endfacet
  facet normal 0 0 -1
    outer loop
      vertex 195.259 70.5163 0
      vertex 189.618 69.1756 0
      vertex 189.414 69.4142 0
    endloop
  endfacet
  facet normal -0 0 -1
    outer loop
      vertex 195.259 70.5163 0
      vertex 189.414 69.4142 0
      vertex 195.378 71.0143 0
    endloop
  endfacet
  facet normal 0 0 -1
    outer loop
      vertex 189.176 69.618 0
      vertex 195.378 71.0143 0
      vertex 189.414 69.4142 0
    endloop
  endfacet
  facet normal 0 0 -1
    outer loop
      vertex 195.575 71.4902 0
      vertex 189.176 69.618 0
      vertex 188.908 69.782 0
    endloop
  endfacet
  facet normal 0 0 -1
    outer loop
      vertex 195.844 71.9294 0
      vertex 188.908 69.782 0
      vertex 188.618 69.9021 0
    endloop
  endfacet
  facet normal 0 0 -1
    outer loop
      vertex 196.179 72.321 0
      vertex 188.618 69.9021 0
      vertex 188.313 69.9754 0
    endloop
  endfacet
  facet normal 0 0 -1
    outer loop
      vertex 196.571 72.6555 0
      vertex 188.313 69.9754 0
      vertex 188 70 0
    endloop
  endfacet
  facet normal -0 0 -1
    outer loop
      vertex 196.571 72.6555 0
      vertex 188 70 0
      vertex 201.7 87.1642 0
    endloop
  endfacet
  facet normal 0 0 -1
    outer loop
      vertex 187.687 69.9754 0
      vertex 201.7 87.1642 0
      vertex 188 70 0
    endloop
  endfacet
  facet normal 0 0 -1
    outer loop
      vertex 187.382 69.9021 0
      vertex 201.7 87.1642 0
      vertex 187.687 69.9754 0
    endloop
  endfacet
  facet normal 0 0 -1
    outer loop
      vertex 187.092 69.782 0
      vertex 201.7 87.1642 0
      vertex 187.382 69.9021 0
    endloop
  endfacet
  facet normal 0 0 -1
    outer loop
      vertex 186.824 69.618 0
      vertex 201.7 87.1642 0
      vertex 187.092 69.782 0
    endloop
  endfacet
  facet normal 0 0 -1
    outer loop
      vertex 100.176 69.618 0
      vertex 186.824 69.618 0
      vertex 186.586 69.4142 0
    endloop
  endfacet
  facet normal 0 0 -1
    outer loop
      vertex 100.414 69.4142 0
      vertex 186.586 69.4142 0
      vertex 186.382 69.1756 0
    endloop
  endfacet
  facet normal 0 0 -1
    outer loop
      vertex 175.773 42.3776 0
      vertex 187.092 66.218 0
      vertex 176.135 42.2275 0
    endloop
  endfacet
  facet normal -0 0 -1
    outer loop
      vertex 187.092 66.218 0
      vertex 175.773 42.3776 0
      vertex 186.824 66.382 0
    endloop
  endfacet
  facet normal 0 0 -1
    outer loop
      vertex 175.391 42.4692 0
      vertex 186.824 66.382 0
      vertex 175.773 42.3776 0
    endloop
  endfacet
  facet normal -0 0 -1
    outer loop
      vertex 186.824 66.382 0
      vertex 175.391 42.4692 0
      vertex 186.586 66.5858 0
    endloop
  endfacet
  facet normal 0 0 -1
    outer loop
      vertex 175 42.5 0
      vertex 186.586 66.5858 0
      vertex 175.391 42.4692 0
    endloop
  endfacet
  facet normal -0 0 -1
    outer loop
      vertex 186.586 66.5858 0
      vertex 175 42.5 0
      vertex 186.382 66.8244 0
    endloop
  endfacet
  facet normal 0 0 -1
    outer loop
      vertex 174.609 42.4692 0
      vertex 186.382 66.8244 0
      vertex 175 42.5 0
    endloop
  endfacet
  facet normal -0 0 -1
    outer loop
      vertex 186.382 66.8244 0
      vertex 174.609 42.4692 0
      vertex 186.218 67.092 0
    endloop
  endfacet
  facet normal 0 0 -1
    outer loop
      vertex 174.227 42.3776 0
      vertex 186.218 67.092 0
      vertex 174.609 42.4692 0
    endloop
  endfacet
  facet normal -0 0 -1
    outer loop
      vertex 186.218 67.092 0
      vertex 174.227 42.3776 0
      vertex 186.098 67.382 0
    endloop
  endfacet
  facet normal 0 0 -1
    outer loop
      vertex 173.865 42.2275 0
      vertex 186.098 67.382 0
      vertex 174.227 42.3776 0
    endloop
  endfacet
  facet normal -0 0 -1
    outer loop
      vertex 186.098 67.382 0
      vertex 173.865 42.2275 0
      vertex 186.025 67.6871 0
    endloop
  endfacet
  facet normal 0 0 -1
    outer loop
      vertex 173.531 42.0225 0
      vertex 186.025 67.6871 0
      vertex 173.865 42.2275 0
    endloop
  endfacet
  facet normal -0 0 -1
    outer loop
      vertex 186.025 67.6871 0
      vertex 173.531 42.0225 0
      vertex 186 68 0
    endloop
  endfacet
  facet normal 0 0 -1
    outer loop
      vertex 173.232 41.7678 0
      vertex 186 68 0
      vertex 173.531 42.0225 0
    endloop
  endfacet
  facet normal -0 0 -1
    outer loop
      vertex 186 68 0
      vertex 173.232 41.7678 0
      vertex 186.025 68.3129 0
    endloop
  endfacet
  facet normal 0 0 -1
    outer loop
      vertex 100.975 68.3129 0
      vertex 186.025 68.3129 0
      vertex 173.232 41.7678 0
    endloop
  endfacet
  facet normal 0 0 -1
    outer loop
      vertex 186.025 68.3129 0
      vertex 100.975 68.3129 0
      vertex 186.098 68.618 0
    endloop
  endfacet
  facet normal 0 0 -1
    outer loop
      vertex 101 68 0
      vertex 173.232 41.7678 0
      vertex 172.977 41.4695 0
    endloop
  endfacet
  facet normal 0 0 -1
    outer loop
      vertex 101 68 0
      vertex 172.977 41.4695 0
      vertex 172.772 41.135 0
    endloop
  endfacet
  facet normal 0 0 -1
    outer loop
      vertex 146.176 10.618 0
      vertex 173.232 38.2322 0
      vertex 146.414 10.4142 0
    endloop
  endfacet
  facet normal -0 0 -1
    outer loop
      vertex 173.232 38.2322 0
      vertex 146.176 10.618 0
      vertex 172.977 38.5305 0
    endloop
  endfacet
  facet normal 0 0 -1
    outer loop
      vertex 145.908 10.782 0
      vertex 172.977 38.5305 0
      vertex 146.176 10.618 0
    endloop
  endfacet
  facet normal -0 0 -1
    outer loop
      vertex 172.977 38.5305 0
      vertex 145.908 10.782 0
      vertex 172.772 38.865 0
    endloop
  endfacet
  facet normal 0 0 -1
    outer loop
      vertex 145.618 10.9021 0
      vertex 172.772 38.865 0
      vertex 145.908 10.782 0
    endloop
  endfacet
  facet normal -0 0 -1
    outer loop
      vertex 172.772 38.865 0
      vertex 145.618 10.9021 0
      vertex 172.622 39.2275 0
    endloop
  endfacet
  facet normal 0 0 -1
    outer loop
      vertex 145.313 10.9754 0
      vertex 172.622 39.2275 0
      vertex 145.618 10.9021 0
    endloop
  endfacet
  facet normal -0 0 -1
    outer loop
      vertex 172.622 39.2275 0
      vertex 145.313 10.9754 0
      vertex 172.531 39.6089 0
    endloop
  endfacet
  facet normal 0 0 -1
    outer loop
      vertex 145 11 0
      vertex 172.531 39.6089 0
      vertex 145.313 10.9754 0
    endloop
  endfacet
  facet normal -0 0 -1
    outer loop
      vertex 172.531 39.6089 0
      vertex 145 11 0
      vertex 172.5 40 0
    endloop
  endfacet
  facet normal 0 0 -1
    outer loop
      vertex 144.687 10.9754 0
      vertex 172.5 40 0
      vertex 145 11 0
    endloop
  endfacet
  facet normal -0 0 -1
    outer loop
      vertex 172.5 40 0
      vertex 144.687 10.9754 0
      vertex 172.531 40.3911 0
    endloop
  endfacet
  facet normal 0 0 -1
    outer loop
      vertex 144.382 10.9021 0
      vertex 172.531 40.3911 0
      vertex 144.687 10.9754 0
    endloop
  endfacet
  facet normal 0 0 -1
    outer loop
      vertex 101 68 0
      vertex 172.531 40.3911 0
      vertex 144.382 10.9021 0
    endloop
  endfacet
  facet normal 0 0 -1
    outer loop
      vertex 173.232 41.7678 0
      vertex 101 68 0
      vertex 100.975 68.3129 0
    endloop
  endfacet
  facet normal 0 0 -1
    outer loop
      vertex 172.531 40.3911 0
      vertex 101 68 0
      vertex 172.622 40.7725 0
    endloop
  endfacet
  facet normal 0 0 -1
    outer loop
      vertex 172.622 40.7725 0
      vertex 101 68 0
      vertex 172.772 41.135 0
    endloop
  endfacet
  facet normal 0 0 -1
    outer loop
      vertex 101 68 0
      vertex 144.382 10.9021 0
      vertex 144.092 10.782 0
    endloop
  endfacet
  facet normal 0 0 -1
    outer loop
      vertex 101 68 0
      vertex 144.092 10.782 0
      vertex 143.824 10.618 0
    endloop
  endfacet
  facet normal 0 0 -1
    outer loop
      vertex 101 68 0
      vertex 143.824 10.618 0
      vertex 143.586 10.4142 0
    endloop
  endfacet
  facet normal 0 0 -1
    outer loop
      vertex 101 68 0
      vertex 143.586 10.4142 0
      vertex 143.382 10.1756 0
    endloop
  endfacet
  facet normal 0 0 -1
    outer loop
      vertex 101 68 0
      vertex 143.025 9.31287 0
      vertex 143 9 0
    endloop
  endfacet
  facet normal 0 0 -1
    outer loop
      vertex 101 68 0
      vertex 143.098 9.61803 0
      vertex 143.025 9.31287 0
    endloop
  endfacet
  facet normal 0 0 -1
    outer loop
      vertex 101 68 0
      vertex 143.218 9.90798 0
      vertex 143.098 9.61803 0
    endloop
  endfacet
  facet normal 0 0 -1
    outer loop
      vertex 101 68 0
      vertex 143.382 10.1756 0
      vertex 143.218 9.90798 0
    endloop
  endfacet
  facet normal 0 0 -1
    outer loop
      vertex 100.902 68.618 0
      vertex 186.098 68.618 0
      vertex 100.975 68.3129 0
    endloop
  endfacet
  facet normal 0 0 -1
    outer loop
      vertex 186.098 68.618 0
      vertex 100.902 68.618 0
      vertex 186.218 68.908 0
    endloop
  endfacet
  facet normal 0 0 -1
    outer loop
      vertex 100.782 68.908 0
      vertex 186.218 68.908 0
      vertex 100.902 68.618 0
    endloop
  endfacet
  facet normal 0 0 -1
    outer loop
      vertex 186.218 68.908 0
      vertex 100.782 68.908 0
      vertex 186.382 69.1756 0
    endloop
  endfacet
  facet normal 0 0 -1
    outer loop
      vertex 100.618 69.1756 0
      vertex 186.382 69.1756 0
      vertex 100.782 68.908 0
    endloop
  endfacet
  facet normal 0 0 -1
    outer loop
      vertex 100.414 69.4142 0
      vertex 186.382 69.1756 0
      vertex 100.618 69.1756 0
    endloop
  endfacet
  facet normal 0 0 -1
    outer loop
      vertex 100.176 69.618 0
      vertex 186.586 69.4142 0
      vertex 100.414 69.4142 0
    endloop
  endfacet
  facet normal 0 0 -1
    outer loop
      vertex 186.824 69.618 0
      vertex 100.176 69.618 0
      vertex 201.7 87.1642 0
    endloop
  endfacet
  facet normal 0 0 -1
    outer loop
      vertex 99.908 69.782 0
      vertex 201.7 87.1642 0
      vertex 100.176 69.618 0
    endloop
  endfacet
  facet normal 0 0 -1
    outer loop
      vertex 99.618 69.9021 0
      vertex 201.7 87.1642 0
      vertex 99.908 69.782 0
    endloop
  endfacet
  facet normal 0 0 -1
    outer loop
      vertex 99.3129 69.9754 0
      vertex 201.7 87.1642 0
      vertex 99.618 69.9021 0
    endloop
  endfacet
  facet normal 0 0 -1
    outer loop
      vertex 99 70 0
      vertex 201.7 87.1642 0
      vertex 99.3129 69.9754 0
    endloop
  endfacet
  facet normal 0 0 -1
    outer loop
      vertex 3.3 87.1642 0
      vertex 99 70 0
      vertex 98.6871 69.9754 0
    endloop
  endfacet
  facet normal -0 0 -1
    outer loop
      vertex 97.218 67.092 0
      vertex 71.1644 58.0408 0
      vertex 97.0979 67.382 0
    endloop
  endfacet
  facet normal 0 0 -1
    outer loop
      vertex 71.0593 58.2945 0
      vertex 97.0979 67.382 0
      vertex 71.1644 58.0408 0
    endloop
  endfacet
  facet normal -0 0 -1
    outer loop
      vertex 97.0979 67.382 0
      vertex 71.0593 58.2945 0
      vertex 97.0246 67.6871 0
    endloop
  endfacet
  facet normal 0 0 -1
    outer loop
      vertex 70.9158 58.5286 0
      vertex 97.0246 67.6871 0
      vertex 71.0593 58.2945 0
    endloop
  endfacet
  facet normal -0 0 -1
    outer loop
      vertex 97.0246 67.6871 0
      vertex 70.9158 58.5286 0
      vertex 97 68 0
    endloop
  endfacet
  facet normal 0 0 -1
    outer loop
      vertex 70.7374 58.7374 0
      vertex 97 68 0
      vertex 70.9158 58.5286 0
    endloop
  endfacet
  facet normal -0 0 -1
    outer loop
      vertex 97 68 0
      vertex 70.7374 58.7374 0
      vertex 97.0246 68.3129 0
    endloop
  endfacet
  facet normal 0 0 -1
    outer loop
      vertex 70.5286 58.9158 0
      vertex 97.0246 68.3129 0
      vertex 70.7374 58.7374 0
    endloop
  endfacet
  facet normal -0 0 -1
    outer loop
      vertex 97.0246 68.3129 0
      vertex 70.5286 58.9158 0
      vertex 97.0979 68.618 0
    endloop
  endfacet
  facet normal 0 0 -1
    outer loop
      vertex 70.2945 59.0593 0
      vertex 97.0979 68.618 0
      vertex 70.5286 58.9158 0
    endloop
  endfacet
  facet normal -0 0 -1
    outer loop
      vertex 97.0979 68.618 0
      vertex 70.2945 59.0593 0
      vertex 97.218 68.908 0
    endloop
  endfacet
  facet normal 0 0 -1
    outer loop
      vertex 70.0408 59.1643 0
      vertex 97.218 68.908 0
      vertex 70.2945 59.0593 0
    endloop
  endfacet
  facet normal -0 0 -1
    outer loop
      vertex 97.218 68.908 0
      vertex 70.0408 59.1643 0
      vertex 97.382 69.1756 0
    endloop
  endfacet
  facet normal 0 0 -1
    outer loop
      vertex 69.7738 59.2285 0
      vertex 97.382 69.1756 0
      vertex 70.0408 59.1643 0
    endloop
  endfacet
  facet normal -0 0 -1
    outer loop
      vertex 97.382 69.1756 0
      vertex 69.7738 59.2285 0
      vertex 97.5858 69.4142 0
    endloop
  endfacet
  facet normal 0 0 -1
    outer loop
      vertex 69.5 59.25 0
      vertex 97.5858 69.4142 0
      vertex 69.7738 59.2285 0
    endloop
  endfacet
  facet normal -0 0 -1
    outer loop
      vertex 97.5858 69.4142 0
      vertex 69.5 59.25 0
      vertex 97.8244 69.618 0
    endloop
  endfacet
  facet normal 0 0 -1
    outer loop
      vertex 69.2262 59.2285 0
      vertex 97.8244 69.618 0
      vertex 69.5 59.25 0
    endloop
  endfacet
  facet normal 0 0 -1
    outer loop
      vertex 3.3 87.1642 0
      vertex 97.8244 69.618 0
      vertex 69.2262 59.2285 0
    endloop
  endfacet
  facet normal 0 0 -1
    outer loop
      vertex 97.8244 69.618 0
      vertex 3.3 87.1642 0
      vertex 98.092 69.782 0
    endloop
  endfacet
  facet normal 0 0 -1
    outer loop
      vertex 3.3 87.1642 0
      vertex 69.2262 59.2285 0
      vertex 68.9592 59.1643 0
    endloop
  endfacet
  facet normal 0 0 -1
    outer loop
      vertex 67.7715 57.2262 0
      vertex 13.25 57.5 0
      vertex 67.75 57.5 0
    endloop
  endfacet
  facet normal 0 0 -1
    outer loop
      vertex 67.75 57.5 0
      vertex 13.25 57.5 0
      vertex 67.7715 57.7738 0
    endloop
  endfacet
  facet normal 0 0 -1
    outer loop
      vertex 13.2285 57.7738 0
      vertex 67.7715 57.7738 0
      vertex 13.25 57.5 0
    endloop
  endfacet
  facet normal 0 0 -1
    outer loop
      vertex 67.7715 57.7738 0
      vertex 13.2285 57.7738 0
      vertex 67.8356 58.0408 0
    endloop
  endfacet
  facet normal 0 0 -1
    outer loop
      vertex 13.1643 58.0408 0
      vertex 67.8356 58.0408 0
      vertex 13.2285 57.7738 0
    endloop
  endfacet
  facet normal 0 0 -1
    outer loop
      vertex 67.8356 58.0408 0
      vertex 13.1643 58.0408 0
      vertex 67.9407 58.2945 0
    endloop
  endfacet
  facet normal 0 0 -1
    outer loop
      vertex 13.0593 58.2945 0
      vertex 67.9407 58.2945 0
      vertex 13.1643 58.0408 0
    endloop
  endfacet
  facet normal 0 0 -1
    outer loop
      vertex 9.78242 70 0
      vertex 67.9407 58.2945 0
      vertex 13.0593 58.2945 0
    endloop
  endfacet
  facet normal 0 0 -1
    outer loop
      vertex 9.74224 70.5106 0
      vertex 67.9407 58.2945 0
      vertex 9.78242 70 0
    endloop
  endfacet
  facet normal 0 0 -1
    outer loop
      vertex 9.74201 70.5135 0
      vertex 67.9407 58.2945 0
      vertex 9.74224 70.5106 0
    endloop
  endfacet
  facet normal 0 0 -1
    outer loop
      vertex 67.9407 58.2945 0
      vertex 9.74201 70.5135 0
      vertex 68.0842 58.5286 0
    endloop
  endfacet
  facet normal 0 0 -1
    outer loop
      vertex 9.74132 70.5163 0
      vertex 68.0842 58.5286 0
      vertex 9.74201 70.5135 0
    endloop
  endfacet
  facet normal 0 0 -1
    outer loop
      vertex 9.62176 71.0143 0
      vertex 68.0842 58.5286 0
      vertex 9.74132 70.5163 0
    endloop
  endfacet
  facet normal 0 0 -1
    outer loop
      vertex 9.42465 71.4902 0
      vertex 68.2626 58.7374 0
      vertex 9.42578 71.4875 0
    endloop
  endfacet
  facet normal 0 0 -1
    outer loop
      vertex 68.2626 58.7374 0
      vertex 9.42465 71.4902 0
      vertex 68.4714 58.9158 0
    endloop
  endfacet
  facet normal 0 0 -1
    outer loop
      vertex 9.78242 70 0
      vertex 13.0593 58.2945 0
      vertex 12.9158 58.5286 0
    endloop
  endfacet
  facet normal 0 0 -1
    outer loop
      vertex 9.78242 70 0
      vertex 12.9158 58.5286 0
      vertex 12.7374 58.7374 0
    endloop
  endfacet
  facet normal 0 0 -1
    outer loop
      vertex 9.78242 70 0
      vertex 12.7374 58.7374 0
      vertex 12.5286 58.9158 0
    endloop
  endfacet
  facet normal 0 0 -1
    outer loop
      vertex 9.78242 70 0
      vertex 12.5286 58.9158 0
      vertex 12.2945 59.0593 0
    endloop
  endfacet
  facet normal 0 0 -1
    outer loop
      vertex 9.78242 70 0
      vertex 12.2945 59.0593 0
      vertex 12.0408 59.1643 0
    endloop
  endfacet
  facet normal 0 0 -1
    outer loop
      vertex 9.78242 70 0
      vertex 12.0408 59.1643 0
      vertex 11.7738 59.2285 0
    endloop
  endfacet
  facet normal 0 0 -1
    outer loop
      vertex 9.78242 70 0
      vertex 11.7738 59.2285 0
      vertex 11.5 59.25 0
    endloop
  endfacet
  facet normal 0 0 -1
    outer loop
      vertex 9.78242 70 0
      vertex 11.5 59.25 0
      vertex 11.2262 59.2285 0
    endloop
  endfacet
  facet normal 0 0 -1
    outer loop
      vertex 9.78242 70 0
      vertex 9.94074 58.2945 0
      vertex 9.83565 58.0408 0
    endloop
  endfacet
  facet normal 0 0 -1
    outer loop
      vertex 9.78242 70 0
      vertex 10.0842 58.5286 0
      vertex 9.94074 58.2945 0
    endloop
  endfacet
  facet normal 0 0 -1
    outer loop
      vertex 9.78242 70 0
      vertex 10.2626 58.7374 0
      vertex 10.0842 58.5286 0
    endloop
  endfacet
  facet normal 0 0 -1
    outer loop
      vertex 9.78242 70 0
      vertex 10.4714 58.9158 0
      vertex 10.2626 58.7374 0
    endloop
  endfacet
  facet normal 0 0 -1
    outer loop
      vertex 9.78242 70 0
      vertex 10.7055 59.0593 0
      vertex 10.4714 58.9158 0
    endloop
  endfacet
  facet normal 0 0 -1
    outer loop
      vertex 9.78242 70 0
      vertex 10.9592 59.1643 0
      vertex 10.7055 59.0593 0
    endloop
  endfacet
  facet normal 0 0 -1
    outer loop
      vertex 9.78242 70 0
      vertex 11.2262 59.2285 0
      vertex 10.9592 59.1643 0
    endloop
  endfacet
  facet normal 0 0 -1
    outer loop
      vertex 68.0842 58.5286 0
      vertex 9.62176 71.0143 0
      vertex 68.2626 58.7374 0
    endloop
  endfacet
  facet normal 0 0 -1
    outer loop
      vertex 9.42578 71.4875 0
      vertex 68.2626 58.7374 0
      vertex 9.62176 71.0143 0
    endloop
  endfacet
  facet normal 0 0 -1
    outer loop
      vertex 9.15706 71.9269 0
      vertex 68.4714 58.9158 0
      vertex 9.42465 71.4902 0
    endloop
  endfacet
  facet normal 0 0 -1
    outer loop
      vertex 9.15553 71.9294 0
      vertex 68.4714 58.9158 0
      vertex 9.15706 71.9269 0
    endloop
  endfacet
  facet normal 0 0 -1
    outer loop
      vertex 3.3 87.1642 0
      vertex 68.4714 58.9158 0
      vertex 9.15553 71.9294 0
    endloop
  endfacet
  facet normal 0 0 -1
    outer loop
      vertex 98.092 69.782 0
      vertex 3.3 87.1642 0
      vertex 98.382 69.9021 0
    endloop
  endfacet
  facet normal 0 0 -1
    outer loop
      vertex 98.382 69.9021 0
      vertex 3.3 87.1642 0
      vertex 98.6871 69.9754 0
    endloop
  endfacet
  facet normal 0 0 -1
    outer loop
      vertex 68.4714 58.9158 0
      vertex 3.3 87.1642 0
      vertex 68.7055 59.0593 0
    endloop
  endfacet
  facet normal 0 0 -1
    outer loop
      vertex 68.7055 59.0593 0
      vertex 3.3 87.1642 0
      vertex 68.9592 59.1643 0
    endloop
  endfacet
  facet normal 0 0 -1
    outer loop
      vertex 3.3 87.1642 0
      vertex 9.15553 71.9294 0
      vertex 8.82292 72.3188 0
    endloop
  endfacet
  facet normal 0 0 -1
    outer loop
      vertex 3.3 87.1642 0
      vertex 8.82292 72.3188 0
      vertex 8.82102 72.321 0
    endloop
  endfacet
  facet normal 0 0 -1
    outer loop
      vertex 3.3 87.1642 0
      vertex 8.82102 72.321 0
      vertex 8.81879 72.3229 0
    endloop
  endfacet
  facet normal 0 0 -1
    outer loop
      vertex 3.3 87.1642 0
      vertex 8.81879 72.3229 0
      vertex 8.42936 72.6555 0
    endloop
  endfacet
  facet normal 0 0 -1
    outer loop
      vertex 3.3 87.1642 0
      vertex 8.42936 72.6555 0
      vertex 8.42686 72.6571 0
    endloop
  endfacet
  facet normal 0 0 -1
    outer loop
      vertex 3.3 87.1642 0
      vertex 8.42686 72.6571 0
      vertex 7.99019 72.9247 0
    endloop
  endfacet
  facet normal 0 0 -1
    outer loop
      vertex 3.3 87.1642 0
      vertex 7.99019 72.9247 0
      vertex 7.98748 72.9258 0
    endloop
  endfacet
  facet normal 0 0 -1
    outer loop
      vertex 3.3 87.1642 0
      vertex 7.98748 72.9258 0
      vertex 7.51432 73.1218 0
    endloop
  endfacet
  facet normal 0 0 -1
    outer loop
      vertex 3.3 87.1642 0
      vertex 7.51432 73.1218 0
      vertex 7.01633 73.2413 0
    endloop
  endfacet
  facet normal 0 0 -1
    outer loop
      vertex 3.3 87.1642 0
      vertex 7.01633 73.2413 0
      vertex 7.01348 73.242 0
    endloop
  endfacet
  facet normal 0 0 -1
    outer loop
      vertex 3.3 87.1642 0
      vertex 7.01348 73.242 0
      vertex 7.01056 73.2422 0
    endloop
  endfacet
  facet normal 0 0 -1
    outer loop
      vertex 3.3 87.1642 0
      vertex 7.01056 73.2422 0
      vertex 6.5 73.2824 0
    endloop
  endfacet
  facet normal 0 0 -1
    outer loop
      vertex 3.3 87.1642 0
      vertex 5.98944 73.2422 0
      vertex 5.98652 73.242 0
    endloop
  endfacet
  facet normal 0 0 -1
    outer loop
      vertex 3.3 87.1642 0
      vertex 5.98367 73.2413 0
      vertex 5.48568 73.1218 0
    endloop
  endfacet
  facet normal 0 0 -1
    outer loop
      vertex 3.3 87.1642 0
      vertex 5.01252 72.9258 0
      vertex 5.00981 72.9247 0
    endloop
  endfacet
  facet normal 0 0 -1
    outer loop
      vertex 3.3 87.1642 0
      vertex 4.18121 72.3229 0
      vertex 4.17898 72.321 0
    endloop
  endfacet
  facet normal 0 0 -1
    outer loop
      vertex 3.3 87.1642 0
      vertex 3.84294 71.9269 0
      vertex 3.57534 71.4902 0
    endloop
  endfacet
  facet normal 0 0 -1
    outer loop
      vertex 99 70 0
      vertex 3.3 87.1642 0
      vertex 201.7 87.1642 0
    endloop
  endfacet
  facet normal 0 0 -1
    outer loop
      vertex 5.98944 73.2422 0
      vertex 3.3 87.1642 0
      vertex 6.5 73.2824 0
    endloop
  endfacet
  facet normal 0 0 -1
    outer loop
      vertex 5.98367 73.2413 0
      vertex 3.3 87.1642 0
      vertex 5.98652 73.242 0
    endloop
  endfacet
  facet normal 0 0 -1
    outer loop
      vertex 5.01252 72.9258 0
      vertex 3.3 87.1642 0
      vertex 5.48568 73.1218 0
    endloop
  endfacet
  facet normal 0 0 -1
    outer loop
      vertex 4.57314 72.6571 0
      vertex 3.3 87.1642 0
      vertex 5.00981 72.9247 0
    endloop
  endfacet
  facet normal 0 0 -1
    outer loop
      vertex 4.57064 72.6555 0
      vertex 3.3 87.1642 0
      vertex 4.57314 72.6571 0
    endloop
  endfacet
  facet normal 0 0 -1
    outer loop
      vertex 4.18121 72.3229 0
      vertex 3.3 87.1642 0
      vertex 4.57064 72.6555 0
    endloop
  endfacet
  facet normal 0 0 -1
    outer loop
      vertex 4.17708 72.3188 0
      vertex 3.3 87.1642 0
      vertex 4.17898 72.321 0
    endloop
  endfacet
  facet normal 0 0 -1
    outer loop
      vertex 3.84447 71.9294 0
      vertex 3.3 87.1642 0
      vertex 4.17708 72.3188 0
    endloop
  endfacet
  facet normal 0 0 -1
    outer loop
      vertex 3.84294 71.9269 0
      vertex 3.3 87.1642 0
      vertex 3.84447 71.9294 0
    endloop
  endfacet
  facet normal 0 0 -1
    outer loop
      vertex 3.57422 71.4875 0
      vertex 3.3 87.1642 0
      vertex 3.57534 71.4902 0
    endloop
  endfacet
  facet normal 0 0 -1
    outer loop
      vertex 3.37824 71.0143 0
      vertex 3.3 87.1642 0
      vertex 3.57422 71.4875 0
    endloop
  endfacet
  facet normal 0 0 -1
    outer loop
      vertex 3.3 87.1642 0
      vertex 3.37824 71.0143 0
      vertex 3.3 70.6884 0
    endloop
  endfacet
  facet normal 0 0 -1
    outer loop
      vertex 8.42936 17.6555 0
      vertex 12.2945 55.9407 0
      vertex 8.81879 17.3229 0
    endloop
  endfacet
  facet normal 0 0 -1
    outer loop
      vertex 12.2945 55.9407 0
      vertex 8.42936 17.6555 0
      vertex 12.0408 55.8357 0
    endloop
  endfacet
  facet normal 0 0 -1
    outer loop
      vertex 8.42686 17.6571 0
      vertex 12.0408 55.8357 0
      vertex 8.42936 17.6555 0
    endloop
  endfacet
  facet normal -0 0 1
    outer loop
      vertex 3.3 97.4267 79
      vertex 5.8 73.6766 79
      vertex 5.8 97.4267 79
    endloop
  endfacet
  facet normal 0 -0 1
    outer loop
      vertex 4.8832 70.5253 79
      vertex 5.8 73.6766 79
      vertex 3.3 97.4267 79
    endloop
  endfacet
  facet normal 0 0 1
    outer loop
      vertex 5.8 73.6766 79
      vertex 5.50077 71.3753 79
      vertex 5.72822 71.5147 79
    endloop
  endfacet
  facet normal 0 0 1
    outer loop
      vertex 5.8 73.6766 79
      vertex 5.29792 71.2021 79
      vertex 5.50077 71.3753 79
    endloop
  endfacet
  facet normal 0 0 1
    outer loop
      vertex 5.8 73.6766 79
      vertex 5.12467 70.9992 79
      vertex 5.29792 71.2021 79
    endloop
  endfacet
  facet normal 0 0 1
    outer loop
      vertex 5.8 73.6766 79
      vertex 4.98529 70.7718 79
      vertex 5.12467 70.9992 79
    endloop
  endfacet
  facet normal 0 0 1
    outer loop
      vertex 5.8 73.6766 79
      vertex 4.8832 70.5253 79
      vertex 4.98529 70.7718 79
    endloop
  endfacet
  facet normal 0 0 1
    outer loop
      vertex 4.8832 70.5253 79
      vertex 3.3 97.4267 79
      vertex 4.82093 70.2659 79
    endloop
  endfacet
  facet normal 0 0 1
    outer loop
      vertex 4.82093 15.2659 79
      vertex 3.3 9 79
      vertex 4.8 15 79
    endloop
  endfacet
  facet normal 0 0 1
    outer loop
      vertex 4.8 15 79
      vertex 3.3 9 79
      vertex 4.26062 5.83325 79
    endloop
  endfacet
  facet normal 0 0 1
    outer loop
      vertex 4.26062 5.83325 79
      vertex 3.3 9 79
      vertex 3.73389 6.8187 79
    endloop
  endfacet
  facet normal 0 0 1
    outer loop
      vertex 4.82093 70.2659 79
      vertex 3.3 97.4267 79
      vertex 4.8 70 79
    endloop
  endfacet
  facet normal 0 0 1
    outer loop
      vertex 3.3 9 79
      vertex 4.8 70 79
      vertex 3.3 97.4267 79
    endloop
  endfacet
  facet normal 0 0 1
    outer loop
      vertex 3.73389 6.8187 79
      vertex 3.3 9 79
      vertex 3.40952 7.88799 79
    endloop
  endfacet
  facet normal 0 0 1
    outer loop
      vertex 8.2 70 79
      vertex 10.25 70 79
      vertex 10.2038 70.5866 79
    endloop
  endfacet
  facet normal 0 0 1
    outer loop
      vertex 8.17907 70.2659 79
      vertex 10.2038 70.5866 79
      vertex 10.0665 71.1588 79
    endloop
  endfacet
  facet normal 0 0 1
    outer loop
      vertex 10.25 70 79
      vertex 8.2 70 79
      vertex 10.2038 69.4134 79
    endloop
  endfacet
  facet normal 0 0 1
    outer loop
      vertex 8.1168 70.5253 79
      vertex 10.0665 71.1588 79
      vertex 9.84127 71.7025 79
    endloop
  endfacet
  facet normal -0 0 1
    outer loop
      vertex 8.17907 69.7341 79
      vertex 10.2038 69.4134 79
      vertex 8.2 70 79
    endloop
  endfacet
  facet normal 0 0 1
    outer loop
      vertex 8.01471 70.7718 79
      vertex 9.84127 71.7025 79
      vertex 9.53381 72.2042 79
    endloop
  endfacet
  facet normal 0 0 1
    outer loop
      vertex 10.2038 69.4134 79
      vertex 8.17907 69.7341 79
      vertex 10.0665 68.8412 79
    endloop
  endfacet
  facet normal 0 0 1
    outer loop
      vertex 7.87533 70.9992 79
      vertex 9.53381 72.2042 79
      vertex 9.15165 72.6516 79
    endloop
  endfacet
  facet normal -0 0 1
    outer loop
      vertex 8.1168 69.4747 79
      vertex 10.0665 68.8412 79
      vertex 8.17907 69.7341 79
    endloop
  endfacet
  facet normal 0 0 1
    outer loop
      vertex 7.70208 71.2021 79
      vertex 9.15165 72.6516 79
      vertex 8.70419 73.0338 79
    endloop
  endfacet
  facet normal 0 0 1
    outer loop
      vertex 10.0665 68.8412 79
      vertex 8.1168 69.4747 79
      vertex 9.84127 68.2975 79
    endloop
  endfacet
  facet normal 0 0 1
    outer loop
      vertex 7.49923 71.3753 79
      vertex 8.70419 73.0338 79
      vertex 8.20246 73.3413 79
    endloop
  endfacet
  facet normal -0 0 1
    outer loop
      vertex 8.01471 69.2282 79
      vertex 9.84127 68.2975 79
      vertex 8.1168 69.4747 79
    endloop
  endfacet
  facet normal 0 0 1
    outer loop
      vertex 9.84127 68.2975 79
      vertex 8.01471 69.2282 79
      vertex 9.53381 67.7958 79
    endloop
  endfacet
  facet normal 0 0 1
    outer loop
      vertex 10.2038 70.5866 79
      vertex 8.17907 70.2659 79
      vertex 8.2 70 79
    endloop
  endfacet
  facet normal 0 0 1
    outer loop
      vertex 10.0665 71.1588 79
      vertex 8.1168 70.5253 79
      vertex 8.17907 70.2659 79
    endloop
  endfacet
  facet normal 0 0 1
    outer loop
      vertex 9.84127 71.7025 79
      vertex 8.01471 70.7718 79
      vertex 8.1168 70.5253 79
    endloop
  endfacet
  facet normal 0 0 1
    outer loop
      vertex 9.53381 72.2042 79
      vertex 7.87533 70.9992 79
      vertex 8.01471 70.7718 79
    endloop
  endfacet
  facet normal 0 0 1
    outer loop
      vertex 9.15165 72.6516 79
      vertex 7.70208 71.2021 79
      vertex 7.87533 70.9992 79
    endloop
  endfacet
  facet normal 0 0 1
    outer loop
      vertex 7.27178 71.5147 79
      vertex 8.20246 73.3413 79
      vertex 7.65881 73.5665 79
    endloop
  endfacet
  facet normal 0 0 1
    outer loop
      vertex 8.70419 73.0338 79
      vertex 7.49923 71.3753 79
      vertex 7.70208 71.2021 79
    endloop
  endfacet
  facet normal 0 0 1
    outer loop
      vertex 8.20246 73.3413 79
      vertex 7.27178 71.5147 79
      vertex 7.49923 71.3753 79
    endloop
  endfacet
  facet normal 0 0 1
    outer loop
      vertex 7.02533 71.6168 79
      vertex 7.65881 73.5665 79
      vertex 7.08663 73.7038 79
    endloop
  endfacet
  facet normal 0 0 1
    outer loop
      vertex 7.65881 73.5665 79
      vertex 7.02533 71.6168 79
      vertex 7.27178 71.5147 79
    endloop
  endfacet
  facet normal 0 0 1
    outer loop
      vertex 7.08663 73.7038 79
      vertex 6.76594 71.6791 79
      vertex 7.02533 71.6168 79
    endloop
  endfacet
  facet normal 0 0 1
    outer loop
      vertex 6.5 73.75 79
      vertex 6.76594 71.6791 79
      vertex 7.08663 73.7038 79
    endloop
  endfacet
  facet normal 0 0 1
    outer loop
      vertex 6.5 73.75 79
      vertex 6.5 71.7 79
      vertex 6.76594 71.6791 79
    endloop
  endfacet
  facet normal 0 0 1
    outer loop
      vertex 6.5 73.75 79
      vertex 6.23406 71.6791 79
      vertex 6.5 71.7 79
    endloop
  endfacet
  facet normal -0 0 1
    outer loop
      vertex 5.91337 73.7038 79
      vertex 6.23406 71.6791 79
      vertex 6.5 73.75 79
    endloop
  endfacet
  facet normal -0 0 1
    outer loop
      vertex 5.8 73.6766 79
      vertex 6.23406 71.6791 79
      vertex 5.91337 73.7038 79
    endloop
  endfacet
  facet normal 0 0 1
    outer loop
      vertex 6.23406 71.6791 79
      vertex 5.8 73.6766 79
      vertex 5.97467 71.6168 79
    endloop
  endfacet
  facet normal 0 0 1
    outer loop
      vertex 5.97467 71.6168 79
      vertex 5.8 73.6766 79
      vertex 5.72822 71.5147 79
    endloop
  endfacet
  facet normal -0 0 1
    outer loop
      vertex 7.87533 69.0008 79
      vertex 9.53381 67.7958 79
      vertex 8.01471 69.2282 79
    endloop
  endfacet
  facet normal 0 0 1
    outer loop
      vertex 9.53381 67.7958 79
      vertex 7.87533 69.0008 79
      vertex 9.15165 67.3484 79
    endloop
  endfacet
  facet normal -0 0 1
    outer loop
      vertex 7.70208 68.7979 79
      vertex 9.15165 67.3484 79
      vertex 7.87533 69.0008 79
    endloop
  endfacet
  facet normal 0 0 1
    outer loop
      vertex 9.15165 67.3484 79
      vertex 7.70208 68.7979 79
      vertex 8.70419 66.9662 79
    endloop
  endfacet
  facet normal -0 0 1
    outer loop
      vertex 7.49923 68.6247 79
      vertex 8.70419 66.9662 79
      vertex 7.70208 68.7979 79
    endloop
  endfacet
  facet normal 0 0 1
    outer loop
      vertex 8.70419 66.9662 79
      vertex 7.49923 68.6247 79
      vertex 8.20246 66.6587 79
    endloop
  endfacet
  facet normal -0 0 1
    outer loop
      vertex 7.27178 68.4853 79
      vertex 8.20246 66.6587 79
      vertex 7.49923 68.6247 79
    endloop
  endfacet
  facet normal 0 0 1
    outer loop
      vertex 8.20246 66.6587 79
      vertex 7.27178 68.4853 79
      vertex 7.65881 66.4335 79
    endloop
  endfacet
  facet normal -0 0 1
    outer loop
      vertex 7.02533 68.3832 79
      vertex 7.65881 66.4335 79
      vertex 7.27178 68.4853 79
    endloop
  endfacet
  facet normal 0 0 1
    outer loop
      vertex 7.65881 66.4335 79
      vertex 7.02533 68.3832 79
      vertex 7.08663 66.2962 79
    endloop
  endfacet
  facet normal -0 0 1
    outer loop
      vertex 6.76594 68.3209 79
      vertex 7.08663 66.2962 79
      vertex 7.02533 68.3832 79
    endloop
  endfacet
  facet normal -0 0 1
    outer loop
      vertex 6.5 68.3 79
      vertex 7.08663 66.2962 79
      vertex 6.76594 68.3209 79
    endloop
  endfacet
  facet normal 0 0 1
    outer loop
      vertex 6.5 68.3 79
      vertex 6.5 66.25 79
      vertex 7.08663 66.2962 79
    endloop
  endfacet
  facet normal 0 0 1
    outer loop
      vertex 6.23406 68.3209 79
      vertex 6.5 66.25 79
      vertex 6.5 68.3 79
    endloop
  endfacet
  facet normal 0 0 1
    outer loop
      vertex 5.8 66.3234 79
      vertex 6.23406 68.3209 79
      vertex 5.97467 68.3832 79
    endloop
  endfacet
  facet normal 0 0 1
    outer loop
      vertex 6.23406 68.3209 79
      vertex 5.91337 66.2962 79
      vertex 6.5 66.25 79
    endloop
  endfacet
  facet normal 0 0 1
    outer loop
      vertex 6.23406 68.3209 79
      vertex 5.8 66.3234 79
      vertex 5.91337 66.2962 79
    endloop
  endfacet
  facet normal 0 0 1
    outer loop
      vertex 5.50077 68.6247 79
      vertex 5.8 66.3234 79
      vertex 5.72822 68.4853 79
    endloop
  endfacet
  facet normal 0 0 1
    outer loop
      vertex 5.72822 68.4853 79
      vertex 5.8 66.3234 79
      vertex 5.97467 68.3832 79
    endloop
  endfacet
  facet normal 0 0 1
    outer loop
      vertex 8.2 15 79
      vertex 10.25 15 79
      vertex 10.2038 15.5866 79
    endloop
  endfacet
  facet normal 0 0 1
    outer loop
      vertex 8.17907 15.2659 79
      vertex 10.2038 15.5866 79
      vertex 10.0665 16.1588 79
    endloop
  endfacet
  facet normal 0 0 1
    outer loop
      vertex 10.25 15 79
      vertex 8.2 15 79
      vertex 10.2038 14.4134 79
    endloop
  endfacet
  facet normal 0 0 1
    outer loop
      vertex 8.1168 15.5253 79
      vertex 10.0665 16.1588 79
      vertex 9.84127 16.7025 79
    endloop
  endfacet
  facet normal -0 0 1
    outer loop
      vertex 8.17907 14.7341 79
      vertex 10.2038 14.4134 79
      vertex 8.2 15 79
    endloop
  endfacet
  facet normal 0 0 1
    outer loop
      vertex 8.01471 15.7718 79
      vertex 9.84127 16.7025 79
      vertex 9.53381 17.2042 79
    endloop
  endfacet
  facet normal 0 0 1
    outer loop
      vertex 10.2038 14.4134 79
      vertex 8.17907 14.7341 79
      vertex 10.0665 13.8412 79
    endloop
  endfacet
  facet normal 0 0 1
    outer loop
      vertex 7.87533 15.9992 79
      vertex 9.53381 17.2042 79
      vertex 9.15165 17.6517 79
    endloop
  endfacet
  facet normal -0 0 1
    outer loop
      vertex 8.1168 14.4747 79
      vertex 10.0665 13.8412 79
      vertex 8.17907 14.7341 79
    endloop
  endfacet
  facet normal 0 0 1
    outer loop
      vertex 7.70208 16.2021 79
      vertex 9.15165 17.6517 79
      vertex 8.70419 18.0338 79
    endloop
  endfacet
  facet normal 0 0 1
    outer loop
      vertex 10.0665 13.8412 79
      vertex 8.1168 14.4747 79
      vertex 9.84127 13.2975 79
    endloop
  endfacet
  facet normal 0 0 1
    outer loop
      vertex 7.49923 16.3753 79
      vertex 8.70419 18.0338 79
      vertex 8.20246 18.3413 79
    endloop
  endfacet
  facet normal -0 0 1
    outer loop
      vertex 8.01471 14.2282 79
      vertex 9.84127 13.2975 79
      vertex 8.1168 14.4747 79
    endloop
  endfacet
  facet normal 0 0 1
    outer loop
      vertex 9.84127 13.2975 79
      vertex 8.01471 14.2282 79
      vertex 9.53381 12.7958 79
    endloop
  endfacet
  facet normal 0 0 1
    outer loop
      vertex 10.2038 15.5866 79
      vertex 8.17907 15.2659 79
      vertex 8.2 15 79
    endloop
  endfacet
  facet normal 0 0 1
    outer loop
      vertex 10.0665 16.1588 79
      vertex 8.1168 15.5253 79
      vertex 8.17907 15.2659 79
    endloop
  endfacet
  facet normal 0 0 1
    outer loop
      vertex 9.84127 16.7025 79
      vertex 8.01471 15.7718 79
      vertex 8.1168 15.5253 79
    endloop
  endfacet
  facet normal 0 0 1
    outer loop
      vertex 9.53381 17.2042 79
      vertex 7.87533 15.9992 79
      vertex 8.01471 15.7718 79
    endloop
  endfacet
  facet normal 0 0 1
    outer loop
      vertex 9.15165 17.6517 79
      vertex 7.70208 16.2021 79
      vertex 7.87533 15.9992 79
    endloop
  endfacet
  facet normal 0 0 1
    outer loop
      vertex 7.27178 16.5147 79
      vertex 8.20246 18.3413 79
      vertex 7.65881 18.5665 79
    endloop
  endfacet
  facet normal 0 0 1
    outer loop
      vertex 8.70419 18.0338 79
      vertex 7.49923 16.3753 79
      vertex 7.70208 16.2021 79
    endloop
  endfacet
  facet normal 0 0 1
    outer loop
      vertex 8.20246 18.3413 79
      vertex 7.27178 16.5147 79
      vertex 7.49923 16.3753 79
    endloop
  endfacet
  facet normal 0 0 1
    outer loop
      vertex 7.02533 16.6168 79
      vertex 7.65881 18.5665 79
      vertex 7.08663 18.7038 79
    endloop
  endfacet
  facet normal 0 0 1
    outer loop
      vertex 7.65881 18.5665 79
      vertex 7.02533 16.6168 79
      vertex 7.27178 16.5147 79
    endloop
  endfacet
  facet normal 0 0 1
    outer loop
      vertex 7.08663 18.7038 79
      vertex 6.76594 16.6791 79
      vertex 7.02533 16.6168 79
    endloop
  endfacet
  facet normal 0 0 1
    outer loop
      vertex 6.5 18.75 79
      vertex 6.76594 16.6791 79
      vertex 7.08663 18.7038 79
    endloop
  endfacet
  facet normal 0 0 1
    outer loop
      vertex 6.5 18.75 79
      vertex 6.5 16.7 79
      vertex 6.76594 16.6791 79
    endloop
  endfacet
  facet normal 0 0 1
    outer loop
      vertex 6.5 18.75 79
      vertex 6.23406 16.6791 79
      vertex 6.5 16.7 79
    endloop
  endfacet
  facet normal -0 0 1
    outer loop
      vertex 5.91337 18.7038 79
      vertex 6.23406 16.6791 79
      vertex 6.5 18.75 79
    endloop
  endfacet
  facet normal -0 0 1
    outer loop
      vertex 5.8 18.6766 79
      vertex 6.23406 16.6791 79
      vertex 5.91337 18.7038 79
    endloop
  endfacet
  facet normal 0 0 1
    outer loop
      vertex 6.23406 16.6791 79
      vertex 5.8 18.6766 79
      vertex 5.97467 16.6168 79
    endloop
  endfacet
  facet normal 0 0 1
    outer loop
      vertex 5.8 18.6766 79
      vertex 5.72822 16.5147 79
      vertex 5.97467 16.6168 79
    endloop
  endfacet
  facet normal 0 0 1
    outer loop
      vertex 5.29792 68.7979 79
      vertex 5.8 66.3234 79
      vertex 5.50077 68.6247 79
    endloop
  endfacet
  facet normal 0 0 1
    outer loop
      vertex 5.12467 69.0008 79
      vertex 5.8 66.3234 79
      vertex 5.29792 68.7979 79
    endloop
  endfacet
  facet normal 0 0 1
    outer loop
      vertex 5.8 18.6766 79
      vertex 5.50077 16.3753 79
      vertex 5.72822 16.5147 79
    endloop
  endfacet
  facet normal 0 0 1
    outer loop
      vertex 4.98529 69.2282 79
      vertex 5.8 66.3234 79
      vertex 5.12467 69.0008 79
    endloop
  endfacet
  facet normal 0 0 1
    outer loop
      vertex 5.8 18.6766 79
      vertex 5.29792 16.2021 79
      vertex 5.50077 16.3753 79
    endloop
  endfacet
  facet normal 0 0 1
    outer loop
      vertex 4.8832 69.4747 79
      vertex 5.8 66.3234 79
      vertex 4.98529 69.2282 79
    endloop
  endfacet
  facet normal 0 0 1
    outer loop
      vertex 5.8 18.6766 79
      vertex 5.12467 15.9992 79
      vertex 5.29792 16.2021 79
    endloop
  endfacet
  facet normal 0 0 1
    outer loop
      vertex 5.8 66.3234 79
      vertex 4.8832 69.4747 79
      vertex 5.8 18.6766 79
    endloop
  endfacet
  facet normal 0 0 1
    outer loop
      vertex 5.8 18.6766 79
      vertex 4.98529 15.7718 79
      vertex 5.12467 15.9992 79
    endloop
  endfacet
  facet normal 0 0 1
    outer loop
      vertex 4.8832 15.5253 79
      vertex 5.8 18.6766 79
      vertex 4.8832 69.4747 79
    endloop
  endfacet
  facet normal 0 0 1
    outer loop
      vertex 5.8 18.6766 79
      vertex 4.8832 15.5253 79
      vertex 4.98529 15.7718 79
    endloop
  endfacet
  facet normal 0 0 1
    outer loop
      vertex 4.82093 69.7341 79
      vertex 4.8832 15.5253 79
      vertex 4.8832 69.4747 79
    endloop
  endfacet
  facet normal 0 0 1
    outer loop
      vertex 4.82093 69.7341 79
      vertex 4.82093 15.2659 79
      vertex 4.8832 15.5253 79
    endloop
  endfacet
  facet normal 0 0 1
    outer loop
      vertex 3.3 9 79
      vertex 4.82093 69.7341 79
      vertex 4.8 70 79
    endloop
  endfacet
  facet normal 0 0 1
    outer loop
      vertex 4.82093 69.7341 79
      vertex 3.3 9 79
      vertex 4.82093 15.2659 79
    endloop
  endfacet
  facet normal -0 0 1
    outer loop
      vertex 7.87533 14.0008 79
      vertex 9.53381 12.7958 79
      vertex 8.01471 14.2282 79
    endloop
  endfacet
  facet normal 0 0 1
    outer loop
      vertex 9.53381 12.7958 79
      vertex 7.87533 14.0008 79
      vertex 9.15165 12.3483 79
    endloop
  endfacet
  facet normal -0 0 1
    outer loop
      vertex 7.70208 13.7979 79
      vertex 9.15165 12.3483 79
      vertex 7.87533 14.0008 79
    endloop
  endfacet
  facet normal 0 0 1
    outer loop
      vertex 9.15165 12.3483 79
      vertex 7.70208 13.7979 79
      vertex 8.70419 11.9662 79
    endloop
  endfacet
  facet normal -0 0 1
    outer loop
      vertex 7.49923 13.6247 79
      vertex 8.70419 11.9662 79
      vertex 7.70208 13.7979 79
    endloop
  endfacet
  facet normal 0 0 1
    outer loop
      vertex 8.70419 11.9662 79
      vertex 7.49923 13.6247 79
      vertex 8.20246 11.6587 79
    endloop
  endfacet
  facet normal -0 0 1
    outer loop
      vertex 7.27178 13.4853 79
      vertex 8.20246 11.6587 79
      vertex 7.49923 13.6247 79
    endloop
  endfacet
  facet normal 0 0 1
    outer loop
      vertex 8.20246 11.6587 79
      vertex 7.27178 13.4853 79
      vertex 7.65881 11.4335 79
    endloop
  endfacet
  facet normal -0 0 1
    outer loop
      vertex 7.02533 13.3832 79
      vertex 7.65881 11.4335 79
      vertex 7.27178 13.4853 79
    endloop
  endfacet
  facet normal 0 0 1
    outer loop
      vertex 7.65881 11.4335 79
      vertex 7.02533 13.3832 79
      vertex 7.08663 11.2962 79
    endloop
  endfacet
  facet normal -0 0 1
    outer loop
      vertex 6.76594 13.3209 79
      vertex 7.08663 11.2962 79
      vertex 7.02533 13.3832 79
    endloop
  endfacet
  facet normal -0 0 1
    outer loop
      vertex 6.5 13.3 79
      vertex 7.08663 11.2962 79
      vertex 6.76594 13.3209 79
    endloop
  endfacet
  facet normal 0 0 1
    outer loop
      vertex 6.5 13.3 79
      vertex 6.5 11.25 79
      vertex 7.08663 11.2962 79
    endloop
  endfacet
  facet normal 0 0 1
    outer loop
      vertex 6.23406 13.3209 79
      vertex 6.5 11.25 79
      vertex 6.5 13.3 79
    endloop
  endfacet
  facet normal 0 0 1
    outer loop
      vertex 5.8 11.3234 79
      vertex 6.23406 13.3209 79
      vertex 5.97467 13.3832 79
    endloop
  endfacet
  facet normal 0 0 1
    outer loop
      vertex 6.23406 13.3209 79
      vertex 5.91337 11.2962 79
      vertex 6.5 11.25 79
    endloop
  endfacet
  facet normal 0 0 1
    outer loop
      vertex 6.23406 13.3209 79
      vertex 5.8 11.3234 79
      vertex 5.91337 11.2962 79
    endloop
  endfacet
  facet normal 0 0 1
    outer loop
      vertex 5.50077 13.6247 79
      vertex 5.8 11.3234 79
      vertex 5.72822 13.4853 79
    endloop
  endfacet
  facet normal 0 0 1
    outer loop
      vertex 5.72822 13.4853 79
      vertex 5.8 11.3234 79
      vertex 5.97467 13.3832 79
    endloop
  endfacet
  facet normal -0 0 1
    outer loop
      vertex 199.025 13.3832 79
      vertex 199.2 11.3234 79
      vertex 199.272 13.4853 79
    endloop
  endfacet
  facet normal -0 0 1
    outer loop
      vertex 198.766 13.3209 79
      vertex 199.2 11.3234 79
      vertex 199.025 13.3832 79
    endloop
  endfacet
  facet normal 0 0 1
    outer loop
      vertex 199.2 11.3234 79
      vertex 198.766 13.3209 79
      vertex 199.087 11.2962 79
    endloop
  endfacet
  facet normal -0 0 1
    outer loop
      vertex 198.5 13.3 79
      vertex 199.087 11.2962 79
      vertex 198.766 13.3209 79
    endloop
  endfacet
  facet normal 0 0 1
    outer loop
      vertex 198.5 13.3 79
      vertex 198.5 11.25 79
      vertex 199.087 11.2962 79
    endloop
  endfacet
  facet normal 0 0 1
    outer loop
      vertex 198.234 13.3209 79
      vertex 198.5 11.25 79
      vertex 198.5 13.3 79
    endloop
  endfacet
  facet normal 0 0 1
    outer loop
      vertex 197.913 11.2962 79
      vertex 198.234 13.3209 79
      vertex 197.975 13.3832 79
    endloop
  endfacet
  facet normal 0 0 1
    outer loop
      vertex 198.234 13.3209 79
      vertex 197.913 11.2962 79
      vertex 198.5 11.25 79
    endloop
  endfacet
  facet normal 0 0 1
    outer loop
      vertex 197.341 11.4335 79
      vertex 197.975 13.3832 79
      vertex 197.728 13.4853 79
    endloop
  endfacet
  facet normal 0 0 1
    outer loop
      vertex 196.798 11.6587 79
      vertex 197.728 13.4853 79
      vertex 197.501 13.6247 79
    endloop
  endfacet
  facet normal 0 0 1
    outer loop
      vertex 197.975 13.3832 79
      vertex 197.341 11.4335 79
      vertex 197.913 11.2962 79
    endloop
  endfacet
  facet normal 0 0 1
    outer loop
      vertex 196.296 11.9662 79
      vertex 197.501 13.6247 79
      vertex 197.298 13.7979 79
    endloop
  endfacet
  facet normal 0 0 1
    outer loop
      vertex 195.848 12.3483 79
      vertex 197.298 13.7979 79
      vertex 197.125 14.0008 79
    endloop
  endfacet
  facet normal 0 0 1
    outer loop
      vertex 195.466 12.7958 79
      vertex 197.125 14.0008 79
      vertex 196.985 14.2282 79
    endloop
  endfacet
  facet normal 0 0 1
    outer loop
      vertex 195.159 13.2975 79
      vertex 196.985 14.2282 79
      vertex 196.883 14.4747 79
    endloop
  endfacet
  facet normal 0 0 1
    outer loop
      vertex 194.934 13.8412 79
      vertex 196.883 14.4747 79
      vertex 196.821 14.7341 79
    endloop
  endfacet
  facet normal 0 0 1
    outer loop
      vertex 197.728 13.4853 79
      vertex 196.798 11.6587 79
      vertex 197.341 11.4335 79
    endloop
  endfacet
  facet normal 0 0 1
    outer loop
      vertex 194.796 14.4134 79
      vertex 196.821 14.7341 79
      vertex 196.8 15 79
    endloop
  endfacet
  facet normal -0 0 1
    outer loop
      vertex 195.159 16.7025 79
      vertex 196.985 15.7718 79
      vertex 195.466 17.2042 79
    endloop
  endfacet
  facet normal 0 0 1
    outer loop
      vertex 196.985 15.7718 79
      vertex 195.159 16.7025 79
      vertex 196.883 15.5253 79
    endloop
  endfacet
  facet normal 0 0 1
    outer loop
      vertex 197.501 13.6247 79
      vertex 196.296 11.9662 79
      vertex 196.798 11.6587 79
    endloop
  endfacet
  facet normal -0 0 1
    outer loop
      vertex 194.934 16.1588 79
      vertex 196.883 15.5253 79
      vertex 195.159 16.7025 79
    endloop
  endfacet
  facet normal 0 0 1
    outer loop
      vertex 197.298 13.7979 79
      vertex 195.848 12.3483 79
      vertex 196.296 11.9662 79
    endloop
  endfacet
  facet normal 0 0 1
    outer loop
      vertex 196.883 15.5253 79
      vertex 194.934 16.1588 79
      vertex 196.821 15.2659 79
    endloop
  endfacet
  facet normal 0 0 1
    outer loop
      vertex 197.125 14.0008 79
      vertex 195.466 12.7958 79
      vertex 195.848 12.3483 79
    endloop
  endfacet
  facet normal -0 0 1
    outer loop
      vertex 194.796 15.5866 79
      vertex 196.821 15.2659 79
      vertex 194.934 16.1588 79
    endloop
  endfacet
  facet normal 0 0 1
    outer loop
      vertex 196.985 14.2282 79
      vertex 195.159 13.2975 79
      vertex 195.466 12.7958 79
    endloop
  endfacet
  facet normal 0 0 1
    outer loop
      vertex 196.821 15.2659 79
      vertex 194.796 15.5866 79
      vertex 196.8 15 79
    endloop
  endfacet
  facet normal 0 0 1
    outer loop
      vertex 196.883 14.4747 79
      vertex 194.934 13.8412 79
      vertex 195.159 13.2975 79
    endloop
  endfacet
  facet normal 0 0 1
    outer loop
      vertex 194.75 15 79
      vertex 196.8 15 79
      vertex 194.796 15.5866 79
    endloop
  endfacet
  facet normal 0 0 1
    outer loop
      vertex 196.821 14.7341 79
      vertex 194.796 14.4134 79
      vertex 194.934 13.8412 79
    endloop
  endfacet
  facet normal 0 0 1
    outer loop
      vertex 196.8 15 79
      vertex 194.75 15 79
      vertex 194.796 14.4134 79
    endloop
  endfacet
  facet normal -0 0 1
    outer loop
      vertex 200.179 15.2659 79
      vertex 201.7 9 79
      vertex 200.179 69.7341 79
    endloop
  endfacet
  facet normal 0 0 1
    outer loop
      vertex 201.7 9 79
      vertex 200.179 15.2659 79
      vertex 200.2 15 79
    endloop
  endfacet
  facet normal -0 0 1
    outer loop
      vertex 200.117 69.4747 79
      vertex 200.179 15.2659 79
      vertex 200.179 69.7341 79
    endloop
  endfacet
  facet normal 0 0 1
    outer loop
      vertex 200.117 69.4747 79
      vertex 200.117 15.5253 79
      vertex 200.179 15.2659 79
    endloop
  endfacet
  facet normal 0 0 1
    outer loop
      vertex 199.2 66.3234 79
      vertex 200.117 69.4747 79
      vertex 200.015 69.2282 79
    endloop
  endfacet
  facet normal 0 0 1
    outer loop
      vertex 200.117 69.4747 79
      vertex 199.2 66.3234 79
      vertex 200.117 15.5253 79
    endloop
  endfacet
  facet normal 0 0 1
    outer loop
      vertex 199.2 66.3234 79
      vertex 200.015 69.2282 79
      vertex 199.875 69.0008 79
    endloop
  endfacet
  facet normal -0 0 1
    outer loop
      vertex 199.2 18.6766 79
      vertex 200.117 15.5253 79
      vertex 199.2 66.3234 79
    endloop
  endfacet
  facet normal 0 0 1
    outer loop
      vertex 199.2 66.3234 79
      vertex 199.875 69.0008 79
      vertex 199.702 68.7979 79
    endloop
  endfacet
  facet normal 0 0 1
    outer loop
      vertex 200.117 15.5253 79
      vertex 199.2 18.6766 79
      vertex 200.015 15.7718 79
    endloop
  endfacet
  facet normal 0 0 1
    outer loop
      vertex 199.2 66.3234 79
      vertex 199.702 68.7979 79
      vertex 199.499 68.6247 79
    endloop
  endfacet
  facet normal 0 0 1
    outer loop
      vertex 200.015 15.7718 79
      vertex 199.2 18.6766 79
      vertex 199.875 15.9992 79
    endloop
  endfacet
  facet normal 0 0 1
    outer loop
      vertex 199.2 66.3234 79
      vertex 199.499 68.6247 79
      vertex 199.272 68.4853 79
    endloop
  endfacet
  facet normal 0 0 1
    outer loop
      vertex 199.875 15.9992 79
      vertex 199.2 18.6766 79
      vertex 199.702 16.2021 79
    endloop
  endfacet
  facet normal 0 0 1
    outer loop
      vertex 199.702 16.2021 79
      vertex 199.2 18.6766 79
      vertex 199.499 16.3753 79
    endloop
  endfacet
  facet normal -0 0 1
    outer loop
      vertex 199.025 68.3832 79
      vertex 199.2 66.3234 79
      vertex 199.272 68.4853 79
    endloop
  endfacet
  facet normal -0 0 1
    outer loop
      vertex 198.766 68.3209 79
      vertex 199.2 66.3234 79
      vertex 199.025 68.3832 79
    endloop
  endfacet
  facet normal 0 0 1
    outer loop
      vertex 199.2 66.3234 79
      vertex 198.766 68.3209 79
      vertex 199.087 66.2962 79
    endloop
  endfacet
  facet normal -0 0 1
    outer loop
      vertex 198.5 68.3 79
      vertex 199.087 66.2962 79
      vertex 198.766 68.3209 79
    endloop
  endfacet
  facet normal 0 0 1
    outer loop
      vertex 198.5 68.3 79
      vertex 198.5 66.25 79
      vertex 199.087 66.2962 79
    endloop
  endfacet
  facet normal 0 0 1
    outer loop
      vertex 198.234 68.3209 79
      vertex 198.5 66.25 79
      vertex 198.5 68.3 79
    endloop
  endfacet
  facet normal 0 0 1
    outer loop
      vertex 197.913 66.2962 79
      vertex 198.234 68.3209 79
      vertex 197.975 68.3832 79
    endloop
  endfacet
  facet normal 0 0 1
    outer loop
      vertex 198.234 68.3209 79
      vertex 197.913 66.2962 79
      vertex 198.5 66.25 79
    endloop
  endfacet
  facet normal 0 0 1
    outer loop
      vertex 197.341 66.4335 79
      vertex 197.975 68.3832 79
      vertex 197.728 68.4853 79
    endloop
  endfacet
  facet normal 0 0 1
    outer loop
      vertex 196.798 66.6587 79
      vertex 197.728 68.4853 79
      vertex 197.501 68.6247 79
    endloop
  endfacet
  facet normal 0 0 1
    outer loop
      vertex 197.975 68.3832 79
      vertex 197.341 66.4335 79
      vertex 197.913 66.2962 79
    endloop
  endfacet
  facet normal 0 0 1
    outer loop
      vertex 196.296 66.9662 79
      vertex 197.501 68.6247 79
      vertex 197.298 68.7979 79
    endloop
  endfacet
  facet normal 0 0 1
    outer loop
      vertex 195.848 67.3484 79
      vertex 197.298 68.7979 79
      vertex 197.125 69.0008 79
    endloop
  endfacet
  facet normal 0 0 1
    outer loop
      vertex 195.466 67.7958 79
      vertex 197.125 69.0008 79
      vertex 196.985 69.2282 79
    endloop
  endfacet
  facet normal 0 0 1
    outer loop
      vertex 195.159 68.2975 79
      vertex 196.985 69.2282 79
      vertex 196.883 69.4747 79
    endloop
  endfacet
  facet normal 0 0 1
    outer loop
      vertex 194.934 68.8412 79
      vertex 196.883 69.4747 79
      vertex 196.821 69.7341 79
    endloop
  endfacet
  facet normal 0 0 1
    outer loop
      vertex 197.728 68.4853 79
      vertex 196.798 66.6587 79
      vertex 197.341 66.4335 79
    endloop
  endfacet
  facet normal 0 0 1
    outer loop
      vertex 194.796 69.4134 79
      vertex 196.821 69.7341 79
      vertex 196.8 70 79
    endloop
  endfacet
  facet normal -0 0 1
    outer loop
      vertex 195.159 71.7025 79
      vertex 196.985 70.7718 79
      vertex 195.466 72.2042 79
    endloop
  endfacet
  facet normal 0 0 1
    outer loop
      vertex 196.985 70.7718 79
      vertex 195.159 71.7025 79
      vertex 196.883 70.5253 79
    endloop
  endfacet
  facet normal 0 0 1
    outer loop
      vertex 197.501 68.6247 79
      vertex 196.296 66.9662 79
      vertex 196.798 66.6587 79
    endloop
  endfacet
  facet normal -0 0 1
    outer loop
      vertex 194.934 71.1588 79
      vertex 196.883 70.5253 79
      vertex 195.159 71.7025 79
    endloop
  endfacet
  facet normal 0 0 1
    outer loop
      vertex 197.298 68.7979 79
      vertex 195.848 67.3484 79
      vertex 196.296 66.9662 79
    endloop
  endfacet
  facet normal 0 0 1
    outer loop
      vertex 196.883 70.5253 79
      vertex 194.934 71.1588 79
      vertex 196.821 70.2659 79
    endloop
  endfacet
  facet normal 0 0 1
    outer loop
      vertex 197.125 69.0008 79
      vertex 195.466 67.7958 79
      vertex 195.848 67.3484 79
    endloop
  endfacet
  facet normal -0 0 1
    outer loop
      vertex 194.796 70.5866 79
      vertex 196.821 70.2659 79
      vertex 194.934 71.1588 79
    endloop
  endfacet
  facet normal 0 0 1
    outer loop
      vertex 196.985 69.2282 79
      vertex 195.159 68.2975 79
      vertex 195.466 67.7958 79
    endloop
  endfacet
  facet normal 0 0 1
    outer loop
      vertex 196.821 70.2659 79
      vertex 194.796 70.5866 79
      vertex 196.8 70 79
    endloop
  endfacet
  facet normal 0 0 1
    outer loop
      vertex 196.883 69.4747 79
      vertex 194.934 68.8412 79
      vertex 195.159 68.2975 79
    endloop
  endfacet
  facet normal 0 0 1
    outer loop
      vertex 194.75 70 79
      vertex 196.8 70 79
      vertex 194.796 70.5866 79
    endloop
  endfacet
  facet normal 0 0 1
    outer loop
      vertex 196.821 69.7341 79
      vertex 194.796 69.4134 79
      vertex 194.934 68.8412 79
    endloop
  endfacet
  facet normal 0 0 1
    outer loop
      vertex 196.8 70 79
      vertex 194.75 70 79
      vertex 194.796 69.4134 79
    endloop
  endfacet
  facet normal -0 0 1
    outer loop
      vertex 200.2 70 79
      vertex 201.7 9 79
      vertex 201.7 97.4267 79
    endloop
  endfacet
  facet normal -0 0 1
    outer loop
      vertex 200.179 69.7341 79
      vertex 201.7 9 79
      vertex 200.2 70 79
    endloop
  endfacet
  facet normal -0 0 1
    outer loop
      vertex 200.179 14.7341 79
      vertex 201.7 9 79
      vertex 200.2 15 79
    endloop
  endfacet
  facet normal -0 0 1
    outer loop
      vertex 200.117 14.4747 79
      vertex 201.7 9 79
      vertex 200.179 14.7341 79
    endloop
  endfacet
  facet normal 0 0 1
    outer loop
      vertex 201.7 97.4267 79
      vertex 200.179 70.2659 79
      vertex 200.2 70 79
    endloop
  endfacet
  facet normal 0 0 1
    outer loop
      vertex 201.7 97.4267 79
      vertex 200.117 70.5253 79
      vertex 200.179 70.2659 79
    endloop
  endfacet
  facet normal -0 0 1
    outer loop
      vertex 199.2 73.6766 79
      vertex 200.117 70.5253 79
      vertex 201.7 97.4267 79
    endloop
  endfacet
  facet normal 0 0 1
    outer loop
      vertex 200.117 70.5253 79
      vertex 199.2 73.6766 79
      vertex 200.015 70.7718 79
    endloop
  endfacet
  facet normal 0 0 1
    outer loop
      vertex 200.015 70.7718 79
      vertex 199.2 73.6766 79
      vertex 199.875 70.9992 79
    endloop
  endfacet
  facet normal 0 0 1
    outer loop
      vertex 199.875 70.9992 79
      vertex 199.2 73.6766 79
      vertex 199.702 71.2021 79
    endloop
  endfacet
  facet normal 0 0 1
    outer loop
      vertex 199.702 71.2021 79
      vertex 199.2 73.6766 79
      vertex 199.499 71.3753 79
    endloop
  endfacet
  facet normal 0 0 1
    outer loop
      vertex 199.2 73.6766 79
      vertex 201.7 97.4267 79
      vertex 199.2 97.4267 79
    endloop
  endfacet
  facet normal 0 0 1
    outer loop
      vertex 199.499 71.3753 79
      vertex 199.2 73.6766 79
      vertex 199.272 71.5147 79
    endloop
  endfacet
  facet normal 0 0 1
    outer loop
      vertex 198.766 71.6791 79
      vertex 199.2 73.6766 79
      vertex 199.087 73.7038 79
    endloop
  endfacet
  facet normal 0 0 1
    outer loop
      vertex 199.2 73.6766 79
      vertex 199.025 71.6168 79
      vertex 199.272 71.5147 79
    endloop
  endfacet
  facet normal 0 0 1
    outer loop
      vertex 199.2 73.6766 79
      vertex 198.766 71.6791 79
      vertex 199.025 71.6168 79
    endloop
  endfacet
  facet normal 0 0 1
    outer loop
      vertex 198.5 73.75 79
      vertex 198.766 71.6791 79
      vertex 199.087 73.7038 79
    endloop
  endfacet
  facet normal 0 0 1
    outer loop
      vertex 198.5 73.75 79
      vertex 198.5 71.7 79
      vertex 198.766 71.6791 79
    endloop
  endfacet
  facet normal 0 0 1
    outer loop
      vertex 198.5 73.75 79
      vertex 198.234 71.6791 79
      vertex 198.5 71.7 79
    endloop
  endfacet
  facet normal -0 0 1
    outer loop
      vertex 197.913 73.7038 79
      vertex 198.234 71.6791 79
      vertex 198.5 73.75 79
    endloop
  endfacet
  facet normal 0 0 1
    outer loop
      vertex 198.234 71.6791 79
      vertex 197.913 73.7038 79
      vertex 197.975 71.6168 79
    endloop
  endfacet
  facet normal -0 0 1
    outer loop
      vertex 197.341 73.5665 79
      vertex 197.975 71.6168 79
      vertex 197.913 73.7038 79
    endloop
  endfacet
  facet normal 0 0 1
    outer loop
      vertex 197.975 71.6168 79
      vertex 197.341 73.5665 79
      vertex 197.728 71.5147 79
    endloop
  endfacet
  facet normal -0 0 1
    outer loop
      vertex 196.798 73.3413 79
      vertex 197.728 71.5147 79
      vertex 197.341 73.5665 79
    endloop
  endfacet
  facet normal 0 0 1
    outer loop
      vertex 197.728 71.5147 79
      vertex 196.798 73.3413 79
      vertex 197.501 71.3753 79
    endloop
  endfacet
  facet normal -0 0 1
    outer loop
      vertex 196.296 73.0338 79
      vertex 197.501 71.3753 79
      vertex 196.798 73.3413 79
    endloop
  endfacet
  facet normal 0 0 1
    outer loop
      vertex 197.501 71.3753 79
      vertex 196.296 73.0338 79
      vertex 197.298 71.2021 79
    endloop
  endfacet
  facet normal -0 0 1
    outer loop
      vertex 195.848 72.6516 79
      vertex 197.298 71.2021 79
      vertex 196.296 73.0338 79
    endloop
  endfacet
  facet normal 0 0 1
    outer loop
      vertex 197.298 71.2021 79
      vertex 195.848 72.6516 79
      vertex 197.125 70.9992 79
    endloop
  endfacet
  facet normal 0 0 1
    outer loop
      vertex 197.125 70.9992 79
      vertex 195.466 72.2042 79
      vertex 196.985 70.7718 79
    endloop
  endfacet
  facet normal -0 0 1
    outer loop
      vertex 195.466 72.2042 79
      vertex 197.125 70.9992 79
      vertex 195.848 72.6516 79
    endloop
  endfacet
  facet normal -0 0 1
    outer loop
      vertex 200.015 14.2282 79
      vertex 201.7 9 79
      vertex 200.117 14.4747 79
    endloop
  endfacet
  facet normal -0 0 1
    outer loop
      vertex 199.875 14.0008 79
      vertex 201.7 9 79
      vertex 200.015 14.2282 79
    endloop
  endfacet
  facet normal -0 0 1
    outer loop
      vertex 199.2 11.3234 79
      vertex 201.7 9 79
      vertex 199.875 14.0008 79
    endloop
  endfacet
  facet normal 0 0 1
    outer loop
      vertex 201.7 9 79
      vertex 199.2 9 79
      vertex 201.59 7.88799 79
    endloop
  endfacet
  facet normal -0 0 1
    outer loop
      vertex 199.139 8.37571 79
      vertex 201.59 7.88799 79
      vertex 199.2 9 79
    endloop
  endfacet
  facet normal 0 0 1
    outer loop
      vertex 199.2 9 79
      vertex 201.7 9 79
      vertex 199.2 11.3234 79
    endloop
  endfacet
  facet normal 0 0 1
    outer loop
      vertex 199.2 11.3234 79
      vertex 199.875 14.0008 79
      vertex 199.702 13.7979 79
    endloop
  endfacet
  facet normal 0 0 1
    outer loop
      vertex 199.2 11.3234 79
      vertex 199.702 13.7979 79
      vertex 199.499 13.6247 79
    endloop
  endfacet
  facet normal 0 0 1
    outer loop
      vertex 199.2 11.3234 79
      vertex 199.499 13.6247 79
      vertex 199.272 13.4853 79
    endloop
  endfacet
  facet normal 0 0 1
    outer loop
      vertex 201.59 7.88799 79
      vertex 199.139 8.37571 79
      vertex 201.266 6.8187 79
    endloop
  endfacet
  facet normal -0 0 1
    outer loop
      vertex 198.956 7.77541 79
      vertex 201.266 6.8187 79
      vertex 199.139 8.37571 79
    endloop
  endfacet
  facet normal 0 0 1
    outer loop
      vertex 201.266 6.8187 79
      vertex 198.956 7.77541 79
      vertex 200.739 5.83325 79
    endloop
  endfacet
  facet normal -0 0 1
    outer loop
      vertex 198.661 7.22218 79
      vertex 200.739 5.83325 79
      vertex 198.956 7.77541 79
    endloop
  endfacet
  facet normal 0 0 1
    outer loop
      vertex 200.739 5.83325 79
      vertex 198.661 7.22218 79
      vertex 200.031 4.96949 79
    endloop
  endfacet
  facet normal -0 0 1
    outer loop
      vertex 198.263 6.73726 79
      vertex 200.031 4.96949 79
      vertex 198.661 7.22218 79
    endloop
  endfacet
  facet normal 0 0 1
    outer loop
      vertex 200.031 4.96949 79
      vertex 198.263 6.73726 79
      vertex 199.167 4.26062 79
    endloop
  endfacet
  facet normal -0 0 1
    outer loop
      vertex 197.778 6.3393 79
      vertex 199.167 4.26062 79
      vertex 198.263 6.73726 79
    endloop
  endfacet
  facet normal 0 0 1
    outer loop
      vertex 199.167 4.26062 79
      vertex 197.778 6.3393 79
      vertex 198.181 3.73389 79
    endloop
  endfacet
  facet normal -0 0 1
    outer loop
      vertex 197.225 6.04359 79
      vertex 198.181 3.73389 79
      vertex 197.778 6.3393 79
    endloop
  endfacet
  facet normal 0 0 1
    outer loop
      vertex 197.225 6.04359 79
      vertex 197.112 3.40952 79
      vertex 198.181 3.73389 79
    endloop
  endfacet
  facet normal -0 0 1
    outer loop
      vertex 196.624 5.86149 79
      vertex 197.112 3.40952 79
      vertex 197.225 6.04359 79
    endloop
  endfacet
  facet normal -0 0 1
    outer loop
      vertex 196 5.8 79
      vertex 197.112 3.40952 79
      vertex 196.624 5.86149 79
    endloop
  endfacet
  facet normal 0 0 1
    outer loop
      vertex 196 5.8 79
      vertex 196 3.3 79
      vertex 197.112 3.40952 79
    endloop
  endfacet
  facet normal -0 0 1
    outer loop
      vertex 9 5.8 79
      vertex 196 3.3 79
      vertex 196 5.8 79
    endloop
  endfacet
  facet normal 0 0 1
    outer loop
      vertex 9 5.8 79
      vertex 9 3.3 79
      vertex 196 3.3 79
    endloop
  endfacet
  facet normal 0 0 1
    outer loop
      vertex 8.37571 5.86149 79
      vertex 9 3.3 79
      vertex 9 5.8 79
    endloop
  endfacet
  facet normal 0 0 1
    outer loop
      vertex 8.37571 5.86149 79
      vertex 7.88798 3.40952 79
      vertex 9 3.3 79
    endloop
  endfacet
  facet normal 0 0 1
    outer loop
      vertex 7.77541 6.04359 79
      vertex 7.88798 3.40952 79
      vertex 8.37571 5.86149 79
    endloop
  endfacet
  facet normal 0 0 1
    outer loop
      vertex 6.8187 3.73389 79
      vertex 7.77541 6.04359 79
      vertex 7.22217 6.3393 79
    endloop
  endfacet
  facet normal 0 0 1
    outer loop
      vertex 7.77541 6.04359 79
      vertex 6.8187 3.73389 79
      vertex 7.88798 3.40952 79
    endloop
  endfacet
  facet normal 0 0 1
    outer loop
      vertex 5.83325 4.26062 79
      vertex 7.22217 6.3393 79
      vertex 6.73726 6.73726 79
    endloop
  endfacet
  facet normal 0 0 1
    outer loop
      vertex 4.96949 4.96949 79
      vertex 6.73726 6.73726 79
      vertex 6.3393 7.22218 79
    endloop
  endfacet
  facet normal 0 0 1
    outer loop
      vertex 4.26062 5.83325 79
      vertex 6.3393 7.22218 79
      vertex 6.04358 7.77541 79
    endloop
  endfacet
  facet normal 0 0 1
    outer loop
      vertex 4.26062 5.83325 79
      vertex 6.04358 7.77541 79
      vertex 5.86149 8.37571 79
    endloop
  endfacet
  facet normal 0 0 1
    outer loop
      vertex 7.22217 6.3393 79
      vertex 5.83325 4.26062 79
      vertex 6.8187 3.73389 79
    endloop
  endfacet
  facet normal 0 0 1
    outer loop
      vertex 4.26062 5.83325 79
      vertex 5.86149 8.37571 79
      vertex 5.8 9 79
    endloop
  endfacet
  facet normal 0 0 1
    outer loop
      vertex 5.29792 13.7979 79
      vertex 5.8 11.3234 79
      vertex 5.50077 13.6247 79
    endloop
  endfacet
  facet normal 0 0 1
    outer loop
      vertex 5.12467 14.0008 79
      vertex 5.8 11.3234 79
      vertex 5.29792 13.7979 79
    endloop
  endfacet
  facet normal 0 0 1
    outer loop
      vertex 4.98529 14.2282 79
      vertex 5.8 11.3234 79
      vertex 5.12467 14.0008 79
    endloop
  endfacet
  facet normal 0 0 1
    outer loop
      vertex 4.26062 5.83325 79
      vertex 5.8 11.3234 79
      vertex 4.98529 14.2282 79
    endloop
  endfacet
  facet normal 0 0 1
    outer loop
      vertex 5.8 11.3234 79
      vertex 4.26062 5.83325 79
      vertex 5.8 9 79
    endloop
  endfacet
  facet normal 0 0 1
    outer loop
      vertex 6.3393 7.22218 79
      vertex 4.26062 5.83325 79
      vertex 4.96949 4.96949 79
    endloop
  endfacet
  facet normal 0 0 1
    outer loop
      vertex 4.26062 5.83325 79
      vertex 4.98529 14.2282 79
      vertex 4.8832 14.4747 79
    endloop
  endfacet
  facet normal 0 0 1
    outer loop
      vertex 4.26062 5.83325 79
      vertex 4.8832 14.4747 79
      vertex 4.82093 14.7341 79
    endloop
  endfacet
  facet normal 0 0 1
    outer loop
      vertex 4.26062 5.83325 79
      vertex 4.82093 14.7341 79
      vertex 4.8 15 79
    endloop
  endfacet
  facet normal 0 0 1
    outer loop
      vertex 6.73726 6.73726 79
      vertex 4.96949 4.96949 79
      vertex 5.83325 4.26062 79
    endloop
  endfacet
  facet normal 0 0 1
    outer loop
      vertex 199.499 16.3753 79
      vertex 199.2 18.6766 79
      vertex 199.272 16.5147 79
    endloop
  endfacet
  facet normal 0 0 1
    outer loop
      vertex 198.766 16.6791 79
      vertex 199.2 18.6766 79
      vertex 199.087 18.7038 79
    endloop
  endfacet
  facet normal 0 0 1
    outer loop
      vertex 199.2 18.6766 79
      vertex 199.025 16.6168 79
      vertex 199.272 16.5147 79
    endloop
  endfacet
  facet normal 0 0 1
    outer loop
      vertex 199.2 18.6766 79
      vertex 198.766 16.6791 79
      vertex 199.025 16.6168 79
    endloop
  endfacet
  facet normal 0 0 1
    outer loop
      vertex 198.5 18.75 79
      vertex 198.766 16.6791 79
      vertex 199.087 18.7038 79
    endloop
  endfacet
  facet normal 0 0 1
    outer loop
      vertex 198.5 18.75 79
      vertex 198.5 16.7 79
      vertex 198.766 16.6791 79
    endloop
  endfacet
  facet normal 0 0 1
    outer loop
      vertex 198.5 18.75 79
      vertex 198.234 16.6791 79
      vertex 198.5 16.7 79
    endloop
  endfacet
  facet normal -0 0 1
    outer loop
      vertex 197.913 18.7038 79
      vertex 198.234 16.6791 79
      vertex 198.5 18.75 79
    endloop
  endfacet
  facet normal 0 0 1
    outer loop
      vertex 198.234 16.6791 79
      vertex 197.913 18.7038 79
      vertex 197.975 16.6168 79
    endloop
  endfacet
  facet normal -0 0 1
    outer loop
      vertex 197.341 18.5665 79
      vertex 197.975 16.6168 79
      vertex 197.913 18.7038 79
    endloop
  endfacet
  facet normal 0 0 1
    outer loop
      vertex 197.975 16.6168 79
      vertex 197.341 18.5665 79
      vertex 197.728 16.5147 79
    endloop
  endfacet
  facet normal -0 0 1
    outer loop
      vertex 196.798 18.3413 79
      vertex 197.728 16.5147 79
      vertex 197.341 18.5665 79
    endloop
  endfacet
  facet normal 0 0 1
    outer loop
      vertex 197.728 16.5147 79
      vertex 196.798 18.3413 79
      vertex 197.501 16.3753 79
    endloop
  endfacet
  facet normal -0 0 1
    outer loop
      vertex 196.296 18.0338 79
      vertex 197.501 16.3753 79
      vertex 196.798 18.3413 79
    endloop
  endfacet
  facet normal 0 0 1
    outer loop
      vertex 197.501 16.3753 79
      vertex 196.296 18.0338 79
      vertex 197.298 16.2021 79
    endloop
  endfacet
  facet normal -0 0 1
    outer loop
      vertex 195.848 17.6517 79
      vertex 197.298 16.2021 79
      vertex 196.296 18.0338 79
    endloop
  endfacet
  facet normal 0 0 1
    outer loop
      vertex 197.298 16.2021 79
      vertex 195.848 17.6517 79
      vertex 197.125 15.9992 79
    endloop
  endfacet
  facet normal 0 0 1
    outer loop
      vertex 197.125 15.9992 79
      vertex 195.466 17.2042 79
      vertex 196.985 15.7718 79
    endloop
  endfacet
  facet normal -0 0 1
    outer loop
      vertex 195.466 17.2042 79
      vertex 197.125 15.9992 79
      vertex 195.848 17.6517 79
    endloop
  endfacet
  facet normal 0 0.981628 -0.190805
    outer loop
      vertex 201.7 87.1642 0
      vertex 3.3 101.548 74
      vertex 201.7 101.548 74
    endloop
  endfacet
  facet normal 0 0.981628 -0.190805
    outer loop
      vertex 3.3 101.548 74
      vertex 201.7 87.1642 0
      vertex 3.3 87.1642 0
    endloop
  endfacet
  facet normal 1 -0 0
    outer loop
      vertex 201.7 70.5068 0.0483768
      vertex 201.7 87.1642 0
      vertex 201.7 96.4548 74
    endloop
  endfacet
  facet normal 1 -0 0
    outer loop
      vertex 201.7 9 79
      vertex 201.7 96.4548 74
      vertex 201.7 97.4267 79
    endloop
  endfacet
  facet normal 1 0 0
    outer loop
      vertex 201.7 87.1642 0
      vertex 201.7 70.5166 0.0457845
      vertex 201.7 70.6884 0
    endloop
  endfacet
  facet normal 1 0 0
    outer loop
      vertex 201.7 87.1642 0
      vertex 201.7 70.5068 0.0483768
      vertex 201.7 70.5166 0.0457845
    endloop
  endfacet
  facet normal 1 0 0
    outer loop
      vertex 201.7 96.4548 74
      vertex 201.7 70.4966 0.0492946
      vertex 201.7 70.5068 0.0483768
    endloop
  endfacet
  facet normal 1 0 0
    outer loop
      vertex 201.7 96.4548 74
      vertex 201.7 70 0.0937499
      vertex 201.7 70.4966 0.0492946
    endloop
  endfacet
  facet normal 1 0 0
    outer loop
      vertex 201.7 96.4548 74
      vertex 201.7 69.5034 0.0492946
      vertex 201.7 70 0.0937499
    endloop
  endfacet
  facet normal 1 0 0
    outer loop
      vertex 201.7 96.4548 74
      vertex 201.7 69.4932 0.0483768
      vertex 201.7 69.5034 0.0492946
    endloop
  endfacet
  facet normal 1 0 0
    outer loop
      vertex 201.7 96.4548 74
      vertex 201.7 69.4834 0.0457845
      vertex 201.7 69.4932 0.0483768
    endloop
  endfacet
  facet normal 1 0 0
    outer loop
      vertex 201.7 96.4548 74
      vertex 201.7 69.3116 0
      vertex 201.7 69.4834 0.0457845
    endloop
  endfacet
  facet normal 1 0 0
    outer loop
      vertex 201.7 96.4548 74
      vertex 201.7 9 79
      vertex 201.7 69.3116 0
    endloop
  endfacet
  facet normal 1 0 0
    outer loop
      vertex 201.7 69.3116 0
      vertex 201.7 9 79
      vertex 201.7 15.6884 0
    endloop
  endfacet
  facet normal 1 0 0
    outer loop
      vertex 201.7 15.6884 0
      vertex 201.7 9 79
      vertex 201.7 15.5166 0.0457845
    endloop
  endfacet
  facet normal 1 0 0
    outer loop
      vertex 201.7 15.5166 0.0457845
      vertex 201.7 9 79
      vertex 201.7 15.5068 0.0483768
    endloop
  endfacet
  facet normal 1 0 0
    outer loop
      vertex 201.7 15.5068 0.0483768
      vertex 201.7 9 79
      vertex 201.7 15.4966 0.0492946
    endloop
  endfacet
  facet normal 1 0 0
    outer loop
      vertex 201.7 15.4966 0.0492946
      vertex 201.7 9 79
      vertex 201.7 15 0.0937499
    endloop
  endfacet
  facet normal 1 0 0
    outer loop
      vertex 201.7 15 0.0937499
      vertex 201.7 9 79
      vertex 201.7 14.5034 0.0492946
    endloop
  endfacet
  facet normal 1 0 0
    outer loop
      vertex 201.7 9 0
      vertex 201.7 14.5034 0.0492946
      vertex 201.7 9 79
    endloop
  endfacet
  facet normal 1 0 0
    outer loop
      vertex 201.7 14.5034 0.0492946
      vertex 201.7 9 0
      vertex 201.7 14.4932 0.0483768
    endloop
  endfacet
  facet normal 1 0 0
    outer loop
      vertex 201.7 14.4932 0.0483768
      vertex 201.7 9 0
      vertex 201.7 14.4834 0.0457845
    endloop
  endfacet
  facet normal 1 0 0
    outer loop
      vertex 201.7 14.4834 0.0457845
      vertex 201.7 9 0
      vertex 201.7 14.3116 0
    endloop
  endfacet
  facet normal 1 0 0
    outer loop
      vertex 201.7 101.548 74
      vertex 201.7 96.4548 74
      vertex 201.7 87.1642 0
    endloop
  endfacet
  facet normal -0.634394 -0.77301 0
    outer loop
      vertex 4.96949 4.96949 0
      vertex 5.83325 4.26062 79
      vertex 4.96949 4.96949 79
    endloop
  endfacet
  facet normal -0.634394 -0.77301 -0
    outer loop
      vertex 5.83325 4.26062 79
      vertex 4.96949 4.96949 0
      vertex 5.83325 4.26062 0
    endloop
  endfacet
  facet normal 0 -1 0
    outer loop
      vertex 40.908 3.3 38.782
      vertex 9 3.3 79
      vertex 40.618 3.3 38.9021
    endloop
  endfacet
  facet normal 0 -1 0
    outer loop
      vertex 196 3.3 79
      vertex 164.687 3.3 38.9754
      vertex 165 3.3 39
    endloop
  endfacet
  facet normal 0 -1 0
    outer loop
      vertex 41.1756 3.3 38.618
      vertex 9 3.3 79
      vertex 40.908 3.3 38.782
    endloop
  endfacet
  facet normal 0 -1 0
    outer loop
      vertex 196 3.3 79
      vertex 164.382 3.3 38.9021
      vertex 164.687 3.3 38.9754
    endloop
  endfacet
  facet normal 0 -1 0
    outer loop
      vertex 9 3.3 79
      vertex 41.1756 3.3 38.618
      vertex 196 3.3 79
    endloop
  endfacet
  facet normal 0 -1 0
    outer loop
      vertex 196 3.3 79
      vertex 164.092 3.3 38.782
      vertex 164.382 3.3 38.9021
    endloop
  endfacet
  facet normal 0 -1 0
    outer loop
      vertex 163.824 3.3 38.618
      vertex 196 3.3 79
      vertex 41.1756 3.3 38.618
    endloop
  endfacet
  facet normal 0 -1 0
    outer loop
      vertex 196 3.3 79
      vertex 163.824 3.3 38.618
      vertex 164.092 3.3 38.782
    endloop
  endfacet
  facet normal 0 -1 0
    outer loop
      vertex 41.4142 3.3 38.4142
      vertex 163.824 3.3 38.618
      vertex 41.1756 3.3 38.618
    endloop
  endfacet
  facet normal 0 -1 0
    outer loop
      vertex 41.4142 3.3 38.4142
      vertex 163.586 3.3 38.4142
      vertex 163.824 3.3 38.618
    endloop
  endfacet
  facet normal 0 -1 0
    outer loop
      vertex 41.618 3.3 38.1756
      vertex 163.586 3.3 38.4142
      vertex 41.4142 3.3 38.4142
    endloop
  endfacet
  facet normal 0 -1 0
    outer loop
      vertex 41.618 3.3 38.1756
      vertex 163.382 3.3 38.1756
      vertex 163.586 3.3 38.4142
    endloop
  endfacet
  facet normal 0 -1 0
    outer loop
      vertex 41.782 3.3 37.908
      vertex 163.382 3.3 38.1756
      vertex 41.618 3.3 38.1756
    endloop
  endfacet
  facet normal 0 -1 0
    outer loop
      vertex 41.782 3.3 37.908
      vertex 163.218 3.3 37.908
      vertex 163.382 3.3 38.1756
    endloop
  endfacet
  facet normal 0 -1 0
    outer loop
      vertex 41.9021 3.3 37.618
      vertex 163.218 3.3 37.908
      vertex 41.782 3.3 37.908
    endloop
  endfacet
  facet normal 0 -1 0
    outer loop
      vertex 41.9021 3.3 37.618
      vertex 163.098 3.3 37.618
      vertex 163.218 3.3 37.908
    endloop
  endfacet
  facet normal 0 -1 0
    outer loop
      vertex 41.9754 3.3 37.3129
      vertex 163.098 3.3 37.618
      vertex 41.9021 3.3 37.618
    endloop
  endfacet
  facet normal 0 -1 0
    outer loop
      vertex 41.9754 3.3 37.3129
      vertex 163.025 3.3 37.3129
      vertex 163.098 3.3 37.618
    endloop
  endfacet
  facet normal 0 -1 0
    outer loop
      vertex 42 3.3 37
      vertex 163.025 3.3 37.3129
      vertex 41.9754 3.3 37.3129
    endloop
  endfacet
  facet normal 0 -1 0
    outer loop
      vertex 42 3.3 37
      vertex 163 3.3 37
      vertex 163.025 3.3 37.3129
    endloop
  endfacet
  facet normal 0 -1 0
    outer loop
      vertex 41.9754 3.3 36.6871
      vertex 163 3.3 37
      vertex 42 3.3 37
    endloop
  endfacet
  facet normal 0 -1 0
    outer loop
      vertex 41.9754 3.3 36.6871
      vertex 163.025 3.3 36.6871
      vertex 163 3.3 37
    endloop
  endfacet
  facet normal 0 -1 0
    outer loop
      vertex 41.9021 3.3 36.382
      vertex 163.025 3.3 36.6871
      vertex 41.9754 3.3 36.6871
    endloop
  endfacet
  facet normal 0 -1 0
    outer loop
      vertex 41.9021 3.3 36.382
      vertex 163.098 3.3 36.382
      vertex 163.025 3.3 36.6871
    endloop
  endfacet
  facet normal 0 -1 0
    outer loop
      vertex 41.782 3.3 36.092
      vertex 163.098 3.3 36.382
      vertex 41.9021 3.3 36.382
    endloop
  endfacet
  facet normal 0 -1 0
    outer loop
      vertex 41.782 3.3 36.092
      vertex 163.218 3.3 36.092
      vertex 163.098 3.3 36.382
    endloop
  endfacet
  facet normal 0 -1 0
    outer loop
      vertex 41.618 3.3 35.8244
      vertex 163.218 3.3 36.092
      vertex 41.782 3.3 36.092
    endloop
  endfacet
  facet normal 0 -1 0
    outer loop
      vertex 41.618 3.3 35.8244
      vertex 163.382 3.3 35.8244
      vertex 163.218 3.3 36.092
    endloop
  endfacet
  facet normal 0 -1 0
    outer loop
      vertex 41.4142 3.3 35.5858
      vertex 163.382 3.3 35.8244
      vertex 41.618 3.3 35.8244
    endloop
  endfacet
  facet normal 0 -1 0
    outer loop
      vertex 41.4142 3.3 35.5858
      vertex 163.586 3.3 35.5858
      vertex 163.382 3.3 35.8244
    endloop
  endfacet
  facet normal 0 -1 0
    outer loop
      vertex 41.1756 3.3 35.382
      vertex 163.586 3.3 35.5858
      vertex 41.4142 3.3 35.5858
    endloop
  endfacet
  facet normal 0 -1 0
    outer loop
      vertex 41.1756 3.3 35.382
      vertex 163.824 3.3 35.382
      vertex 163.586 3.3 35.5858
    endloop
  endfacet
  facet normal 0 -1 0
    outer loop
      vertex 9 3.3 0
      vertex 41.1756 3.3 35.382
      vertex 40.908 3.3 35.218
    endloop
  endfacet
  facet normal 0 -1 -0
    outer loop
      vertex 41.1756 3.3 35.382
      vertex 9 3.3 0
      vertex 163.824 3.3 35.382
    endloop
  endfacet
  facet normal 0 -1 0
    outer loop
      vertex 9 3.3 0
      vertex 40.908 3.3 35.218
      vertex 40.618 3.3 35.0979
    endloop
  endfacet
  facet normal 0 -1 0
    outer loop
      vertex 196 3.3 0
      vertex 163.824 3.3 35.382
      vertex 9 3.3 0
    endloop
  endfacet
  facet normal 0 -1 0
    outer loop
      vertex 9 3.3 0
      vertex 40.618 3.3 35.0979
      vertex 40.3129 3.3 35.0246
    endloop
  endfacet
  facet normal 0 -1 0
    outer loop
      vertex 163.824 3.3 35.382
      vertex 196 3.3 0
      vertex 164.092 3.3 35.218
    endloop
  endfacet
  facet normal 0 -1 0
    outer loop
      vertex 9 3.3 0
      vertex 40.3129 3.3 35.0246
      vertex 40 3.3 35
    endloop
  endfacet
  facet normal 0 -1 0
    outer loop
      vertex 164.092 3.3 35.218
      vertex 196 3.3 0
      vertex 164.382 3.3 35.0979
    endloop
  endfacet
  facet normal 0 -1 0
    outer loop
      vertex 40.3129 3.3 38.9754
      vertex 9 3.3 79
      vertex 40 3.3 39
    endloop
  endfacet
  facet normal 0 -1 0
    outer loop
      vertex 9 3.3 79
      vertex 39.6871 3.3 38.9754
      vertex 40 3.3 39
    endloop
  endfacet
  facet normal 0 -1 0
    outer loop
      vertex 9 3.3 79
      vertex 39.382 3.3 38.9021
      vertex 39.6871 3.3 38.9754
    endloop
  endfacet
  facet normal 0 -1 0
    outer loop
      vertex 9 3.3 79
      vertex 39.092 3.3 38.782
      vertex 39.382 3.3 38.9021
    endloop
  endfacet
  facet normal 0 -1 0
    outer loop
      vertex 9 3.3 79
      vertex 38.8244 3.3 38.618
      vertex 39.092 3.3 38.782
    endloop
  endfacet
  facet normal 0 -1 0
    outer loop
      vertex 9 3.3 79
      vertex 38.5858 3.3 38.4142
      vertex 38.8244 3.3 38.618
    endloop
  endfacet
  facet normal 0 -1 0
    outer loop
      vertex 9 3.3 79
      vertex 38.382 3.3 38.1756
      vertex 38.5858 3.3 38.4142
    endloop
  endfacet
  facet normal 0 -1 0
    outer loop
      vertex 9 3.3 79
      vertex 38.218 3.3 37.908
      vertex 38.382 3.3 38.1756
    endloop
  endfacet
  facet normal 0 -1 0
    outer loop
      vertex 9 3.3 79
      vertex 38.0979 3.3 37.618
      vertex 38.218 3.3 37.908
    endloop
  endfacet
  facet normal 0 -1 0
    outer loop
      vertex 9 3.3 79
      vertex 38.0246 3.3 37.3129
      vertex 38.0979 3.3 37.618
    endloop
  endfacet
  facet normal 0 -1 0
    outer loop
      vertex 9 3.3 79
      vertex 38 3.3 37
      vertex 38.0246 3.3 37.3129
    endloop
  endfacet
  facet normal 0 -1 0
    outer loop
      vertex 9 3.3 0
      vertex 38 3.3 37
      vertex 9 3.3 79
    endloop
  endfacet
  facet normal 0 -1 -0
    outer loop
      vertex 38 3.3 37
      vertex 9 3.3 0
      vertex 38.0246 3.3 36.6871
    endloop
  endfacet
  facet normal 0 -1 -0
    outer loop
      vertex 38.0246 3.3 36.6871
      vertex 9 3.3 0
      vertex 38.0979 3.3 36.382
    endloop
  endfacet
  facet normal 0 -1 -0
    outer loop
      vertex 38.0979 3.3 36.382
      vertex 9 3.3 0
      vertex 38.218 3.3 36.092
    endloop
  endfacet
  facet normal 0 -1 0
    outer loop
      vertex 164.382 3.3 35.0979
      vertex 196 3.3 0
      vertex 164.687 3.3 35.0246
    endloop
  endfacet
  facet normal 0 -1 -0
    outer loop
      vertex 39.6871 3.3 35.0246
      vertex 9 3.3 0
      vertex 40 3.3 35
    endloop
  endfacet
  facet normal 0 -1 -0
    outer loop
      vertex 39.382 3.3 35.0979
      vertex 9 3.3 0
      vertex 39.6871 3.3 35.0246
    endloop
  endfacet
  facet normal 0 -1 -0
    outer loop
      vertex 39.092 3.3 35.218
      vertex 9 3.3 0
      vertex 39.382 3.3 35.0979
    endloop
  endfacet
  facet normal 0 -1 -0
    outer loop
      vertex 38.8244 3.3 35.382
      vertex 9 3.3 0
      vertex 39.092 3.3 35.218
    endloop
  endfacet
  facet normal 0 -1 -0
    outer loop
      vertex 38.5858 3.3 35.5858
      vertex 9 3.3 0
      vertex 38.8244 3.3 35.382
    endloop
  endfacet
  facet normal 0 -1 -0
    outer loop
      vertex 38.382 3.3 35.8244
      vertex 9 3.3 0
      vertex 38.5858 3.3 35.5858
    endloop
  endfacet
  facet normal 0 -1 -0
    outer loop
      vertex 38.218 3.3 36.092
      vertex 9 3.3 0
      vertex 38.382 3.3 35.8244
    endloop
  endfacet
  facet normal 0 -1 0
    outer loop
      vertex 40.618 3.3 38.9021
      vertex 9 3.3 79
      vertex 40.3129 3.3 38.9754
    endloop
  endfacet
  facet normal 0 -1 0
    outer loop
      vertex 165.313 3.3 38.9754
      vertex 196 3.3 79
      vertex 165 3.3 39
    endloop
  endfacet
  facet normal 0 -1 0
    outer loop
      vertex 165.618 3.3 38.9021
      vertex 196 3.3 79
      vertex 165.313 3.3 38.9754
    endloop
  endfacet
  facet normal 0 -1 0
    outer loop
      vertex 165.908 3.3 38.782
      vertex 196 3.3 79
      vertex 165.618 3.3 38.9021
    endloop
  endfacet
  facet normal 0 -1 0
    outer loop
      vertex 166.176 3.3 38.618
      vertex 196 3.3 79
      vertex 165.908 3.3 38.782
    endloop
  endfacet
  facet normal 0 -1 0
    outer loop
      vertex 166.414 3.3 38.4142
      vertex 196 3.3 79
      vertex 166.176 3.3 38.618
    endloop
  endfacet
  facet normal 0 -1 0
    outer loop
      vertex 166.618 3.3 38.1756
      vertex 196 3.3 79
      vertex 166.414 3.3 38.4142
    endloop
  endfacet
  facet normal 0 -1 0
    outer loop
      vertex 166.782 3.3 37.908
      vertex 196 3.3 79
      vertex 166.618 3.3 38.1756
    endloop
  endfacet
  facet normal 0 -1 0
    outer loop
      vertex 166.902 3.3 37.618
      vertex 196 3.3 79
      vertex 166.782 3.3 37.908
    endloop
  endfacet
  facet normal 0 -1 0
    outer loop
      vertex 166.975 3.3 37.3129
      vertex 196 3.3 79
      vertex 166.902 3.3 37.618
    endloop
  endfacet
  facet normal 0 -1 0
    outer loop
      vertex 167 3.3 37
      vertex 196 3.3 79
      vertex 166.975 3.3 37.3129
    endloop
  endfacet
  facet normal 0 -1 0
    outer loop
      vertex 196 3.3 0
      vertex 167 3.3 37
      vertex 166.975 3.3 36.6871
    endloop
  endfacet
  facet normal 0 -1 0
    outer loop
      vertex 196 3.3 0
      vertex 166.975 3.3 36.6871
      vertex 166.902 3.3 36.382
    endloop
  endfacet
  facet normal 0 -1 0
    outer loop
      vertex 196 3.3 0
      vertex 166.902 3.3 36.382
      vertex 166.782 3.3 36.092
    endloop
  endfacet
  facet normal 0 -1 0
    outer loop
      vertex 196 3.3 0
      vertex 166.782 3.3 36.092
      vertex 166.618 3.3 35.8244
    endloop
  endfacet
  facet normal 0 -1 0
    outer loop
      vertex 164.687 3.3 35.0246
      vertex 196 3.3 0
      vertex 165 3.3 35
    endloop
  endfacet
  facet normal 0 -1 0
    outer loop
      vertex 167 3.3 37
      vertex 196 3.3 0
      vertex 196 3.3 79
    endloop
  endfacet
  facet normal 0 -1 0
    outer loop
      vertex 166.414 3.3 35.5858
      vertex 196 3.3 0
      vertex 166.618 3.3 35.8244
    endloop
  endfacet
  facet normal 0 -1 0
    outer loop
      vertex 166.176 3.3 35.382
      vertex 196 3.3 0
      vertex 166.414 3.3 35.5858
    endloop
  endfacet
  facet normal 0 -1 0
    outer loop
      vertex 165.908 3.3 35.218
      vertex 196 3.3 0
      vertex 166.176 3.3 35.382
    endloop
  endfacet
  facet normal 0 -1 0
    outer loop
      vertex 165.618 3.3 35.0979
      vertex 196 3.3 0
      vertex 165.908 3.3 35.218
    endloop
  endfacet
  facet normal 0 -1 0
    outer loop
      vertex 165.313 3.3 35.0246
      vertex 196 3.3 0
      vertex 165.618 3.3 35.0979
    endloop
  endfacet
  facet normal 0 -1 0
    outer loop
      vertex 165 3.3 35
      vertex 196 3.3 0
      vertex 165.313 3.3 35.0246
    endloop
  endfacet
  facet normal 0.957031 -0.289985 0
    outer loop
      vertex 201.266 6.8187 79
      vertex 201.59 7.88799 0
      vertex 201.59 7.88799 79
    endloop
  endfacet
  facet normal 0.957031 -0.289985 0
    outer loop
      vertex 201.59 7.88799 0
      vertex 201.266 6.8187 79
      vertex 201.266 6.8187 0
    endloop
  endfacet
  facet normal 0.881822 -0.471582 0
    outer loop
      vertex 200.739 5.83325 79
      vertex 201.266 6.8187 0
      vertex 201.266 6.8187 79
    endloop
  endfacet
  facet normal 0.881822 -0.471582 0
    outer loop
      vertex 201.266 6.8187 0
      vertex 200.739 5.83325 79
      vertex 200.739 5.83325 0
    endloop
  endfacet
  facet normal -0.471394 -0.881923 0
    outer loop
      vertex 5.83325 4.26062 0
      vertex 6.8187 3.73389 79
      vertex 5.83325 4.26062 79
    endloop
  endfacet
  facet normal -0.471394 -0.881923 -0
    outer loop
      vertex 6.8187 3.73389 79
      vertex 5.83325 4.26062 0
      vertex 6.8187 3.73389 0
    endloop
  endfacet
  facet normal -1 0 0
    outer loop
      vertex 3.3 70.5166 0.0457835
      vertex 3.3 87.1642 0
      vertex 3.3 70.6884 0
    endloop
  endfacet
  facet normal -1 0 0
    outer loop
      vertex 3.3 70.5068 0.0483757
      vertex 3.3 87.1642 0
      vertex 3.3 70.5166 0.0457835
    endloop
  endfacet
  facet normal -1 0 0
    outer loop
      vertex 3.3 87.1642 0
      vertex 3.3 70.5068 0.0483757
      vertex 3.3 96.4548 74
    endloop
  endfacet
  facet normal -1 0 0
    outer loop
      vertex 3.3 70.4966 0.0492935
      vertex 3.3 96.4548 74
      vertex 3.3 70.5068 0.0483757
    endloop
  endfacet
  facet normal -1 0 0
    outer loop
      vertex 3.3 70 0.0937488
      vertex 3.3 96.4548 74
      vertex 3.3 70.4966 0.0492935
    endloop
  endfacet
  facet normal -1 0 0
    outer loop
      vertex 3.3 69.5034 0.0492935
      vertex 3.3 96.4548 74
      vertex 3.3 70 0.0937488
    endloop
  endfacet
  facet normal -1 0 0
    outer loop
      vertex 3.3 69.4932 0.0483757
      vertex 3.3 96.4548 74
      vertex 3.3 69.5034 0.0492935
    endloop
  endfacet
  facet normal -1 0 0
    outer loop
      vertex 3.3 69.4834 0.0457835
      vertex 3.3 96.4548 74
      vertex 3.3 69.4932 0.0483757
    endloop
  endfacet
  facet normal -1 0 0
    outer loop
      vertex 3.3 69.3116 0
      vertex 3.3 96.4548 74
      vertex 3.3 69.4834 0.0457835
    endloop
  endfacet
  facet normal -1 0 0
    outer loop
      vertex 3.3 9 79
      vertex 3.3 96.4548 74
      vertex 3.3 69.3116 0
    endloop
  endfacet
  facet normal -1 0 0
    outer loop
      vertex 3.3 9 79
      vertex 3.3 69.3116 0
      vertex 3.3 15.6884 0
    endloop
  endfacet
  facet normal -1 0 0
    outer loop
      vertex 3.3 9 79
      vertex 3.3 15.6884 0
      vertex 3.3 15.5166 0.0457835
    endloop
  endfacet
  facet normal -1 0 0
    outer loop
      vertex 3.3 9 79
      vertex 3.3 15.5166 0.0457835
      vertex 3.3 15.5068 0.0483757
    endloop
  endfacet
  facet normal -1 0 0
    outer loop
      vertex 3.3 9 79
      vertex 3.3 15.5068 0.0483757
      vertex 3.3 15.4966 0.0492935
    endloop
  endfacet
  facet normal -1 0 0
    outer loop
      vertex 3.3 9 79
      vertex 3.3 15.4966 0.0492935
      vertex 3.3 15 0.0937488
    endloop
  endfacet
  facet normal -1 0 0
    outer loop
      vertex 3.3 9 79
      vertex 3.3 15 0.0937488
      vertex 3.3 14.5034 0.0492935
    endloop
  endfacet
  facet normal -1 0 0
    outer loop
      vertex 3.3 9 0
      vertex 3.3 14.5034 0.0492935
      vertex 3.3 14.4932 0.0483757
    endloop
  endfacet
  facet normal -1 0 0
    outer loop
      vertex 3.3 9 0
      vertex 3.3 14.4932 0.0483757
      vertex 3.3 14.4834 0.0457835
    endloop
  endfacet
  facet normal -1 0 0
    outer loop
      vertex 3.3 9 0
      vertex 3.3 14.4834 0.0457835
      vertex 3.3 14.3116 0
    endloop
  endfacet
  facet normal -1 -0 0
    outer loop
      vertex 3.3 14.5034 0.0492935
      vertex 3.3 9 0
      vertex 3.3 9 79
    endloop
  endfacet
  facet normal -1 0 0
    outer loop
      vertex 3.3 96.4548 74
      vertex 3.3 9 79
      vertex 3.3 97.4267 79
    endloop
  endfacet
  facet normal -1 -0 0
    outer loop
      vertex 3.3 101.548 74
      vertex 3.3 87.1642 0
      vertex 3.3 96.4548 74
    endloop
  endfacet
  facet normal -0.77301 -0.634394 0
    outer loop
      vertex 4.96949 4.96949 0
      vertex 4.26062 5.83325 79
      vertex 4.26062 5.83325 0
    endloop
  endfacet
  facet normal -0.77301 -0.634394 0
    outer loop
      vertex 4.26062 5.83325 79
      vertex 4.96949 4.96949 0
      vertex 4.96949 4.96949 79
    endloop
  endfacet
  facet normal -0.0980132 -0.995185 0
    outer loop
      vertex 7.88798 3.40952 0
      vertex 9 3.3 79
      vertex 7.88798 3.40952 79
    endloop
  endfacet
  facet normal -0.0980132 -0.995185 -0
    outer loop
      vertex 9 3.3 79
      vertex 7.88798 3.40952 0
      vertex 9 3.3 0
    endloop
  endfacet
  facet normal -0.290291 -0.956938 0
    outer loop
      vertex 6.8187 3.73389 0
      vertex 7.88798 3.40952 79
      vertex 6.8187 3.73389 79
    endloop
  endfacet
  facet normal -0.290291 -0.956938 -0
    outer loop
      vertex 7.88798 3.40952 79
      vertex 6.8187 3.73389 0
      vertex 7.88798 3.40952 0
    endloop
  endfacet
  facet normal 0.995143 -0.0984395 0
    outer loop
      vertex 201.59 7.88799 79
      vertex 201.7 9 0
      vertex 201.7 9 79
    endloop
  endfacet
  facet normal 0.995143 -0.0984395 0
    outer loop
      vertex 201.7 9 0
      vertex 201.59 7.88799 79
      vertex 201.59 7.88799 0
    endloop
  endfacet
  facet normal 0.773392 -0.633928 0
    outer loop
      vertex 200.031 4.96949 79
      vertex 200.739 5.83325 0
      vertex 200.739 5.83325 79
    endloop
  endfacet
  facet normal 0.773392 -0.633928 0
    outer loop
      vertex 200.739 5.83325 0
      vertex 200.031 4.96949 79
      vertex 200.031 4.96949 0
    endloop
  endfacet
  facet normal 0.471189 -0.882032 0
    outer loop
      vertex 198.181 3.73389 0
      vertex 199.167 4.26062 79
      vertex 198.181 3.73389 79
    endloop
  endfacet
  facet normal 0.471189 -0.882032 0
    outer loop
      vertex 199.167 4.26062 79
      vertex 198.181 3.73389 0
      vertex 199.167 4.26062 0
    endloop
  endfacet
  facet normal 0.29036 -0.956917 0
    outer loop
      vertex 197.112 3.40952 0
      vertex 198.181 3.73389 79
      vertex 197.112 3.40952 79
    endloop
  endfacet
  facet normal 0.29036 -0.956917 0
    outer loop
      vertex 198.181 3.73389 79
      vertex 197.112 3.40952 0
      vertex 198.181 3.73389 0
    endloop
  endfacet
  facet normal 0.098015 -0.995185 0
    outer loop
      vertex 196 3.3 0
      vertex 197.112 3.40952 79
      vertex 196 3.3 79
    endloop
  endfacet
  facet normal 0.098015 -0.995185 0
    outer loop
      vertex 197.112 3.40952 79
      vertex 196 3.3 0
      vertex 197.112 3.40952 0
    endloop
  endfacet
  facet normal -0.881923 -0.471394 0
    outer loop
      vertex 4.26062 5.83325 0
      vertex 3.73389 6.8187 79
      vertex 3.73389 6.8187 0
    endloop
  endfacet
  facet normal -0.881923 -0.471394 0
    outer loop
      vertex 3.73389 6.8187 79
      vertex 4.26062 5.83325 0
      vertex 4.26062 5.83325 79
    endloop
  endfacet
  facet normal -0.995185 -0.0980141 0
    outer loop
      vertex 3.40952 7.88799 0
      vertex 3.3 9 79
      vertex 3.3 9 0
    endloop
  endfacet
  facet normal -0.995185 -0.0980141 0
    outer loop
      vertex 3.3 9 79
      vertex 3.40952 7.88799 0
      vertex 3.40952 7.88799 79
    endloop
  endfacet
  facet normal -0.956939 -0.290288 0
    outer loop
      vertex 3.73389 6.8187 0
      vertex 3.40952 7.88799 79
      vertex 3.40952 7.88799 0
    endloop
  endfacet
  facet normal -0.956939 -0.290288 0
    outer loop
      vertex 3.40952 7.88799 79
      vertex 3.73389 6.8187 0
      vertex 3.73389 6.8187 79
    endloop
  endfacet
  facet normal 0.634288 -0.773097 0
    outer loop
      vertex 199.167 4.26062 0
      vertex 200.031 4.96949 79
      vertex 199.167 4.26062 79
    endloop
  endfacet
  facet normal 0.634288 -0.773097 0
    outer loop
      vertex 200.031 4.96949 79
      vertex 199.167 4.26062 0
      vertex 200.031 4.96949 0
    endloop
  endfacet
  facet normal 0 0.981627 -0.190809
    outer loop
      vertex 5.8 96.4548 74
      vertex 3.3 97.4267 79
      vertex 5.8 97.4267 79
    endloop
  endfacet
  facet normal 0 0.981627 -0.190809
    outer loop
      vertex 3.3 97.4267 79
      vertex 5.8 96.4548 74
      vertex 3.3 96.4548 74
    endloop
  endfacet
  facet normal 0 0.981627 -0.190809
    outer loop
      vertex 201.7 96.4548 74
      vertex 199.2 97.4267 79
      vertex 201.7 97.4267 79
    endloop
  endfacet
  facet normal 0 0.981627 -0.190809
    outer loop
      vertex 199.2 97.4267 79
      vertex 201.7 96.4548 74
      vertex 199.2 96.4548 74
    endloop
  endfacet
  facet normal 0 -0.981627 0.190808
    outer loop
      vertex 5.8 83.0426 5
      vertex 199.2 96.4548 74
      vertex 5.8 96.4548 74
    endloop
  endfacet
  facet normal 0 -0.981627 0.190808
    outer loop
      vertex 199.2 96.4548 74
      vertex 5.8 83.0426 5
      vertex 199.2 83.0426 5
    endloop
  endfacet
  facet normal 0 0 1
    outer loop
      vertex 201.7 101.548 74
      vertex 199.2 96.4548 74
      vertex 201.7 96.4548 74
    endloop
  endfacet
  facet normal 0 0 1
    outer loop
      vertex 201.7 101.548 74
      vertex 5.8 96.4548 74
      vertex 199.2 96.4548 74
    endloop
  endfacet
  facet normal -0 0 1
    outer loop
      vertex 3.3 101.548 74
      vertex 5.8 96.4548 74
      vertex 201.7 101.548 74
    endloop
  endfacet
  facet normal 0 0 1
    outer loop
      vertex 5.8 96.4548 74
      vertex 3.3 101.548 74
      vertex 3.3 96.4548 74
    endloop
  endfacet
  facet normal 0 0 1
    outer loop
      vertex 172.531 40.3911 5
      vertex 10.0665 68.8412 5
      vertex 172.5 40 5
    endloop
  endfacet
  facet normal 0 0 1
    outer loop
      vertex 172.5 40 5
      vertex 10.2038 15.5866 5
      vertex 10.25 15 5
    endloop
  endfacet
  facet normal 0 0 1
    outer loop
      vertex 10.0665 16.1588 5
      vertex 172.5 40 5
      vertex 10.0665 68.8412 5
    endloop
  endfacet
  facet normal 0 0 1
    outer loop
      vertex 172.5 40 5
      vertex 10.0665 16.1588 5
      vertex 10.2038 15.5866 5
    endloop
  endfacet
  facet normal -0 0 1
    outer loop
      vertex 9.84127 68.2975 5
      vertex 10.0665 16.1588 5
      vertex 10.0665 68.8412 5
    endloop
  endfacet
  facet normal 0 0 1
    outer loop
      vertex 9.84127 68.2975 5
      vertex 9.84127 16.7025 5
      vertex 10.0665 16.1588 5
    endloop
  endfacet
  facet normal -0 0 1
    outer loop
      vertex 9.53381 67.7958 5
      vertex 9.84127 16.7025 5
      vertex 9.84127 68.2975 5
    endloop
  endfacet
  facet normal 0 0 1
    outer loop
      vertex 9.53381 67.7958 5
      vertex 9.53381 17.2042 5
      vertex 9.84127 16.7025 5
    endloop
  endfacet
  facet normal -0 0 1
    outer loop
      vertex 9.15165 67.3484 5
      vertex 9.53381 17.2042 5
      vertex 9.53381 67.7958 5
    endloop
  endfacet
  facet normal 0 0 1
    outer loop
      vertex 9.15165 67.3484 5
      vertex 9.15165 17.6517 5
      vertex 9.53381 17.2042 5
    endloop
  endfacet
  facet normal -0 0 1
    outer loop
      vertex 8.70419 66.9662 5
      vertex 9.15165 17.6517 5
      vertex 9.15165 67.3484 5
    endloop
  endfacet
  facet normal 0 0 1
    outer loop
      vertex 8.70419 66.9662 5
      vertex 8.70419 18.0338 5
      vertex 9.15165 17.6517 5
    endloop
  endfacet
  facet normal -0 0 1
    outer loop
      vertex 8.20246 66.6587 5
      vertex 8.70419 18.0338 5
      vertex 8.70419 66.9662 5
    endloop
  endfacet
  facet normal 0 0 1
    outer loop
      vertex 8.20246 66.6587 5
      vertex 8.20246 18.3413 5
      vertex 8.70419 18.0338 5
    endloop
  endfacet
  facet normal -0 0 1
    outer loop
      vertex 7.65881 66.4335 5
      vertex 8.20246 18.3413 5
      vertex 8.20246 66.6587 5
    endloop
  endfacet
  facet normal 0 0 1
    outer loop
      vertex 7.65881 66.4335 5
      vertex 7.65881 18.5665 5
      vertex 8.20246 18.3413 5
    endloop
  endfacet
  facet normal -0 0 1
    outer loop
      vertex 7.08663 66.2962 5
      vertex 7.65881 18.5665 5
      vertex 7.65881 66.4335 5
    endloop
  endfacet
  facet normal 0 0 1
    outer loop
      vertex 7.08663 66.2962 5
      vertex 7.08663 18.7038 5
      vertex 7.65881 18.5665 5
    endloop
  endfacet
  facet normal -0 0 1
    outer loop
      vertex 6.5 66.25 5
      vertex 7.08663 18.7038 5
      vertex 7.08663 66.2962 5
    endloop
  endfacet
  facet normal 0 0 1
    outer loop
      vertex 6.5 66.25 5
      vertex 6.5 18.75 5
      vertex 7.08663 18.7038 5
    endloop
  endfacet
  facet normal 0 0 1
    outer loop
      vertex 5.91337 66.2962 5
      vertex 6.5 18.75 5
      vertex 6.5 66.25 5
    endloop
  endfacet
  facet normal 0 0 1
    outer loop
      vertex 5.91337 66.2962 5
      vertex 5.91337 18.7038 5
      vertex 6.5 18.75 5
    endloop
  endfacet
  facet normal 0 0 1
    outer loop
      vertex 5.8 66.3234 5
      vertex 5.91337 18.7038 5
      vertex 5.91337 66.2962 5
    endloop
  endfacet
  facet normal 0 0 1
    outer loop
      vertex 5.91337 18.7038 5
      vertex 5.8 66.3234 5
      vertex 5.8 18.6766 5
    endloop
  endfacet
  facet normal 0 0 1
    outer loop
      vertex 199.2 83.0426 5
      vertex 199.087 73.7038 5
      vertex 199.2 73.6766 5
    endloop
  endfacet
  facet normal 0 0 1
    outer loop
      vertex 199.2 83.0426 5
      vertex 198.5 73.75 5
      vertex 199.087 73.7038 5
    endloop
  endfacet
  facet normal 0 0 1
    outer loop
      vertex 199.2 83.0426 5
      vertex 197.913 73.7038 5
      vertex 198.5 73.75 5
    endloop
  endfacet
  facet normal 0 0 1
    outer loop
      vertex 199.2 83.0426 5
      vertex 197.341 73.5665 5
      vertex 197.913 73.7038 5
    endloop
  endfacet
  facet normal 0 0 1
    outer loop
      vertex 199.2 83.0426 5
      vertex 196.798 73.3413 5
      vertex 197.341 73.5665 5
    endloop
  endfacet
  facet normal 0 0 1
    outer loop
      vertex 199.2 83.0426 5
      vertex 196.296 73.0338 5
      vertex 196.798 73.3413 5
    endloop
  endfacet
  facet normal 0 0 1
    outer loop
      vertex 199.2 83.0426 5
      vertex 195.848 72.6516 5
      vertex 196.296 73.0338 5
    endloop
  endfacet
  facet normal 0 0 1
    outer loop
      vertex 199.2 83.0426 5
      vertex 195.466 72.2042 5
      vertex 195.848 72.6516 5
    endloop
  endfacet
  facet normal 0 0 1
    outer loop
      vertex 199.2 83.0426 5
      vertex 195.159 71.7025 5
      vertex 195.466 72.2042 5
    endloop
  endfacet
  facet normal 0 0 1
    outer loop
      vertex 173.232 41.7678 5
      vertex 195.159 71.7025 5
      vertex 199.2 83.0426 5
    endloop
  endfacet
  facet normal 0 0 1
    outer loop
      vertex 196.296 18.0338 5
      vertex 176.768 38.2322 5
      vertex 195.848 17.6517 5
    endloop
  endfacet
  facet normal 0 0 1
    outer loop
      vertex 174.227 42.3776 5
      vertex 194.75 70 5
      vertex 194.796 70.5866 5
    endloop
  endfacet
  facet normal 0 0 1
    outer loop
      vertex 173.865 42.2275 5
      vertex 194.796 70.5866 5
      vertex 194.934 71.1588 5
    endloop
  endfacet
  facet normal 0 0 1
    outer loop
      vertex 195.159 71.7025 5
      vertex 173.232 41.7678 5
      vertex 194.934 71.1588 5
    endloop
  endfacet
  facet normal 0 0 1
    outer loop
      vertex 194.796 69.4134 5
      vertex 177.469 40.3911 5
      vertex 177.5 40 5
    endloop
  endfacet
  facet normal 0 0 1
    outer loop
      vertex 194.796 69.4134 5
      vertex 177.378 40.7725 5
      vertex 177.469 40.3911 5
    endloop
  endfacet
  facet normal 0 0 1
    outer loop
      vertex 194.796 69.4134 5
      vertex 177.228 41.135 5
      vertex 177.378 40.7725 5
    endloop
  endfacet
  facet normal 0 0 1
    outer loop
      vertex 194.796 69.4134 5
      vertex 177.023 41.4695 5
      vertex 177.228 41.135 5
    endloop
  endfacet
  facet normal 0 0 1
    outer loop
      vertex 194.796 69.4134 5
      vertex 176.768 41.7678 5
      vertex 177.023 41.4695 5
    endloop
  endfacet
  facet normal 0 0 1
    outer loop
      vertex 194.796 69.4134 5
      vertex 176.469 42.0225 5
      vertex 176.768 41.7678 5
    endloop
  endfacet
  facet normal 0 0 1
    outer loop
      vertex 194.796 69.4134 5
      vertex 176.135 42.2275 5
      vertex 176.469 42.0225 5
    endloop
  endfacet
  facet normal 0 0 1
    outer loop
      vertex 194.796 69.4134 5
      vertex 175.773 42.3776 5
      vertex 176.135 42.2275 5
    endloop
  endfacet
  facet normal 0 0 1
    outer loop
      vertex 194.796 69.4134 5
      vertex 175.391 42.4692 5
      vertex 175.773 42.3776 5
    endloop
  endfacet
  facet normal 0 0 1
    outer loop
      vertex 194.796 69.4134 5
      vertex 175 42.5 5
      vertex 175.391 42.4692 5
    endloop
  endfacet
  facet normal 0 0 1
    outer loop
      vertex 194.796 69.4134 5
      vertex 174.609 42.4692 5
      vertex 175 42.5 5
    endloop
  endfacet
  facet normal 0 0 1
    outer loop
      vertex 194.75 70 5
      vertex 174.227 42.3776 5
      vertex 174.609 42.4692 5
    endloop
  endfacet
  facet normal 0 0 1
    outer loop
      vertex 194.796 70.5866 5
      vertex 173.865 42.2275 5
      vertex 174.227 42.3776 5
    endloop
  endfacet
  facet normal 0 0 1
    outer loop
      vertex 194.934 71.1588 5
      vertex 173.531 42.0225 5
      vertex 173.865 42.2275 5
    endloop
  endfacet
  facet normal 0 0 1
    outer loop
      vertex 194.934 71.1588 5
      vertex 173.232 41.7678 5
      vertex 173.531 42.0225 5
    endloop
  endfacet
  facet normal -0 0 1
    outer loop
      vertex 5.8 83.0426 5
      vertex 173.232 41.7678 5
      vertex 199.2 83.0426 5
    endloop
  endfacet
  facet normal 0 0 1
    outer loop
      vertex 172.622 40.7725 5
      vertex 10.2038 69.4134 5
      vertex 172.531 40.3911 5
    endloop
  endfacet
  facet normal -0 0 1
    outer loop
      vertex 10.2038 69.4134 5
      vertex 172.622 40.7725 5
      vertex 10.25 70 5
    endloop
  endfacet
  facet normal 0 0 1
    outer loop
      vertex 172.772 41.135 5
      vertex 10.25 70 5
      vertex 172.622 40.7725 5
    endloop
  endfacet
  facet normal 0 0 1
    outer loop
      vertex 10.2038 70.5866 5
      vertex 172.772 41.135 5
      vertex 172.977 41.4695 5
    endloop
  endfacet
  facet normal -0 -0 1
    outer loop
      vertex 9.84127 71.7025 5
      vertex 173.232 41.7678 5
      vertex 5.8 83.0426 5
    endloop
  endfacet
  facet normal 0 0 1
    outer loop
      vertex 172.772 41.135 5
      vertex 10.2038 70.5866 5
      vertex 10.25 70 5
    endloop
  endfacet
  facet normal 0 0 1
    outer loop
      vertex 172.977 41.4695 5
      vertex 10.0665 71.1588 5
      vertex 10.2038 70.5866 5
    endloop
  endfacet
  facet normal 0 0 1
    outer loop
      vertex 173.232 41.7678 5
      vertex 10.0665 71.1588 5
      vertex 172.977 41.4695 5
    endloop
  endfacet
  facet normal -0 -0 1
    outer loop
      vertex 10.0665 71.1588 5
      vertex 173.232 41.7678 5
      vertex 9.84127 71.7025 5
    endloop
  endfacet
  facet normal 0 0 1
    outer loop
      vertex 9.84127 71.7025 5
      vertex 5.8 83.0426 5
      vertex 9.53381 72.2042 5
    endloop
  endfacet
  facet normal 0 0 1
    outer loop
      vertex 9.53381 72.2042 5
      vertex 5.8 83.0426 5
      vertex 9.15165 72.6516 5
    endloop
  endfacet
  facet normal 0 0 1
    outer loop
      vertex 9.15165 72.6516 5
      vertex 5.8 83.0426 5
      vertex 8.70419 73.0338 5
    endloop
  endfacet
  facet normal 0 0 1
    outer loop
      vertex 8.70419 73.0338 5
      vertex 5.8 83.0426 5
      vertex 8.20246 73.3413 5
    endloop
  endfacet
  facet normal 0 0 1
    outer loop
      vertex 8.20246 73.3413 5
      vertex 5.8 83.0426 5
      vertex 7.65881 73.5665 5
    endloop
  endfacet
  facet normal 0 0 1
    outer loop
      vertex 7.65881 73.5665 5
      vertex 5.8 83.0426 5
      vertex 7.08663 73.7038 5
    endloop
  endfacet
  facet normal 0 0 1
    outer loop
      vertex 7.08663 73.7038 5
      vertex 5.8 83.0426 5
      vertex 6.5 73.75 5
    endloop
  endfacet
  facet normal 0 0 1
    outer loop
      vertex 5.8 83.0426 5
      vertex 5.91337 73.7038 5
      vertex 6.5 73.75 5
    endloop
  endfacet
  facet normal 0 0 1
    outer loop
      vertex 5.91337 73.7038 5
      vertex 5.8 83.0426 5
      vertex 5.8 73.6766 5
    endloop
  endfacet
  facet normal -0 0 1
    outer loop
      vertex 199.087 66.2962 5
      vertex 199.2 18.6766 5
      vertex 199.2 66.3234 5
    endloop
  endfacet
  facet normal 0 0 1
    outer loop
      vertex 199.087 66.2962 5
      vertex 199.087 18.7038 5
      vertex 199.2 18.6766 5
    endloop
  endfacet
  facet normal 0 0 1
    outer loop
      vertex 177.5 40 5
      vertex 199.087 66.2962 5
      vertex 198.5 66.25 5
    endloop
  endfacet
  facet normal 0 0 1
    outer loop
      vertex 199.087 66.2962 5
      vertex 177.5 40 5
      vertex 199.087 18.7038 5
    endloop
  endfacet
  facet normal 0 0 1
    outer loop
      vertex 177.5 40 5
      vertex 198.5 66.25 5
      vertex 197.913 66.2962 5
    endloop
  endfacet
  facet normal 0 0 1
    outer loop
      vertex 199.087 18.7038 5
      vertex 177.5 40 5
      vertex 198.5 18.75 5
    endloop
  endfacet
  facet normal 0 0 1
    outer loop
      vertex 177.5 40 5
      vertex 197.913 66.2962 5
      vertex 197.341 66.4335 5
    endloop
  endfacet
  facet normal -0 0 1
    outer loop
      vertex 177.469 39.6089 5
      vertex 198.5 18.75 5
      vertex 177.5 40 5
    endloop
  endfacet
  facet normal 0 0 1
    outer loop
      vertex 177.5 40 5
      vertex 197.341 66.4335 5
      vertex 196.798 66.6587 5
    endloop
  endfacet
  facet normal 0 0 1
    outer loop
      vertex 198.5 18.75 5
      vertex 177.469 39.6089 5
      vertex 197.913 18.7038 5
    endloop
  endfacet
  facet normal 0 0 1
    outer loop
      vertex 177.5 40 5
      vertex 196.798 66.6587 5
      vertex 196.296 66.9662 5
    endloop
  endfacet
  facet normal -0 0 1
    outer loop
      vertex 177.378 39.2275 5
      vertex 197.913 18.7038 5
      vertex 177.469 39.6089 5
    endloop
  endfacet
  facet normal 0 0 1
    outer loop
      vertex 177.5 40 5
      vertex 196.296 66.9662 5
      vertex 195.848 67.3484 5
    endloop
  endfacet
  facet normal 0 0 1
    outer loop
      vertex 197.913 18.7038 5
      vertex 177.378 39.2275 5
      vertex 197.341 18.5665 5
    endloop
  endfacet
  facet normal 0 0 1
    outer loop
      vertex 177.5 40 5
      vertex 195.848 67.3484 5
      vertex 195.466 67.7958 5
    endloop
  endfacet
  facet normal -0 0 1
    outer loop
      vertex 177.228 38.865 5
      vertex 197.341 18.5665 5
      vertex 177.378 39.2275 5
    endloop
  endfacet
  facet normal 0 0 1
    outer loop
      vertex 177.5 40 5
      vertex 195.466 67.7958 5
      vertex 195.159 68.2975 5
    endloop
  endfacet
  facet normal 0 0 1
    outer loop
      vertex 197.341 18.5665 5
      vertex 177.228 38.865 5
      vertex 196.798 18.3413 5
    endloop
  endfacet
  facet normal 0 0 1
    outer loop
      vertex 177.5 40 5
      vertex 195.159 68.2975 5
      vertex 194.934 68.8412 5
    endloop
  endfacet
  facet normal -0 0 1
    outer loop
      vertex 177.023 38.5305 5
      vertex 196.798 18.3413 5
      vertex 177.228 38.865 5
    endloop
  endfacet
  facet normal 0 0 1
    outer loop
      vertex 177.5 40 5
      vertex 194.934 68.8412 5
      vertex 194.796 69.4134 5
    endloop
  endfacet
  facet normal 0 0 1
    outer loop
      vertex 196.798 18.3413 5
      vertex 177.023 38.5305 5
      vertex 196.296 18.0338 5
    endloop
  endfacet
  facet normal 0 0 1
    outer loop
      vertex 174.609 42.4692 5
      vertex 194.796 69.4134 5
      vertex 194.75 70 5
    endloop
  endfacet
  facet normal -0 0 1
    outer loop
      vertex 176.768 38.2322 5
      vertex 196.296 18.0338 5
      vertex 177.023 38.5305 5
    endloop
  endfacet
  facet normal -0 0 1
    outer loop
      vertex 199.087 11.2962 5
      vertex 199.2 9 5
      vertex 199.2 11.3234 5
    endloop
  endfacet
  facet normal -0 0 1
    outer loop
      vertex 198.5 11.25 5
      vertex 199.2 9 5
      vertex 199.087 11.2962 5
    endloop
  endfacet
  facet normal 0 0 1
    outer loop
      vertex 197.913 11.2962 5
      vertex 199.2 9 5
      vertex 198.5 11.25 5
    endloop
  endfacet
  facet normal 0 0 1
    outer loop
      vertex 197.341 11.4335 5
      vertex 199.2 9 5
      vertex 197.913 11.2962 5
    endloop
  endfacet
  facet normal 0 0 1
    outer loop
      vertex 199.2 9 5
      vertex 197.341 11.4335 5
      vertex 199.139 8.37571 5
    endloop
  endfacet
  facet normal 0 0 1
    outer loop
      vertex 199.139 8.37571 5
      vertex 197.341 11.4335 5
      vertex 198.956 7.77541 5
    endloop
  endfacet
  facet normal 0 0 1
    outer loop
      vertex 198.956 7.77541 5
      vertex 197.341 11.4335 5
      vertex 198.661 7.22218 5
    endloop
  endfacet
  facet normal 0 0 1
    outer loop
      vertex 198.661 7.22218 5
      vertex 197.341 11.4335 5
      vertex 198.263 6.73726 5
    endloop
  endfacet
  facet normal 0 0 1
    outer loop
      vertex 198.263 6.73726 5
      vertex 197.341 11.4335 5
      vertex 197.778 6.3393 5
    endloop
  endfacet
  facet normal 0 0 1
    outer loop
      vertex 197.341 11.4335 5
      vertex 197.225 6.04359 5
      vertex 197.778 6.3393 5
    endloop
  endfacet
  facet normal 0 0 1
    outer loop
      vertex 196 5.8 5
      vertex 197.341 11.4335 5
      vertex 196.798 11.6587 5
    endloop
  endfacet
  facet normal 0 0 1
    outer loop
      vertex 197.341 11.4335 5
      vertex 196.624 5.86149 5
      vertex 197.225 6.04359 5
    endloop
  endfacet
  facet normal 0 0 1
    outer loop
      vertex 196 5.8 5
      vertex 196.798 11.6587 5
      vertex 196.296 11.9662 5
    endloop
  endfacet
  facet normal 0 0 1
    outer loop
      vertex 197.341 11.4335 5
      vertex 196 5.8 5
      vertex 196.624 5.86149 5
    endloop
  endfacet
  facet normal 0 0 1
    outer loop
      vertex 195.848 12.3483 5
      vertex 196 5.8 5
      vertex 196.296 11.9662 5
    endloop
  endfacet
  facet normal 0 0 1
    outer loop
      vertex 195.466 12.7958 5
      vertex 196 5.8 5
      vertex 195.848 12.3483 5
    endloop
  endfacet
  facet normal 0 0 1
    outer loop
      vertex 195.159 13.2975 5
      vertex 196 5.8 5
      vertex 195.466 12.7958 5
    endloop
  endfacet
  facet normal 0 0 1
    outer loop
      vertex 194.934 13.8412 5
      vertex 196 5.8 5
      vertex 195.159 13.2975 5
    endloop
  endfacet
  facet normal 0 0 1
    outer loop
      vertex 174.227 37.6224 5
      vertex 194.934 13.8412 5
      vertex 194.796 14.4134 5
    endloop
  endfacet
  facet normal -0 0 1
    outer loop
      vertex 176.469 37.9775 5
      vertex 195.848 17.6517 5
      vertex 176.768 38.2322 5
    endloop
  endfacet
  facet normal 0 0 1
    outer loop
      vertex 195.848 17.6517 5
      vertex 176.469 37.9775 5
      vertex 195.466 17.2042 5
    endloop
  endfacet
  facet normal -0 0 1
    outer loop
      vertex 176.135 37.7725 5
      vertex 195.466 17.2042 5
      vertex 176.469 37.9775 5
    endloop
  endfacet
  facet normal 0 0 1
    outer loop
      vertex 195.466 17.2042 5
      vertex 176.135 37.7725 5
      vertex 195.159 16.7025 5
    endloop
  endfacet
  facet normal -0 0 1
    outer loop
      vertex 175.773 37.6224 5
      vertex 195.159 16.7025 5
      vertex 176.135 37.7725 5
    endloop
  endfacet
  facet normal 0 0 1
    outer loop
      vertex 195.159 16.7025 5
      vertex 175.773 37.6224 5
      vertex 194.934 16.1588 5
    endloop
  endfacet
  facet normal -0 0 1
    outer loop
      vertex 175.391 37.5308 5
      vertex 194.934 16.1588 5
      vertex 175.773 37.6224 5
    endloop
  endfacet
  facet normal 0 0 1
    outer loop
      vertex 194.934 16.1588 5
      vertex 175.391 37.5308 5
      vertex 194.796 15.5866 5
    endloop
  endfacet
  facet normal -0 0 1
    outer loop
      vertex 175 37.5 5
      vertex 194.796 15.5866 5
      vertex 175.391 37.5308 5
    endloop
  endfacet
  facet normal 0 0 1
    outer loop
      vertex 194.796 15.5866 5
      vertex 175 37.5 5
      vertex 194.75 15 5
    endloop
  endfacet
  facet normal 0 0 1
    outer loop
      vertex 174.609 37.5308 5
      vertex 194.75 15 5
      vertex 175 37.5 5
    endloop
  endfacet
  facet normal 0 0 1
    outer loop
      vertex 194.75 15 5
      vertex 174.609 37.5308 5
      vertex 194.796 14.4134 5
    endloop
  endfacet
  facet normal 0 0 1
    outer loop
      vertex 174.227 37.6224 5
      vertex 194.796 14.4134 5
      vertex 174.609 37.5308 5
    endloop
  endfacet
  facet normal 0 0 1
    outer loop
      vertex 194.934 13.8412 5
      vertex 174.227 37.6224 5
      vertex 196 5.8 5
    endloop
  endfacet
  facet normal 0 0 1
    outer loop
      vertex 173.865 37.7725 5
      vertex 196 5.8 5
      vertex 174.227 37.6224 5
    endloop
  endfacet
  facet normal 0 0 1
    outer loop
      vertex 173.531 37.9775 5
      vertex 196 5.8 5
      vertex 173.865 37.7725 5
    endloop
  endfacet
  facet normal 0 0 1
    outer loop
      vertex 173.232 38.2322 5
      vertex 196 5.8 5
      vertex 173.531 37.9775 5
    endloop
  endfacet
  facet normal 0 0 1
    outer loop
      vertex 9 5.8 5
      vertex 173.232 38.2322 5
      vertex 172.977 38.5305 5
    endloop
  endfacet
  facet normal -0 0 1
    outer loop
      vertex 10.0665 68.8412 5
      vertex 172.531 40.3911 5
      vertex 10.2038 69.4134 5
    endloop
  endfacet
  facet normal 0 0 1
    outer loop
      vertex 172.5 40 5
      vertex 10.25 15 5
      vertex 172.531 39.6089 5
    endloop
  endfacet
  facet normal 0 0 1
    outer loop
      vertex 172.531 39.6089 5
      vertex 10.25 15 5
      vertex 172.622 39.2275 5
    endloop
  endfacet
  facet normal 0 0 1
    outer loop
      vertex 10.2038 14.4134 5
      vertex 172.622 39.2275 5
      vertex 10.25 15 5
    endloop
  endfacet
  facet normal 0 0 1
    outer loop
      vertex 172.622 39.2275 5
      vertex 10.2038 14.4134 5
      vertex 172.772 38.865 5
    endloop
  endfacet
  facet normal 0 0 1
    outer loop
      vertex 9 5.8 5
      vertex 172.772 38.865 5
      vertex 10.2038 14.4134 5
    endloop
  endfacet
  facet normal 0 0 1
    outer loop
      vertex 172.772 38.865 5
      vertex 9 5.8 5
      vertex 172.977 38.5305 5
    endloop
  endfacet
  facet normal 0 0 1
    outer loop
      vertex 9 5.8 5
      vertex 10.2038 14.4134 5
      vertex 10.0665 13.8412 5
    endloop
  endfacet
  facet normal 0 0 1
    outer loop
      vertex 9 5.8 5
      vertex 10.0665 13.8412 5
      vertex 9.84127 13.2975 5
    endloop
  endfacet
  facet normal 0 0 1
    outer loop
      vertex 9 5.8 5
      vertex 9.84127 13.2975 5
      vertex 9.53381 12.7958 5
    endloop
  endfacet
  facet normal 0 0 1
    outer loop
      vertex 9 5.8 5
      vertex 9.53381 12.7958 5
      vertex 9.15165 12.3483 5
    endloop
  endfacet
  facet normal 0 0 1
    outer loop
      vertex 173.232 38.2322 5
      vertex 9 5.8 5
      vertex 196 5.8 5
    endloop
  endfacet
  facet normal -0 0 1
    outer loop
      vertex 8.70419 11.9662 5
      vertex 9 5.8 5
      vertex 9.15165 12.3483 5
    endloop
  endfacet
  facet normal -0 0 1
    outer loop
      vertex 8.20246 11.6587 5
      vertex 9 5.8 5
      vertex 8.70419 11.9662 5
    endloop
  endfacet
  facet normal -0 0 1
    outer loop
      vertex 7.65881 11.4335 5
      vertex 9 5.8 5
      vertex 8.20246 11.6587 5
    endloop
  endfacet
  facet normal 0 0 1
    outer loop
      vertex 9 5.8 5
      vertex 7.65881 11.4335 5
      vertex 8.37571 5.86149 5
    endloop
  endfacet
  facet normal 0 0 1
    outer loop
      vertex 8.37571 5.86149 5
      vertex 7.65881 11.4335 5
      vertex 7.77541 6.04359 5
    endloop
  endfacet
  facet normal 0 0 1
    outer loop
      vertex 7.65881 11.4335 5
      vertex 7.22217 6.3393 5
      vertex 7.77541 6.04359 5
    endloop
  endfacet
  facet normal 0 0 1
    outer loop
      vertex 5.8 9 5
      vertex 7.65881 11.4335 5
      vertex 7.08663 11.2962 5
    endloop
  endfacet
  facet normal 0 0 1
    outer loop
      vertex 7.65881 11.4335 5
      vertex 6.73726 6.73726 5
      vertex 7.22217 6.3393 5
    endloop
  endfacet
  facet normal 0 0 1
    outer loop
      vertex 5.8 9 5
      vertex 7.08663 11.2962 5
      vertex 6.5 11.25 5
    endloop
  endfacet
  facet normal 0 0 1
    outer loop
      vertex 7.65881 11.4335 5
      vertex 5.8 9 5
      vertex 5.86149 8.37571 5
    endloop
  endfacet
  facet normal 0 0 1
    outer loop
      vertex 7.65881 11.4335 5
      vertex 6.3393 7.22218 5
      vertex 6.73726 6.73726 5
    endloop
  endfacet
  facet normal 0 0 1
    outer loop
      vertex 5.8 9 5
      vertex 6.5 11.25 5
      vertex 5.91337 11.2962 5
    endloop
  endfacet
  facet normal 0 0 1
    outer loop
      vertex 7.65881 11.4335 5
      vertex 6.04358 7.77541 5
      vertex 6.3393 7.22218 5
    endloop
  endfacet
  facet normal 0 0 1
    outer loop
      vertex 5.8 9 5
      vertex 5.91337 11.2962 5
      vertex 5.8 11.3234 5
    endloop
  endfacet
  facet normal 0 0 1
    outer loop
      vertex 7.65881 11.4335 5
      vertex 5.86149 8.37571 5
      vertex 6.04358 7.77541 5
    endloop
  endfacet
  facet normal 0.0980216 0.995184 -0
    outer loop
      vertex 9 5.8 5
      vertex 8.37571 5.86149 79
      vertex 9 5.8 79
    endloop
  endfacet
  facet normal 0.0980216 0.995184 0
    outer loop
      vertex 8.37571 5.86149 79
      vertex 9 5.8 5
      vertex 8.37571 5.86149 5
    endloop
  endfacet
  facet normal 1 -0 0
    outer loop
      vertex 5.8 73.6766 79
      vertex 5.8 96.4548 74
      vertex 5.8 97.4267 79
    endloop
  endfacet
  facet normal 1 0 0
    outer loop
      vertex 5.8 73.6766 5
      vertex 5.8 96.4548 74
      vertex 5.8 73.6766 79
    endloop
  endfacet
  facet normal 1 0 0
    outer loop
      vertex 5.8 96.4548 74
      vertex 5.8 73.6766 5
      vertex 5.8 83.0426 5
    endloop
  endfacet
  facet normal 1 -0 0
    outer loop
      vertex 5.8 9 79
      vertex 5.8 11.3234 5
      vertex 5.8 11.3234 79
    endloop
  endfacet
  facet normal 1 0 0
    outer loop
      vertex 5.8 11.3234 5
      vertex 5.8 9 79
      vertex 5.8 9 5
    endloop
  endfacet
  facet normal 1 -0 0
    outer loop
      vertex 5.8 18.6766 79
      vertex 5.8 66.3234 5
      vertex 5.8 66.3234 79
    endloop
  endfacet
  facet normal 1 0 0
    outer loop
      vertex 5.8 66.3234 5
      vertex 5.8 18.6766 79
      vertex 5.8 18.6766 5
    endloop
  endfacet
  facet normal 0 1 0
    outer loop
      vertex 162.73 5.8 41.455
      vertex 196 5.8 79
      vertex 163.455 5.8 41.7553
    endloop
  endfacet
  facet normal 0 1 0
    outer loop
      vertex 9 5.8 79
      vertex 40.7822 5.8 41.9384
      vertex 40 5.8 42
    endloop
  endfacet
  facet normal 0 1 0
    outer loop
      vertex 162.061 5.8 41.0451
      vertex 196 5.8 79
      vertex 162.73 5.8 41.455
    endloop
  endfacet
  facet normal 0 1 0
    outer loop
      vertex 9 5.8 79
      vertex 41.5451 5.8 41.7553
      vertex 40.7822 5.8 41.9384
    endloop
  endfacet
  facet normal 0 1 0
    outer loop
      vertex 196 5.8 79
      vertex 162.061 5.8 41.0451
      vertex 9 5.8 79
    endloop
  endfacet
  facet normal 0 1 0
    outer loop
      vertex 9 5.8 79
      vertex 42.27 5.8 41.455
      vertex 41.5451 5.8 41.7553
    endloop
  endfacet
  facet normal 0 1 -0
    outer loop
      vertex 42.9389 5.8 41.0451
      vertex 9 5.8 79
      vertex 162.061 5.8 41.0451
    endloop
  endfacet
  facet normal 0 1 0
    outer loop
      vertex 9 5.8 79
      vertex 42.9389 5.8 41.0451
      vertex 42.27 5.8 41.455
    endloop
  endfacet
  facet normal 0 1 -0
    outer loop
      vertex 161.464 5.8 40.5355
      vertex 42.9389 5.8 41.0451
      vertex 162.061 5.8 41.0451
    endloop
  endfacet
  facet normal 0 1 0
    outer loop
      vertex 161.464 5.8 40.5355
      vertex 43.5355 5.8 40.5355
      vertex 42.9389 5.8 41.0451
    endloop
  endfacet
  facet normal 0 1 -0
    outer loop
      vertex 160.955 5.8 39.9389
      vertex 43.5355 5.8 40.5355
      vertex 161.464 5.8 40.5355
    endloop
  endfacet
  facet normal 0 1 0
    outer loop
      vertex 160.955 5.8 39.9389
      vertex 44.0451 5.8 39.9389
      vertex 43.5355 5.8 40.5355
    endloop
  endfacet
  facet normal 0 1 -0
    outer loop
      vertex 160.545 5.8 39.27
      vertex 44.0451 5.8 39.9389
      vertex 160.955 5.8 39.9389
    endloop
  endfacet
  facet normal 0 1 0
    outer loop
      vertex 160.545 5.8 39.27
      vertex 44.455 5.8 39.27
      vertex 44.0451 5.8 39.9389
    endloop
  endfacet
  facet normal 0 1 -0
    outer loop
      vertex 160.245 5.8 38.5451
      vertex 44.455 5.8 39.27
      vertex 160.545 5.8 39.27
    endloop
  endfacet
  facet normal 0 1 0
    outer loop
      vertex 160.245 5.8 38.5451
      vertex 44.7553 5.8 38.5451
      vertex 44.455 5.8 39.27
    endloop
  endfacet
  facet normal 0 1 -0
    outer loop
      vertex 160.062 5.8 37.7822
      vertex 44.7553 5.8 38.5451
      vertex 160.245 5.8 38.5451
    endloop
  endfacet
  facet normal 0 1 0
    outer loop
      vertex 160.062 5.8 37.7822
      vertex 44.9384 5.8 37.7822
      vertex 44.7553 5.8 38.5451
    endloop
  endfacet
  facet normal 0 1 -0
    outer loop
      vertex 160 5.8 37
      vertex 44.9384 5.8 37.7822
      vertex 160.062 5.8 37.7822
    endloop
  endfacet
  facet normal 0 1 0
    outer loop
      vertex 160 5.8 37
      vertex 45 5.8 37
      vertex 44.9384 5.8 37.7822
    endloop
  endfacet
  facet normal 0 1 -0
    outer loop
      vertex 160 5.8 29.1283
      vertex 45 5.8 37
      vertex 160 5.8 37
    endloop
  endfacet
  facet normal 0 1 0
    outer loop
      vertex 160 5.8 29.1283
      vertex 45 5.8 29.1283
      vertex 45 5.8 37
    endloop
  endfacet
  facet normal 0 1 0
    outer loop
      vertex 160.015 5.8 28.9325
      vertex 45 5.8 29.1283
      vertex 160 5.8 29.1283
    endloop
  endfacet
  facet normal 0 1 0
    outer loop
      vertex 160.015 5.8 28.9325
      vertex 44.9846 5.8 28.9325
      vertex 45 5.8 29.1283
    endloop
  endfacet
  facet normal 0 1 0
    outer loop
      vertex 160.061 5.8 28.7415
      vertex 44.9846 5.8 28.9325
      vertex 160.015 5.8 28.9325
    endloop
  endfacet
  facet normal 0 1 0
    outer loop
      vertex 160.061 5.8 28.7415
      vertex 44.9387 5.8 28.7415
      vertex 44.9846 5.8 28.9325
    endloop
  endfacet
  facet normal 0 1 0
    outer loop
      vertex 160.136 5.8 28.5601
      vertex 44.9387 5.8 28.7415
      vertex 160.061 5.8 28.7415
    endloop
  endfacet
  facet normal 0 1 0
    outer loop
      vertex 160.136 5.8 28.5601
      vertex 44.8636 5.8 28.5601
      vertex 44.9387 5.8 28.7415
    endloop
  endfacet
  facet normal 0 1 0
    outer loop
      vertex 160.239 5.8 28.3926
      vertex 44.8636 5.8 28.5601
      vertex 160.136 5.8 28.5601
    endloop
  endfacet
  facet normal 0 1 0
    outer loop
      vertex 160.239 5.8 28.3926
      vertex 44.761 5.8 28.3926
      vertex 44.8636 5.8 28.5601
    endloop
  endfacet
  facet normal 0 1 0
    outer loop
      vertex 160.367 5.8 28.2433
      vertex 44.761 5.8 28.3926
      vertex 160.239 5.8 28.3926
    endloop
  endfacet
  facet normal 0 1 0
    outer loop
      vertex 160.367 5.8 28.2433
      vertex 44.6334 5.8 28.2433
      vertex 44.761 5.8 28.3926
    endloop
  endfacet
  facet normal 0 1 0
    outer loop
      vertex 160.516 5.8 28.1157
      vertex 44.6334 5.8 28.2433
      vertex 160.367 5.8 28.2433
    endloop
  endfacet
  facet normal 0 1 0
    outer loop
      vertex 160.516 5.8 28.1157
      vertex 44.4841 5.8 28.1157
      vertex 44.6334 5.8 28.2433
    endloop
  endfacet
  facet normal 0 1 0
    outer loop
      vertex 160.683 5.8 28.0131
      vertex 44.4841 5.8 28.1157
      vertex 160.516 5.8 28.1157
    endloop
  endfacet
  facet normal 0 1 0
    outer loop
      vertex 160.683 5.8 28.0131
      vertex 44.3166 5.8 28.0131
      vertex 44.4841 5.8 28.1157
    endloop
  endfacet
  facet normal 0 1 0
    outer loop
      vertex 196 5.8 5
      vertex 160.683 5.8 28.0131
      vertex 160.865 5.8 27.938
    endloop
  endfacet
  facet normal 0 1 0
    outer loop
      vertex 160.683 5.8 28.0131
      vertex 196 5.8 5
      vertex 44.3166 5.8 28.0131
    endloop
  endfacet
  facet normal 0 1 0
    outer loop
      vertex 196 5.8 5
      vertex 160.865 5.8 27.938
      vertex 161.056 5.8 27.8921
    endloop
  endfacet
  facet normal 0 1 0
    outer loop
      vertex 9 5.8 5
      vertex 44.3166 5.8 28.0131
      vertex 196 5.8 5
    endloop
  endfacet
  facet normal 0 1 0
    outer loop
      vertex 196 5.8 5
      vertex 161.056 5.8 27.8921
      vertex 161.252 5.8 27.8767
    endloop
  endfacet
  facet normal 0 1 0
    outer loop
      vertex 44.3166 5.8 28.0131
      vertex 9 5.8 5
      vertex 44.1352 5.8 27.938
    endloop
  endfacet
  facet normal 0 1 0
    outer loop
      vertex 164.218 5.8 41.9384
      vertex 196 5.8 79
      vertex 165 5.8 42
    endloop
  endfacet
  facet normal 0 1 0
    outer loop
      vertex 196 5.8 79
      vertex 165.782 5.8 41.9384
      vertex 165 5.8 42
    endloop
  endfacet
  facet normal 0 1 0
    outer loop
      vertex 196 5.8 79
      vertex 166.545 5.8 41.7553
      vertex 165.782 5.8 41.9384
    endloop
  endfacet
  facet normal 0 1 0
    outer loop
      vertex 196 5.8 79
      vertex 167.27 5.8 41.455
      vertex 166.545 5.8 41.7553
    endloop
  endfacet
  facet normal 0 1 0
    outer loop
      vertex 196 5.8 79
      vertex 167.939 5.8 41.0451
      vertex 167.27 5.8 41.455
    endloop
  endfacet
  facet normal 0 1 0
    outer loop
      vertex 196 5.8 79
      vertex 168.536 5.8 40.5355
      vertex 167.939 5.8 41.0451
    endloop
  endfacet
  facet normal 0 1 0
    outer loop
      vertex 196 5.8 79
      vertex 169.045 5.8 39.9389
      vertex 168.536 5.8 40.5355
    endloop
  endfacet
  facet normal 0 1 0
    outer loop
      vertex 196 5.8 79
      vertex 169.455 5.8 39.27
      vertex 169.045 5.8 39.9389
    endloop
  endfacet
  facet normal 0 1 0
    outer loop
      vertex 196 5.8 79
      vertex 169.755 5.8 38.5451
      vertex 169.455 5.8 39.27
    endloop
  endfacet
  facet normal 0 1 0
    outer loop
      vertex 196 5.8 79
      vertex 169.938 5.8 37.7822
      vertex 169.755 5.8 38.5451
    endloop
  endfacet
  facet normal 0 1 -0
    outer loop
      vertex 196 5.8 5
      vertex 169.938 5.8 37.7822
      vertex 196 5.8 79
    endloop
  endfacet
  facet normal 0 1 0
    outer loop
      vertex 169.938 5.8 37.7822
      vertex 196 5.8 5
      vertex 170 5.8 37
    endloop
  endfacet
  facet normal 0 1 0
    outer loop
      vertex 170 5.8 37
      vertex 196 5.8 5
      vertex 170 5.8 29.1283
    endloop
  endfacet
  facet normal 0 1 0
    outer loop
      vertex 170 5.8 29.1283
      vertex 196 5.8 5
      vertex 169.985 5.8 28.9325
    endloop
  endfacet
  facet normal 0 1 0
    outer loop
      vertex 169.985 5.8 28.9325
      vertex 196 5.8 5
      vertex 169.939 5.8 28.7415
    endloop
  endfacet
  facet normal 0 1 0
    outer loop
      vertex 196 5.8 5
      vertex 161.252 5.8 27.8767
      vertex 168.748 5.8 27.8767
    endloop
  endfacet
  facet normal 0 1 0
    outer loop
      vertex 44.1352 5.8 27.938
      vertex 9 5.8 5
      vertex 43.9442 5.8 27.8921
    endloop
  endfacet
  facet normal 0 1 0
    outer loop
      vertex 43.9442 5.8 27.8921
      vertex 9 5.8 5
      vertex 43.7484 5.8 27.8767
    endloop
  endfacet
  facet normal 0 1 0
    outer loop
      vertex 168.944 5.8 27.8921
      vertex 196 5.8 5
      vertex 168.748 5.8 27.8767
    endloop
  endfacet
  facet normal 0 1 0
    outer loop
      vertex 169.135 5.8 27.938
      vertex 196 5.8 5
      vertex 168.944 5.8 27.8921
    endloop
  endfacet
  facet normal 0 1 0
    outer loop
      vertex 169.317 5.8 28.0131
      vertex 196 5.8 5
      vertex 169.135 5.8 27.938
    endloop
  endfacet
  facet normal 0 1 0
    outer loop
      vertex 169.484 5.8 28.1157
      vertex 196 5.8 5
      vertex 169.317 5.8 28.0131
    endloop
  endfacet
  facet normal 0 1 0
    outer loop
      vertex 169.633 5.8 28.2433
      vertex 196 5.8 5
      vertex 169.484 5.8 28.1157
    endloop
  endfacet
  facet normal 0 1 0
    outer loop
      vertex 169.761 5.8 28.3926
      vertex 196 5.8 5
      vertex 169.633 5.8 28.2433
    endloop
  endfacet
  facet normal 0 1 0
    outer loop
      vertex 169.864 5.8 28.5601
      vertex 196 5.8 5
      vertex 169.761 5.8 28.3926
    endloop
  endfacet
  facet normal 0 1 0
    outer loop
      vertex 169.939 5.8 28.7415
      vertex 196 5.8 5
      vertex 169.864 5.8 28.5601
    endloop
  endfacet
  facet normal 0 1 0
    outer loop
      vertex 163.455 5.8 41.7553
      vertex 196 5.8 79
      vertex 164.218 5.8 41.9384
    endloop
  endfacet
  facet normal 0 1 -0
    outer loop
      vertex 39.2178 5.8 41.9384
      vertex 9 5.8 79
      vertex 40 5.8 42
    endloop
  endfacet
  facet normal 0 1 -0
    outer loop
      vertex 38.4549 5.8 41.7553
      vertex 9 5.8 79
      vertex 39.2178 5.8 41.9384
    endloop
  endfacet
  facet normal 0 1 -0
    outer loop
      vertex 37.73 5.8 41.455
      vertex 9 5.8 79
      vertex 38.4549 5.8 41.7553
    endloop
  endfacet
  facet normal 0 1 -0
    outer loop
      vertex 37.0611 5.8 41.0451
      vertex 9 5.8 79
      vertex 37.73 5.8 41.455
    endloop
  endfacet
  facet normal 0 1 -0
    outer loop
      vertex 36.4645 5.8 40.5355
      vertex 9 5.8 79
      vertex 37.0611 5.8 41.0451
    endloop
  endfacet
  facet normal 0 1 -0
    outer loop
      vertex 35.9549 5.8 39.9389
      vertex 9 5.8 79
      vertex 36.4645 5.8 40.5355
    endloop
  endfacet
  facet normal 0 1 -0
    outer loop
      vertex 35.545 5.8 39.27
      vertex 9 5.8 79
      vertex 35.9549 5.8 39.9389
    endloop
  endfacet
  facet normal 0 1 -0
    outer loop
      vertex 35.2447 5.8 38.5451
      vertex 9 5.8 79
      vertex 35.545 5.8 39.27
    endloop
  endfacet
  facet normal 0 1 -0
    outer loop
      vertex 35.0616 5.8 37.7822
      vertex 9 5.8 79
      vertex 35.2447 5.8 38.5451
    endloop
  endfacet
  facet normal 0 1 0
    outer loop
      vertex 9 5.8 5
      vertex 35.0616 5.8 37.7822
      vertex 35 5.8 37
    endloop
  endfacet
  facet normal 0 1 0
    outer loop
      vertex 9 5.8 5
      vertex 35 5.8 37
      vertex 35 5.8 29.1283
    endloop
  endfacet
  facet normal 0 1 0
    outer loop
      vertex 9 5.8 5
      vertex 35 5.8 29.1283
      vertex 35.0154 5.8 28.9325
    endloop
  endfacet
  facet normal 0 1 0
    outer loop
      vertex 9 5.8 5
      vertex 35.0154 5.8 28.9325
      vertex 35.0613 5.8 28.7415
    endloop
  endfacet
  facet normal 0 1 0
    outer loop
      vertex 9 5.8 5
      vertex 35.0613 5.8 28.7415
      vertex 35.1364 5.8 28.5601
    endloop
  endfacet
  facet normal 0 1 0
    outer loop
      vertex 43.7484 5.8 27.8767
      vertex 9 5.8 5
      vertex 36.2516 5.8 27.8767
    endloop
  endfacet
  facet normal 0 1 0
    outer loop
      vertex 35.0616 5.8 37.7822
      vertex 9 5.8 5
      vertex 9 5.8 79
    endloop
  endfacet
  facet normal 0 1 0
    outer loop
      vertex 35.239 5.8 28.3926
      vertex 9 5.8 5
      vertex 35.1364 5.8 28.5601
    endloop
  endfacet
  facet normal 0 1 0
    outer loop
      vertex 35.3666 5.8 28.2433
      vertex 9 5.8 5
      vertex 35.239 5.8 28.3926
    endloop
  endfacet
  facet normal 0 1 0
    outer loop
      vertex 35.5159 5.8 28.1157
      vertex 9 5.8 5
      vertex 35.3666 5.8 28.2433
    endloop
  endfacet
  facet normal 0 1 0
    outer loop
      vertex 35.6834 5.8 28.0131
      vertex 9 5.8 5
      vertex 35.5159 5.8 28.1157
    endloop
  endfacet
  facet normal 0 1 0
    outer loop
      vertex 35.8648 5.8 27.938
      vertex 9 5.8 5
      vertex 35.6834 5.8 28.0131
    endloop
  endfacet
  facet normal 0 1 0
    outer loop
      vertex 36.0558 5.8 27.8921
      vertex 9 5.8 5
      vertex 35.8648 5.8 27.938
    endloop
  endfacet
  facet normal 0 1 0
    outer loop
      vertex 36.2516 5.8 27.8767
      vertex 9 5.8 5
      vertex 36.0558 5.8 27.8921
    endloop
  endfacet
  facet normal -0.88239 0.470519 0
    outer loop
      vertex 198.661 7.22218 5
      vertex 198.956 7.77541 79
      vertex 198.956 7.77541 5
    endloop
  endfacet
  facet normal -0.88239 0.470519 0
    outer loop
      vertex 198.956 7.77541 79
      vertex 198.661 7.22218 5
      vertex 198.661 7.22218 79
    endloop
  endfacet
  facet normal 0.995184 0.0980216 0
    outer loop
      vertex 5.86149 8.37571 79
      vertex 5.8 9 5
      vertex 5.8 9 79
    endloop
  endfacet
  facet normal 0.995184 0.0980216 0
    outer loop
      vertex 5.8 9 5
      vertex 5.86149 8.37571 79
      vertex 5.86149 8.37571 5
    endloop
  endfacet
  facet normal -0.99526 0.0972479 0
    outer loop
      vertex 199.139 8.37571 5
      vertex 199.2 9 79
      vertex 199.2 9 5
    endloop
  endfacet
  facet normal -0.99526 0.0972479 0
    outer loop
      vertex 199.2 9 79
      vertex 199.139 8.37571 5
      vertex 199.139 8.37571 79
    endloop
  endfacet
  facet normal -0.956541 0.291599 0
    outer loop
      vertex 198.956 7.77541 5
      vertex 199.139 8.37571 79
      vertex 199.139 8.37571 5
    endloop
  endfacet
  facet normal -0.956541 0.291599 0
    outer loop
      vertex 199.139 8.37571 79
      vertex 198.956 7.77541 5
      vertex 198.956 7.77541 79
    endloop
  endfacet
  facet normal 0.881913 0.471412 0
    outer loop
      vertex 6.3393 7.22218 79
      vertex 6.04358 7.77541 5
      vertex 6.04358 7.77541 79
    endloop
  endfacet
  facet normal 0.881913 0.471412 0
    outer loop
      vertex 6.04358 7.77541 5
      vertex 6.3393 7.22218 79
      vertex 6.3393 7.22218 5
    endloop
  endfacet
  facet normal 0.290286 0.95694 -0
    outer loop
      vertex 8.37571 5.86149 5
      vertex 7.77541 6.04359 79
      vertex 8.37571 5.86149 79
    endloop
  endfacet
  facet normal 0.290286 0.95694 0
    outer loop
      vertex 7.77541 6.04359 79
      vertex 8.37571 5.86149 5
      vertex 7.77541 6.04359 5
    endloop
  endfacet
  facet normal -0.471552 0.881838 0
    outer loop
      vertex 197.778 6.3393 5
      vertex 197.225 6.04359 79
      vertex 197.778 6.3393 79
    endloop
  endfacet
  facet normal -0.471552 0.881838 0
    outer loop
      vertex 197.225 6.04359 79
      vertex 197.778 6.3393 5
      vertex 197.225 6.04359 5
    endloop
  endfacet
  facet normal -1 0 0
    outer loop
      vertex 199.2 73.6766 5
      vertex 199.2 96.4548 74
      vertex 199.2 83.0426 5
    endloop
  endfacet
  facet normal -1 -0 0
    outer loop
      vertex 199.2 96.4548 74
      vertex 199.2 73.6766 5
      vertex 199.2 73.6766 79
    endloop
  endfacet
  facet normal -1 0 0
    outer loop
      vertex 199.2 96.4548 74
      vertex 199.2 73.6766 79
      vertex 199.2 97.4267 79
    endloop
  endfacet
  facet normal -1 0 0
    outer loop
      vertex 199.2 9 5
      vertex 199.2 11.3234 79
      vertex 199.2 11.3234 5
    endloop
  endfacet
  facet normal -1 -0 0
    outer loop
      vertex 199.2 11.3234 79
      vertex 199.2 9 5
      vertex 199.2 9 79
    endloop
  endfacet
  facet normal -1 0 0
    outer loop
      vertex 199.2 18.6766 5
      vertex 199.2 66.3234 79
      vertex 199.2 66.3234 5
    endloop
  endfacet
  facet normal -1 -0 0
    outer loop
      vertex 199.2 66.3234 79
      vertex 199.2 18.6766 5
      vertex 199.2 18.6766 79
    endloop
  endfacet
  facet normal -0.289976 0.957034 0
    outer loop
      vertex 197.225 6.04359 5
      vertex 196.624 5.86149 79
      vertex 197.225 6.04359 79
    endloop
  endfacet
  facet normal -0.289976 0.957034 0
    outer loop
      vertex 196.624 5.86149 79
      vertex 197.225 6.04359 5
      vertex 196.624 5.86149 5
    endloop
  endfacet
  facet normal -0.772982 0.634428 0
    outer loop
      vertex 198.263 6.73726 5
      vertex 198.661 7.22218 79
      vertex 198.661 7.22218 5
    endloop
  endfacet
  facet normal -0.772982 0.634428 0
    outer loop
      vertex 198.661 7.22218 79
      vertex 198.263 6.73726 5
      vertex 198.263 6.73726 79
    endloop
  endfacet
  facet normal 0.773013 0.63439 0
    outer loop
      vertex 6.73726 6.73726 79
      vertex 6.3393 7.22218 5
      vertex 6.3393 7.22218 79
    endloop
  endfacet
  facet normal 0.773013 0.63439 0
    outer loop
      vertex 6.3393 7.22218 5
      vertex 6.73726 6.73726 79
      vertex 6.73726 6.73726 5
    endloop
  endfacet
  facet normal -0.0980667 0.99518 0
    outer loop
      vertex 196.624 5.86149 5
      vertex 196 5.8 79
      vertex 196.624 5.86149 79
    endloop
  endfacet
  facet normal -0.0980667 0.99518 0
    outer loop
      vertex 196 5.8 79
      vertex 196.624 5.86149 5
      vertex 196 5.8 5
    endloop
  endfacet
  facet normal -0.634327 0.773065 0
    outer loop
      vertex 198.263 6.73726 5
      vertex 197.778 6.3393 79
      vertex 198.263 6.73726 79
    endloop
  endfacet
  facet normal -0.634327 0.773065 0
    outer loop
      vertex 197.778 6.3393 79
      vertex 198.263 6.73726 5
      vertex 197.778 6.3393 5
    endloop
  endfacet
  facet normal 0.956944 0.290272 0
    outer loop
      vertex 6.04358 7.77541 79
      vertex 5.86149 8.37571 5
      vertex 5.86149 8.37571 79
    endloop
  endfacet
  facet normal 0.956944 0.290272 0
    outer loop
      vertex 5.86149 8.37571 5
      vertex 6.04358 7.77541 79
      vertex 6.04358 7.77541 5
    endloop
  endfacet
  facet normal 0.634398 0.773007 -0
    outer loop
      vertex 7.22217 6.3393 5
      vertex 6.73726 6.73726 79
      vertex 7.22217 6.3393 79
    endloop
  endfacet
  facet normal 0.634398 0.773007 0
    outer loop
      vertex 6.73726 6.73726 79
      vertex 7.22217 6.3393 5
      vertex 6.73726 6.73726 5
    endloop
  endfacet
  facet normal 0.471393 0.881923 -0
    outer loop
      vertex 7.77541 6.04359 5
      vertex 7.22217 6.3393 79
      vertex 7.77541 6.04359 79
    endloop
  endfacet
  facet normal 0.471393 0.881923 0
    outer loop
      vertex 7.22217 6.3393 79
      vertex 7.77541 6.04359 5
      vertex 7.22217 6.3393 5
    endloop
  endfacet
  facet normal 0.233336 0.972396 -0
    outer loop
      vertex 7.65881 73.5665 5
      vertex 7.08663 73.7038 79
      vertex 7.65881 73.5665 79
    endloop
  endfacet
  facet normal 0.233336 0.972396 0
    outer loop
      vertex 7.08663 73.7038 79
      vertex 7.65881 73.5665 5
      vertex 7.08663 73.7038 5
    endloop
  endfacet
  facet normal 0.972398 -0.233328 0
    outer loop
      vertex 10.0665 68.8412 79
      vertex 10.2038 69.4134 5
      vertex 10.2038 69.4134 79
    endloop
  endfacet
  facet normal 0.972398 -0.233328 0
    outer loop
      vertex 10.2038 69.4134 5
      vertex 10.0665 68.8412 79
      vertex 10.0665 68.8412 5
    endloop
  endfacet
  facet normal 0.996913 -0.0785158 0
    outer loop
      vertex 10.2038 69.4134 79
      vertex 10.25 70 5
      vertex 10.25 70 79
    endloop
  endfacet
  facet normal 0.996913 -0.0785158 0
    outer loop
      vertex 10.25 70 5
      vertex 10.2038 69.4134 79
      vertex 10.2038 69.4134 5
    endloop
  endfacet
  facet normal 0.923866 -0.382715 0
    outer loop
      vertex 9.84127 68.2975 79
      vertex 10.0665 68.8412 5
      vertex 10.0665 68.8412 79
    endloop
  endfacet
  facet normal 0.923866 -0.382715 0
    outer loop
      vertex 10.0665 68.8412 5
      vertex 9.84127 68.2975 79
      vertex 9.84127 68.2975 5
    endloop
  endfacet
  facet normal 0.0785118 0.996913 -0
    outer loop
      vertex 7.08663 73.7038 5
      vertex 6.5 73.75 79
      vertex 7.08663 73.7038 79
    endloop
  endfacet
  facet normal 0.0785118 0.996913 0
    outer loop
      vertex 6.5 73.75 79
      vertex 7.08663 73.7038 5
      vertex 6.5 73.75 5
    endloop
  endfacet
  facet normal 0.649481 -0.760378 0
    outer loop
      vertex 8.70419 66.9662 5
      vertex 9.15165 67.3484 79
      vertex 8.70419 66.9662 79
    endloop
  endfacet
  facet normal 0.649481 -0.760378 0
    outer loop
      vertex 9.15165 67.3484 79
      vertex 8.70419 66.9662 5
      vertex 9.15165 67.3484 5
    endloop
  endfacet
  facet normal 0.760369 0.649492 0
    outer loop
      vertex 9.53381 72.2042 79
      vertex 9.15165 72.6516 5
      vertex 9.15165 72.6516 79
    endloop
  endfacet
  facet normal 0.760369 0.649492 0
    outer loop
      vertex 9.15165 72.6516 5
      vertex 9.53381 72.2042 79
      vertex 9.53381 72.2042 5
    endloop
  endfacet
  facet normal 0.382702 0.923872 -0
    outer loop
      vertex 8.20246 73.3413 5
      vertex 7.65881 73.5665 79
      vertex 8.20246 73.3413 79
    endloop
  endfacet
  facet normal 0.382702 0.923872 0
    outer loop
      vertex 7.65881 73.5665 79
      vertex 8.20246 73.3413 5
      vertex 7.65881 73.5665 5
    endloop
  endfacet
  facet normal 0.996913 0.0785158 0
    outer loop
      vertex 10.25 70 79
      vertex 10.2038 70.5866 5
      vertex 10.2038 70.5866 79
    endloop
  endfacet
  facet normal 0.996913 0.0785158 0
    outer loop
      vertex 10.2038 70.5866 5
      vertex 10.25 70 79
      vertex 10.25 70 5
    endloop
  endfacet
  facet normal 0.760369 -0.649492 0
    outer loop
      vertex 9.15165 67.3484 79
      vertex 9.53381 67.7958 5
      vertex 9.53381 67.7958 79
    endloop
  endfacet
  facet normal 0.760369 -0.649492 0
    outer loop
      vertex 9.53381 67.7958 5
      vertex 9.15165 67.3484 79
      vertex 9.15165 67.3484 5
    endloop
  endfacet
  facet normal 0.852627 0.522521 0
    outer loop
      vertex 9.84127 71.7025 79
      vertex 9.53381 72.2042 5
      vertex 9.53381 72.2042 79
    endloop
  endfacet
  facet normal 0.852627 0.522521 0
    outer loop
      vertex 9.53381 72.2042 5
      vertex 9.84127 71.7025 79
      vertex 9.84127 71.7025 5
    endloop
  endfacet
  facet normal 0.923866 0.382715 0
    outer loop
      vertex 10.0665 71.1588 79
      vertex 9.84127 71.7025 5
      vertex 9.84127 71.7025 79
    endloop
  endfacet
  facet normal 0.923866 0.382715 0
    outer loop
      vertex 9.84127 71.7025 5
      vertex 10.0665 71.1588 79
      vertex 10.0665 71.1588 5
    endloop
  endfacet
  facet normal 0.382702 -0.923872 0
    outer loop
      vertex 7.65881 66.4335 5
      vertex 8.20246 66.6587 79
      vertex 7.65881 66.4335 79
    endloop
  endfacet
  facet normal 0.382702 -0.923872 0
    outer loop
      vertex 8.20246 66.6587 79
      vertex 7.65881 66.4335 5
      vertex 8.20246 66.6587 5
    endloop
  endfacet
  facet normal 0.233336 -0.972396 0
    outer loop
      vertex 7.08663 66.2962 5
      vertex 7.65881 66.4335 79
      vertex 7.08663 66.2962 79
    endloop
  endfacet
  facet normal 0.233336 -0.972396 0
    outer loop
      vertex 7.65881 66.4335 79
      vertex 7.08663 66.2962 5
      vertex 7.65881 66.4335 5
    endloop
  endfacet
  facet normal 0.852627 -0.522521 0
    outer loop
      vertex 9.53381 67.7958 79
      vertex 9.84127 68.2975 5
      vertex 9.84127 68.2975 79
    endloop
  endfacet
  facet normal 0.852627 -0.522521 0
    outer loop
      vertex 9.84127 68.2975 5
      vertex 9.53381 67.7958 79
      vertex 9.53381 67.7958 5
    endloop
  endfacet
  facet normal 0.649481 0.760378 -0
    outer loop
      vertex 9.15165 72.6516 5
      vertex 8.70419 73.0338 79
      vertex 9.15165 72.6516 79
    endloop
  endfacet
  facet normal 0.649481 0.760378 0
    outer loop
      vertex 8.70419 73.0338 79
      vertex 9.15165 72.6516 5
      vertex 8.70419 73.0338 5
    endloop
  endfacet
  facet normal 0.522547 -0.85261 0
    outer loop
      vertex 8.20246 66.6587 5
      vertex 8.70419 66.9662 79
      vertex 8.20246 66.6587 79
    endloop
  endfacet
  facet normal 0.522547 -0.85261 0
    outer loop
      vertex 8.70419 66.9662 79
      vertex 8.20246 66.6587 5
      vertex 8.70419 66.9662 5
    endloop
  endfacet
  facet normal 0.972398 0.233328 0
    outer loop
      vertex 10.2038 70.5866 79
      vertex 10.0665 71.1588 5
      vertex 10.0665 71.1588 79
    endloop
  endfacet
  facet normal 0.972398 0.233328 0
    outer loop
      vertex 10.0665 71.1588 5
      vertex 10.2038 70.5866 79
      vertex 10.2038 70.5866 5
    endloop
  endfacet
  facet normal -0.233302 -0.972404 0
    outer loop
      vertex 5.8 66.3234 5
      vertex 5.91337 66.2962 79
      vertex 5.8 66.3234 79
    endloop
  endfacet
  facet normal -0.233302 -0.972404 -0
    outer loop
      vertex 5.91337 66.2962 79
      vertex 5.8 66.3234 5
      vertex 5.91337 66.2962 5
    endloop
  endfacet
  facet normal -0.0785118 0.996913 0
    outer loop
      vertex 6.5 73.75 5
      vertex 5.91337 73.7038 79
      vertex 6.5 73.75 79
    endloop
  endfacet
  facet normal -0.0785118 0.996913 0
    outer loop
      vertex 5.91337 73.7038 79
      vertex 6.5 73.75 5
      vertex 5.91337 73.7038 5
    endloop
  endfacet
  facet normal 0.0785118 -0.996913 0
    outer loop
      vertex 6.5 66.25 5
      vertex 7.08663 66.2962 79
      vertex 6.5 66.25 79
    endloop
  endfacet
  facet normal 0.0785118 -0.996913 0
    outer loop
      vertex 7.08663 66.2962 79
      vertex 6.5 66.25 5
      vertex 7.08663 66.2962 5
    endloop
  endfacet
  facet normal -0.0785118 -0.996913 0
    outer loop
      vertex 5.91337 66.2962 5
      vertex 6.5 66.25 79
      vertex 5.91337 66.2962 79
    endloop
  endfacet
  facet normal -0.0785118 -0.996913 -0
    outer loop
      vertex 6.5 66.25 79
      vertex 5.91337 66.2962 5
      vertex 6.5 66.25 5
    endloop
  endfacet
  facet normal 0.522547 0.85261 -0
    outer loop
      vertex 8.70419 73.0338 5
      vertex 8.20246 73.3413 79
      vertex 8.70419 73.0338 79
    endloop
  endfacet
  facet normal 0.522547 0.85261 0
    outer loop
      vertex 8.20246 73.3413 79
      vertex 8.70419 73.0338 5
      vertex 8.20246 73.3413 5
    endloop
  endfacet
  facet normal -0.233302 0.972404 0
    outer loop
      vertex 5.91337 73.7038 5
      vertex 5.8 73.6766 79
      vertex 5.91337 73.7038 79
    endloop
  endfacet
  facet normal -0.233302 0.972404 0
    outer loop
      vertex 5.8 73.6766 79
      vertex 5.91337 73.7038 5
      vertex 5.8 73.6766 5
    endloop
  endfacet
  facet normal 0.233336 0.972396 -0
    outer loop
      vertex 7.65881 18.5665 5
      vertex 7.08663 18.7038 79
      vertex 7.65881 18.5665 79
    endloop
  endfacet
  facet normal 0.233336 0.972396 0
    outer loop
      vertex 7.08663 18.7038 79
      vertex 7.65881 18.5665 5
      vertex 7.08663 18.7038 5
    endloop
  endfacet
  facet normal 0.972398 -0.233328 0
    outer loop
      vertex 10.0665 13.8412 79
      vertex 10.2038 14.4134 5
      vertex 10.2038 14.4134 79
    endloop
  endfacet
  facet normal 0.972398 -0.233328 0
    outer loop
      vertex 10.2038 14.4134 5
      vertex 10.0665 13.8412 79
      vertex 10.0665 13.8412 5
    endloop
  endfacet
  facet normal 0.996913 -0.0785158 0
    outer loop
      vertex 10.2038 14.4134 79
      vertex 10.25 15 5
      vertex 10.25 15 79
    endloop
  endfacet
  facet normal 0.996913 -0.0785158 0
    outer loop
      vertex 10.25 15 5
      vertex 10.2038 14.4134 79
      vertex 10.2038 14.4134 5
    endloop
  endfacet
  facet normal 0.923866 -0.382715 0
    outer loop
      vertex 9.84127 13.2975 79
      vertex 10.0665 13.8412 5
      vertex 10.0665 13.8412 79
    endloop
  endfacet
  facet normal 0.923866 -0.382715 0
    outer loop
      vertex 10.0665 13.8412 5
      vertex 9.84127 13.2975 79
      vertex 9.84127 13.2975 5
    endloop
  endfacet
  facet normal 0.0785118 0.996913 -0
    outer loop
      vertex 7.08663 18.7038 5
      vertex 6.5 18.75 79
      vertex 7.08663 18.7038 79
    endloop
  endfacet
  facet normal 0.0785118 0.996913 0
    outer loop
      vertex 6.5 18.75 79
      vertex 7.08663 18.7038 5
      vertex 6.5 18.75 5
    endloop
  endfacet
  facet normal 0.649382 -0.760462 0
    outer loop
      vertex 8.70419 11.9662 5
      vertex 9.15165 12.3483 79
      vertex 8.70419 11.9662 79
    endloop
  endfacet
  facet normal 0.649382 -0.760462 0
    outer loop
      vertex 9.15165 12.3483 79
      vertex 8.70419 11.9662 5
      vertex 9.15165 12.3483 5
    endloop
  endfacet
  facet normal 0.382702 0.923872 -0
    outer loop
      vertex 8.20246 18.3413 5
      vertex 7.65881 18.5665 79
      vertex 8.20246 18.3413 79
    endloop
  endfacet
  facet normal 0.382702 0.923872 0
    outer loop
      vertex 7.65881 18.5665 79
      vertex 8.20246 18.3413 5
      vertex 7.65881 18.5665 5
    endloop
  endfacet
  facet normal 0.996913 0.0785158 0
    outer loop
      vertex 10.25 15 79
      vertex 10.2038 15.5866 5
      vertex 10.2038 15.5866 79
    endloop
  endfacet
  facet normal 0.996913 0.0785158 0
    outer loop
      vertex 10.2038 15.5866 5
      vertex 10.25 15 79
      vertex 10.25 15 5
    endloop
  endfacet
  facet normal 0.76044 -0.649408 0
    outer loop
      vertex 9.15165 12.3483 79
      vertex 9.53381 12.7958 5
      vertex 9.53381 12.7958 79
    endloop
  endfacet
  facet normal 0.76044 -0.649408 0
    outer loop
      vertex 9.53381 12.7958 5
      vertex 9.15165 12.3483 79
      vertex 9.15165 12.3483 5
    endloop
  endfacet
  facet normal 0.852627 0.522521 0
    outer loop
      vertex 9.84127 16.7025 79
      vertex 9.53381 17.2042 5
      vertex 9.53381 17.2042 79
    endloop
  endfacet
  facet normal 0.852627 0.522521 0
    outer loop
      vertex 9.53381 17.2042 5
      vertex 9.84127 16.7025 79
      vertex 9.84127 16.7025 5
    endloop
  endfacet
  facet normal 0.923866 0.382715 0
    outer loop
      vertex 10.0665 16.1588 79
      vertex 9.84127 16.7025 5
      vertex 9.84127 16.7025 79
    endloop
  endfacet
  facet normal 0.923866 0.382715 0
    outer loop
      vertex 9.84127 16.7025 5
      vertex 10.0665 16.1588 79
      vertex 10.0665 16.1588 5
    endloop
  endfacet
  facet normal 0.382702 -0.923872 0
    outer loop
      vertex 7.65881 11.4335 5
      vertex 8.20246 11.6587 79
      vertex 7.65881 11.4335 79
    endloop
  endfacet
  facet normal 0.382702 -0.923872 0
    outer loop
      vertex 8.20246 11.6587 79
      vertex 7.65881 11.4335 5
      vertex 8.20246 11.6587 5
    endloop
  endfacet
  facet normal 0.233336 -0.972396 0
    outer loop
      vertex 7.08663 11.2962 5
      vertex 7.65881 11.4335 79
      vertex 7.08663 11.2962 79
    endloop
  endfacet
  facet normal 0.233336 -0.972396 0
    outer loop
      vertex 7.65881 11.4335 79
      vertex 7.08663 11.2962 5
      vertex 7.65881 11.4335 5
    endloop
  endfacet
  facet normal 0.852627 -0.522521 0
    outer loop
      vertex 9.53381 12.7958 79
      vertex 9.84127 13.2975 5
      vertex 9.84127 13.2975 79
    endloop
  endfacet
  facet normal 0.852627 -0.522521 0
    outer loop
      vertex 9.84127 13.2975 5
      vertex 9.53381 12.7958 79
      vertex 9.53381 12.7958 5
    endloop
  endfacet
  facet normal 0.649382 0.760462 -0
    outer loop
      vertex 9.15165 17.6517 5
      vertex 8.70419 18.0338 79
      vertex 9.15165 17.6517 79
    endloop
  endfacet
  facet normal 0.649382 0.760462 0
    outer loop
      vertex 8.70419 18.0338 79
      vertex 9.15165 17.6517 5
      vertex 8.70419 18.0338 5
    endloop
  endfacet
  facet normal 0.522547 -0.85261 0
    outer loop
      vertex 8.20246 11.6587 5
      vertex 8.70419 11.9662 79
      vertex 8.20246 11.6587 79
    endloop
  endfacet
  facet normal 0.522547 -0.85261 0
    outer loop
      vertex 8.70419 11.9662 79
      vertex 8.20246 11.6587 5
      vertex 8.70419 11.9662 5
    endloop
  endfacet
  facet normal 0.972398 0.233328 0
    outer loop
      vertex 10.2038 15.5866 79
      vertex 10.0665 16.1588 5
      vertex 10.0665 16.1588 79
    endloop
  endfacet
  facet normal 0.972398 0.233328 0
    outer loop
      vertex 10.0665 16.1588 5
      vertex 10.2038 15.5866 79
      vertex 10.2038 15.5866 5
    endloop
  endfacet
  facet normal -0.233302 -0.972404 0
    outer loop
      vertex 5.8 11.3234 5
      vertex 5.91337 11.2962 79
      vertex 5.8 11.3234 79
    endloop
  endfacet
  facet normal -0.233302 -0.972404 -0
    outer loop
      vertex 5.91337 11.2962 79
      vertex 5.8 11.3234 5
      vertex 5.91337 11.2962 5
    endloop
  endfacet
  facet normal -0.0785118 0.996913 0
    outer loop
      vertex 6.5 18.75 5
      vertex 5.91337 18.7038 79
      vertex 6.5 18.75 79
    endloop
  endfacet
  facet normal -0.0785118 0.996913 0
    outer loop
      vertex 5.91337 18.7038 79
      vertex 6.5 18.75 5
      vertex 5.91337 18.7038 5
    endloop
  endfacet
  facet normal 0.76044 0.649408 0
    outer loop
      vertex 9.53381 17.2042 79
      vertex 9.15165 17.6517 5
      vertex 9.15165 17.6517 79
    endloop
  endfacet
  facet normal 0.76044 0.649408 0
    outer loop
      vertex 9.15165 17.6517 5
      vertex 9.53381 17.2042 79
      vertex 9.53381 17.2042 5
    endloop
  endfacet
  facet normal -0.233302 0.972404 0
    outer loop
      vertex 5.91337 18.7038 5
      vertex 5.8 18.6766 79
      vertex 5.91337 18.7038 79
    endloop
  endfacet
  facet normal -0.233302 0.972404 0
    outer loop
      vertex 5.8 18.6766 79
      vertex 5.91337 18.7038 5
      vertex 5.8 18.6766 5
    endloop
  endfacet
  facet normal 0.0785118 -0.996913 0
    outer loop
      vertex 6.5 11.25 5
      vertex 7.08663 11.2962 79
      vertex 6.5 11.25 79
    endloop
  endfacet
  facet normal 0.0785118 -0.996913 0
    outer loop
      vertex 7.08663 11.2962 79
      vertex 6.5 11.25 5
      vertex 7.08663 11.2962 5
    endloop
  endfacet
  facet normal -0.0785118 -0.996913 0
    outer loop
      vertex 5.91337 11.2962 5
      vertex 6.5 11.25 79
      vertex 5.91337 11.2962 79
    endloop
  endfacet
  facet normal -0.0785118 -0.996913 -0
    outer loop
      vertex 6.5 11.25 79
      vertex 5.91337 11.2962 5
      vertex 6.5 11.25 5
    endloop
  endfacet
  facet normal 0.522547 0.85261 -0
    outer loop
      vertex 8.70419 18.0338 5
      vertex 8.20246 18.3413 79
      vertex 8.70419 18.0338 79
    endloop
  endfacet
  facet normal 0.522547 0.85261 0
    outer loop
      vertex 8.20246 18.3413 79
      vertex 8.70419 18.0338 5
      vertex 8.20246 18.3413 5
    endloop
  endfacet
  facet normal 0.234024 0.972231 -0
    outer loop
      vertex 199.2 73.6766 5
      vertex 199.087 73.7038 79
      vertex 199.2 73.6766 79
    endloop
  endfacet
  facet normal 0.234024 0.972231 0
    outer loop
      vertex 199.087 73.7038 79
      vertex 199.2 73.6766 5
      vertex 199.087 73.7038 5
    endloop
  endfacet
  facet normal 0.0784626 0.996917 -0
    outer loop
      vertex 199.087 73.7038 5
      vertex 198.5 73.75 79
      vertex 199.087 73.7038 79
    endloop
  endfacet
  facet normal 0.0784626 0.996917 0
    outer loop
      vertex 198.5 73.75 79
      vertex 199.087 73.7038 5
      vertex 198.5 73.75 5
    endloop
  endfacet
  facet normal -0.760503 0.649334 0
    outer loop
      vertex 195.466 72.2042 5
      vertex 195.848 72.6516 79
      vertex 195.848 72.6516 5
    endloop
  endfacet
  facet normal -0.760503 0.649334 0
    outer loop
      vertex 195.848 72.6516 79
      vertex 195.466 72.2042 5
      vertex 195.466 72.2042 79
    endloop
  endfacet
  facet normal -0.383093 0.92371 0
    outer loop
      vertex 197.341 73.5665 5
      vertex 196.798 73.3413 79
      vertex 197.341 73.5665 79
    endloop
  endfacet
  facet normal -0.383093 0.92371 0
    outer loop
      vertex 196.798 73.3413 79
      vertex 197.341 73.5665 5
      vertex 196.798 73.3413 5
    endloop
  endfacet
  facet normal -0.522343 0.852735 0
    outer loop
      vertex 196.798 73.3413 5
      vertex 196.296 73.0338 79
      vertex 196.798 73.3413 79
    endloop
  endfacet
  facet normal -0.522343 0.852735 0
    outer loop
      vertex 196.296 73.0338 79
      vertex 196.798 73.3413 5
      vertex 196.296 73.0338 5
    endloop
  endfacet
  facet normal -0.852975 0.521952 0
    outer loop
      vertex 195.159 71.7025 5
      vertex 195.466 72.2042 79
      vertex 195.466 72.2042 5
    endloop
  endfacet
  facet normal -0.852975 0.521952 0
    outer loop
      vertex 195.466 72.2042 79
      vertex 195.159 71.7025 5
      vertex 195.159 71.7025 79
    endloop
  endfacet
  facet normal -0.972128 0.234452 0
    outer loop
      vertex 194.796 70.5866 5
      vertex 194.934 71.1588 79
      vertex 194.934 71.1588 5
    endloop
  endfacet
  facet normal -0.972128 0.234452 0
    outer loop
      vertex 194.934 71.1588 79
      vertex 194.796 70.5866 5
      vertex 194.796 70.5866 79
    endloop
  endfacet
  facet normal -0.972128 -0.234452 0
    outer loop
      vertex 194.934 68.8412 5
      vertex 194.796 69.4134 79
      vertex 194.796 69.4134 5
    endloop
  endfacet
  facet normal -0.972128 -0.234452 0
    outer loop
      vertex 194.796 69.4134 79
      vertex 194.934 68.8412 5
      vertex 194.934 68.8412 79
    endloop
  endfacet
  facet normal -0.924004 -0.382382 0
    outer loop
      vertex 195.159 68.2975 5
      vertex 194.934 68.8412 79
      vertex 194.934 68.8412 5
    endloop
  endfacet
  facet normal -0.924004 -0.382382 0
    outer loop
      vertex 194.934 68.8412 79
      vertex 195.159 68.2975 5
      vertex 195.159 68.2975 79
    endloop
  endfacet
  facet normal -0.924004 0.382382 0
    outer loop
      vertex 194.934 71.1588 5
      vertex 195.159 71.7025 79
      vertex 195.159 71.7025 5
    endloop
  endfacet
  facet normal -0.924004 0.382382 0
    outer loop
      vertex 195.159 71.7025 79
      vertex 194.934 71.1588 5
      vertex 194.934 71.1588 79
    endloop
  endfacet
  facet normal 0.234024 -0.972231 0
    outer loop
      vertex 199.087 66.2962 5
      vertex 199.2 66.3234 79
      vertex 199.087 66.2962 79
    endloop
  endfacet
  facet normal 0.234024 -0.972231 0
    outer loop
      vertex 199.2 66.3234 79
      vertex 199.087 66.2962 5
      vertex 199.2 66.3234 5
    endloop
  endfacet
  facet normal -0.996939 -0.078178 0
    outer loop
      vertex 194.796 69.4134 5
      vertex 194.75 70 79
      vertex 194.75 70 5
    endloop
  endfacet
  facet normal -0.996939 -0.078178 0
    outer loop
      vertex 194.75 70 79
      vertex 194.796 69.4134 5
      vertex 194.796 69.4134 79
    endloop
  endfacet
  facet normal -0.760503 -0.649334 0
    outer loop
      vertex 195.848 67.3484 5
      vertex 195.466 67.7958 79
      vertex 195.466 67.7958 5
    endloop
  endfacet
  facet normal -0.760503 -0.649334 0
    outer loop
      vertex 195.466 67.7958 79
      vertex 195.848 67.3484 5
      vertex 195.848 67.3484 79
    endloop
  endfacet
  facet normal -0.649028 -0.760765 0
    outer loop
      vertex 195.848 67.3484 5
      vertex 196.296 66.9662 79
      vertex 195.848 67.3484 79
    endloop
  endfacet
  facet normal -0.649028 -0.760765 -0
    outer loop
      vertex 196.296 66.9662 79
      vertex 195.848 67.3484 5
      vertex 196.296 66.9662 5
    endloop
  endfacet
  facet normal -0.383093 -0.92371 0
    outer loop
      vertex 196.798 66.6587 5
      vertex 197.341 66.4335 79
      vertex 196.798 66.6587 79
    endloop
  endfacet
  facet normal -0.383093 -0.92371 -0
    outer loop
      vertex 197.341 66.4335 79
      vertex 196.798 66.6587 5
      vertex 197.341 66.4335 5
    endloop
  endfacet
  facet normal -0.233405 -0.97238 0
    outer loop
      vertex 197.341 66.4335 5
      vertex 197.913 66.2962 79
      vertex 197.341 66.4335 79
    endloop
  endfacet
  facet normal -0.233405 -0.97238 -0
    outer loop
      vertex 197.913 66.2962 79
      vertex 197.341 66.4335 5
      vertex 197.913 66.2962 5
    endloop
  endfacet
  facet normal -0.852975 -0.521952 0
    outer loop
      vertex 195.466 67.7958 5
      vertex 195.159 68.2975 79
      vertex 195.159 68.2975 5
    endloop
  endfacet
  facet normal -0.852975 -0.521952 0
    outer loop
      vertex 195.159 68.2975 79
      vertex 195.466 67.7958 5
      vertex 195.466 67.7958 79
    endloop
  endfacet
  facet normal -0.0784626 0.996917 0
    outer loop
      vertex 198.5 73.75 5
      vertex 197.913 73.7038 79
      vertex 198.5 73.75 79
    endloop
  endfacet
  facet normal -0.0784626 0.996917 0
    outer loop
      vertex 197.913 73.7038 79
      vertex 198.5 73.75 5
      vertex 197.913 73.7038 5
    endloop
  endfacet
  facet normal -0.649028 0.760765 0
    outer loop
      vertex 196.296 73.0338 5
      vertex 195.848 72.6516 79
      vertex 196.296 73.0338 79
    endloop
  endfacet
  facet normal -0.649028 0.760765 0
    outer loop
      vertex 195.848 72.6516 79
      vertex 196.296 73.0338 5
      vertex 195.848 72.6516 5
    endloop
  endfacet
  facet normal 0.0784626 -0.996917 0
    outer loop
      vertex 198.5 66.25 5
      vertex 199.087 66.2962 79
      vertex 198.5 66.25 79
    endloop
  endfacet
  facet normal 0.0784626 -0.996917 0
    outer loop
      vertex 199.087 66.2962 79
      vertex 198.5 66.25 5
      vertex 199.087 66.2962 5
    endloop
  endfacet
  facet normal -0.0784626 -0.996917 0
    outer loop
      vertex 197.913 66.2962 5
      vertex 198.5 66.25 79
      vertex 197.913 66.2962 79
    endloop
  endfacet
  facet normal -0.0784626 -0.996917 -0
    outer loop
      vertex 198.5 66.25 79
      vertex 197.913 66.2962 5
      vertex 198.5 66.25 5
    endloop
  endfacet
  facet normal -0.996939 0.078178 0
    outer loop
      vertex 194.75 70 5
      vertex 194.796 70.5866 79
      vertex 194.796 70.5866 5
    endloop
  endfacet
  facet normal -0.996939 0.078178 0
    outer loop
      vertex 194.796 70.5866 79
      vertex 194.75 70 5
      vertex 194.75 70 79
    endloop
  endfacet
  facet normal -0.233405 0.97238 0
    outer loop
      vertex 197.913 73.7038 5
      vertex 197.341 73.5665 79
      vertex 197.913 73.7038 79
    endloop
  endfacet
  facet normal -0.233405 0.97238 0
    outer loop
      vertex 197.341 73.5665 79
      vertex 197.913 73.7038 5
      vertex 197.341 73.5665 5
    endloop
  endfacet
  facet normal -0.522343 -0.852735 0
    outer loop
      vertex 196.296 66.9662 5
      vertex 196.798 66.6587 79
      vertex 196.296 66.9662 79
    endloop
  endfacet
  facet normal -0.522343 -0.852735 -0
    outer loop
      vertex 196.798 66.6587 79
      vertex 196.296 66.9662 5
      vertex 196.798 66.6587 5
    endloop
  endfacet
  facet normal 0.234024 0.972231 -0
    outer loop
      vertex 199.2 18.6766 5
      vertex 199.087 18.7038 79
      vertex 199.2 18.6766 79
    endloop
  endfacet
  facet normal 0.234024 0.972231 0
    outer loop
      vertex 199.087 18.7038 79
      vertex 199.2 18.6766 5
      vertex 199.087 18.7038 5
    endloop
  endfacet
  facet normal 0.0784626 0.996917 -0
    outer loop
      vertex 199.087 18.7038 5
      vertex 198.5 18.75 79
      vertex 199.087 18.7038 79
    endloop
  endfacet
  facet normal 0.0784626 0.996917 0
    outer loop
      vertex 198.5 18.75 79
      vertex 199.087 18.7038 5
      vertex 198.5 18.75 5
    endloop
  endfacet
  facet normal -0.760575 0.64925 0
    outer loop
      vertex 195.466 17.2042 5
      vertex 195.848 17.6517 79
      vertex 195.848 17.6517 5
    endloop
  endfacet
  facet normal -0.760575 0.64925 0
    outer loop
      vertex 195.848 17.6517 79
      vertex 195.466 17.2042 5
      vertex 195.466 17.2042 79
    endloop
  endfacet
  facet normal -0.383093 0.92371 0
    outer loop
      vertex 197.341 18.5665 5
      vertex 196.798 18.3413 79
      vertex 197.341 18.5665 79
    endloop
  endfacet
  facet normal -0.383093 0.92371 0
    outer loop
      vertex 196.798 18.3413 79
      vertex 197.341 18.5665 5
      vertex 196.798 18.3413 5
    endloop
  endfacet
  facet normal -0.522343 0.852735 0
    outer loop
      vertex 196.798 18.3413 5
      vertex 196.296 18.0338 79
      vertex 196.798 18.3413 79
    endloop
  endfacet
  facet normal -0.522343 0.852735 0
    outer loop
      vertex 196.296 18.0338 79
      vertex 196.798 18.3413 5
      vertex 196.296 18.0338 5
    endloop
  endfacet
  facet normal -0.852975 0.521952 0
    outer loop
      vertex 195.159 16.7025 5
      vertex 195.466 17.2042 79
      vertex 195.466 17.2042 5
    endloop
  endfacet
  facet normal -0.852975 0.521952 0
    outer loop
      vertex 195.466 17.2042 79
      vertex 195.159 16.7025 5
      vertex 195.159 16.7025 79
    endloop
  endfacet
  facet normal -0.972128 0.234452 0
    outer loop
      vertex 194.796 15.5866 5
      vertex 194.934 16.1588 79
      vertex 194.934 16.1588 5
    endloop
  endfacet
  facet normal -0.972128 0.234452 0
    outer loop
      vertex 194.934 16.1588 79
      vertex 194.796 15.5866 5
      vertex 194.796 15.5866 79
    endloop
  endfacet
  facet normal -0.972128 -0.234452 0
    outer loop
      vertex 194.934 13.8412 5
      vertex 194.796 14.4134 79
      vertex 194.796 14.4134 5
    endloop
  endfacet
  facet normal -0.972128 -0.234452 0
    outer loop
      vertex 194.796 14.4134 79
      vertex 194.934 13.8412 5
      vertex 194.934 13.8412 79
    endloop
  endfacet
  facet normal -0.924004 -0.382382 0
    outer loop
      vertex 195.159 13.2975 5
      vertex 194.934 13.8412 79
      vertex 194.934 13.8412 5
    endloop
  endfacet
  facet normal -0.924004 -0.382382 0
    outer loop
      vertex 194.934 13.8412 79
      vertex 195.159 13.2975 5
      vertex 195.159 13.2975 79
    endloop
  endfacet
  facet normal -0.924004 0.382382 0
    outer loop
      vertex 194.934 16.1588 5
      vertex 195.159 16.7025 79
      vertex 195.159 16.7025 5
    endloop
  endfacet
  facet normal -0.924004 0.382382 0
    outer loop
      vertex 195.159 16.7025 79
      vertex 194.934 16.1588 5
      vertex 194.934 16.1588 79
    endloop
  endfacet
  facet normal 0.234024 -0.972231 0
    outer loop
      vertex 199.087 11.2962 5
      vertex 199.2 11.3234 79
      vertex 199.087 11.2962 79
    endloop
  endfacet
  facet normal 0.234024 -0.972231 0
    outer loop
      vertex 199.2 11.3234 79
      vertex 199.087 11.2962 5
      vertex 199.2 11.3234 5
    endloop
  endfacet
  facet normal -0.996939 -0.078178 0
    outer loop
      vertex 194.796 14.4134 5
      vertex 194.75 15 79
      vertex 194.75 15 5
    endloop
  endfacet
  facet normal -0.996939 -0.078178 0
    outer loop
      vertex 194.75 15 79
      vertex 194.796 14.4134 5
      vertex 194.796 14.4134 79
    endloop
  endfacet
  facet normal -0.760575 -0.64925 0
    outer loop
      vertex 195.848 12.3483 5
      vertex 195.466 12.7958 79
      vertex 195.466 12.7958 5
    endloop
  endfacet
  facet normal -0.760575 -0.64925 0
    outer loop
      vertex 195.466 12.7958 79
      vertex 195.848 12.3483 5
      vertex 195.848 12.3483 79
    endloop
  endfacet
  facet normal -0.648929 -0.760849 0
    outer loop
      vertex 195.848 12.3483 5
      vertex 196.296 11.9662 79
      vertex 195.848 12.3483 79
    endloop
  endfacet
  facet normal -0.648929 -0.760849 -0
    outer loop
      vertex 196.296 11.9662 79
      vertex 195.848 12.3483 5
      vertex 196.296 11.9662 5
    endloop
  endfacet
  facet normal -0.383093 -0.92371 0
    outer loop
      vertex 196.798 11.6587 5
      vertex 197.341 11.4335 79
      vertex 196.798 11.6587 79
    endloop
  endfacet
  facet normal -0.383093 -0.92371 -0
    outer loop
      vertex 197.341 11.4335 79
      vertex 196.798 11.6587 5
      vertex 197.341 11.4335 5
    endloop
  endfacet
  facet normal -0.233405 -0.97238 0
    outer loop
      vertex 197.341 11.4335 5
      vertex 197.913 11.2962 79
      vertex 197.341 11.4335 79
    endloop
  endfacet
  facet normal -0.233405 -0.97238 -0
    outer loop
      vertex 197.913 11.2962 79
      vertex 197.341 11.4335 5
      vertex 197.913 11.2962 5
    endloop
  endfacet
  facet normal -0.852975 -0.521952 0
    outer loop
      vertex 195.466 12.7958 5
      vertex 195.159 13.2975 79
      vertex 195.159 13.2975 5
    endloop
  endfacet
  facet normal -0.852975 -0.521952 0
    outer loop
      vertex 195.159 13.2975 79
      vertex 195.466 12.7958 5
      vertex 195.466 12.7958 79
    endloop
  endfacet
  facet normal -0.0784626 0.996917 0
    outer loop
      vertex 198.5 18.75 5
      vertex 197.913 18.7038 79
      vertex 198.5 18.75 79
    endloop
  endfacet
  facet normal -0.0784626 0.996917 0
    outer loop
      vertex 197.913 18.7038 79
      vertex 198.5 18.75 5
      vertex 197.913 18.7038 5
    endloop
  endfacet
  facet normal -0.648929 0.760849 0
    outer loop
      vertex 196.296 18.0338 5
      vertex 195.848 17.6517 79
      vertex 196.296 18.0338 79
    endloop
  endfacet
  facet normal -0.648929 0.760849 0
    outer loop
      vertex 195.848 17.6517 79
      vertex 196.296 18.0338 5
      vertex 195.848 17.6517 5
    endloop
  endfacet
  facet normal 0.0784626 -0.996917 0
    outer loop
      vertex 198.5 11.25 5
      vertex 199.087 11.2962 79
      vertex 198.5 11.25 79
    endloop
  endfacet
  facet normal 0.0784626 -0.996917 0
    outer loop
      vertex 199.087 11.2962 79
      vertex 198.5 11.25 5
      vertex 199.087 11.2962 5
    endloop
  endfacet
  facet normal -0.0784626 -0.996917 0
    outer loop
      vertex 197.913 11.2962 5
      vertex 198.5 11.25 79
      vertex 197.913 11.2962 79
    endloop
  endfacet
  facet normal -0.0784626 -0.996917 -0
    outer loop
      vertex 198.5 11.25 79
      vertex 197.913 11.2962 5
      vertex 198.5 11.25 5
    endloop
  endfacet
  facet normal -0.996939 0.078178 0
    outer loop
      vertex 194.75 15 5
      vertex 194.796 15.5866 79
      vertex 194.796 15.5866 5
    endloop
  endfacet
  facet normal -0.996939 0.078178 0
    outer loop
      vertex 194.796 15.5866 79
      vertex 194.75 15 5
      vertex 194.75 15 79
    endloop
  endfacet
  facet normal -0.233405 0.97238 0
    outer loop
      vertex 197.913 18.7038 5
      vertex 197.341 18.5665 79
      vertex 197.913 18.7038 79
    endloop
  endfacet
  facet normal -0.233405 0.97238 0
    outer loop
      vertex 197.341 18.5665 79
      vertex 197.913 18.7038 5
      vertex 197.341 18.5665 5
    endloop
  endfacet
  facet normal -0.522343 -0.852735 0
    outer loop
      vertex 196.296 11.9662 5
      vertex 196.798 11.6587 79
      vertex 196.296 11.9662 79
    endloop
  endfacet
  facet normal -0.522343 -0.852735 -0
    outer loop
      vertex 196.798 11.6587 79
      vertex 196.296 11.9662 5
      vertex 196.798 11.6587 5
    endloop
  endfacet
  facet normal 0 0.567012 -0.82371
    outer loop
      vertex 43.7484 5.8 27.8767
      vertex 36.2516 5.8 27.8767
      vertex 40 11.79 32
    endloop
  endfacet
  facet normal 1 0 0
    outer loop
      vertex 45 5.8 29.1283
      vertex 45 11.79 37
      vertex 45 5.8 37
    endloop
  endfacet
  facet normal 0.649489 0 0.760371
    outer loop
      vertex 42.9389 11.79 41.0451
      vertex 43.5355 5.8 40.5355
      vertex 43.5355 11.79 40.5355
    endloop
  endfacet
  facet normal 0.649489 0 0.760371
    outer loop
      vertex 43.5355 5.8 40.5355
      vertex 42.9389 11.79 41.0451
      vertex 42.9389 5.8 41.0451
    endloop
  endfacet
  facet normal -0.760371 0 0.649489
    outer loop
      vertex 35.9549 5.8 39.9389
      vertex 36.4645 11.79 40.5355
      vertex 35.9549 11.79 39.9389
    endloop
  endfacet
  facet normal -0.760371 0 0.649489
    outer loop
      vertex 36.4645 11.79 40.5355
      vertex 35.9549 5.8 39.9389
      vertex 36.4645 5.8 40.5355
    endloop
  endfacet
  facet normal 0.511671 0.615925 -0.599024
    outer loop
      vertex 44.6334 5.8 28.2433
      vertex 42.9389 11.79 32.9549
      vertex 43.5355 11.79 33.4645
    endloop
  endfacet
  facet normal 0.511858 0.615884 -0.598906
    outer loop
      vertex 42.9389 11.79 32.9549
      vertex 44.6334 5.8 28.2433
      vertex 44.4841 5.8 28.1157
    endloop
  endfacet
  facet normal -0.62112 0.576555 -0.530843
    outer loop
      vertex 35.239 5.8 28.3926
      vertex 36.4645 11.79 33.4645
      vertex 35.3666 5.8 28.2433
    endloop
  endfacet
  facet normal -0.621309 0.576478 -0.530706
    outer loop
      vertex 36.4645 11.79 33.4645
      vertex 35.239 5.8 28.3926
      vertex 35.9549 11.79 34.0611
    endloop
  endfacet
  facet normal 0.99165 0.102627 -0.0780946
    outer loop
      vertex 45 5.8 29.1283
      vertex 44.9384 11.79 36.2178
      vertex 45 11.79 37
    endloop
  endfacet
  facet normal 0.991669 0.102511 -0.0779965
    outer loop
      vertex 44.9384 11.79 36.2178
      vertex 45 5.8 29.1283
      vertex 44.9846 5.8 28.9325
    endloop
  endfacet
  facet normal -0.933429 0.279986 -0.224316
    outer loop
      vertex 35.0154 5.8 28.9325
      vertex 35.2447 11.79 35.4549
      vertex 35.0613 5.8 28.7415
    endloop
  endfacet
  facet normal -0.933572 0.279715 -0.224062
    outer loop
      vertex 35.2447 11.79 35.4549
      vertex 35.0154 5.8 28.9325
      vertex 35.0616 11.79 36.2178
    endloop
  endfacet
  facet normal -0.294537 0.638547 -0.710989
    outer loop
      vertex 35.8648 5.8 27.938
      vertex 37.73 11.79 32.545
      vertex 38.4549 11.79 32.2447
    endloop
  endfacet
  facet normal -0.294378 0.638548 -0.711054
    outer loop
      vertex 37.73 11.79 32.545
      vertex 35.8648 5.8 27.938
      vertex 35.6834 5.8 28.0131
    endloop
  endfacet
  facet normal 0.621309 0.576478 -0.530706
    outer loop
      vertex 44.761 5.8 28.3926
      vertex 43.5355 11.79 33.4645
      vertex 44.0451 11.79 34.0611
    endloop
  endfacet
  facet normal 0.62112 0.576555 -0.530843
    outer loop
      vertex 43.5355 11.79 33.4645
      vertex 44.761 5.8 28.3926
      vertex 44.6334 5.8 28.2433
    endloop
  endfacet
  facet normal -0.972386 0 0.233378
    outer loop
      vertex 35.0616 5.8 37.7822
      vertex 35.2447 11.79 38.5451
      vertex 35.0616 11.79 37.7822
    endloop
  endfacet
  facet normal -0.972386 0 0.233378
    outer loop
      vertex 35.2447 11.79 38.5451
      vertex 35.0616 5.8 37.7822
      vertex 35.2447 5.8 38.5451
    endloop
  endfacet
  facet normal 0.403182 0.635765 -0.658215
    outer loop
      vertex 44.3166 5.8 28.0131
      vertex 42.9389 11.79 32.9549
      vertex 44.4841 5.8 28.1157
    endloop
  endfacet
  facet normal 0.403315 0.635745 -0.658154
    outer loop
      vertex 42.9389 11.79 32.9549
      vertex 44.3166 5.8 28.0131
      vertex 42.27 11.79 32.545
    endloop
  endfacet
  facet normal -0.991669 0.102511 -0.0779965
    outer loop
      vertex 35 5.8 29.1283
      vertex 35.0616 11.79 36.2178
      vertex 35.0154 5.8 28.9325
    endloop
  endfacet
  facet normal -0.99165 0.102627 -0.0780946
    outer loop
      vertex 35.0616 11.79 36.2178
      vertex 35 5.8 29.1283
      vertex 35 11.79 37
    endloop
  endfacet
  facet normal -0.840343 0.415676 -0.347904
    outer loop
      vertex 35.0613 5.8 28.7415
      vertex 35.545 11.79 34.73
      vertex 35.1364 5.8 28.5601
    endloop
  endfacet
  facet normal -0.840202 0.415826 -0.348065
    outer loop
      vertex 35.545 11.79 34.73
      vertex 35.0613 5.8 28.7415
      vertex 35.2447 11.79 35.4549
    endloop
  endfacet
  facet normal 0.933572 0.279715 -0.224062
    outer loop
      vertex 44.9846 5.8 28.9325
      vertex 44.7553 11.79 35.4549
      vertex 44.9384 11.79 36.2178
    endloop
  endfacet
  facet normal 0.933429 0.279986 -0.224316
    outer loop
      vertex 44.7553 11.79 35.4549
      vertex 44.9846 5.8 28.9325
      vertex 44.9387 5.8 28.7415
    endloop
  endfacet
  facet normal -0.511671 0.615925 -0.599024
    outer loop
      vertex 37.0611 11.79 32.9549
      vertex 35.3666 5.8 28.2433
      vertex 36.4645 11.79 33.4645
    endloop
  endfacet
  facet normal -0.511858 0.615884 -0.598906
    outer loop
      vertex 35.3666 5.8 28.2433
      vertex 37.0611 11.79 32.9549
      vertex 35.5159 5.8 28.1157
    endloop
  endfacet
  facet normal -0.182233 0.624719 -0.759287
    outer loop
      vertex 36.0558 5.8 27.8921
      vertex 38.4549 11.79 32.2447
      vertex 39.2178 11.79 32.0616
    endloop
  endfacet
  facet normal -0.182449 0.62475 -0.75921
    outer loop
      vertex 38.4549 11.79 32.2447
      vertex 36.0558 5.8 27.8921
      vertex 35.8648 5.8 27.938
    endloop
  endfacet
  facet normal 0.732311 0.512189 -0.448758
    outer loop
      vertex 44.8636 5.8 28.5601
      vertex 44.0451 11.79 34.0611
      vertex 44.455 11.79 34.73
    endloop
  endfacet
  facet normal 0.732439 0.512104 -0.448646
    outer loop
      vertex 44.0451 11.79 34.0611
      vertex 44.8636 5.8 28.5601
      vertex 44.761 5.8 28.3926
    endloop
  endfacet
  facet normal -0.649489 0 0.760371
    outer loop
      vertex 36.4645 11.79 40.5355
      vertex 37.0611 5.8 41.0451
      vertex 37.0611 11.79 41.0451
    endloop
  endfacet
  facet normal -0.649489 0 0.760371
    outer loop
      vertex 37.0611 5.8 41.0451
      vertex 36.4645 11.79 40.5355
      vertex 36.4645 5.8 40.5355
    endloop
  endfacet
  facet normal 0.522496 0 0.852642
    outer loop
      vertex 42.27 11.79 41.455
      vertex 42.9389 5.8 41.0451
      vertex 42.9389 11.79 41.0451
    endloop
  endfacet
  facet normal 0.522496 0 0.852642
    outer loop
      vertex 42.9389 5.8 41.0451
      vertex 42.27 11.79 41.455
      vertex 42.27 5.8 41.455
    endloop
  endfacet
  facet normal 0.294378 0.638548 -0.711054
    outer loop
      vertex 44.1352 5.8 27.938
      vertex 42.27 11.79 32.545
      vertex 44.3166 5.8 28.0131
    endloop
  endfacet
  facet normal 0.294537 0.638547 -0.710989
    outer loop
      vertex 42.27 11.79 32.545
      vertex 44.1352 5.8 27.938
      vertex 41.5451 11.79 32.2447
    endloop
  endfacet
  facet normal 0.840202 0.415826 -0.348065
    outer loop
      vertex 44.9387 5.8 28.7415
      vertex 44.455 11.79 34.73
      vertex 44.7553 11.79 35.4549
    endloop
  endfacet
  facet normal 0.840343 0.415676 -0.347904
    outer loop
      vertex 44.455 11.79 34.73
      vertex 44.9387 5.8 28.7415
      vertex 44.8636 5.8 28.5601
    endloop
  endfacet
  facet normal -0.732439 0.512104 -0.448646
    outer loop
      vertex 35.1364 5.8 28.5601
      vertex 35.9549 11.79 34.0611
      vertex 35.239 5.8 28.3926
    endloop
  endfacet
  facet normal -0.732311 0.512189 -0.448758
    outer loop
      vertex 35.9549 11.79 34.0611
      vertex 35.1364 5.8 28.5601
      vertex 35.545 11.79 34.73
    endloop
  endfacet
  facet normal -0.403315 0.635745 -0.658154
    outer loop
      vertex 35.6834 5.8 28.0131
      vertex 37.0611 11.79 32.9549
      vertex 37.73 11.79 32.545
    endloop
  endfacet
  facet normal -0.403182 0.635765 -0.658215
    outer loop
      vertex 37.0611 11.79 32.9549
      vertex 35.6834 5.8 28.0131
      vertex 35.5159 5.8 28.1157
    endloop
  endfacet
  facet normal -0.0632487 0.592429 -0.803136
    outer loop
      vertex 36.2516 5.8 27.8767
      vertex 39.2178 11.79 32.0616
      vertex 40 11.79 32
    endloop
  endfacet
  facet normal -0.0631698 0.592406 -0.803159
    outer loop
      vertex 39.2178 11.79 32.0616
      vertex 36.2516 5.8 27.8767
      vertex 36.0558 5.8 27.8921
    endloop
  endfacet
  facet normal 0.852642 -0 0.522496
    outer loop
      vertex 44.0451 5.8 39.9389
      vertex 44.455 11.79 39.27
      vertex 44.0451 11.79 39.9389
    endloop
  endfacet
  facet normal 0.852642 0 0.522496
    outer loop
      vertex 44.455 11.79 39.27
      vertex 44.0451 5.8 39.9389
      vertex 44.455 5.8 39.27
    endloop
  endfacet
  facet normal 0.996913 -0 0.0785092
    outer loop
      vertex 44.9384 5.8 37.7822
      vertex 45 11.79 37
      vertex 44.9384 11.79 37.7822
    endloop
  endfacet
  facet normal 0.996913 0 0.0785092
    outer loop
      vertex 45 11.79 37
      vertex 44.9384 5.8 37.7822
      vertex 45 5.8 37
    endloop
  endfacet
  facet normal 0.182449 0.62475 -0.75921
    outer loop
      vertex 43.9442 5.8 27.8921
      vertex 41.5451 11.79 32.2447
      vertex 44.1352 5.8 27.938
    endloop
  endfacet
  facet normal 0.182233 0.624719 -0.759287
    outer loop
      vertex 41.5451 11.79 32.2447
      vertex 43.9442 5.8 27.8921
      vertex 40.7822 11.79 32.0616
    endloop
  endfacet
  facet normal 0.0631698 0.592406 -0.803159
    outer loop
      vertex 43.7484 5.8 27.8767
      vertex 40.7822 11.79 32.0616
      vertex 43.9442 5.8 27.8921
    endloop
  endfacet
  facet normal 0.0632487 0.592429 -0.803136
    outer loop
      vertex 40.7822 11.79 32.0616
      vertex 43.7484 5.8 27.8767
      vertex 40 11.79 32
    endloop
  endfacet
  facet normal -0.852642 0 0.522496
    outer loop
      vertex 35.545 5.8 39.27
      vertex 35.9549 11.79 39.9389
      vertex 35.545 11.79 39.27
    endloop
  endfacet
  facet normal -0.852642 0 0.522496
    outer loop
      vertex 35.9549 11.79 39.9389
      vertex 35.545 5.8 39.27
      vertex 35.9549 5.8 39.9389
    endloop
  endfacet
  facet normal -0.923863 0 0.382723
    outer loop
      vertex 35.2447 5.8 38.5451
      vertex 35.545 11.79 39.27
      vertex 35.2447 11.79 38.5451
    endloop
  endfacet
  facet normal -0.923863 0 0.382723
    outer loop
      vertex 35.545 11.79 39.27
      vertex 35.2447 5.8 38.5451
      vertex 35.545 5.8 39.27
    endloop
  endfacet
  facet normal 0.760371 -0 0.649489
    outer loop
      vertex 43.5355 5.8 40.5355
      vertex 44.0451 11.79 39.9389
      vertex 43.5355 11.79 40.5355
    endloop
  endfacet
  facet normal 0.760371 0 0.649489
    outer loop
      vertex 44.0451 11.79 39.9389
      vertex 43.5355 5.8 40.5355
      vertex 44.0451 5.8 39.9389
    endloop
  endfacet
  facet normal 0.923863 -0 0.382723
    outer loop
      vertex 44.455 5.8 39.27
      vertex 44.7553 11.79 38.5451
      vertex 44.455 11.79 39.27
    endloop
  endfacet
  facet normal 0.923863 0 0.382723
    outer loop
      vertex 44.7553 11.79 38.5451
      vertex 44.455 5.8 39.27
      vertex 44.7553 5.8 38.5451
    endloop
  endfacet
  facet normal 0.0785092 0 0.996913
    outer loop
      vertex 40 11.79 42
      vertex 40.7822 5.8 41.9384
      vertex 40.7822 11.79 41.9384
    endloop
  endfacet
  facet normal 0.0785092 0 0.996913
    outer loop
      vertex 40.7822 5.8 41.9384
      vertex 40 11.79 42
      vertex 40 5.8 42
    endloop
  endfacet
  facet normal -0.233378 0 0.972386
    outer loop
      vertex 38.4549 11.79 41.7553
      vertex 39.2178 5.8 41.9384
      vertex 39.2178 11.79 41.9384
    endloop
  endfacet
  facet normal -0.233378 0 0.972386
    outer loop
      vertex 39.2178 5.8 41.9384
      vertex 38.4549 11.79 41.7553
      vertex 38.4549 5.8 41.7553
    endloop
  endfacet
  facet normal 0.972386 -0 0.233378
    outer loop
      vertex 44.7553 5.8 38.5451
      vertex 44.9384 11.79 37.7822
      vertex 44.7553 11.79 38.5451
    endloop
  endfacet
  facet normal 0.972386 0 0.233378
    outer loop
      vertex 44.9384 11.79 37.7822
      vertex 44.7553 5.8 38.5451
      vertex 44.9384 5.8 37.7822
    endloop
  endfacet
  facet normal 0.382723 0 0.923863
    outer loop
      vertex 41.5451 11.79 41.7553
      vertex 42.27 5.8 41.455
      vertex 42.27 11.79 41.455
    endloop
  endfacet
  facet normal 0.382723 0 0.923863
    outer loop
      vertex 42.27 5.8 41.455
      vertex 41.5451 11.79 41.7553
      vertex 41.5451 5.8 41.7553
    endloop
  endfacet
  facet normal 0.233378 0 0.972386
    outer loop
      vertex 40.7822 11.79 41.9384
      vertex 41.5451 5.8 41.7553
      vertex 41.5451 11.79 41.7553
    endloop
  endfacet
  facet normal 0.233378 0 0.972386
    outer loop
      vertex 41.5451 5.8 41.7553
      vertex 40.7822 11.79 41.9384
      vertex 40.7822 5.8 41.9384
    endloop
  endfacet
  facet normal -0.0785092 0 0.996913
    outer loop
      vertex 39.2178 11.79 41.9384
      vertex 40 5.8 42
      vertex 40 11.79 42
    endloop
  endfacet
  facet normal -0.0785092 0 0.996913
    outer loop
      vertex 40 5.8 42
      vertex 39.2178 11.79 41.9384
      vertex 39.2178 5.8 41.9384
    endloop
  endfacet
  facet normal 0 1 0
    outer loop
      vertex 40.7822 11.79 41.9384
      vertex 39.2178 11.79 41.9384
      vertex 40 11.79 42
    endloop
  endfacet
  facet normal 0 1 0
    outer loop
      vertex 41.5451 11.79 41.7553
      vertex 39.2178 11.79 41.9384
      vertex 40.7822 11.79 41.9384
    endloop
  endfacet
  facet normal 0 1 0
    outer loop
      vertex 41.5451 11.79 41.7553
      vertex 38.4549 11.79 41.7553
      vertex 39.2178 11.79 41.9384
    endloop
  endfacet
  facet normal 0 1 0
    outer loop
      vertex 42.27 11.79 41.455
      vertex 38.4549 11.79 41.7553
      vertex 41.5451 11.79 41.7553
    endloop
  endfacet
  facet normal 0 1 0
    outer loop
      vertex 42.27 11.79 41.455
      vertex 37.73 11.79 41.455
      vertex 38.4549 11.79 41.7553
    endloop
  endfacet
  facet normal 0 1 0
    outer loop
      vertex 42.9389 11.79 41.0451
      vertex 37.73 11.79 41.455
      vertex 42.27 11.79 41.455
    endloop
  endfacet
  facet normal 0 1 0
    outer loop
      vertex 42.9389 11.79 41.0451
      vertex 37.0611 11.79 41.0451
      vertex 37.73 11.79 41.455
    endloop
  endfacet
  facet normal 0 1 0
    outer loop
      vertex 43.5355 11.79 40.5355
      vertex 37.0611 11.79 41.0451
      vertex 42.9389 11.79 41.0451
    endloop
  endfacet
  facet normal 0 1 0
    outer loop
      vertex 43.5355 11.79 40.5355
      vertex 36.4645 11.79 40.5355
      vertex 37.0611 11.79 41.0451
    endloop
  endfacet
  facet normal 0 1 0
    outer loop
      vertex 44.0451 11.79 39.9389
      vertex 36.4645 11.79 40.5355
      vertex 43.5355 11.79 40.5355
    endloop
  endfacet
  facet normal 0 1 0
    outer loop
      vertex 44.0451 11.79 39.9389
      vertex 35.9549 11.79 39.9389
      vertex 36.4645 11.79 40.5355
    endloop
  endfacet
  facet normal 0 1 0
    outer loop
      vertex 44.455 11.79 39.27
      vertex 35.9549 11.79 39.9389
      vertex 44.0451 11.79 39.9389
    endloop
  endfacet
  facet normal 0 1 0
    outer loop
      vertex 44.455 11.79 39.27
      vertex 35.545 11.79 39.27
      vertex 35.9549 11.79 39.9389
    endloop
  endfacet
  facet normal 0 1 0
    outer loop
      vertex 44.7553 11.79 38.5451
      vertex 35.545 11.79 39.27
      vertex 44.455 11.79 39.27
    endloop
  endfacet
  facet normal 0 1 0
    outer loop
      vertex 44.7553 11.79 38.5451
      vertex 35.2447 11.79 38.5451
      vertex 35.545 11.79 39.27
    endloop
  endfacet
  facet normal 0 1 0
    outer loop
      vertex 44.9384 11.79 37.7822
      vertex 35.2447 11.79 38.5451
      vertex 44.7553 11.79 38.5451
    endloop
  endfacet
  facet normal 0 1 0
    outer loop
      vertex 44.9384 11.79 37.7822
      vertex 35.0616 11.79 37.7822
      vertex 35.2447 11.79 38.5451
    endloop
  endfacet
  facet normal 0 1 0
    outer loop
      vertex 45 11.79 37
      vertex 35.0616 11.79 37.7822
      vertex 44.9384 11.79 37.7822
    endloop
  endfacet
  facet normal 0 1 0
    outer loop
      vertex 45 11.79 37
      vertex 35 11.79 37
      vertex 35.0616 11.79 37.7822
    endloop
  endfacet
  facet normal 0 1 -0
    outer loop
      vertex 44.9384 11.79 36.2178
      vertex 35 11.79 37
      vertex 45 11.79 37
    endloop
  endfacet
  facet normal 0 1 0
    outer loop
      vertex 44.9384 11.79 36.2178
      vertex 35.0616 11.79 36.2178
      vertex 35 11.79 37
    endloop
  endfacet
  facet normal 0 1 -0
    outer loop
      vertex 44.7553 11.79 35.4549
      vertex 35.0616 11.79 36.2178
      vertex 44.9384 11.79 36.2178
    endloop
  endfacet
  facet normal 0 1 0
    outer loop
      vertex 44.7553 11.79 35.4549
      vertex 35.2447 11.79 35.4549
      vertex 35.0616 11.79 36.2178
    endloop
  endfacet
  facet normal 0 1 -0
    outer loop
      vertex 44.455 11.79 34.73
      vertex 35.2447 11.79 35.4549
      vertex 44.7553 11.79 35.4549
    endloop
  endfacet
  facet normal 0 1 0
    outer loop
      vertex 44.455 11.79 34.73
      vertex 35.545 11.79 34.73
      vertex 35.2447 11.79 35.4549
    endloop
  endfacet
  facet normal 0 1 -0
    outer loop
      vertex 44.0451 11.79 34.0611
      vertex 35.545 11.79 34.73
      vertex 44.455 11.79 34.73
    endloop
  endfacet
  facet normal 0 1 0
    outer loop
      vertex 44.0451 11.79 34.0611
      vertex 35.9549 11.79 34.0611
      vertex 35.545 11.79 34.73
    endloop
  endfacet
  facet normal 0 1 -0
    outer loop
      vertex 43.5355 11.79 33.4645
      vertex 35.9549 11.79 34.0611
      vertex 44.0451 11.79 34.0611
    endloop
  endfacet
  facet normal 0 1 0
    outer loop
      vertex 43.5355 11.79 33.4645
      vertex 36.4645 11.79 33.4645
      vertex 35.9549 11.79 34.0611
    endloop
  endfacet
  facet normal 0 1 -0
    outer loop
      vertex 42.9389 11.79 32.9549
      vertex 36.4645 11.79 33.4645
      vertex 43.5355 11.79 33.4645
    endloop
  endfacet
  facet normal 0 1 0
    outer loop
      vertex 42.9389 11.79 32.9549
      vertex 37.0611 11.79 32.9549
      vertex 36.4645 11.79 33.4645
    endloop
  endfacet
  facet normal 0 1 -0
    outer loop
      vertex 42.27 11.79 32.545
      vertex 37.0611 11.79 32.9549
      vertex 42.9389 11.79 32.9549
    endloop
  endfacet
  facet normal 0 1 0
    outer loop
      vertex 42.27 11.79 32.545
      vertex 37.73 11.79 32.545
      vertex 37.0611 11.79 32.9549
    endloop
  endfacet
  facet normal 0 1 -0
    outer loop
      vertex 41.5451 11.79 32.2447
      vertex 37.73 11.79 32.545
      vertex 42.27 11.79 32.545
    endloop
  endfacet
  facet normal 0 1 0
    outer loop
      vertex 41.5451 11.79 32.2447
      vertex 38.4549 11.79 32.2447
      vertex 37.73 11.79 32.545
    endloop
  endfacet
  facet normal 0 1 -0
    outer loop
      vertex 40.7822 11.79 32.0616
      vertex 38.4549 11.79 32.2447
      vertex 41.5451 11.79 32.2447
    endloop
  endfacet
  facet normal 0 1 0
    outer loop
      vertex 40.7822 11.79 32.0616
      vertex 39.2178 11.79 32.0616
      vertex 38.4549 11.79 32.2447
    endloop
  endfacet
  facet normal -0 1 0
    outer loop
      vertex 39.2178 11.79 32.0616
      vertex 40.7822 11.79 32.0616
      vertex 40 11.79 32
    endloop
  endfacet
  facet normal -0.996913 0 0.0785092
    outer loop
      vertex 35 5.8 37
      vertex 35.0616 11.79 37.7822
      vertex 35 11.79 37
    endloop
  endfacet
  facet normal -0.996913 0 0.0785092
    outer loop
      vertex 35.0616 11.79 37.7822
      vertex 35 5.8 37
      vertex 35.0616 5.8 37.7822
    endloop
  endfacet
  facet normal -1 0 0
    outer loop
      vertex 35 5.8 37
      vertex 35 11.79 37
      vertex 35 5.8 29.1283
    endloop
  endfacet
  facet normal -0.522496 0 0.852642
    outer loop
      vertex 37.0611 11.79 41.0451
      vertex 37.73 5.8 41.455
      vertex 37.73 11.79 41.455
    endloop
  endfacet
  facet normal -0.522496 0 0.852642
    outer loop
      vertex 37.73 5.8 41.455
      vertex 37.0611 11.79 41.0451
      vertex 37.0611 5.8 41.0451
    endloop
  endfacet
  facet normal -0.382723 0 0.923863
    outer loop
      vertex 37.73 11.79 41.455
      vertex 38.4549 5.8 41.7553
      vertex 38.4549 11.79 41.7553
    endloop
  endfacet
  facet normal -0.382723 0 0.923863
    outer loop
      vertex 38.4549 5.8 41.7553
      vertex 37.73 11.79 41.455
      vertex 37.73 5.8 41.455
    endloop
  endfacet
  facet normal 0.996873 -0 0.0790158
    outer loop
      vertex 169.938 5.8 37.7822
      vertex 170 11.79 37
      vertex 169.938 11.79 37.7822
    endloop
  endfacet
  facet normal 0.996873 0 0.0790158
    outer loop
      vertex 170 11.79 37
      vertex 169.938 5.8 37.7822
      vertex 170 5.8 37
    endloop
  endfacet
  facet normal 0 0.567012 -0.82371
    outer loop
      vertex 168.748 5.8 27.8767
      vertex 161.252 5.8 27.8767
      vertex 165 11.79 32
    endloop
  endfacet
  facet normal -0.992059 0.100219 -0.0760004
    outer loop
      vertex 160 5.8 29.1283
      vertex 160.062 11.79 36.2178
      vertex 160.015 5.8 28.9325
    endloop
  endfacet
  facet normal -0.991542 0.103283 -0.0785932
    outer loop
      vertex 160.062 11.79 36.2178
      vertex 160 5.8 29.1283
      vertex 160 11.79 37
    endloop
  endfacet
  facet normal 0.0631069 0.592387 -0.803178
    outer loop
      vertex 168.748 5.8 27.8767
      vertex 165.782 11.79 32.0616
      vertex 168.944 5.8 27.8921
    endloop
  endfacet
  facet normal 0.0632646 0.592433 -0.803132
    outer loop
      vertex 165.782 11.79 32.0616
      vertex 168.748 5.8 27.8767
      vertex 165 11.79 32
    endloop
  endfacet
  facet normal 1 0 0
    outer loop
      vertex 170 5.8 29.1283
      vertex 170 11.79 37
      vertex 170 5.8 37
    endloop
  endfacet
  facet normal -0.923998 0 0.382397
    outer loop
      vertex 160.245 5.8 38.5451
      vertex 160.545 11.79 39.27
      vertex 160.245 11.79 38.5451
    endloop
  endfacet
  facet normal -0.923998 0 0.382397
    outer loop
      vertex 160.545 11.79 39.27
      vertex 160.245 5.8 38.5451
      vertex 160.545 5.8 39.27
    endloop
  endfacet
  facet normal -0.511462 0.615946 -0.599181
    outer loop
      vertex 162.061 11.79 32.9549
      vertex 160.367 5.8 28.2433
      vertex 161.464 11.79 33.4645
    endloop
  endfacet
  facet normal -0.512539 0.615714 -0.598498
    outer loop
      vertex 160.367 5.8 28.2433
      vertex 162.061 11.79 32.9549
      vertex 160.516 5.8 28.1157
    endloop
  endfacet
  facet normal 0.621723 0.576281 -0.530434
    outer loop
      vertex 169.761 5.8 28.3926
      vertex 168.536 11.79 33.4645
      vertex 169.045 11.79 34.0611
    endloop
  endfacet
  facet normal 0.620086 0.576951 -0.531621
    outer loop
      vertex 168.536 11.79 33.4645
      vertex 169.761 5.8 28.3926
      vertex 169.633 5.8 28.2433
    endloop
  endfacet
  facet normal -1 0 0
    outer loop
      vertex 160 5.8 37
      vertex 160 11.79 37
      vertex 160 5.8 29.1283
    endloop
  endfacet
  facet normal 0.233349 0 0.972393
    outer loop
      vertex 165.782 11.79 41.9384
      vertex 166.545 5.8 41.7553
      vertex 166.545 11.79 41.7553
    endloop
  endfacet
  facet normal 0.233349 0 0.972393
    outer loop
      vertex 166.545 5.8 41.7553
      vertex 165.782 11.79 41.9384
      vertex 165.782 5.8 41.9384
    endloop
  endfacet
  facet normal 0 1 0
    outer loop
      vertex 165.782 11.79 41.9384
      vertex 164.218 11.79 41.9384
      vertex 165 11.79 42
    endloop
  endfacet
  facet normal 0 1 0
    outer loop
      vertex 166.545 11.79 41.7553
      vertex 164.218 11.79 41.9384
      vertex 165.782 11.79 41.9384
    endloop
  endfacet
  facet normal 0 1 0
    outer loop
      vertex 166.545 11.79 41.7553
      vertex 163.455 11.79 41.7553
      vertex 164.218 11.79 41.9384
    endloop
  endfacet
  facet normal 0 1 0
    outer loop
      vertex 167.27 11.79 41.455
      vertex 163.455 11.79 41.7553
      vertex 166.545 11.79 41.7553
    endloop
  endfacet
  facet normal 0 1 0
    outer loop
      vertex 167.27 11.79 41.455
      vertex 162.73 11.79 41.455
      vertex 163.455 11.79 41.7553
    endloop
  endfacet
  facet normal 0 1 0
    outer loop
      vertex 167.939 11.79 41.0451
      vertex 162.73 11.79 41.455
      vertex 167.27 11.79 41.455
    endloop
  endfacet
  facet normal 0 1 0
    outer loop
      vertex 167.939 11.79 41.0451
      vertex 162.061 11.79 41.0451
      vertex 162.73 11.79 41.455
    endloop
  endfacet
  facet normal 0 1 0
    outer loop
      vertex 168.536 11.79 40.5355
      vertex 162.061 11.79 41.0451
      vertex 167.939 11.79 41.0451
    endloop
  endfacet
  facet normal 0 1 0
    outer loop
      vertex 168.536 11.79 40.5355
      vertex 161.464 11.79 40.5355
      vertex 162.061 11.79 41.0451
    endloop
  endfacet
  facet normal 0 1 0
    outer loop
      vertex 169.045 11.79 39.9389
      vertex 161.464 11.79 40.5355
      vertex 168.536 11.79 40.5355
    endloop
  endfacet
  facet normal 0 1 0
    outer loop
      vertex 169.045 11.79 39.9389
      vertex 160.955 11.79 39.9389
      vertex 161.464 11.79 40.5355
    endloop
  endfacet
  facet normal 0 1 0
    outer loop
      vertex 169.455 11.79 39.27
      vertex 160.955 11.79 39.9389
      vertex 169.045 11.79 39.9389
    endloop
  endfacet
  facet normal 0 1 0
    outer loop
      vertex 169.455 11.79 39.27
      vertex 160.545 11.79 39.27
      vertex 160.955 11.79 39.9389
    endloop
  endfacet
  facet normal 0 1 0
    outer loop
      vertex 169.755 11.79 38.5451
      vertex 160.545 11.79 39.27
      vertex 169.455 11.79 39.27
    endloop
  endfacet
  facet normal 0 1 0
    outer loop
      vertex 169.755 11.79 38.5451
      vertex 160.245 11.79 38.5451
      vertex 160.545 11.79 39.27
    endloop
  endfacet
  facet normal 0 1 0
    outer loop
      vertex 169.938 11.79 37.7822
      vertex 160.245 11.79 38.5451
      vertex 169.755 11.79 38.5451
    endloop
  endfacet
  facet normal 0 1 0
    outer loop
      vertex 169.938 11.79 37.7822
      vertex 160.062 11.79 37.7822
      vertex 160.245 11.79 38.5451
    endloop
  endfacet
  facet normal 0 1 0
    outer loop
      vertex 170 11.79 37
      vertex 160.062 11.79 37.7822
      vertex 169.938 11.79 37.7822
    endloop
  endfacet
  facet normal 0 1 0
    outer loop
      vertex 170 11.79 37
      vertex 160 11.79 37
      vertex 160.062 11.79 37.7822
    endloop
  endfacet
  facet normal 0 1 -0
    outer loop
      vertex 169.938 11.79 36.2178
      vertex 160 11.79 37
      vertex 170 11.79 37
    endloop
  endfacet
  facet normal 0 1 0
    outer loop
      vertex 169.938 11.79 36.2178
      vertex 160.062 11.79 36.2178
      vertex 160 11.79 37
    endloop
  endfacet
  facet normal 0 1 -0
    outer loop
      vertex 169.755 11.79 35.4549
      vertex 160.062 11.79 36.2178
      vertex 169.938 11.79 36.2178
    endloop
  endfacet
  facet normal 0 1 0
    outer loop
      vertex 169.755 11.79 35.4549
      vertex 160.245 11.79 35.4549
      vertex 160.062 11.79 36.2178
    endloop
  endfacet
  facet normal 0 1 -0
    outer loop
      vertex 169.455 11.79 34.73
      vertex 160.245 11.79 35.4549
      vertex 169.755 11.79 35.4549
    endloop
  endfacet
  facet normal 0 1 0
    outer loop
      vertex 169.455 11.79 34.73
      vertex 160.545 11.79 34.73
      vertex 160.245 11.79 35.4549
    endloop
  endfacet
  facet normal 0 1 -0
    outer loop
      vertex 169.045 11.79 34.0611
      vertex 160.545 11.79 34.73
      vertex 169.455 11.79 34.73
    endloop
  endfacet
  facet normal 0 1 0
    outer loop
      vertex 169.045 11.79 34.0611
      vertex 160.955 11.79 34.0611
      vertex 160.545 11.79 34.73
    endloop
  endfacet
  facet normal 0 1 -0
    outer loop
      vertex 168.536 11.79 33.4645
      vertex 160.955 11.79 34.0611
      vertex 169.045 11.79 34.0611
    endloop
  endfacet
  facet normal 0 1 0
    outer loop
      vertex 168.536 11.79 33.4645
      vertex 161.464 11.79 33.4645
      vertex 160.955 11.79 34.0611
    endloop
  endfacet
  facet normal 0 1 -0
    outer loop
      vertex 167.939 11.79 32.9549
      vertex 161.464 11.79 33.4645
      vertex 168.536 11.79 33.4645
    endloop
  endfacet
  facet normal 0 1 0
    outer loop
      vertex 167.939 11.79 32.9549
      vertex 162.061 11.79 32.9549
      vertex 161.464 11.79 33.4645
    endloop
  endfacet
  facet normal 0 1 -0
    outer loop
      vertex 167.27 11.79 32.545
      vertex 162.061 11.79 32.9549
      vertex 167.939 11.79 32.9549
    endloop
  endfacet
  facet normal 0 1 0
    outer loop
      vertex 167.27 11.79 32.545
      vertex 162.73 11.79 32.545
      vertex 162.061 11.79 32.9549
    endloop
  endfacet
  facet normal 0 1 -0
    outer loop
      vertex 166.545 11.79 32.2447
      vertex 162.73 11.79 32.545
      vertex 167.27 11.79 32.545
    endloop
  endfacet
  facet normal 0 1 0
    outer loop
      vertex 166.545 11.79 32.2447
      vertex 163.455 11.79 32.2447
      vertex 162.73 11.79 32.545
    endloop
  endfacet
  facet normal 0 1 -0
    outer loop
      vertex 165.782 11.79 32.0616
      vertex 163.455 11.79 32.2447
      vertex 166.545 11.79 32.2447
    endloop
  endfacet
  facet normal 0 1 0
    outer loop
      vertex 165.782 11.79 32.0616
      vertex 164.218 11.79 32.0616
      vertex 163.455 11.79 32.2447
    endloop
  endfacet
  facet normal -0 1 0
    outer loop
      vertex 164.218 11.79 32.0616
      vertex 165.782 11.79 32.0616
      vertex 165 11.79 32
    endloop
  endfacet
  facet normal -0.840626 0.415394 -0.347557
    outer loop
      vertex 160.061 5.8 28.7415
      vertex 160.545 11.79 34.73
      vertex 160.136 5.8 28.5601
    endloop
  endfacet
  facet normal -0.84041 0.415623 -0.347804
    outer loop
      vertex 160.545 11.79 34.73
      vertex 160.061 5.8 28.7415
      vertex 160.245 11.79 35.4549
    endloop
  endfacet
  facet normal -0.182211 0.624714 -0.759296
    outer loop
      vertex 161.056 5.8 27.8921
      vertex 163.455 11.79 32.2447
      vertex 164.218 11.79 32.0616
    endloop
  endfacet
  facet normal -0.182449 0.624748 -0.759212
    outer loop
      vertex 163.455 11.79 32.2447
      vertex 161.056 5.8 27.8921
      vertex 160.865 5.8 27.938
    endloop
  endfacet
  facet normal 0.29355 0.638545 -0.711399
    outer loop
      vertex 169.135 5.8 27.938
      vertex 167.27 11.79 32.545
      vertex 169.317 5.8 28.0131
    endloop
  endfacet
  facet normal 0.294504 0.638541 -0.711008
    outer loop
      vertex 167.27 11.79 32.545
      vertex 169.135 5.8 27.938
      vertex 166.545 11.79 32.2447
    endloop
  endfacet
  facet normal 0.649237 0 0.760586
    outer loop
      vertex 167.939 11.79 41.0451
      vertex 168.536 5.8 40.5355
      vertex 168.536 11.79 40.5355
    endloop
  endfacet
  facet normal 0.649237 0 0.760586
    outer loop
      vertex 168.536 5.8 40.5355
      vertex 167.939 11.79 41.0451
      vertex 167.939 5.8 41.0451
    endloop
  endfacet
  facet normal 0.933603 0.2797 -0.223947
    outer loop
      vertex 169.985 5.8 28.9325
      vertex 169.755 11.79 35.4549
      vertex 169.938 11.79 36.2178
    endloop
  endfacet
  facet normal 0.933159 0.280546 -0.22474
    outer loop
      vertex 169.755 11.79 35.4549
      vertex 169.985 5.8 28.9325
      vertex 169.939 5.8 28.7415
    endloop
  endfacet
  facet normal 0.972415 -0 0.233257
    outer loop
      vertex 169.755 5.8 38.5451
      vertex 169.938 11.79 37.7822
      vertex 169.755 11.79 38.5451
    endloop
  endfacet
  facet normal 0.972415 0 0.233257
    outer loop
      vertex 169.938 11.79 37.7822
      vertex 169.755 5.8 38.5451
      vertex 169.938 5.8 37.7822
    endloop
  endfacet
  facet normal -0.933159 0.280546 -0.22474
    outer loop
      vertex 160.015 5.8 28.9325
      vertex 160.245 11.79 35.4549
      vertex 160.061 5.8 28.7415
    endloop
  endfacet
  facet normal -0.933603 0.2797 -0.223947
    outer loop
      vertex 160.245 11.79 35.4549
      vertex 160.015 5.8 28.9325
      vertex 160.062 11.79 36.2178
    endloop
  endfacet
  facet normal -0.996873 0 0.0790158
    outer loop
      vertex 160 5.8 37
      vertex 160.062 11.79 37.7822
      vertex 160 11.79 37
    endloop
  endfacet
  facet normal -0.996873 0 0.0790158
    outer loop
      vertex 160.062 11.79 37.7822
      vertex 160 5.8 37
      vertex 160.062 5.8 37.7822
    endloop
  endfacet
  facet normal -0.620086 0.576951 -0.531621
    outer loop
      vertex 160.239 5.8 28.3926
      vertex 161.464 11.79 33.4645
      vertex 160.367 5.8 28.2433
    endloop
  endfacet
  facet normal -0.621723 0.576281 -0.530434
    outer loop
      vertex 161.464 11.79 33.4645
      vertex 160.239 5.8 28.3926
      vertex 160.955 11.79 34.0611
    endloop
  endfacet
  facet normal -0.403263 0.635764 -0.658167
    outer loop
      vertex 160.683 5.8 28.0131
      vertex 162.061 11.79 32.9549
      vertex 162.73 11.79 32.545
    endloop
  endfacet
  facet normal -0.404115 0.635633 -0.65777
    outer loop
      vertex 162.061 11.79 32.9549
      vertex 160.683 5.8 28.0131
      vertex 160.516 5.8 28.1157
    endloop
  endfacet
  facet normal -0.0632646 0.592433 -0.803132
    outer loop
      vertex 161.252 5.8 27.8767
      vertex 164.218 11.79 32.0616
      vertex 165 11.79 32
    endloop
  endfacet
  facet normal -0.0631069 0.592387 -0.803178
    outer loop
      vertex 164.218 11.79 32.0616
      vertex 161.252 5.8 27.8767
      vertex 161.056 5.8 27.8921
    endloop
  endfacet
  facet normal 0.182449 0.624748 -0.759212
    outer loop
      vertex 168.944 5.8 27.8921
      vertex 166.545 11.79 32.2447
      vertex 169.135 5.8 27.938
    endloop
  endfacet
  facet normal 0.182211 0.624714 -0.759296
    outer loop
      vertex 166.545 11.79 32.2447
      vertex 168.944 5.8 27.8921
      vertex 165.782 11.79 32.0616
    endloop
  endfacet
  facet normal 0.852585 -0 0.522589
    outer loop
      vertex 169.045 5.8 39.9389
      vertex 169.455 11.79 39.27
      vertex 169.045 11.79 39.9389
    endloop
  endfacet
  facet normal 0.852585 0 0.522589
    outer loop
      vertex 169.455 11.79 39.27
      vertex 169.045 5.8 39.9389
      vertex 169.455 5.8 39.27
    endloop
  endfacet
  facet normal 0.511462 0.615946 -0.599181
    outer loop
      vertex 169.633 5.8 28.2433
      vertex 167.939 11.79 32.9549
      vertex 168.536 11.79 33.4645
    endloop
  endfacet
  facet normal 0.512539 0.615714 -0.598498
    outer loop
      vertex 167.939 11.79 32.9549
      vertex 169.633 5.8 28.2433
      vertex 169.484 5.8 28.1157
    endloop
  endfacet
  facet normal -0.382678 0 0.923882
    outer loop
      vertex 162.73 11.79 41.455
      vertex 163.455 5.8 41.7553
      vertex 163.455 11.79 41.7553
    endloop
  endfacet
  facet normal -0.382678 0 0.923882
    outer loop
      vertex 163.455 5.8 41.7553
      vertex 162.73 11.79 41.455
      vertex 162.73 5.8 41.455
    endloop
  endfacet
  facet normal 0.732214 0.512283 -0.448808
    outer loop
      vertex 169.864 5.8 28.5601
      vertex 169.045 11.79 34.0611
      vertex 169.455 11.79 34.73
    endloop
  endfacet
  facet normal 0.731239 0.51293 -0.449658
    outer loop
      vertex 169.045 11.79 34.0611
      vertex 169.864 5.8 28.5601
      vertex 169.761 5.8 28.3926
    endloop
  endfacet
  facet normal 0.991542 0.103283 -0.0785932
    outer loop
      vertex 170 5.8 29.1283
      vertex 169.938 11.79 36.2178
      vertex 170 11.79 37
    endloop
  endfacet
  facet normal 0.992059 0.100219 -0.0760004
    outer loop
      vertex 169.938 11.79 36.2178
      vertex 170 5.8 29.1283
      vertex 169.985 5.8 28.9325
    endloop
  endfacet
  facet normal -0.52244 0 0.852676
    outer loop
      vertex 162.061 11.79 41.0451
      vertex 162.73 5.8 41.455
      vertex 162.73 11.79 41.455
    endloop
  endfacet
  facet normal -0.52244 0 0.852676
    outer loop
      vertex 162.73 5.8 41.455
      vertex 162.061 11.79 41.0451
      vertex 162.061 5.8 41.0451
    endloop
  endfacet
  facet normal -0.649237 0 0.760586
    outer loop
      vertex 161.464 11.79 40.5355
      vertex 162.061 5.8 41.0451
      vertex 162.061 11.79 41.0451
    endloop
  endfacet
  facet normal -0.649237 0 0.760586
    outer loop
      vertex 162.061 5.8 41.0451
      vertex 161.464 11.79 40.5355
      vertex 161.464 5.8 40.5355
    endloop
  endfacet
  facet normal -0.731239 0.51293 -0.449658
    outer loop
      vertex 160.136 5.8 28.5601
      vertex 160.955 11.79 34.0611
      vertex 160.239 5.8 28.3926
    endloop
  endfacet
  facet normal -0.732214 0.512283 -0.448808
    outer loop
      vertex 160.955 11.79 34.0611
      vertex 160.136 5.8 28.5601
      vertex 160.545 11.79 34.73
    endloop
  endfacet
  facet normal -0.294504 0.638541 -0.711008
    outer loop
      vertex 160.865 5.8 27.938
      vertex 162.73 11.79 32.545
      vertex 163.455 11.79 32.2447
    endloop
  endfacet
  facet normal -0.29355 0.638545 -0.711399
    outer loop
      vertex 162.73 11.79 32.545
      vertex 160.865 5.8 27.938
      vertex 160.683 5.8 28.0131
    endloop
  endfacet
  facet normal 0.404115 0.635633 -0.65777
    outer loop
      vertex 169.317 5.8 28.0131
      vertex 167.939 11.79 32.9549
      vertex 169.484 5.8 28.1157
    endloop
  endfacet
  facet normal 0.403263 0.635764 -0.658167
    outer loop
      vertex 167.939 11.79 32.9549
      vertex 169.317 5.8 28.0131
      vertex 167.27 11.79 32.545
    endloop
  endfacet
  facet normal -0.233349 0 0.972393
    outer loop
      vertex 163.455 11.79 41.7553
      vertex 164.218 5.8 41.9384
      vertex 164.218 11.79 41.9384
    endloop
  endfacet
  facet normal -0.233349 0 0.972393
    outer loop
      vertex 164.218 5.8 41.9384
      vertex 163.455 11.79 41.7553
      vertex 163.455 5.8 41.7553
    endloop
  endfacet
  facet normal 0.84041 0.415623 -0.347804
    outer loop
      vertex 169.939 5.8 28.7415
      vertex 169.455 11.79 34.73
      vertex 169.755 11.79 35.4549
    endloop
  endfacet
  facet normal 0.840626 0.415394 -0.347557
    outer loop
      vertex 169.455 11.79 34.73
      vertex 169.939 5.8 28.7415
      vertex 169.864 5.8 28.5601
    endloop
  endfacet
  facet normal 0.0785291 0 0.996912
    outer loop
      vertex 165 11.79 42
      vertex 165.782 5.8 41.9384
      vertex 165.782 11.79 41.9384
    endloop
  endfacet
  facet normal 0.0785291 0 0.996912
    outer loop
      vertex 165.782 5.8 41.9384
      vertex 165 11.79 42
      vertex 165 5.8 42
    endloop
  endfacet
  facet normal -0.972415 0 0.233257
    outer loop
      vertex 160.062 5.8 37.7822
      vertex 160.245 11.79 38.5451
      vertex 160.062 11.79 37.7822
    endloop
  endfacet
  facet normal -0.972415 0 0.233257
    outer loop
      vertex 160.245 11.79 38.5451
      vertex 160.062 5.8 37.7822
      vertex 160.245 5.8 38.5451
    endloop
  endfacet
  facet normal -0.760749 0 0.649046
    outer loop
      vertex 160.955 5.8 39.9389
      vertex 161.464 11.79 40.5355
      vertex 160.955 11.79 39.9389
    endloop
  endfacet
  facet normal -0.760749 0 0.649046
    outer loop
      vertex 161.464 11.79 40.5355
      vertex 160.955 5.8 39.9389
      vertex 161.464 5.8 40.5355
    endloop
  endfacet
  facet normal 0.382678 0 0.923882
    outer loop
      vertex 166.545 11.79 41.7553
      vertex 167.27 5.8 41.455
      vertex 167.27 11.79 41.455
    endloop
  endfacet
  facet normal 0.382678 0 0.923882
    outer loop
      vertex 167.27 5.8 41.455
      vertex 166.545 11.79 41.7553
      vertex 166.545 5.8 41.7553
    endloop
  endfacet
  facet normal -0.852585 0 0.522589
    outer loop
      vertex 160.545 5.8 39.27
      vertex 160.955 11.79 39.9389
      vertex 160.545 11.79 39.27
    endloop
  endfacet
  facet normal -0.852585 0 0.522589
    outer loop
      vertex 160.955 11.79 39.9389
      vertex 160.545 5.8 39.27
      vertex 160.955 5.8 39.9389
    endloop
  endfacet
  facet normal 0.52244 0 0.852676
    outer loop
      vertex 167.27 11.79 41.455
      vertex 167.939 5.8 41.0451
      vertex 167.939 11.79 41.0451
    endloop
  endfacet
  facet normal 0.52244 0 0.852676
    outer loop
      vertex 167.939 5.8 41.0451
      vertex 167.27 11.79 41.455
      vertex 167.27 5.8 41.455
    endloop
  endfacet
  facet normal 0.760749 -0 0.649046
    outer loop
      vertex 168.536 5.8 40.5355
      vertex 169.045 11.79 39.9389
      vertex 168.536 11.79 40.5355
    endloop
  endfacet
  facet normal 0.760749 0 0.649046
    outer loop
      vertex 169.045 11.79 39.9389
      vertex 168.536 5.8 40.5355
      vertex 169.045 5.8 39.9389
    endloop
  endfacet
  facet normal 0.923998 -0 0.382397
    outer loop
      vertex 169.455 5.8 39.27
      vertex 169.755 11.79 38.5451
      vertex 169.455 11.79 39.27
    endloop
  endfacet
  facet normal 0.923998 0 0.382397
    outer loop
      vertex 169.755 11.79 38.5451
      vertex 169.455 5.8 39.27
      vertex 169.755 5.8 38.5451
    endloop
  endfacet
  facet normal -0.0785291 0 0.996912
    outer loop
      vertex 164.218 11.79 41.9384
      vertex 165 5.8 42
      vertex 165 11.79 42
    endloop
  endfacet
  facet normal -0.0785291 0 0.996912
    outer loop
      vertex 165 5.8 42
      vertex 164.218 11.79 41.9384
      vertex 164.218 5.8 41.9384
    endloop
  endfacet
  facet normal -0.85257 0.522613 0
    outer loop
      vertex 12.9158 56.4714 0
      vertex 13.0593 56.7055 4
      vertex 13.0593 56.7055 0
    endloop
  endfacet
  facet normal -0.85257 0.522613 0
    outer loop
      vertex 13.0593 56.7055 4
      vertex 12.9158 56.4714 0
      vertex 12.9158 56.4714 4
    endloop
  endfacet
  facet normal -0.972288 0.233786 0
    outer loop
      vertex 13.1643 56.9592 0
      vertex 13.2285 57.2262 4
      vertex 13.2285 57.2262 0
    endloop
  endfacet
  facet normal -0.972288 0.233786 0
    outer loop
      vertex 13.2285 57.2262 4
      vertex 13.1643 56.9592 0
      vertex 13.1643 56.9592 4
    endloop
  endfacet
  facet normal -0.996931 0.0782835 0
    outer loop
      vertex 13.2285 57.2262 0
      vertex 13.25 57.5 4
      vertex 13.25 57.5 0
    endloop
  endfacet
  facet normal -0.996931 0.0782835 0
    outer loop
      vertex 13.25 57.5 4
      vertex 13.2285 57.2262 0
      vertex 13.2285 57.2262 4
    endloop
  endfacet
  facet normal -0.92399 0.382416 0
    outer loop
      vertex 13.0593 56.7055 0
      vertex 13.1643 56.9592 4
      vertex 13.1643 56.9592 0
    endloop
  endfacet
  facet normal -0.92399 0.382416 0
    outer loop
      vertex 13.1643 56.9592 4
      vertex 13.0593 56.7055 0
      vertex 13.0593 56.7055 4
    endloop
  endfacet
  facet normal 0.0782835 0.996931 -0
    outer loop
      vertex 11.5 55.75 0
      vertex 11.2262 55.7715 4
      vertex 11.5 55.75 4
    endloop
  endfacet
  facet normal 0.0782835 0.996931 0
    outer loop
      vertex 11.2262 55.7715 4
      vertex 11.5 55.75 0
      vertex 11.2262 55.7715 0
    endloop
  endfacet
  facet normal -0.382416 -0.92399 0
    outer loop
      vertex 12.0408 59.1643 0
      vertex 12.2945 59.0593 4
      vertex 12.0408 59.1643 4
    endloop
  endfacet
  facet normal -0.382416 -0.92399 -0
    outer loop
      vertex 12.2945 59.0593 4
      vertex 12.0408 59.1643 0
      vertex 12.2945 59.0593 0
    endloop
  endfacet
  facet normal -0.522613 0.85257 0
    outer loop
      vertex 12.5286 56.0842 0
      vertex 12.2945 55.9407 4
      vertex 12.5286 56.0842 4
    endloop
  endfacet
  facet normal -0.522613 0.85257 0
    outer loop
      vertex 12.2945 55.9407 4
      vertex 12.5286 56.0842 0
      vertex 12.2945 55.9407 0
    endloop
  endfacet
  facet normal 0.972363 0.233476 0
    outer loop
      vertex 9.83565 56.9592 4
      vertex 9.77154 57.2262 0
      vertex 9.77154 57.2262 4
    endloop
  endfacet
  facet normal 0.972363 0.233476 0
    outer loop
      vertex 9.77154 57.2262 0
      vertex 9.83565 56.9592 4
      vertex 9.83565 56.9592 0
    endloop
  endfacet
  facet normal -0.649591 0.760284 0
    outer loop
      vertex 12.7374 56.2626 0
      vertex 12.5286 56.0842 4
      vertex 12.7374 56.2626 4
    endloop
  endfacet
  facet normal -0.649591 0.760284 0
    outer loop
      vertex 12.5286 56.0842 4
      vertex 12.7374 56.2626 0
      vertex 12.5286 56.0842 0
    endloop
  endfacet
  facet normal -0.0782835 -0.996931 0
    outer loop
      vertex 11.5 59.25 0
      vertex 11.7738 59.2285 4
      vertex 11.5 59.25 4
    endloop
  endfacet
  facet normal -0.0782835 -0.996931 -0
    outer loop
      vertex 11.7738 59.2285 4
      vertex 11.5 59.25 0
      vertex 11.7738 59.2285 0
    endloop
  endfacet
  facet normal -0.522613 -0.85257 0
    outer loop
      vertex 12.2945 59.0593 0
      vertex 12.5286 58.9158 4
      vertex 12.2945 59.0593 4
    endloop
  endfacet
  facet normal -0.522613 -0.85257 -0
    outer loop
      vertex 12.5286 58.9158 4
      vertex 12.2945 59.0593 0
      vertex 12.5286 58.9158 0
    endloop
  endfacet
  facet normal 0.923874 -0.382696 0
    outer loop
      vertex 9.83565 58.0408 4
      vertex 9.94074 58.2945 0
      vertex 9.94074 58.2945 4
    endloop
  endfacet
  facet normal 0.923874 -0.382696 0
    outer loop
      vertex 9.94074 58.2945 0
      vertex 9.83565 58.0408 4
      vertex 9.83565 58.0408 0
    endloop
  endfacet
  facet normal 0.99692 0.0784282 0
    outer loop
      vertex 9.77154 57.2262 4
      vertex 9.75 57.5 0
      vertex 9.75 57.5 4
    endloop
  endfacet
  facet normal 0.99692 0.0784282 0
    outer loop
      vertex 9.75 57.5 0
      vertex 9.77154 57.2262 4
      vertex 9.77154 57.2262 0
    endloop
  endfacet
  facet normal 0.233786 -0.972288 0
    outer loop
      vertex 10.9592 59.1643 0
      vertex 11.2262 59.2285 4
      vertex 10.9592 59.1643 4
    endloop
  endfacet
  facet normal 0.233786 -0.972288 0
    outer loop
      vertex 11.2262 59.2285 4
      vertex 10.9592 59.1643 0
      vertex 11.2262 59.2285 0
    endloop
  endfacet
  facet normal -0.996931 -0.0782835 0
    outer loop
      vertex 13.25 57.5 0
      vertex 13.2285 57.7738 4
      vertex 13.2285 57.7738 0
    endloop
  endfacet
  facet normal -0.996931 -0.0782835 0
    outer loop
      vertex 13.2285 57.7738 4
      vertex 13.25 57.5 0
      vertex 13.25 57.5 4
    endloop
  endfacet
  facet normal 0.0782835 -0.996931 0
    outer loop
      vertex 11.2262 59.2285 0
      vertex 11.5 59.25 4
      vertex 11.2262 59.2285 4
    endloop
  endfacet
  facet normal 0.0782835 -0.996931 0
    outer loop
      vertex 11.5 59.25 4
      vertex 11.2262 59.2285 0
      vertex 11.5 59.25 0
    endloop
  endfacet
  facet normal -0.92399 -0.382416 0
    outer loop
      vertex 13.1643 58.0408 0
      vertex 13.0593 58.2945 4
      vertex 13.0593 58.2945 0
    endloop
  endfacet
  facet normal -0.92399 -0.382416 0
    outer loop
      vertex 13.0593 58.2945 4
      vertex 13.1643 58.0408 0
      vertex 13.1643 58.0408 4
    endloop
  endfacet
  facet normal 0.923874 0.382696 0
    outer loop
      vertex 9.94074 56.7055 4
      vertex 9.83565 56.9592 0
      vertex 9.83565 56.9592 4
    endloop
  endfacet
  facet normal 0.923874 0.382696 0
    outer loop
      vertex 9.83565 56.9592 0
      vertex 9.94074 56.7055 4
      vertex 9.94074 56.7055 0
    endloop
  endfacet
  facet normal -0.649591 -0.760284 0
    outer loop
      vertex 12.5286 58.9158 0
      vertex 12.7374 58.7374 4
      vertex 12.5286 58.9158 4
    endloop
  endfacet
  facet normal -0.649591 -0.760284 -0
    outer loop
      vertex 12.7374 58.7374 4
      vertex 12.5286 58.9158 0
      vertex 12.7374 58.7374 0
    endloop
  endfacet
  facet normal -0.233786 -0.972288 0
    outer loop
      vertex 11.7738 59.2285 0
      vertex 12.0408 59.1643 4
      vertex 11.7738 59.2285 4
    endloop
  endfacet
  facet normal -0.233786 -0.972288 -0
    outer loop
      vertex 12.0408 59.1643 4
      vertex 11.7738 59.2285 0
      vertex 12.0408 59.1643 0
    endloop
  endfacet
  facet normal 0.760284 0.649591 0
    outer loop
      vertex 10.2626 56.2626 4
      vertex 10.0842 56.4714 0
      vertex 10.0842 56.4714 4
    endloop
  endfacet
  facet normal 0.760284 0.649591 0
    outer loop
      vertex 10.0842 56.4714 0
      vertex 10.2626 56.2626 4
      vertex 10.2626 56.2626 0
    endloop
  endfacet
  facet normal 0.233786 0.972288 -0
    outer loop
      vertex 11.2262 55.7715 0
      vertex 10.9592 55.8357 4
      vertex 11.2262 55.7715 4
    endloop
  endfacet
  facet normal 0.233786 0.972288 0
    outer loop
      vertex 10.9592 55.8357 4
      vertex 11.2262 55.7715 0
      vertex 10.9592 55.8357 0
    endloop
  endfacet
  facet normal 0.522613 0.85257 -0
    outer loop
      vertex 10.7055 55.9407 0
      vertex 10.4714 56.0842 4
      vertex 10.7055 55.9407 4
    endloop
  endfacet
  facet normal 0.522613 0.85257 0
    outer loop
      vertex 10.4714 56.0842 4
      vertex 10.7055 55.9407 0
      vertex 10.4714 56.0842 0
    endloop
  endfacet
  facet normal -0.760284 -0.649591 0
    outer loop
      vertex 12.9158 58.5286 0
      vertex 12.7374 58.7374 4
      vertex 12.7374 58.7374 0
    endloop
  endfacet
  facet normal -0.760284 -0.649591 0
    outer loop
      vertex 12.7374 58.7374 4
      vertex 12.9158 58.5286 0
      vertex 12.9158 58.5286 4
    endloop
  endfacet
  facet normal -0.0782835 0.996931 0
    outer loop
      vertex 11.7738 55.7715 0
      vertex 11.5 55.75 4
      vertex 11.7738 55.7715 4
    endloop
  endfacet
  facet normal -0.0782835 0.996931 0
    outer loop
      vertex 11.5 55.75 4
      vertex 11.7738 55.7715 0
      vertex 11.5 55.75 0
    endloop
  endfacet
  facet normal 0.972363 -0.233476 0
    outer loop
      vertex 9.77154 57.7738 4
      vertex 9.83565 58.0408 0
      vertex 9.83565 58.0408 4
    endloop
  endfacet
  facet normal 0.972363 -0.233476 0
    outer loop
      vertex 9.83565 58.0408 0
      vertex 9.77154 57.7738 4
      vertex 9.77154 57.7738 0
    endloop
  endfacet
  facet normal 0.852635 0.522507 0
    outer loop
      vertex 10.0842 56.4714 4
      vertex 9.94074 56.7055 0
      vertex 9.94074 56.7055 4
    endloop
  endfacet
  facet normal 0.852635 0.522507 0
    outer loop
      vertex 9.94074 56.7055 0
      vertex 10.0842 56.4714 4
      vertex 10.0842 56.4714 0
    endloop
  endfacet
  facet normal -0.382416 0.92399 0
    outer loop
      vertex 12.2945 55.9407 0
      vertex 12.0408 55.8357 4
      vertex 12.2945 55.9407 4
    endloop
  endfacet
  facet normal -0.382416 0.92399 0
    outer loop
      vertex 12.0408 55.8357 4
      vertex 12.2945 55.9407 0
      vertex 12.0408 55.8357 0
    endloop
  endfacet
  facet normal 0.382416 0.92399 -0
    outer loop
      vertex 10.9592 55.8357 0
      vertex 10.7055 55.9407 4
      vertex 10.9592 55.8357 4
    endloop
  endfacet
  facet normal 0.382416 0.92399 0
    outer loop
      vertex 10.7055 55.9407 4
      vertex 10.9592 55.8357 0
      vertex 10.7055 55.9407 0
    endloop
  endfacet
  facet normal -0.972288 -0.233786 0
    outer loop
      vertex 13.2285 57.7738 0
      vertex 13.1643 58.0408 4
      vertex 13.1643 58.0408 0
    endloop
  endfacet
  facet normal -0.972288 -0.233786 0
    outer loop
      vertex 13.1643 58.0408 4
      vertex 13.2285 57.7738 0
      vertex 13.2285 57.7738 4
    endloop
  endfacet
  facet normal -0.233786 0.972288 0
    outer loop
      vertex 12.0408 55.8357 0
      vertex 11.7738 55.7715 4
      vertex 12.0408 55.8357 4
    endloop
  endfacet
  facet normal -0.233786 0.972288 0
    outer loop
      vertex 11.7738 55.7715 4
      vertex 12.0408 55.8357 0
      vertex 11.7738 55.7715 0
    endloop
  endfacet
  facet normal 0 0 -1
    outer loop
      vertex 13.2285 57.2262 4
      vertex 13.2285 57.7738 4
      vertex 13.25 57.5 4
    endloop
  endfacet
  facet normal 0 0 -1
    outer loop
      vertex 13.1643 56.9592 4
      vertex 13.2285 57.7738 4
      vertex 13.2285 57.2262 4
    endloop
  endfacet
  facet normal 0 0 -1
    outer loop
      vertex 13.1643 56.9592 4
      vertex 13.1643 58.0408 4
      vertex 13.2285 57.7738 4
    endloop
  endfacet
  facet normal 0 0 -1
    outer loop
      vertex 13.0593 56.7055 4
      vertex 13.1643 58.0408 4
      vertex 13.1643 56.9592 4
    endloop
  endfacet
  facet normal 0 0 -1
    outer loop
      vertex 13.0593 56.7055 4
      vertex 13.0593 58.2945 4
      vertex 13.1643 58.0408 4
    endloop
  endfacet
  facet normal 0 0 -1
    outer loop
      vertex 12.9158 56.4714 4
      vertex 13.0593 58.2945 4
      vertex 13.0593 56.7055 4
    endloop
  endfacet
  facet normal 0 0 -1
    outer loop
      vertex 12.9158 56.4714 4
      vertex 12.9158 58.5286 4
      vertex 13.0593 58.2945 4
    endloop
  endfacet
  facet normal 0 0 -1
    outer loop
      vertex 12.7374 56.2626 4
      vertex 12.9158 58.5286 4
      vertex 12.9158 56.4714 4
    endloop
  endfacet
  facet normal 0 0 -1
    outer loop
      vertex 12.7374 56.2626 4
      vertex 12.7374 58.7374 4
      vertex 12.9158 58.5286 4
    endloop
  endfacet
  facet normal 0 0 -1
    outer loop
      vertex 12.5286 56.0842 4
      vertex 12.7374 58.7374 4
      vertex 12.7374 56.2626 4
    endloop
  endfacet
  facet normal 0 0 -1
    outer loop
      vertex 12.5286 56.0842 4
      vertex 12.5286 58.9158 4
      vertex 12.7374 58.7374 4
    endloop
  endfacet
  facet normal 0 0 -1
    outer loop
      vertex 12.2945 55.9407 4
      vertex 12.5286 58.9158 4
      vertex 12.5286 56.0842 4
    endloop
  endfacet
  facet normal 0 0 -1
    outer loop
      vertex 12.2945 55.9407 4
      vertex 12.2945 59.0593 4
      vertex 12.5286 58.9158 4
    endloop
  endfacet
  facet normal 0 0 -1
    outer loop
      vertex 12.0408 55.8357 4
      vertex 12.2945 59.0593 4
      vertex 12.2945 55.9407 4
    endloop
  endfacet
  facet normal 0 0 -1
    outer loop
      vertex 12.0408 55.8357 4
      vertex 12.0408 59.1643 4
      vertex 12.2945 59.0593 4
    endloop
  endfacet
  facet normal 0 0 -1
    outer loop
      vertex 11.7738 55.7715 4
      vertex 12.0408 59.1643 4
      vertex 12.0408 55.8357 4
    endloop
  endfacet
  facet normal 0 0 -1
    outer loop
      vertex 11.7738 55.7715 4
      vertex 11.7738 59.2285 4
      vertex 12.0408 59.1643 4
    endloop
  endfacet
  facet normal 0 0 -1
    outer loop
      vertex 11.5 55.75 4
      vertex 11.7738 59.2285 4
      vertex 11.7738 55.7715 4
    endloop
  endfacet
  facet normal 0 0 -1
    outer loop
      vertex 11.5 55.75 4
      vertex 11.5 59.25 4
      vertex 11.7738 59.2285 4
    endloop
  endfacet
  facet normal 0 0 -1
    outer loop
      vertex 11.2262 55.7715 4
      vertex 11.5 59.25 4
      vertex 11.5 55.75 4
    endloop
  endfacet
  facet normal 0 0 -1
    outer loop
      vertex 11.2262 55.7715 4
      vertex 11.2262 59.2285 4
      vertex 11.5 59.25 4
    endloop
  endfacet
  facet normal 0 0 -1
    outer loop
      vertex 10.9592 55.8357 4
      vertex 11.2262 59.2285 4
      vertex 11.2262 55.7715 4
    endloop
  endfacet
  facet normal 0 0 -1
    outer loop
      vertex 10.9592 55.8357 4
      vertex 10.9592 59.1643 4
      vertex 11.2262 59.2285 4
    endloop
  endfacet
  facet normal 0 0 -1
    outer loop
      vertex 10.7055 55.9407 4
      vertex 10.9592 59.1643 4
      vertex 10.9592 55.8357 4
    endloop
  endfacet
  facet normal 0 0 -1
    outer loop
      vertex 10.7055 55.9407 4
      vertex 10.7055 59.0593 4
      vertex 10.9592 59.1643 4
    endloop
  endfacet
  facet normal 0 0 -1
    outer loop
      vertex 10.4714 56.0842 4
      vertex 10.7055 59.0593 4
      vertex 10.7055 55.9407 4
    endloop
  endfacet
  facet normal 0 0 -1
    outer loop
      vertex 10.4714 56.0842 4
      vertex 10.4714 58.9158 4
      vertex 10.7055 59.0593 4
    endloop
  endfacet
  facet normal 0 0 -1
    outer loop
      vertex 10.2626 56.2626 4
      vertex 10.4714 58.9158 4
      vertex 10.4714 56.0842 4
    endloop
  endfacet
  facet normal 0 0 -1
    outer loop
      vertex 10.2626 56.2626 4
      vertex 10.2626 58.7374 4
      vertex 10.4714 58.9158 4
    endloop
  endfacet
  facet normal 0 0 -1
    outer loop
      vertex 10.0842 56.4714 4
      vertex 10.2626 58.7374 4
      vertex 10.2626 56.2626 4
    endloop
  endfacet
  facet normal 0 0 -1
    outer loop
      vertex 10.0842 56.4714 4
      vertex 10.0842 58.5286 4
      vertex 10.2626 58.7374 4
    endloop
  endfacet
  facet normal 0 0 -1
    outer loop
      vertex 9.94074 56.7055 4
      vertex 10.0842 58.5286 4
      vertex 10.0842 56.4714 4
    endloop
  endfacet
  facet normal 0 0 -1
    outer loop
      vertex 9.94074 56.7055 4
      vertex 9.94074 58.2945 4
      vertex 10.0842 58.5286 4
    endloop
  endfacet
  facet normal 0 0 -1
    outer loop
      vertex 9.83565 56.9592 4
      vertex 9.94074 58.2945 4
      vertex 9.94074 56.7055 4
    endloop
  endfacet
  facet normal 0 0 -1
    outer loop
      vertex 9.83565 56.9592 4
      vertex 9.83565 58.0408 4
      vertex 9.94074 58.2945 4
    endloop
  endfacet
  facet normal 0 0 -1
    outer loop
      vertex 9.77154 57.2262 4
      vertex 9.83565 58.0408 4
      vertex 9.83565 56.9592 4
    endloop
  endfacet
  facet normal 0 0 -1
    outer loop
      vertex 9.77154 57.2262 4
      vertex 9.77154 57.7738 4
      vertex 9.83565 58.0408 4
    endloop
  endfacet
  facet normal 0 -0 -1
    outer loop
      vertex 9.77154 57.7738 4
      vertex 9.77154 57.2262 4
      vertex 9.75 57.5 4
    endloop
  endfacet
  facet normal -0.85257 -0.522613 0
    outer loop
      vertex 13.0593 58.2945 0
      vertex 12.9158 58.5286 4
      vertex 12.9158 58.5286 0
    endloop
  endfacet
  facet normal -0.85257 -0.522613 0
    outer loop
      vertex 12.9158 58.5286 4
      vertex 13.0593 58.2945 0
      vertex 13.0593 58.2945 4
    endloop
  endfacet
  facet normal -0.760284 0.649591 0
    outer loop
      vertex 12.7374 56.2626 0
      vertex 12.9158 56.4714 4
      vertex 12.9158 56.4714 0
    endloop
  endfacet
  facet normal -0.760284 0.649591 0
    outer loop
      vertex 12.9158 56.4714 4
      vertex 12.7374 56.2626 0
      vertex 12.7374 56.2626 4
    endloop
  endfacet
  facet normal 0.649591 -0.760284 0
    outer loop
      vertex 10.2626 58.7374 0
      vertex 10.4714 58.9158 4
      vertex 10.2626 58.7374 4
    endloop
  endfacet
  facet normal 0.649591 -0.760284 0
    outer loop
      vertex 10.4714 58.9158 4
      vertex 10.2626 58.7374 0
      vertex 10.4714 58.9158 0
    endloop
  endfacet
  facet normal 0.382416 -0.92399 0
    outer loop
      vertex 10.7055 59.0593 0
      vertex 10.9592 59.1643 4
      vertex 10.7055 59.0593 4
    endloop
  endfacet
  facet normal 0.382416 -0.92399 0
    outer loop
      vertex 10.9592 59.1643 4
      vertex 10.7055 59.0593 0
      vertex 10.9592 59.1643 0
    endloop
  endfacet
  facet normal 0.760284 -0.649591 0
    outer loop
      vertex 10.0842 58.5286 4
      vertex 10.2626 58.7374 0
      vertex 10.2626 58.7374 4
    endloop
  endfacet
  facet normal 0.760284 -0.649591 0
    outer loop
      vertex 10.2626 58.7374 0
      vertex 10.0842 58.5286 4
      vertex 10.0842 58.5286 0
    endloop
  endfacet
  facet normal 0.649591 0.760284 -0
    outer loop
      vertex 10.4714 56.0842 0
      vertex 10.2626 56.2626 4
      vertex 10.4714 56.0842 4
    endloop
  endfacet
  facet normal 0.649591 0.760284 0
    outer loop
      vertex 10.2626 56.2626 4
      vertex 10.4714 56.0842 0
      vertex 10.2626 56.2626 0
    endloop
  endfacet
  facet normal 0.522613 -0.85257 0
    outer loop
      vertex 10.4714 58.9158 0
      vertex 10.7055 59.0593 4
      vertex 10.4714 58.9158 4
    endloop
  endfacet
  facet normal 0.522613 -0.85257 0
    outer loop
      vertex 10.7055 59.0593 4
      vertex 10.4714 58.9158 0
      vertex 10.7055 59.0593 0
    endloop
  endfacet
  facet normal 0.99692 -0.0784282 0
    outer loop
      vertex 9.75 57.5 4
      vertex 9.77154 57.7738 0
      vertex 9.77154 57.7738 4
    endloop
  endfacet
  facet normal 0.99692 -0.0784282 0
    outer loop
      vertex 9.77154 57.7738 0
      vertex 9.75 57.5 4
      vertex 9.75 57.5 0
    endloop
  endfacet
  facet normal 0.852635 -0.522507 0
    outer loop
      vertex 9.94074 58.2945 4
      vertex 10.0842 58.5286 0
      vertex 10.0842 58.5286 4
    endloop
  endfacet
  facet normal 0.852635 -0.522507 0
    outer loop
      vertex 10.0842 58.5286 0
      vertex 9.94074 58.2945 4
      vertex 9.94074 58.2945 0
    endloop
  endfacet
  facet normal -0.85261 0.522548 0
    outer loop
      vertex 12.9158 7.47138 0
      vertex 13.0593 7.70552 4
      vertex 13.0593 7.70552 0
    endloop
  endfacet
  facet normal -0.85261 0.522548 0
    outer loop
      vertex 13.0593 7.70552 4
      vertex 12.9158 7.47138 0
      vertex 12.9158 7.47138 4
    endloop
  endfacet
  facet normal -0.972292 0.23377 0
    outer loop
      vertex 13.1643 7.95922 0
      vertex 13.2285 8.22624 4
      vertex 13.2285 8.22624 0
    endloop
  endfacet
  facet normal -0.972292 0.23377 0
    outer loop
      vertex 13.2285 8.22624 4
      vertex 13.1643 7.95922 0
      vertex 13.1643 7.95922 4
    endloop
  endfacet
  facet normal -0.99693 0.0782949 0
    outer loop
      vertex 13.2285 8.22624 0
      vertex 13.25 8.5 4
      vertex 13.25 8.5 0
    endloop
  endfacet
  facet normal -0.99693 0.0782949 0
    outer loop
      vertex 13.25 8.5 4
      vertex 13.2285 8.22624 0
      vertex 13.2285 8.22624 4
    endloop
  endfacet
  facet normal -0.92399 0.382416 0
    outer loop
      vertex 13.0593 7.70552 0
      vertex 13.1643 7.95922 4
      vertex 13.1643 7.95922 0
    endloop
  endfacet
  facet normal -0.92399 0.382416 0
    outer loop
      vertex 13.1643 7.95922 4
      vertex 13.0593 7.70552 0
      vertex 13.0593 7.70552 4
    endloop
  endfacet
  facet normal 0.0784644 0.996917 -0
    outer loop
      vertex 11.5 6.75 0
      vertex 11.2262 6.77155 4
      vertex 11.5 6.75 4
    endloop
  endfacet
  facet normal 0.0784644 0.996917 0
    outer loop
      vertex 11.2262 6.77155 4
      vertex 11.5 6.75 0
      vertex 11.2262 6.77155 0
    endloop
  endfacet
  facet normal -0.382416 -0.92399 0
    outer loop
      vertex 12.0408 10.1643 0
      vertex 12.2945 10.0593 4
      vertex 12.0408 10.1643 4
    endloop
  endfacet
  facet normal -0.382416 -0.92399 -0
    outer loop
      vertex 12.2945 10.0593 4
      vertex 12.0408 10.1643 0
      vertex 12.2945 10.0593 0
    endloop
  endfacet
  facet normal 0.972366 0.23346 0
    outer loop
      vertex 9.83565 7.95922 4
      vertex 9.77154 8.22624 0
      vertex 9.77154 8.22624 4
    endloop
  endfacet
  facet normal 0.972366 0.23346 0
    outer loop
      vertex 9.77154 8.22624 0
      vertex 9.83565 7.95922 4
      vertex 9.83565 7.95922 0
    endloop
  endfacet
  facet normal -0.649465 0.760392 0
    outer loop
      vertex 12.7374 7.26256 0
      vertex 12.5286 7.08422 4
      vertex 12.7374 7.26256 4
    endloop
  endfacet
  facet normal -0.649465 0.760392 0
    outer loop
      vertex 12.5286 7.08422 4
      vertex 12.7374 7.26256 0
      vertex 12.5286 7.08422 0
    endloop
  endfacet
  facet normal -0.0782835 -0.996931 0
    outer loop
      vertex 11.5 10.25 0
      vertex 11.7738 10.2285 4
      vertex 11.5 10.25 4
    endloop
  endfacet
  facet normal -0.0782835 -0.996931 -0
    outer loop
      vertex 11.7738 10.2285 4
      vertex 11.5 10.25 0
      vertex 11.7738 10.2285 0
    endloop
  endfacet
  facet normal -0.522666 -0.852537 0
    outer loop
      vertex 12.2945 10.0593 0
      vertex 12.5286 9.91578 4
      vertex 12.2945 10.0593 4
    endloop
  endfacet
  facet normal -0.522666 -0.852537 -0
    outer loop
      vertex 12.5286 9.91578 4
      vertex 12.2945 10.0593 0
      vertex 12.5286 9.91578 0
    endloop
  endfacet
  facet normal 0.923874 -0.382696 0
    outer loop
      vertex 9.83565 9.04078 4
      vertex 9.94074 9.29448 0
      vertex 9.94074 9.29448 4
    endloop
  endfacet
  facet normal 0.923874 -0.382696 0
    outer loop
      vertex 9.94074 9.29448 0
      vertex 9.83565 9.04078 4
      vertex 9.83565 9.04078 0
    endloop
  endfacet
  facet normal 0.996919 0.0784396 0
    outer loop
      vertex 9.77154 8.22624 4
      vertex 9.75 8.5 0
      vertex 9.75 8.5 4
    endloop
  endfacet
  facet normal 0.996919 0.0784396 0
    outer loop
      vertex 9.75 8.5 0
      vertex 9.77154 8.22624 4
      vertex 9.77154 8.22624 0
    endloop
  endfacet
  facet normal 0.233786 -0.972288 0
    outer loop
      vertex 10.9592 10.1643 0
      vertex 11.2262 10.2285 4
      vertex 10.9592 10.1643 4
    endloop
  endfacet
  facet normal 0.233786 -0.972288 0
    outer loop
      vertex 11.2262 10.2285 4
      vertex 10.9592 10.1643 0
      vertex 11.2262 10.2285 0
    endloop
  endfacet
  facet normal -0.99693 -0.0782949 0
    outer loop
      vertex 13.25 8.5 0
      vertex 13.2285 8.77376 4
      vertex 13.2285 8.77376 0
    endloop
  endfacet
  facet normal -0.99693 -0.0782949 0
    outer loop
      vertex 13.2285 8.77376 4
      vertex 13.25 8.5 0
      vertex 13.25 8.5 4
    endloop
  endfacet
  facet normal 0.0782835 -0.996931 0
    outer loop
      vertex 11.2262 10.2285 0
      vertex 11.5 10.25 4
      vertex 11.2262 10.2285 4
    endloop
  endfacet
  facet normal 0.0782835 -0.996931 0
    outer loop
      vertex 11.5 10.25 4
      vertex 11.2262 10.2285 0
      vertex 11.5 10.25 0
    endloop
  endfacet
  facet normal -0.92399 -0.382416 0
    outer loop
      vertex 13.1643 9.04078 0
      vertex 13.0593 9.29448 4
      vertex 13.0593 9.29448 0
    endloop
  endfacet
  facet normal -0.92399 -0.382416 0
    outer loop
      vertex 13.0593 9.29448 4
      vertex 13.1643 9.04078 0
      vertex 13.1643 9.04078 4
    endloop
  endfacet
  facet normal 0.923874 0.382696 0
    outer loop
      vertex 9.94074 7.70552 4
      vertex 9.83565 7.95922 0
      vertex 9.83565 7.95922 4
    endloop
  endfacet
  facet normal 0.923874 0.382696 0
    outer loop
      vertex 9.83565 7.95922 0
      vertex 9.94074 7.70552 4
      vertex 9.94074 7.70552 0
    endloop
  endfacet
  facet normal -0.649465 -0.760392 0
    outer loop
      vertex 12.5286 9.91578 0
      vertex 12.7374 9.73744 4
      vertex 12.5286 9.91578 4
    endloop
  endfacet
  facet normal -0.649465 -0.760392 -0
    outer loop
      vertex 12.7374 9.73744 4
      vertex 12.5286 9.91578 0
      vertex 12.7374 9.73744 0
    endloop
  endfacet
  facet normal -0.233786 -0.972288 0
    outer loop
      vertex 11.7738 10.2285 0
      vertex 12.0408 10.1643 4
      vertex 11.7738 10.2285 4
    endloop
  endfacet
  facet normal -0.233786 -0.972288 -0
    outer loop
      vertex 12.0408 10.1643 4
      vertex 11.7738 10.2285 0
      vertex 12.0408 10.1643 0
    endloop
  endfacet
  facet normal 0.760314 0.649555 0
    outer loop
      vertex 10.2626 7.26256 4
      vertex 10.0842 7.47138 0
      vertex 10.0842 7.47138 4
    endloop
  endfacet
  facet normal 0.760314 0.649555 0
    outer loop
      vertex 10.0842 7.47138 0
      vertex 10.2626 7.26256 4
      vertex 10.2626 7.26256 0
    endloop
  endfacet
  facet normal 0.233442 0.972371 -0
    outer loop
      vertex 11.2262 6.77155 0
      vertex 10.9592 6.83565 4
      vertex 11.2262 6.77155 4
    endloop
  endfacet
  facet normal 0.233442 0.972371 0
    outer loop
      vertex 10.9592 6.83565 4
      vertex 11.2262 6.77155 0
      vertex 10.9592 6.83565 0
    endloop
  endfacet
  facet normal 0.52256 0.852602 -0
    outer loop
      vertex 10.7055 6.94074 0
      vertex 10.4714 7.08422 4
      vertex 10.7055 6.94074 4
    endloop
  endfacet
  facet normal 0.52256 0.852602 0
    outer loop
      vertex 10.4714 7.08422 4
      vertex 10.7055 6.94074 0
      vertex 10.4714 7.08422 0
    endloop
  endfacet
  facet normal -0.760314 -0.649555 0
    outer loop
      vertex 12.9158 9.52862 0
      vertex 12.7374 9.73744 4
      vertex 12.7374 9.73744 0
    endloop
  endfacet
  facet normal -0.760314 -0.649555 0
    outer loop
      vertex 12.7374 9.73744 4
      vertex 12.9158 9.52862 0
      vertex 12.9158 9.52862 4
    endloop
  endfacet
  facet normal -0.0784644 0.996917 0
    outer loop
      vertex 11.7738 6.77155 0
      vertex 11.5 6.75 4
      vertex 11.7738 6.77155 4
    endloop
  endfacet
  facet normal -0.0784644 0.996917 0
    outer loop
      vertex 11.5 6.75 4
      vertex 11.7738 6.77155 0
      vertex 11.5 6.75 0
    endloop
  endfacet
  facet normal 0.972366 -0.23346 0
    outer loop
      vertex 9.77154 8.77376 4
      vertex 9.83565 9.04078 0
      vertex 9.83565 9.04078 4
    endloop
  endfacet
  facet normal 0.972366 -0.23346 0
    outer loop
      vertex 9.83565 9.04078 0
      vertex 9.77154 8.77376 4
      vertex 9.77154 8.77376 0
    endloop
  endfacet
  facet normal 0.852675 0.522442 0
    outer loop
      vertex 10.0842 7.47138 4
      vertex 9.94074 7.70552 0
      vertex 9.94074 7.70552 4
    endloop
  endfacet
  facet normal 0.852675 0.522442 0
    outer loop
      vertex 9.94074 7.70552 0
      vertex 10.0842 7.47138 4
      vertex 10.0842 7.47138 0
    endloop
  endfacet
  facet normal -0.382696 0.923874 0
    outer loop
      vertex 12.2945 6.94074 0
      vertex 12.0408 6.83565 4
      vertex 12.2945 6.94074 4
    endloop
  endfacet
  facet normal -0.382696 0.923874 0
    outer loop
      vertex 12.0408 6.83565 4
      vertex 12.2945 6.94074 0
      vertex 12.0408 6.83565 0
    endloop
  endfacet
  facet normal -0.52256 0.852602 0
    outer loop
      vertex 12.5286 7.08422 0
      vertex 12.2945 6.94074 4
      vertex 12.5286 7.08422 4
    endloop
  endfacet
  facet normal -0.52256 0.852602 0
    outer loop
      vertex 12.2945 6.94074 4
      vertex 12.5286 7.08422 0
      vertex 12.2945 6.94074 0
    endloop
  endfacet
  facet normal 0.382696 0.923874 -0
    outer loop
      vertex 10.9592 6.83565 0
      vertex 10.7055 6.94074 4
      vertex 10.9592 6.83565 4
    endloop
  endfacet
  facet normal 0.382696 0.923874 0
    outer loop
      vertex 10.7055 6.94074 4
      vertex 10.9592 6.83565 0
      vertex 10.7055 6.94074 0
    endloop
  endfacet
  facet normal -0.972292 -0.23377 0
    outer loop
      vertex 13.2285 8.77376 0
      vertex 13.1643 9.04078 4
      vertex 13.1643 9.04078 0
    endloop
  endfacet
  facet normal -0.972292 -0.23377 0
    outer loop
      vertex 13.1643 9.04078 4
      vertex 13.2285 8.77376 0
      vertex 13.2285 8.77376 4
    endloop
  endfacet
  facet normal -0.233442 0.972371 0
    outer loop
      vertex 12.0408 6.83565 0
      vertex 11.7738 6.77155 4
      vertex 12.0408 6.83565 4
    endloop
  endfacet
  facet normal -0.233442 0.972371 0
    outer loop
      vertex 11.7738 6.77155 4
      vertex 12.0408 6.83565 0
      vertex 11.7738 6.77155 0
    endloop
  endfacet
  facet normal 0 0 -1
    outer loop
      vertex 13.2285 8.22624 4
      vertex 13.2285 8.77376 4
      vertex 13.25 8.5 4
    endloop
  endfacet
  facet normal 0 0 -1
    outer loop
      vertex 13.1643 7.95922 4
      vertex 13.2285 8.77376 4
      vertex 13.2285 8.22624 4
    endloop
  endfacet
  facet normal 0 0 -1
    outer loop
      vertex 13.1643 7.95922 4
      vertex 13.1643 9.04078 4
      vertex 13.2285 8.77376 4
    endloop
  endfacet
  facet normal 0 0 -1
    outer loop
      vertex 13.0593 7.70552 4
      vertex 13.1643 9.04078 4
      vertex 13.1643 7.95922 4
    endloop
  endfacet
  facet normal 0 0 -1
    outer loop
      vertex 13.0593 7.70552 4
      vertex 13.0593 9.29448 4
      vertex 13.1643 9.04078 4
    endloop
  endfacet
  facet normal 0 0 -1
    outer loop
      vertex 12.9158 7.47138 4
      vertex 13.0593 9.29448 4
      vertex 13.0593 7.70552 4
    endloop
  endfacet
  facet normal 0 0 -1
    outer loop
      vertex 12.9158 7.47138 4
      vertex 12.9158 9.52862 4
      vertex 13.0593 9.29448 4
    endloop
  endfacet
  facet normal 0 0 -1
    outer loop
      vertex 12.7374 7.26256 4
      vertex 12.9158 9.52862 4
      vertex 12.9158 7.47138 4
    endloop
  endfacet
  facet normal 0 0 -1
    outer loop
      vertex 12.7374 7.26256 4
      vertex 12.7374 9.73744 4
      vertex 12.9158 9.52862 4
    endloop
  endfacet
  facet normal 0 0 -1
    outer loop
      vertex 12.5286 7.08422 4
      vertex 12.7374 9.73744 4
      vertex 12.7374 7.26256 4
    endloop
  endfacet
  facet normal 0 0 -1
    outer loop
      vertex 12.5286 7.08422 4
      vertex 12.5286 9.91578 4
      vertex 12.7374 9.73744 4
    endloop
  endfacet
  facet normal 0 0 -1
    outer loop
      vertex 12.2945 6.94074 4
      vertex 12.5286 9.91578 4
      vertex 12.5286 7.08422 4
    endloop
  endfacet
  facet normal 0 0 -1
    outer loop
      vertex 12.2945 6.94074 4
      vertex 12.2945 10.0593 4
      vertex 12.5286 9.91578 4
    endloop
  endfacet
  facet normal 0 0 -1
    outer loop
      vertex 12.0408 6.83565 4
      vertex 12.2945 10.0593 4
      vertex 12.2945 6.94074 4
    endloop
  endfacet
  facet normal 0 0 -1
    outer loop
      vertex 12.0408 6.83565 4
      vertex 12.0408 10.1643 4
      vertex 12.2945 10.0593 4
    endloop
  endfacet
  facet normal 0 0 -1
    outer loop
      vertex 11.7738 6.77155 4
      vertex 12.0408 10.1643 4
      vertex 12.0408 6.83565 4
    endloop
  endfacet
  facet normal 0 0 -1
    outer loop
      vertex 11.7738 6.77155 4
      vertex 11.7738 10.2285 4
      vertex 12.0408 10.1643 4
    endloop
  endfacet
  facet normal 0 0 -1
    outer loop
      vertex 11.5 6.75 4
      vertex 11.7738 10.2285 4
      vertex 11.7738 6.77155 4
    endloop
  endfacet
  facet normal 0 0 -1
    outer loop
      vertex 11.5 6.75 4
      vertex 11.5 10.25 4
      vertex 11.7738 10.2285 4
    endloop
  endfacet
  facet normal 0 0 -1
    outer loop
      vertex 11.2262 6.77155 4
      vertex 11.5 10.25 4
      vertex 11.5 6.75 4
    endloop
  endfacet
  facet normal 0 0 -1
    outer loop
      vertex 11.2262 6.77155 4
      vertex 11.2262 10.2285 4
      vertex 11.5 10.25 4
    endloop
  endfacet
  facet normal 0 0 -1
    outer loop
      vertex 10.9592 6.83565 4
      vertex 11.2262 10.2285 4
      vertex 11.2262 6.77155 4
    endloop
  endfacet
  facet normal 0 0 -1
    outer loop
      vertex 10.9592 6.83565 4
      vertex 10.9592 10.1643 4
      vertex 11.2262 10.2285 4
    endloop
  endfacet
  facet normal 0 0 -1
    outer loop
      vertex 10.7055 6.94074 4
      vertex 10.9592 10.1643 4
      vertex 10.9592 6.83565 4
    endloop
  endfacet
  facet normal 0 0 -1
    outer loop
      vertex 10.7055 6.94074 4
      vertex 10.7055 10.0593 4
      vertex 10.9592 10.1643 4
    endloop
  endfacet
  facet normal 0 0 -1
    outer loop
      vertex 10.4714 7.08422 4
      vertex 10.7055 10.0593 4
      vertex 10.7055 6.94074 4
    endloop
  endfacet
  facet normal 0 0 -1
    outer loop
      vertex 10.4714 7.08422 4
      vertex 10.4714 9.91578 4
      vertex 10.7055 10.0593 4
    endloop
  endfacet
  facet normal 0 0 -1
    outer loop
      vertex 10.2626 7.26256 4
      vertex 10.4714 9.91578 4
      vertex 10.4714 7.08422 4
    endloop
  endfacet
  facet normal 0 0 -1
    outer loop
      vertex 10.2626 7.26256 4
      vertex 10.2626 9.73744 4
      vertex 10.4714 9.91578 4
    endloop
  endfacet
  facet normal 0 0 -1
    outer loop
      vertex 10.0842 7.47138 4
      vertex 10.2626 9.73744 4
      vertex 10.2626 7.26256 4
    endloop
  endfacet
  facet normal 0 0 -1
    outer loop
      vertex 10.0842 7.47138 4
      vertex 10.0842 9.52862 4
      vertex 10.2626 9.73744 4
    endloop
  endfacet
  facet normal 0 0 -1
    outer loop
      vertex 9.94074 7.70552 4
      vertex 10.0842 9.52862 4
      vertex 10.0842 7.47138 4
    endloop
  endfacet
  facet normal 0 0 -1
    outer loop
      vertex 9.94074 7.70552 4
      vertex 9.94074 9.29448 4
      vertex 10.0842 9.52862 4
    endloop
  endfacet
  facet normal 0 0 -1
    outer loop
      vertex 9.83565 7.95922 4
      vertex 9.94074 9.29448 4
      vertex 9.94074 7.70552 4
    endloop
  endfacet
  facet normal 0 0 -1
    outer loop
      vertex 9.83565 7.95922 4
      vertex 9.83565 9.04078 4
      vertex 9.94074 9.29448 4
    endloop
  endfacet
  facet normal 0 0 -1
    outer loop
      vertex 9.77154 8.22624 4
      vertex 9.83565 9.04078 4
      vertex 9.83565 7.95922 4
    endloop
  endfacet
  facet normal 0 0 -1
    outer loop
      vertex 9.77154 8.22624 4
      vertex 9.77154 8.77376 4
      vertex 9.83565 9.04078 4
    endloop
  endfacet
  facet normal 0 -0 -1
    outer loop
      vertex 9.77154 8.77376 4
      vertex 9.77154 8.22624 4
      vertex 9.75 8.5 4
    endloop
  endfacet
  facet normal -0.85261 -0.522548 0
    outer loop
      vertex 13.0593 9.29448 0
      vertex 12.9158 9.52862 4
      vertex 12.9158 9.52862 0
    endloop
  endfacet
  facet normal -0.85261 -0.522548 0
    outer loop
      vertex 12.9158 9.52862 4
      vertex 13.0593 9.29448 0
      vertex 13.0593 9.29448 4
    endloop
  endfacet
  facet normal -0.760314 0.649555 0
    outer loop
      vertex 12.7374 7.26256 0
      vertex 12.9158 7.47138 4
      vertex 12.9158 7.47138 0
    endloop
  endfacet
  facet normal -0.760314 0.649555 0
    outer loop
      vertex 12.9158 7.47138 4
      vertex 12.7374 7.26256 0
      vertex 12.7374 7.26256 4
    endloop
  endfacet
  facet normal 0.649465 -0.760392 0
    outer loop
      vertex 10.2626 9.73744 0
      vertex 10.4714 9.91578 4
      vertex 10.2626 9.73744 4
    endloop
  endfacet
  facet normal 0.649465 -0.760392 0
    outer loop
      vertex 10.4714 9.91578 4
      vertex 10.2626 9.73744 0
      vertex 10.4714 9.91578 0
    endloop
  endfacet
  facet normal 0.382416 -0.92399 0
    outer loop
      vertex 10.7055 10.0593 0
      vertex 10.9592 10.1643 4
      vertex 10.7055 10.0593 4
    endloop
  endfacet
  facet normal 0.382416 -0.92399 0
    outer loop
      vertex 10.9592 10.1643 4
      vertex 10.7055 10.0593 0
      vertex 10.9592 10.1643 0
    endloop
  endfacet
  facet normal 0.760314 -0.649555 0
    outer loop
      vertex 10.0842 9.52862 4
      vertex 10.2626 9.73744 0
      vertex 10.2626 9.73744 4
    endloop
  endfacet
  facet normal 0.760314 -0.649555 0
    outer loop
      vertex 10.2626 9.73744 0
      vertex 10.0842 9.52862 4
      vertex 10.0842 9.52862 0
    endloop
  endfacet
  facet normal 0.649465 0.760392 -0
    outer loop
      vertex 10.4714 7.08422 0
      vertex 10.2626 7.26256 4
      vertex 10.4714 7.08422 4
    endloop
  endfacet
  facet normal 0.649465 0.760392 0
    outer loop
      vertex 10.2626 7.26256 4
      vertex 10.4714 7.08422 0
      vertex 10.2626 7.26256 0
    endloop
  endfacet
  facet normal 0.522666 -0.852537 0
    outer loop
      vertex 10.4714 9.91578 0
      vertex 10.7055 10.0593 4
      vertex 10.4714 9.91578 4
    endloop
  endfacet
  facet normal 0.522666 -0.852537 0
    outer loop
      vertex 10.7055 10.0593 4
      vertex 10.4714 9.91578 0
      vertex 10.7055 10.0593 0
    endloop
  endfacet
  facet normal 0.996919 -0.0784396 0
    outer loop
      vertex 9.75 8.5 4
      vertex 9.77154 8.77376 0
      vertex 9.77154 8.77376 4
    endloop
  endfacet
  facet normal 0.996919 -0.0784396 0
    outer loop
      vertex 9.77154 8.77376 0
      vertex 9.75 8.5 4
      vertex 9.75 8.5 0
    endloop
  endfacet
  facet normal 0.852675 -0.522442 0
    outer loop
      vertex 9.94074 9.29448 4
      vertex 10.0842 9.52862 0
      vertex 10.0842 9.52862 4
    endloop
  endfacet
  facet normal 0.852675 -0.522442 0
    outer loop
      vertex 10.0842 9.52862 0
      vertex 9.94074 9.29448 4
      vertex 9.94074 9.29448 0
    endloop
  endfacet
  facet normal -0.85257 0.522613 0
    outer loop
      vertex 70.9158 56.4714 0
      vertex 71.0593 56.7055 4
      vertex 71.0593 56.7055 0
    endloop
  endfacet
  facet normal -0.85257 0.522613 0
    outer loop
      vertex 71.0593 56.7055 4
      vertex 70.9158 56.4714 0
      vertex 70.9158 56.4714 4
    endloop
  endfacet
  facet normal -0.972371 0.233442 0
    outer loop
      vertex 71.1644 56.9592 0
      vertex 71.2285 57.2262 4
      vertex 71.2285 57.2262 0
    endloop
  endfacet
  facet normal -0.972371 0.233442 0
    outer loop
      vertex 71.2285 57.2262 4
      vertex 71.1644 56.9592 0
      vertex 71.1644 56.9592 4
    endloop
  endfacet
  facet normal -0.996931 0.0782835 0
    outer loop
      vertex 71.2285 57.2262 0
      vertex 71.25 57.5 4
      vertex 71.25 57.5 0
    endloop
  endfacet
  facet normal -0.996931 0.0782835 0
    outer loop
      vertex 71.25 57.5 4
      vertex 71.2285 57.2262 0
      vertex 71.2285 57.2262 4
    endloop
  endfacet
  facet normal -0.923861 0.382727 0
    outer loop
      vertex 71.0593 56.7055 0
      vertex 71.1644 56.9592 4
      vertex 71.1644 56.9592 0
    endloop
  endfacet
  facet normal -0.923861 0.382727 0
    outer loop
      vertex 71.1644 56.9592 4
      vertex 71.0593 56.7055 0
      vertex 71.0593 56.7055 4
    endloop
  endfacet
  facet normal 0.0782835 0.996931 -0
    outer loop
      vertex 69.5 55.75 0
      vertex 69.2262 55.7715 4
      vertex 69.5 55.75 4
    endloop
  endfacet
  facet normal 0.0782835 0.996931 0
    outer loop
      vertex 69.2262 55.7715 4
      vertex 69.5 55.75 0
      vertex 69.2262 55.7715 0
    endloop
  endfacet
  facet normal -0.382416 -0.92399 0
    outer loop
      vertex 70.0408 59.1643 0
      vertex 70.2945 59.0593 4
      vertex 70.0408 59.1643 4
    endloop
  endfacet
  facet normal -0.382416 -0.92399 -0
    outer loop
      vertex 70.2945 59.0593 4
      vertex 70.0408 59.1643 0
      vertex 70.2945 59.0593 0
    endloop
  endfacet
  facet normal 0.972371 0.233442 0
    outer loop
      vertex 67.8356 56.9592 4
      vertex 67.7715 57.2262 0
      vertex 67.7715 57.2262 4
    endloop
  endfacet
  facet normal 0.972371 0.233442 0
    outer loop
      vertex 67.7715 57.2262 0
      vertex 67.8356 56.9592 4
      vertex 67.8356 56.9592 0
    endloop
  endfacet
  facet normal -0.649591 0.760284 0
    outer loop
      vertex 70.7374 56.2626 0
      vertex 70.5286 56.0842 4
      vertex 70.7374 56.2626 4
    endloop
  endfacet
  facet normal -0.649591 0.760284 0
    outer loop
      vertex 70.5286 56.0842 4
      vertex 70.7374 56.2626 0
      vertex 70.5286 56.0842 0
    endloop
  endfacet
  facet normal -0.0782835 -0.996931 0
    outer loop
      vertex 69.5 59.25 0
      vertex 69.7738 59.2285 4
      vertex 69.5 59.25 4
    endloop
  endfacet
  facet normal -0.0782835 -0.996931 -0
    outer loop
      vertex 69.7738 59.2285 4
      vertex 69.5 59.25 0
      vertex 69.7738 59.2285 0
    endloop
  endfacet
  facet normal -0.522613 -0.85257 0
    outer loop
      vertex 70.2945 59.0593 0
      vertex 70.5286 58.9158 4
      vertex 70.2945 59.0593 4
    endloop
  endfacet
  facet normal -0.522613 -0.85257 -0
    outer loop
      vertex 70.5286 58.9158 4
      vertex 70.2945 59.0593 0
      vertex 70.5286 58.9158 0
    endloop
  endfacet
  facet normal 0.923861 -0.382727 0
    outer loop
      vertex 67.8356 58.0408 4
      vertex 67.9407 58.2945 0
      vertex 67.9407 58.2945 4
    endloop
  endfacet
  facet normal 0.923861 -0.382727 0
    outer loop
      vertex 67.9407 58.2945 0
      vertex 67.8356 58.0408 4
      vertex 67.8356 58.0408 0
    endloop
  endfacet
  facet normal 0.996931 0.0782835 0
    outer loop
      vertex 67.7715 57.2262 4
      vertex 67.75 57.5 0
      vertex 67.75 57.5 4
    endloop
  endfacet
  facet normal 0.996931 0.0782835 0
    outer loop
      vertex 67.75 57.5 0
      vertex 67.7715 57.2262 4
      vertex 67.7715 57.2262 0
    endloop
  endfacet
  facet normal 0.233786 -0.972288 0
    outer loop
      vertex 68.9592 59.1643 0
      vertex 69.2262 59.2285 4
      vertex 68.9592 59.1643 4
    endloop
  endfacet
  facet normal 0.233786 -0.972288 0
    outer loop
      vertex 69.2262 59.2285 4
      vertex 68.9592 59.1643 0
      vertex 69.2262 59.2285 0
    endloop
  endfacet
  facet normal -0.996931 -0.0782835 0
    outer loop
      vertex 71.25 57.5 0
      vertex 71.2285 57.7738 4
      vertex 71.2285 57.7738 0
    endloop
  endfacet
  facet normal -0.996931 -0.0782835 0
    outer loop
      vertex 71.2285 57.7738 4
      vertex 71.25 57.5 0
      vertex 71.25 57.5 4
    endloop
  endfacet
  facet normal 0.0782835 -0.996931 0
    outer loop
      vertex 69.2262 59.2285 0
      vertex 69.5 59.25 4
      vertex 69.2262 59.2285 4
    endloop
  endfacet
  facet normal 0.0782835 -0.996931 0
    outer loop
      vertex 69.5 59.25 4
      vertex 69.2262 59.2285 0
      vertex 69.5 59.25 0
    endloop
  endfacet
  facet normal -0.923861 -0.382727 0
    outer loop
      vertex 71.1644 58.0408 0
      vertex 71.0593 58.2945 4
      vertex 71.0593 58.2945 0
    endloop
  endfacet
  facet normal -0.923861 -0.382727 0
    outer loop
      vertex 71.0593 58.2945 4
      vertex 71.1644 58.0408 0
      vertex 71.1644 58.0408 4
    endloop
  endfacet
  facet normal 0.923861 0.382727 0
    outer loop
      vertex 67.9407 56.7055 4
      vertex 67.8356 56.9592 0
      vertex 67.8356 56.9592 4
    endloop
  endfacet
  facet normal 0.923861 0.382727 0
    outer loop
      vertex 67.8356 56.9592 0
      vertex 67.9407 56.7055 4
      vertex 67.9407 56.7055 0
    endloop
  endfacet
  facet normal -0.649591 -0.760284 0
    outer loop
      vertex 70.5286 58.9158 0
      vertex 70.7374 58.7374 4
      vertex 70.5286 58.9158 4
    endloop
  endfacet
  facet normal -0.649591 -0.760284 -0
    outer loop
      vertex 70.7374 58.7374 4
      vertex 70.5286 58.9158 0
      vertex 70.7374 58.7374 0
    endloop
  endfacet
  facet normal -0.233786 -0.972288 0
    outer loop
      vertex 69.7738 59.2285 0
      vertex 70.0408 59.1643 4
      vertex 69.7738 59.2285 4
    endloop
  endfacet
  facet normal -0.233786 -0.972288 -0
    outer loop
      vertex 70.0408 59.1643 4
      vertex 69.7738 59.2285 0
      vertex 70.0408 59.1643 0
    endloop
  endfacet
  facet normal 0.760284 0.649591 0
    outer loop
      vertex 68.2626 56.2626 4
      vertex 68.0842 56.4714 0
      vertex 68.0842 56.4714 4
    endloop
  endfacet
  facet normal 0.760284 0.649591 0
    outer loop
      vertex 68.0842 56.4714 0
      vertex 68.2626 56.2626 4
      vertex 68.2626 56.2626 0
    endloop
  endfacet
  facet normal 0.233786 0.972288 -0
    outer loop
      vertex 69.2262 55.7715 0
      vertex 68.9592 55.8357 4
      vertex 69.2262 55.7715 4
    endloop
  endfacet
  facet normal 0.233786 0.972288 0
    outer loop
      vertex 68.9592 55.8357 4
      vertex 69.2262 55.7715 0
      vertex 68.9592 55.8357 0
    endloop
  endfacet
  facet normal 0.522613 0.85257 -0
    outer loop
      vertex 68.7055 55.9407 0
      vertex 68.4714 56.0842 4
      vertex 68.7055 55.9407 4
    endloop
  endfacet
  facet normal 0.522613 0.85257 0
    outer loop
      vertex 68.4714 56.0842 4
      vertex 68.7055 55.9407 0
      vertex 68.4714 56.0842 0
    endloop
  endfacet
  facet normal -0.760284 -0.649591 0
    outer loop
      vertex 70.9158 58.5286 0
      vertex 70.7374 58.7374 4
      vertex 70.7374 58.7374 0
    endloop
  endfacet
  facet normal -0.760284 -0.649591 0
    outer loop
      vertex 70.7374 58.7374 4
      vertex 70.9158 58.5286 0
      vertex 70.9158 58.5286 4
    endloop
  endfacet
  facet normal -0.0782835 0.996931 0
    outer loop
      vertex 69.7738 55.7715 0
      vertex 69.5 55.75 4
      vertex 69.7738 55.7715 4
    endloop
  endfacet
  facet normal -0.0782835 0.996931 0
    outer loop
      vertex 69.5 55.75 4
      vertex 69.7738 55.7715 0
      vertex 69.5 55.75 0
    endloop
  endfacet
  facet normal 0.972371 -0.233442 0
    outer loop
      vertex 67.7715 57.7738 4
      vertex 67.8356 58.0408 0
      vertex 67.8356 58.0408 4
    endloop
  endfacet
  facet normal 0.972371 -0.233442 0
    outer loop
      vertex 67.8356 58.0408 0
      vertex 67.7715 57.7738 4
      vertex 67.7715 57.7738 0
    endloop
  endfacet
  facet normal 0.85257 0.522613 0
    outer loop
      vertex 68.0842 56.4714 4
      vertex 67.9407 56.7055 0
      vertex 67.9407 56.7055 4
    endloop
  endfacet
  facet normal 0.85257 0.522613 0
    outer loop
      vertex 67.9407 56.7055 0
      vertex 68.0842 56.4714 4
      vertex 68.0842 56.4714 0
    endloop
  endfacet
  facet normal -0.382416 0.92399 0
    outer loop
      vertex 70.2945 55.9407 0
      vertex 70.0408 55.8357 4
      vertex 70.2945 55.9407 4
    endloop
  endfacet
  facet normal -0.382416 0.92399 0
    outer loop
      vertex 70.0408 55.8357 4
      vertex 70.2945 55.9407 0
      vertex 70.0408 55.8357 0
    endloop
  endfacet
  facet normal -0.522613 0.85257 0
    outer loop
      vertex 70.5286 56.0842 0
      vertex 70.2945 55.9407 4
      vertex 70.5286 56.0842 4
    endloop
  endfacet
  facet normal -0.522613 0.85257 0
    outer loop
      vertex 70.2945 55.9407 4
      vertex 70.5286 56.0842 0
      vertex 70.2945 55.9407 0
    endloop
  endfacet
  facet normal 0.382416 0.92399 -0
    outer loop
      vertex 68.9592 55.8357 0
      vertex 68.7055 55.9407 4
      vertex 68.9592 55.8357 4
    endloop
  endfacet
  facet normal 0.382416 0.92399 0
    outer loop
      vertex 68.7055 55.9407 4
      vertex 68.9592 55.8357 0
      vertex 68.7055 55.9407 0
    endloop
  endfacet
  facet normal -0.972371 -0.233442 0
    outer loop
      vertex 71.2285 57.7738 0
      vertex 71.1644 58.0408 4
      vertex 71.1644 58.0408 0
    endloop
  endfacet
  facet normal -0.972371 -0.233442 0
    outer loop
      vertex 71.1644 58.0408 4
      vertex 71.2285 57.7738 0
      vertex 71.2285 57.7738 4
    endloop
  endfacet
  facet normal -0.233786 0.972288 0
    outer loop
      vertex 70.0408 55.8357 0
      vertex 69.7738 55.7715 4
      vertex 70.0408 55.8357 4
    endloop
  endfacet
  facet normal -0.233786 0.972288 0
    outer loop
      vertex 69.7738 55.7715 4
      vertex 70.0408 55.8357 0
      vertex 69.7738 55.7715 0
    endloop
  endfacet
  facet normal 0 0 -1
    outer loop
      vertex 71.2285 57.2262 4
      vertex 71.2285 57.7738 4
      vertex 71.25 57.5 4
    endloop
  endfacet
  facet normal 0 0 -1
    outer loop
      vertex 71.1644 56.9592 4
      vertex 71.2285 57.7738 4
      vertex 71.2285 57.2262 4
    endloop
  endfacet
  facet normal 0 0 -1
    outer loop
      vertex 71.1644 56.9592 4
      vertex 71.1644 58.0408 4
      vertex 71.2285 57.7738 4
    endloop
  endfacet
  facet normal 0 0 -1
    outer loop
      vertex 71.0593 56.7055 4
      vertex 71.1644 58.0408 4
      vertex 71.1644 56.9592 4
    endloop
  endfacet
  facet normal 0 0 -1
    outer loop
      vertex 71.0593 56.7055 4
      vertex 71.0593 58.2945 4
      vertex 71.1644 58.0408 4
    endloop
  endfacet
  facet normal 0 0 -1
    outer loop
      vertex 70.9158 56.4714 4
      vertex 71.0593 58.2945 4
      vertex 71.0593 56.7055 4
    endloop
  endfacet
  facet normal 0 0 -1
    outer loop
      vertex 70.9158 56.4714 4
      vertex 70.9158 58.5286 4
      vertex 71.0593 58.2945 4
    endloop
  endfacet
  facet normal 0 0 -1
    outer loop
      vertex 70.7374 56.2626 4
      vertex 70.9158 58.5286 4
      vertex 70.9158 56.4714 4
    endloop
  endfacet
  facet normal 0 0 -1
    outer loop
      vertex 70.7374 56.2626 4
      vertex 70.7374 58.7374 4
      vertex 70.9158 58.5286 4
    endloop
  endfacet
  facet normal 0 0 -1
    outer loop
      vertex 70.5286 56.0842 4
      vertex 70.7374 58.7374 4
      vertex 70.7374 56.2626 4
    endloop
  endfacet
  facet normal 0 0 -1
    outer loop
      vertex 70.5286 56.0842 4
      vertex 70.5286 58.9158 4
      vertex 70.7374 58.7374 4
    endloop
  endfacet
  facet normal 0 0 -1
    outer loop
      vertex 70.2945 55.9407 4
      vertex 70.5286 58.9158 4
      vertex 70.5286 56.0842 4
    endloop
  endfacet
  facet normal 0 0 -1
    outer loop
      vertex 70.2945 55.9407 4
      vertex 70.2945 59.0593 4
      vertex 70.5286 58.9158 4
    endloop
  endfacet
  facet normal 0 0 -1
    outer loop
      vertex 70.0408 55.8357 4
      vertex 70.2945 59.0593 4
      vertex 70.2945 55.9407 4
    endloop
  endfacet
  facet normal 0 0 -1
    outer loop
      vertex 70.0408 55.8357 4
      vertex 70.0408 59.1643 4
      vertex 70.2945 59.0593 4
    endloop
  endfacet
  facet normal 0 0 -1
    outer loop
      vertex 69.7738 55.7715 4
      vertex 70.0408 59.1643 4
      vertex 70.0408 55.8357 4
    endloop
  endfacet
  facet normal 0 0 -1
    outer loop
      vertex 69.7738 55.7715 4
      vertex 69.7738 59.2285 4
      vertex 70.0408 59.1643 4
    endloop
  endfacet
  facet normal 0 0 -1
    outer loop
      vertex 69.5 55.75 4
      vertex 69.7738 59.2285 4
      vertex 69.7738 55.7715 4
    endloop
  endfacet
  facet normal 0 0 -1
    outer loop
      vertex 69.5 55.75 4
      vertex 69.5 59.25 4
      vertex 69.7738 59.2285 4
    endloop
  endfacet
  facet normal 0 0 -1
    outer loop
      vertex 69.2262 55.7715 4
      vertex 69.5 59.25 4
      vertex 69.5 55.75 4
    endloop
  endfacet
  facet normal 0 0 -1
    outer loop
      vertex 69.2262 55.7715 4
      vertex 69.2262 59.2285 4
      vertex 69.5 59.25 4
    endloop
  endfacet
  facet normal 0 0 -1
    outer loop
      vertex 68.9592 55.8357 4
      vertex 69.2262 59.2285 4
      vertex 69.2262 55.7715 4
    endloop
  endfacet
  facet normal 0 0 -1
    outer loop
      vertex 68.9592 55.8357 4
      vertex 68.9592 59.1643 4
      vertex 69.2262 59.2285 4
    endloop
  endfacet
  facet normal 0 0 -1
    outer loop
      vertex 68.7055 55.9407 4
      vertex 68.9592 59.1643 4
      vertex 68.9592 55.8357 4
    endloop
  endfacet
  facet normal 0 0 -1
    outer loop
      vertex 68.7055 55.9407 4
      vertex 68.7055 59.0593 4
      vertex 68.9592 59.1643 4
    endloop
  endfacet
  facet normal 0 0 -1
    outer loop
      vertex 68.4714 56.0842 4
      vertex 68.7055 59.0593 4
      vertex 68.7055 55.9407 4
    endloop
  endfacet
  facet normal 0 0 -1
    outer loop
      vertex 68.4714 56.0842 4
      vertex 68.4714 58.9158 4
      vertex 68.7055 59.0593 4
    endloop
  endfacet
  facet normal 0 0 -1
    outer loop
      vertex 68.2626 56.2626 4
      vertex 68.4714 58.9158 4
      vertex 68.4714 56.0842 4
    endloop
  endfacet
  facet normal 0 0 -1
    outer loop
      vertex 68.2626 56.2626 4
      vertex 68.2626 58.7374 4
      vertex 68.4714 58.9158 4
    endloop
  endfacet
  facet normal 0 0 -1
    outer loop
      vertex 68.0842 56.4714 4
      vertex 68.2626 58.7374 4
      vertex 68.2626 56.2626 4
    endloop
  endfacet
  facet normal 0 0 -1
    outer loop
      vertex 68.0842 56.4714 4
      vertex 68.0842 58.5286 4
      vertex 68.2626 58.7374 4
    endloop
  endfacet
  facet normal 0 0 -1
    outer loop
      vertex 67.9407 56.7055 4
      vertex 68.0842 58.5286 4
      vertex 68.0842 56.4714 4
    endloop
  endfacet
  facet normal 0 0 -1
    outer loop
      vertex 67.9407 56.7055 4
      vertex 67.9407 58.2945 4
      vertex 68.0842 58.5286 4
    endloop
  endfacet
  facet normal 0 0 -1
    outer loop
      vertex 67.8356 56.9592 4
      vertex 67.9407 58.2945 4
      vertex 67.9407 56.7055 4
    endloop
  endfacet
  facet normal 0 0 -1
    outer loop
      vertex 67.8356 56.9592 4
      vertex 67.8356 58.0408 4
      vertex 67.9407 58.2945 4
    endloop
  endfacet
  facet normal 0 0 -1
    outer loop
      vertex 67.7715 57.2262 4
      vertex 67.8356 58.0408 4
      vertex 67.8356 56.9592 4
    endloop
  endfacet
  facet normal 0 0 -1
    outer loop
      vertex 67.7715 57.2262 4
      vertex 67.7715 57.7738 4
      vertex 67.8356 58.0408 4
    endloop
  endfacet
  facet normal 0 -0 -1
    outer loop
      vertex 67.7715 57.7738 4
      vertex 67.7715 57.2262 4
      vertex 67.75 57.5 4
    endloop
  endfacet
  facet normal -0.85257 -0.522613 0
    outer loop
      vertex 71.0593 58.2945 0
      vertex 70.9158 58.5286 4
      vertex 70.9158 58.5286 0
    endloop
  endfacet
  facet normal -0.85257 -0.522613 0
    outer loop
      vertex 70.9158 58.5286 4
      vertex 71.0593 58.2945 0
      vertex 71.0593 58.2945 4
    endloop
  endfacet
  facet normal -0.760284 0.649591 0
    outer loop
      vertex 70.7374 56.2626 0
      vertex 70.9158 56.4714 4
      vertex 70.9158 56.4714 0
    endloop
  endfacet
  facet normal -0.760284 0.649591 0
    outer loop
      vertex 70.9158 56.4714 4
      vertex 70.7374 56.2626 0
      vertex 70.7374 56.2626 4
    endloop
  endfacet
  facet normal 0.649591 -0.760284 0
    outer loop
      vertex 68.2626 58.7374 0
      vertex 68.4714 58.9158 4
      vertex 68.2626 58.7374 4
    endloop
  endfacet
  facet normal 0.649591 -0.760284 0
    outer loop
      vertex 68.4714 58.9158 4
      vertex 68.2626 58.7374 0
      vertex 68.4714 58.9158 0
    endloop
  endfacet
  facet normal 0.382416 -0.92399 0
    outer loop
      vertex 68.7055 59.0593 0
      vertex 68.9592 59.1643 4
      vertex 68.7055 59.0593 4
    endloop
  endfacet
  facet normal 0.382416 -0.92399 0
    outer loop
      vertex 68.9592 59.1643 4
      vertex 68.7055 59.0593 0
      vertex 68.9592 59.1643 0
    endloop
  endfacet
  facet normal 0.760284 -0.649591 0
    outer loop
      vertex 68.0842 58.5286 4
      vertex 68.2626 58.7374 0
      vertex 68.2626 58.7374 4
    endloop
  endfacet
  facet normal 0.760284 -0.649591 0
    outer loop
      vertex 68.2626 58.7374 0
      vertex 68.0842 58.5286 4
      vertex 68.0842 58.5286 0
    endloop
  endfacet
  facet normal 0.649591 0.760284 -0
    outer loop
      vertex 68.4714 56.0842 0
      vertex 68.2626 56.2626 4
      vertex 68.4714 56.0842 4
    endloop
  endfacet
  facet normal 0.649591 0.760284 0
    outer loop
      vertex 68.2626 56.2626 4
      vertex 68.4714 56.0842 0
      vertex 68.2626 56.2626 0
    endloop
  endfacet
  facet normal 0.522613 -0.85257 0
    outer loop
      vertex 68.4714 58.9158 0
      vertex 68.7055 59.0593 4
      vertex 68.4714 58.9158 4
    endloop
  endfacet
  facet normal 0.522613 -0.85257 0
    outer loop
      vertex 68.7055 59.0593 4
      vertex 68.4714 58.9158 0
      vertex 68.7055 59.0593 0
    endloop
  endfacet
  facet normal 0.996931 -0.0782835 0
    outer loop
      vertex 67.75 57.5 4
      vertex 67.7715 57.7738 0
      vertex 67.7715 57.7738 4
    endloop
  endfacet
  facet normal 0.996931 -0.0782835 0
    outer loop
      vertex 67.7715 57.7738 0
      vertex 67.75 57.5 4
      vertex 67.75 57.5 0
    endloop
  endfacet
  facet normal 0.85257 -0.522613 0
    outer loop
      vertex 67.9407 58.2945 4
      vertex 68.0842 58.5286 0
      vertex 68.0842 58.5286 4
    endloop
  endfacet
  facet normal 0.85257 -0.522613 0
    outer loop
      vertex 68.0842 58.5286 0
      vertex 67.9407 58.2945 4
      vertex 67.9407 58.2945 0
    endloop
  endfacet
  facet normal -0.85261 0.522548 0
    outer loop
      vertex 70.9158 7.47138 0
      vertex 71.0593 7.70552 4
      vertex 71.0593 7.70552 0
    endloop
  endfacet
  facet normal -0.85261 0.522548 0
    outer loop
      vertex 71.0593 7.70552 4
      vertex 70.9158 7.47138 0
      vertex 70.9158 7.47138 4
    endloop
  endfacet
  facet normal -0.972375 0.233425 0
    outer loop
      vertex 71.1644 7.95922 0
      vertex 71.2285 8.22624 4
      vertex 71.2285 8.22624 0
    endloop
  endfacet
  facet normal -0.972375 0.233425 0
    outer loop
      vertex 71.2285 8.22624 4
      vertex 71.1644 7.95922 0
      vertex 71.1644 7.95922 4
    endloop
  endfacet
  facet normal -0.99693 0.0782949 0
    outer loop
      vertex 71.2285 8.22624 0
      vertex 71.25 8.5 4
      vertex 71.25 8.5 0
    endloop
  endfacet
  facet normal -0.99693 0.0782949 0
    outer loop
      vertex 71.25 8.5 4
      vertex 71.2285 8.22624 0
      vertex 71.2285 8.22624 4
    endloop
  endfacet
  facet normal -0.923861 0.382727 0
    outer loop
      vertex 71.0593 7.70552 0
      vertex 71.1644 7.95922 4
      vertex 71.1644 7.95922 0
    endloop
  endfacet
  facet normal -0.923861 0.382727 0
    outer loop
      vertex 71.1644 7.95922 4
      vertex 71.0593 7.70552 0
      vertex 71.0593 7.70552 4
    endloop
  endfacet
  facet normal 0.0784644 0.996917 -0
    outer loop
      vertex 69.5 6.75 0
      vertex 69.2262 6.77155 4
      vertex 69.5 6.75 4
    endloop
  endfacet
  facet normal 0.0784644 0.996917 0
    outer loop
      vertex 69.2262 6.77155 4
      vertex 69.5 6.75 0
      vertex 69.2262 6.77155 0
    endloop
  endfacet
  facet normal -0.382416 -0.92399 0
    outer loop
      vertex 70.0408 10.1643 0
      vertex 70.2945 10.0593 4
      vertex 70.0408 10.1643 4
    endloop
  endfacet
  facet normal -0.382416 -0.92399 -0
    outer loop
      vertex 70.2945 10.0593 4
      vertex 70.0408 10.1643 0
      vertex 70.2945 10.0593 0
    endloop
  endfacet
  facet normal 0.972375 0.233425 0
    outer loop
      vertex 67.8356 7.95922 4
      vertex 67.7715 8.22624 0
      vertex 67.7715 8.22624 4
    endloop
  endfacet
  facet normal 0.972375 0.233425 0
    outer loop
      vertex 67.7715 8.22624 0
      vertex 67.8356 7.95922 4
      vertex 67.8356 7.95922 0
    endloop
  endfacet
  facet normal -0.649465 0.760392 0
    outer loop
      vertex 70.7374 7.26256 0
      vertex 70.5286 7.08422 4
      vertex 70.7374 7.26256 4
    endloop
  endfacet
  facet normal -0.649465 0.760392 0
    outer loop
      vertex 70.5286 7.08422 4
      vertex 70.7374 7.26256 0
      vertex 70.5286 7.08422 0
    endloop
  endfacet
  facet normal -0.0782835 -0.996931 0
    outer loop
      vertex 69.5 10.25 0
      vertex 69.7738 10.2285 4
      vertex 69.5 10.25 4
    endloop
  endfacet
  facet normal -0.0782835 -0.996931 -0
    outer loop
      vertex 69.7738 10.2285 4
      vertex 69.5 10.25 0
      vertex 69.7738 10.2285 0
    endloop
  endfacet
  facet normal -0.522666 -0.852537 0
    outer loop
      vertex 70.2945 10.0593 0
      vertex 70.5286 9.91578 4
      vertex 70.2945 10.0593 4
    endloop
  endfacet
  facet normal -0.522666 -0.852537 -0
    outer loop
      vertex 70.5286 9.91578 4
      vertex 70.2945 10.0593 0
      vertex 70.5286 9.91578 0
    endloop
  endfacet
  facet normal 0.923861 -0.382727 0
    outer loop
      vertex 67.8356 9.04078 4
      vertex 67.9407 9.29448 0
      vertex 67.9407 9.29448 4
    endloop
  endfacet
  facet normal 0.923861 -0.382727 0
    outer loop
      vertex 67.9407 9.29448 0
      vertex 67.8356 9.04078 4
      vertex 67.8356 9.04078 0
    endloop
  endfacet
  facet normal 0.99693 0.0782949 0
    outer loop
      vertex 67.7715 8.22624 4
      vertex 67.75 8.5 0
      vertex 67.75 8.5 4
    endloop
  endfacet
  facet normal 0.99693 0.0782949 0
    outer loop
      vertex 67.75 8.5 0
      vertex 67.7715 8.22624 4
      vertex 67.7715 8.22624 0
    endloop
  endfacet
  facet normal 0.233786 -0.972288 0
    outer loop
      vertex 68.9592 10.1643 0
      vertex 69.2262 10.2285 4
      vertex 68.9592 10.1643 4
    endloop
  endfacet
  facet normal 0.233786 -0.972288 0
    outer loop
      vertex 69.2262 10.2285 4
      vertex 68.9592 10.1643 0
      vertex 69.2262 10.2285 0
    endloop
  endfacet
  facet normal -0.99693 -0.0782949 0
    outer loop
      vertex 71.25 8.5 0
      vertex 71.2285 8.77376 4
      vertex 71.2285 8.77376 0
    endloop
  endfacet
  facet normal -0.99693 -0.0782949 0
    outer loop
      vertex 71.2285 8.77376 4
      vertex 71.25 8.5 0
      vertex 71.25 8.5 4
    endloop
  endfacet
  facet normal 0.0782835 -0.996931 0
    outer loop
      vertex 69.2262 10.2285 0
      vertex 69.5 10.25 4
      vertex 69.2262 10.2285 4
    endloop
  endfacet
  facet normal 0.0782835 -0.996931 0
    outer loop
      vertex 69.5 10.25 4
      vertex 69.2262 10.2285 0
      vertex 69.5 10.25 0
    endloop
  endfacet
  facet normal -0.923861 -0.382727 0
    outer loop
      vertex 71.1644 9.04078 0
      vertex 71.0593 9.29448 4
      vertex 71.0593 9.29448 0
    endloop
  endfacet
  facet normal -0.923861 -0.382727 0
    outer loop
      vertex 71.0593 9.29448 4
      vertex 71.1644 9.04078 0
      vertex 71.1644 9.04078 4
    endloop
  endfacet
  facet normal -0.85261 -0.522548 0
    outer loop
      vertex 71.0593 9.29448 0
      vertex 70.9158 9.52862 4
      vertex 70.9158 9.52862 0
    endloop
  endfacet
  facet normal -0.85261 -0.522548 0
    outer loop
      vertex 70.9158 9.52862 4
      vertex 71.0593 9.29448 0
      vertex 71.0593 9.29448 4
    endloop
  endfacet
  facet normal 0.923861 0.382727 0
    outer loop
      vertex 67.9407 7.70552 4
      vertex 67.8356 7.95922 0
      vertex 67.8356 7.95922 4
    endloop
  endfacet
  facet normal 0.923861 0.382727 0
    outer loop
      vertex 67.8356 7.95922 0
      vertex 67.9407 7.70552 4
      vertex 67.9407 7.70552 0
    endloop
  endfacet
  facet normal -0.649465 -0.760392 0
    outer loop
      vertex 70.5286 9.91578 0
      vertex 70.7374 9.73744 4
      vertex 70.5286 9.91578 4
    endloop
  endfacet
  facet normal -0.649465 -0.760392 -0
    outer loop
      vertex 70.7374 9.73744 4
      vertex 70.5286 9.91578 0
      vertex 70.7374 9.73744 0
    endloop
  endfacet
  facet normal -0.233786 -0.972288 0
    outer loop
      vertex 69.7738 10.2285 0
      vertex 70.0408 10.1643 4
      vertex 69.7738 10.2285 4
    endloop
  endfacet
  facet normal -0.233786 -0.972288 -0
    outer loop
      vertex 70.0408 10.1643 4
      vertex 69.7738 10.2285 0
      vertex 70.0408 10.1643 0
    endloop
  endfacet
  facet normal 0.760314 0.649555 0
    outer loop
      vertex 68.2626 7.26256 4
      vertex 68.0842 7.47138 0
      vertex 68.0842 7.47138 4
    endloop
  endfacet
  facet normal 0.760314 0.649555 0
    outer loop
      vertex 68.0842 7.47138 0
      vertex 68.2626 7.26256 4
      vertex 68.2626 7.26256 0
    endloop
  endfacet
  facet normal 0.233442 0.972371 -0
    outer loop
      vertex 69.2262 6.77155 0
      vertex 68.9592 6.83565 4
      vertex 69.2262 6.77155 4
    endloop
  endfacet
  facet normal 0.233442 0.972371 0
    outer loop
      vertex 68.9592 6.83565 4
      vertex 69.2262 6.77155 0
      vertex 68.9592 6.83565 0
    endloop
  endfacet
  facet normal 0.52256 0.852602 -0
    outer loop
      vertex 68.7055 6.94074 0
      vertex 68.4714 7.08422 4
      vertex 68.7055 6.94074 4
    endloop
  endfacet
  facet normal 0.52256 0.852602 0
    outer loop
      vertex 68.4714 7.08422 4
      vertex 68.7055 6.94074 0
      vertex 68.4714 7.08422 0
    endloop
  endfacet
  facet normal -0.760314 -0.649555 0
    outer loop
      vertex 70.9158 9.52862 0
      vertex 70.7374 9.73744 4
      vertex 70.7374 9.73744 0
    endloop
  endfacet
  facet normal -0.760314 -0.649555 0
    outer loop
      vertex 70.7374 9.73744 4
      vertex 70.9158 9.52862 0
      vertex 70.9158 9.52862 4
    endloop
  endfacet
  facet normal -0.0784644 0.996917 0
    outer loop
      vertex 69.7738 6.77155 0
      vertex 69.5 6.75 4
      vertex 69.7738 6.77155 4
    endloop
  endfacet
  facet normal -0.0784644 0.996917 0
    outer loop
      vertex 69.5 6.75 4
      vertex 69.7738 6.77155 0
      vertex 69.5 6.75 0
    endloop
  endfacet
  facet normal 0.972375 -0.233425 0
    outer loop
      vertex 67.7715 8.77376 4
      vertex 67.8356 9.04078 0
      vertex 67.8356 9.04078 4
    endloop
  endfacet
  facet normal 0.972375 -0.233425 0
    outer loop
      vertex 67.8356 9.04078 0
      vertex 67.7715 8.77376 4
      vertex 67.7715 8.77376 0
    endloop
  endfacet
  facet normal 0.85261 0.522548 0
    outer loop
      vertex 68.0842 7.47138 4
      vertex 67.9407 7.70552 0
      vertex 67.9407 7.70552 4
    endloop
  endfacet
  facet normal 0.85261 0.522548 0
    outer loop
      vertex 67.9407 7.70552 0
      vertex 68.0842 7.47138 4
      vertex 68.0842 7.47138 0
    endloop
  endfacet
  facet normal -0.382696 0.923874 0
    outer loop
      vertex 70.2945 6.94074 0
      vertex 70.0408 6.83565 4
      vertex 70.2945 6.94074 4
    endloop
  endfacet
  facet normal -0.382696 0.923874 0
    outer loop
      vertex 70.0408 6.83565 4
      vertex 70.2945 6.94074 0
      vertex 70.0408 6.83565 0
    endloop
  endfacet
  facet normal -0.52256 0.852602 0
    outer loop
      vertex 70.5286 7.08422 0
      vertex 70.2945 6.94074 4
      vertex 70.5286 7.08422 4
    endloop
  endfacet
  facet normal -0.52256 0.852602 0
    outer loop
      vertex 70.2945 6.94074 4
      vertex 70.5286 7.08422 0
      vertex 70.2945 6.94074 0
    endloop
  endfacet
  facet normal 0.382696 0.923874 -0
    outer loop
      vertex 68.9592 6.83565 0
      vertex 68.7055 6.94074 4
      vertex 68.9592 6.83565 4
    endloop
  endfacet
  facet normal 0.382696 0.923874 0
    outer loop
      vertex 68.7055 6.94074 4
      vertex 68.9592 6.83565 0
      vertex 68.7055 6.94074 0
    endloop
  endfacet
  facet normal -0.972375 -0.233425 0
    outer loop
      vertex 71.2285 8.77376 0
      vertex 71.1644 9.04078 4
      vertex 71.1644 9.04078 0
    endloop
  endfacet
  facet normal -0.972375 -0.233425 0
    outer loop
      vertex 71.1644 9.04078 4
      vertex 71.2285 8.77376 0
      vertex 71.2285 8.77376 4
    endloop
  endfacet
  facet normal -0.233442 0.972371 0
    outer loop
      vertex 70.0408 6.83565 0
      vertex 69.7738 6.77155 4
      vertex 70.0408 6.83565 4
    endloop
  endfacet
  facet normal -0.233442 0.972371 0
    outer loop
      vertex 69.7738 6.77155 4
      vertex 70.0408 6.83565 0
      vertex 69.7738 6.77155 0
    endloop
  endfacet
  facet normal 0 0 -1
    outer loop
      vertex 71.2285 8.22624 4
      vertex 71.2285 8.77376 4
      vertex 71.25 8.5 4
    endloop
  endfacet
  facet normal 0 0 -1
    outer loop
      vertex 71.1644 7.95922 4
      vertex 71.2285 8.77376 4
      vertex 71.2285 8.22624 4
    endloop
  endfacet
  facet normal 0 0 -1
    outer loop
      vertex 71.1644 7.95922 4
      vertex 71.1644 9.04078 4
      vertex 71.2285 8.77376 4
    endloop
  endfacet
  facet normal 0 0 -1
    outer loop
      vertex 71.0593 7.70552 4
      vertex 71.1644 9.04078 4
      vertex 71.1644 7.95922 4
    endloop
  endfacet
  facet normal 0 0 -1
    outer loop
      vertex 71.0593 7.70552 4
      vertex 71.0593 9.29448 4
      vertex 71.1644 9.04078 4
    endloop
  endfacet
  facet normal 0 0 -1
    outer loop
      vertex 70.9158 7.47138 4
      vertex 71.0593 9.29448 4
      vertex 71.0593 7.70552 4
    endloop
  endfacet
  facet normal 0 0 -1
    outer loop
      vertex 70.9158 7.47138 4
      vertex 70.9158 9.52862 4
      vertex 71.0593 9.29448 4
    endloop
  endfacet
  facet normal 0 0 -1
    outer loop
      vertex 70.7374 7.26256 4
      vertex 70.9158 9.52862 4
      vertex 70.9158 7.47138 4
    endloop
  endfacet
  facet normal 0 0 -1
    outer loop
      vertex 70.7374 7.26256 4
      vertex 70.7374 9.73744 4
      vertex 70.9158 9.52862 4
    endloop
  endfacet
  facet normal 0 0 -1
    outer loop
      vertex 70.5286 7.08422 4
      vertex 70.7374 9.73744 4
      vertex 70.7374 7.26256 4
    endloop
  endfacet
  facet normal 0 0 -1
    outer loop
      vertex 70.5286 7.08422 4
      vertex 70.5286 9.91578 4
      vertex 70.7374 9.73744 4
    endloop
  endfacet
  facet normal 0 0 -1
    outer loop
      vertex 70.2945 6.94074 4
      vertex 70.5286 9.91578 4
      vertex 70.5286 7.08422 4
    endloop
  endfacet
  facet normal 0 0 -1
    outer loop
      vertex 70.2945 6.94074 4
      vertex 70.2945 10.0593 4
      vertex 70.5286 9.91578 4
    endloop
  endfacet
  facet normal 0 0 -1
    outer loop
      vertex 70.0408 6.83565 4
      vertex 70.2945 10.0593 4
      vertex 70.2945 6.94074 4
    endloop
  endfacet
  facet normal 0 0 -1
    outer loop
      vertex 70.0408 6.83565 4
      vertex 70.0408 10.1643 4
      vertex 70.2945 10.0593 4
    endloop
  endfacet
  facet normal 0 0 -1
    outer loop
      vertex 69.7738 6.77155 4
      vertex 70.0408 10.1643 4
      vertex 70.0408 6.83565 4
    endloop
  endfacet
  facet normal 0 0 -1
    outer loop
      vertex 69.7738 6.77155 4
      vertex 69.7738 10.2285 4
      vertex 70.0408 10.1643 4
    endloop
  endfacet
  facet normal 0 0 -1
    outer loop
      vertex 69.5 6.75 4
      vertex 69.7738 10.2285 4
      vertex 69.7738 6.77155 4
    endloop
  endfacet
  facet normal 0 0 -1
    outer loop
      vertex 69.5 6.75 4
      vertex 69.5 10.25 4
      vertex 69.7738 10.2285 4
    endloop
  endfacet
  facet normal 0 0 -1
    outer loop
      vertex 69.2262 6.77155 4
      vertex 69.5 10.25 4
      vertex 69.5 6.75 4
    endloop
  endfacet
  facet normal 0 0 -1
    outer loop
      vertex 69.2262 6.77155 4
      vertex 69.2262 10.2285 4
      vertex 69.5 10.25 4
    endloop
  endfacet
  facet normal 0 0 -1
    outer loop
      vertex 68.9592 6.83565 4
      vertex 69.2262 10.2285 4
      vertex 69.2262 6.77155 4
    endloop
  endfacet
  facet normal 0 0 -1
    outer loop
      vertex 68.9592 6.83565 4
      vertex 68.9592 10.1643 4
      vertex 69.2262 10.2285 4
    endloop
  endfacet
  facet normal 0 0 -1
    outer loop
      vertex 68.7055 6.94074 4
      vertex 68.9592 10.1643 4
      vertex 68.9592 6.83565 4
    endloop
  endfacet
  facet normal 0 0 -1
    outer loop
      vertex 68.7055 6.94074 4
      vertex 68.7055 10.0593 4
      vertex 68.9592 10.1643 4
    endloop
  endfacet
  facet normal 0 0 -1
    outer loop
      vertex 68.4714 7.08422 4
      vertex 68.7055 10.0593 4
      vertex 68.7055 6.94074 4
    endloop
  endfacet
  facet normal 0 0 -1
    outer loop
      vertex 68.4714 7.08422 4
      vertex 68.4714 9.91578 4
      vertex 68.7055 10.0593 4
    endloop
  endfacet
  facet normal 0 0 -1
    outer loop
      vertex 68.2626 7.26256 4
      vertex 68.4714 9.91578 4
      vertex 68.4714 7.08422 4
    endloop
  endfacet
  facet normal 0 0 -1
    outer loop
      vertex 68.2626 7.26256 4
      vertex 68.2626 9.73744 4
      vertex 68.4714 9.91578 4
    endloop
  endfacet
  facet normal 0 0 -1
    outer loop
      vertex 68.0842 7.47138 4
      vertex 68.2626 9.73744 4
      vertex 68.2626 7.26256 4
    endloop
  endfacet
  facet normal 0 0 -1
    outer loop
      vertex 68.0842 7.47138 4
      vertex 68.0842 9.52862 4
      vertex 68.2626 9.73744 4
    endloop
  endfacet
  facet normal 0 0 -1
    outer loop
      vertex 67.9407 7.70552 4
      vertex 68.0842 9.52862 4
      vertex 68.0842 7.47138 4
    endloop
  endfacet
  facet normal 0 0 -1
    outer loop
      vertex 67.9407 7.70552 4
      vertex 67.9407 9.29448 4
      vertex 68.0842 9.52862 4
    endloop
  endfacet
  facet normal 0 0 -1
    outer loop
      vertex 67.8356 7.95922 4
      vertex 67.9407 9.29448 4
      vertex 67.9407 7.70552 4
    endloop
  endfacet
  facet normal 0 0 -1
    outer loop
      vertex 67.8356 7.95922 4
      vertex 67.8356 9.04078 4
      vertex 67.9407 9.29448 4
    endloop
  endfacet
  facet normal 0 0 -1
    outer loop
      vertex 67.7715 8.22624 4
      vertex 67.8356 9.04078 4
      vertex 67.8356 7.95922 4
    endloop
  endfacet
  facet normal 0 0 -1
    outer loop
      vertex 67.7715 8.22624 4
      vertex 67.7715 8.77376 4
      vertex 67.8356 9.04078 4
    endloop
  endfacet
  facet normal 0 -0 -1
    outer loop
      vertex 67.7715 8.77376 4
      vertex 67.7715 8.22624 4
      vertex 67.75 8.5 4
    endloop
  endfacet
  facet normal -0.760314 0.649555 0
    outer loop
      vertex 70.7374 7.26256 0
      vertex 70.9158 7.47138 4
      vertex 70.9158 7.47138 0
    endloop
  endfacet
  facet normal -0.760314 0.649555 0
    outer loop
      vertex 70.9158 7.47138 4
      vertex 70.7374 7.26256 0
      vertex 70.7374 7.26256 4
    endloop
  endfacet
  facet normal 0.649465 -0.760392 0
    outer loop
      vertex 68.2626 9.73744 0
      vertex 68.4714 9.91578 4
      vertex 68.2626 9.73744 4
    endloop
  endfacet
  facet normal 0.649465 -0.760392 0
    outer loop
      vertex 68.4714 9.91578 4
      vertex 68.2626 9.73744 0
      vertex 68.4714 9.91578 0
    endloop
  endfacet
  facet normal 0.382416 -0.92399 0
    outer loop
      vertex 68.7055 10.0593 0
      vertex 68.9592 10.1643 4
      vertex 68.7055 10.0593 4
    endloop
  endfacet
  facet normal 0.382416 -0.92399 0
    outer loop
      vertex 68.9592 10.1643 4
      vertex 68.7055 10.0593 0
      vertex 68.9592 10.1643 0
    endloop
  endfacet
  facet normal 0.760314 -0.649555 0
    outer loop
      vertex 68.0842 9.52862 4
      vertex 68.2626 9.73744 0
      vertex 68.2626 9.73744 4
    endloop
  endfacet
  facet normal 0.760314 -0.649555 0
    outer loop
      vertex 68.2626 9.73744 0
      vertex 68.0842 9.52862 4
      vertex 68.0842 9.52862 0
    endloop
  endfacet
  facet normal 0.649465 0.760392 -0
    outer loop
      vertex 68.4714 7.08422 0
      vertex 68.2626 7.26256 4
      vertex 68.4714 7.08422 4
    endloop
  endfacet
  facet normal 0.649465 0.760392 0
    outer loop
      vertex 68.2626 7.26256 4
      vertex 68.4714 7.08422 0
      vertex 68.2626 7.26256 0
    endloop
  endfacet
  facet normal 0.522666 -0.852537 0
    outer loop
      vertex 68.4714 9.91578 0
      vertex 68.7055 10.0593 4
      vertex 68.4714 9.91578 4
    endloop
  endfacet
  facet normal 0.522666 -0.852537 0
    outer loop
      vertex 68.7055 10.0593 4
      vertex 68.4714 9.91578 0
      vertex 68.7055 10.0593 0
    endloop
  endfacet
  facet normal 0.99693 -0.0782949 0
    outer loop
      vertex 67.75 8.5 4
      vertex 67.7715 8.77376 0
      vertex 67.7715 8.77376 4
    endloop
  endfacet
  facet normal 0.99693 -0.0782949 0
    outer loop
      vertex 67.7715 8.77376 0
      vertex 67.75 8.5 4
      vertex 67.75 8.5 0
    endloop
  endfacet
  facet normal 0.85261 -0.522548 0
    outer loop
      vertex 67.9407 9.29448 4
      vertex 68.0842 9.52862 0
      vertex 68.0842 9.52862 4
    endloop
  endfacet
  facet normal 0.85261 -0.522548 0
    outer loop
      vertex 68.0842 9.52862 0
      vertex 67.9407 9.29448 4
      vertex 67.9407 9.29448 0
    endloop
  endfacet
  facet normal -0.972549 -0.232698 0
    outer loop
      vertex 100.975 68.3129 0
      vertex 100.902 68.618 4
      vertex 100.902 68.618 0
    endloop
  endfacet
  facet normal -0.972549 -0.232698 0
    outer loop
      vertex 100.902 68.618 4
      vertex 100.975 68.3129 0
      vertex 100.975 68.3129 4
    endloop
  endfacet
  facet normal -0.233602 -0.972332 0
    outer loop
      vertex 99.3129 69.9754 0
      vertex 99.618 69.9021 4
      vertex 99.3129 69.9754 4
    endloop
  endfacet
  facet normal -0.233602 -0.972332 -0
    outer loop
      vertex 99.618 69.9021 4
      vertex 99.3129 69.9754 0
      vertex 99.618 69.9021 0
    endloop
  endfacet
  facet normal -0.972549 0.232698 0
    outer loop
      vertex 100.902 67.382 0
      vertex 100.975 67.6871 4
      vertex 100.975 67.6871 0
    endloop
  endfacet
  facet normal -0.972549 0.232698 0
    outer loop
      vertex 100.975 67.6871 4
      vertex 100.902 67.382 0
      vertex 100.902 67.382 4
    endloop
  endfacet
  facet normal -0.996823 0.0796439 0
    outer loop
      vertex 100.975 67.6871 0
      vertex 101 68 4
      vertex 101 68 0
    endloop
  endfacet
  facet normal -0.996823 0.0796439 0
    outer loop
      vertex 101 68 4
      vertex 100.975 67.6871 0
      vertex 100.975 67.6871 4
    endloop
  endfacet
  facet normal -0.924017 0.382352 0
    outer loop
      vertex 100.782 67.092 0
      vertex 100.902 67.382 4
      vertex 100.902 67.382 0
    endloop
  endfacet
  facet normal -0.924017 0.382352 0
    outer loop
      vertex 100.902 67.382 4
      vertex 100.782 67.092 0
      vertex 100.782 67.092 4
    endloop
  endfacet
  facet normal 0.0783775 0.996924 -0
    outer loop
      vertex 99 66 0
      vertex 98.6871 66.0246 4
      vertex 99 66 4
    endloop
  endfacet
  facet normal 0.0783775 0.996924 0
    outer loop
      vertex 98.6871 66.0246 4
      vertex 99 66 0
      vertex 98.6871 66.0246 0
    endloop
  endfacet
  facet normal 0.923904 0.382624 0
    outer loop
      vertex 97.218 67.092 4
      vertex 97.0979 67.382 0
      vertex 97.0979 67.382 4
    endloop
  endfacet
  facet normal 0.923904 0.382624 0
    outer loop
      vertex 97.0979 67.382 0
      vertex 97.218 67.092 4
      vertex 97.218 67.092 0
    endloop
  endfacet
  facet normal 0.85262 0.522532 0
    outer loop
      vertex 97.382 66.8244 4
      vertex 97.218 67.092 0
      vertex 97.218 67.092 4
    endloop
  endfacet
  facet normal 0.85262 0.522532 0
    outer loop
      vertex 97.218 67.092 0
      vertex 97.382 66.8244 4
      vertex 97.382 66.8244 0
    endloop
  endfacet
  facet normal -0.0783775 -0.996924 0
    outer loop
      vertex 99 70 0
      vertex 99.3129 69.9754 4
      vertex 99 70 4
    endloop
  endfacet
  facet normal -0.0783775 -0.996924 -0
    outer loop
      vertex 99.3129 69.9754 4
      vertex 99 70 0
      vertex 99.3129 69.9754 0
    endloop
  endfacet
  facet normal 0.382624 -0.923904 0
    outer loop
      vertex 98.092 69.782 0
      vertex 98.382 69.9021 4
      vertex 98.092 69.782 4
    endloop
  endfacet
  facet normal 0.382624 -0.923904 0
    outer loop
      vertex 98.382 69.9021 4
      vertex 98.092 69.782 0
      vertex 98.382 69.9021 0
    endloop
  endfacet
  facet normal 0.923904 -0.382624 0
    outer loop
      vertex 97.0979 68.618 4
      vertex 97.218 68.908 0
      vertex 97.218 68.908 4
    endloop
  endfacet
  facet normal 0.923904 -0.382624 0
    outer loop
      vertex 97.218 68.908 0
      vertex 97.0979 68.618 4
      vertex 97.0979 68.618 0
    endloop
  endfacet
  facet normal 0.76038 0.649478 0
    outer loop
      vertex 97.5858 66.5858 4
      vertex 97.382 66.8244 0
      vertex 97.382 66.8244 4
    endloop
  endfacet
  facet normal 0.76038 0.649478 0
    outer loop
      vertex 97.382 66.8244 0
      vertex 97.5858 66.5858 4
      vertex 97.5858 66.5858 0
    endloop
  endfacet
  facet normal -0.924017 -0.382352 0
    outer loop
      vertex 100.902 68.618 0
      vertex 100.782 68.908 4
      vertex 100.782 68.908 0
    endloop
  endfacet
  facet normal -0.924017 -0.382352 0
    outer loop
      vertex 100.782 68.908 4
      vertex 100.902 68.618 0
      vertex 100.902 68.618 4
    endloop
  endfacet
  facet normal 0.522532 -0.85262 0
    outer loop
      vertex 97.8244 69.618 0
      vertex 98.092 69.782 4
      vertex 97.8244 69.618 4
    endloop
  endfacet
  facet normal 0.522532 -0.85262 0
    outer loop
      vertex 98.092 69.782 4
      vertex 97.8244 69.618 0
      vertex 98.092 69.782 0
    endloop
  endfacet
  facet normal 0.522532 0.85262 -0
    outer loop
      vertex 98.092 66.218 0
      vertex 97.8244 66.382 4
      vertex 98.092 66.218 4
    endloop
  endfacet
  facet normal 0.522532 0.85262 0
    outer loop
      vertex 97.8244 66.382 4
      vertex 98.092 66.218 0
      vertex 97.8244 66.382 0
    endloop
  endfacet
  facet normal 0.996924 -0.0783775 0
    outer loop
      vertex 97 68 4
      vertex 97.0246 68.3129 0
      vertex 97.0246 68.3129 4
    endloop
  endfacet
  facet normal 0.996924 -0.0783775 0
    outer loop
      vertex 97.0246 68.3129 0
      vertex 97 68 4
      vertex 97 68 0
    endloop
  endfacet
  facet normal -0.85262 -0.522532 0
    outer loop
      vertex 100.782 68.908 0
      vertex 100.618 69.1756 4
      vertex 100.618 69.1756 0
    endloop
  endfacet
  facet normal -0.85262 -0.522532 0
    outer loop
      vertex 100.618 69.1756 4
      vertex 100.782 68.908 0
      vertex 100.782 68.908 4
    endloop
  endfacet
  facet normal 0.649478 0.76038 -0
    outer loop
      vertex 97.8244 66.382 0
      vertex 97.5858 66.5858 4
      vertex 97.8244 66.382 4
    endloop
  endfacet
  facet normal 0.649478 0.76038 0
    outer loop
      vertex 97.5858 66.5858 4
      vertex 97.8244 66.382 0
      vertex 97.5858 66.5858 0
    endloop
  endfacet
  facet normal 0.76038 -0.649478 0
    outer loop
      vertex 97.382 69.1756 4
      vertex 97.5858 69.4142 0
      vertex 97.5858 69.4142 4
    endloop
  endfacet
  facet normal 0.76038 -0.649478 0
    outer loop
      vertex 97.5858 69.4142 0
      vertex 97.382 69.1756 4
      vertex 97.382 69.1756 0
    endloop
  endfacet
  facet normal -0.382624 -0.923904 0
    outer loop
      vertex 99.618 69.9021 0
      vertex 99.908 69.782 4
      vertex 99.618 69.9021 4
    endloop
  endfacet
  facet normal -0.382624 -0.923904 -0
    outer loop
      vertex 99.908 69.782 4
      vertex 99.618 69.9021 0
      vertex 99.908 69.782 0
    endloop
  endfacet
  facet normal 0.972332 -0.233602 0
    outer loop
      vertex 97.0246 68.3129 4
      vertex 97.0979 68.618 0
      vertex 97.0979 68.618 4
    endloop
  endfacet
  facet normal 0.972332 -0.233602 0
    outer loop
      vertex 97.0979 68.618 0
      vertex 97.0246 68.3129 4
      vertex 97.0246 68.3129 0
    endloop
  endfacet
  facet normal -0.85262 0.522532 0
    outer loop
      vertex 100.618 66.8244 0
      vertex 100.782 67.092 4
      vertex 100.782 67.092 0
    endloop
  endfacet
  facet normal -0.85262 0.522532 0
    outer loop
      vertex 100.782 67.092 4
      vertex 100.618 66.8244 0
      vertex 100.618 66.8244 4
    endloop
  endfacet
  facet normal 0.382624 0.923904 -0
    outer loop
      vertex 98.382 66.0979 0
      vertex 98.092 66.218 4
      vertex 98.382 66.0979 4
    endloop
  endfacet
  facet normal 0.382624 0.923904 0
    outer loop
      vertex 98.092 66.218 4
      vertex 98.382 66.0979 0
      vertex 98.092 66.218 0
    endloop
  endfacet
  facet normal 0.233602 0.972332 -0
    outer loop
      vertex 98.6871 66.0246 0
      vertex 98.382 66.0979 4
      vertex 98.6871 66.0246 4
    endloop
  endfacet
  facet normal 0.233602 0.972332 0
    outer loop
      vertex 98.382 66.0979 4
      vertex 98.6871 66.0246 0
      vertex 98.382 66.0979 0
    endloop
  endfacet
  facet normal -0.233602 0.972332 0
    outer loop
      vertex 99.618 66.0979 0
      vertex 99.3129 66.0246 4
      vertex 99.618 66.0979 4
    endloop
  endfacet
  facet normal -0.233602 0.972332 0
    outer loop
      vertex 99.3129 66.0246 4
      vertex 99.618 66.0979 0
      vertex 99.3129 66.0246 0
    endloop
  endfacet
  facet normal 0.996924 0.0783775 0
    outer loop
      vertex 97.0246 67.6871 4
      vertex 97 68 0
      vertex 97 68 4
    endloop
  endfacet
  facet normal 0.996924 0.0783775 0
    outer loop
      vertex 97 68 0
      vertex 97.0246 67.6871 4
      vertex 97.0246 67.6871 0
    endloop
  endfacet
  facet normal -0.382624 0.923904 0
    outer loop
      vertex 99.908 66.218 0
      vertex 99.618 66.0979 4
      vertex 99.908 66.218 4
    endloop
  endfacet
  facet normal -0.382624 0.923904 0
    outer loop
      vertex 99.618 66.0979 4
      vertex 99.908 66.218 0
      vertex 99.618 66.0979 0
    endloop
  endfacet
  facet normal -0.521965 -0.852967 0
    outer loop
      vertex 99.908 69.782 0
      vertex 100.176 69.618 4
      vertex 99.908 69.782 4
    endloop
  endfacet
  facet normal -0.521965 -0.852967 -0
    outer loop
      vertex 100.176 69.618 4
      vertex 99.908 69.782 0
      vertex 100.176 69.618 0
    endloop
  endfacet
  facet normal -0.996823 -0.0796439 0
    outer loop
      vertex 101 68 0
      vertex 100.975 68.3129 4
      vertex 100.975 68.3129 0
    endloop
  endfacet
  facet normal -0.996823 -0.0796439 0
    outer loop
      vertex 100.975 68.3129 4
      vertex 101 68 0
      vertex 101 68 4
    endloop
  endfacet
  facet normal -0.521965 0.852967 0
    outer loop
      vertex 100.176 66.382 0
      vertex 99.908 66.218 4
      vertex 100.176 66.382 4
    endloop
  endfacet
  facet normal -0.521965 0.852967 0
    outer loop
      vertex 99.908 66.218 4
      vertex 100.176 66.382 0
      vertex 99.908 66.218 0
    endloop
  endfacet
  facet normal -0.650423 0.759572 0
    outer loop
      vertex 100.414 66.5858 0
      vertex 100.176 66.382 4
      vertex 100.414 66.5858 4
    endloop
  endfacet
  facet normal -0.650423 0.759572 0
    outer loop
      vertex 100.176 66.382 4
      vertex 100.414 66.5858 0
      vertex 100.176 66.382 0
    endloop
  endfacet
  facet normal 0.972332 0.233602 0
    outer loop
      vertex 97.0979 67.382 4
      vertex 97.0246 67.6871 0
      vertex 97.0246 67.6871 4
    endloop
  endfacet
  facet normal 0.972332 0.233602 0
    outer loop
      vertex 97.0246 67.6871 0
      vertex 97.0979 67.382 4
      vertex 97.0979 67.382 0
    endloop
  endfacet
  facet normal 0.85262 -0.522532 0
    outer loop
      vertex 97.218 68.908 4
      vertex 97.382 69.1756 0
      vertex 97.382 69.1756 4
    endloop
  endfacet
  facet normal 0.85262 -0.522532 0
    outer loop
      vertex 97.382 69.1756 0
      vertex 97.218 68.908 4
      vertex 97.218 68.908 0
    endloop
  endfacet
  facet normal -0.760066 -0.649846 0
    outer loop
      vertex 100.618 69.1756 0
      vertex 100.414 69.4142 4
      vertex 100.414 69.4142 0
    endloop
  endfacet
  facet normal -0.760066 -0.649846 0
    outer loop
      vertex 100.414 69.4142 4
      vertex 100.618 69.1756 0
      vertex 100.618 69.1756 4
    endloop
  endfacet
  facet normal 0.0783775 -0.996924 0
    outer loop
      vertex 98.6871 69.9754 0
      vertex 99 70 4
      vertex 98.6871 69.9754 4
    endloop
  endfacet
  facet normal 0.0783775 -0.996924 0
    outer loop
      vertex 99 70 4
      vertex 98.6871 69.9754 0
      vertex 99 70 0
    endloop
  endfacet
  facet normal 0 0 -1
    outer loop
      vertex 100.975 67.6871 4
      vertex 100.975 68.3129 4
      vertex 101 68 4
    endloop
  endfacet
  facet normal 0 0 -1
    outer loop
      vertex 100.902 67.382 4
      vertex 100.975 68.3129 4
      vertex 100.975 67.6871 4
    endloop
  endfacet
  facet normal 0 0 -1
    outer loop
      vertex 100.902 67.382 4
      vertex 100.902 68.618 4
      vertex 100.975 68.3129 4
    endloop
  endfacet
  facet normal 0 0 -1
    outer loop
      vertex 100.782 67.092 4
      vertex 100.902 68.618 4
      vertex 100.902 67.382 4
    endloop
  endfacet
  facet normal 0 0 -1
    outer loop
      vertex 100.782 67.092 4
      vertex 100.782 68.908 4
      vertex 100.902 68.618 4
    endloop
  endfacet
  facet normal 0 0 -1
    outer loop
      vertex 100.618 66.8244 4
      vertex 100.782 68.908 4
      vertex 100.782 67.092 4
    endloop
  endfacet
  facet normal 0 0 -1
    outer loop
      vertex 100.618 66.8244 4
      vertex 100.618 69.1756 4
      vertex 100.782 68.908 4
    endloop
  endfacet
  facet normal 0 0 -1
    outer loop
      vertex 100.414 66.5858 4
      vertex 100.618 69.1756 4
      vertex 100.618 66.8244 4
    endloop
  endfacet
  facet normal 0 0 -1
    outer loop
      vertex 100.414 66.5858 4
      vertex 100.414 69.4142 4
      vertex 100.618 69.1756 4
    endloop
  endfacet
  facet normal 0 0 -1
    outer loop
      vertex 100.176 66.382 4
      vertex 100.414 69.4142 4
      vertex 100.414 66.5858 4
    endloop
  endfacet
  facet normal 0 0 -1
    outer loop
      vertex 100.176 66.382 4
      vertex 100.176 69.618 4
      vertex 100.414 69.4142 4
    endloop
  endfacet
  facet normal 0 0 -1
    outer loop
      vertex 99.908 66.218 4
      vertex 100.176 69.618 4
      vertex 100.176 66.382 4
    endloop
  endfacet
  facet normal 0 0 -1
    outer loop
      vertex 99.908 66.218 4
      vertex 99.908 69.782 4
      vertex 100.176 69.618 4
    endloop
  endfacet
  facet normal 0 0 -1
    outer loop
      vertex 99.618 66.0979 4
      vertex 99.908 69.782 4
      vertex 99.908 66.218 4
    endloop
  endfacet
  facet normal 0 0 -1
    outer loop
      vertex 99.618 66.0979 4
      vertex 99.618 69.9021 4
      vertex 99.908 69.782 4
    endloop
  endfacet
  facet normal 0 0 -1
    outer loop
      vertex 99.3129 66.0246 4
      vertex 99.618 69.9021 4
      vertex 99.618 66.0979 4
    endloop
  endfacet
  facet normal 0 0 -1
    outer loop
      vertex 99.3129 66.0246 4
      vertex 99.3129 69.9754 4
      vertex 99.618 69.9021 4
    endloop
  endfacet
  facet normal 0 0 -1
    outer loop
      vertex 99 66 4
      vertex 99.3129 69.9754 4
      vertex 99.3129 66.0246 4
    endloop
  endfacet
  facet normal 0 0 -1
    outer loop
      vertex 99 66 4
      vertex 99 70 4
      vertex 99.3129 69.9754 4
    endloop
  endfacet
  facet normal 0 0 -1
    outer loop
      vertex 98.6871 66.0246 4
      vertex 99 70 4
      vertex 99 66 4
    endloop
  endfacet
  facet normal 0 0 -1
    outer loop
      vertex 98.6871 66.0246 4
      vertex 98.6871 69.9754 4
      vertex 99 70 4
    endloop
  endfacet
  facet normal 0 0 -1
    outer loop
      vertex 98.382 66.0979 4
      vertex 98.6871 69.9754 4
      vertex 98.6871 66.0246 4
    endloop
  endfacet
  facet normal 0 0 -1
    outer loop
      vertex 98.382 66.0979 4
      vertex 98.382 69.9021 4
      vertex 98.6871 69.9754 4
    endloop
  endfacet
  facet normal 0 0 -1
    outer loop
      vertex 98.092 66.218 4
      vertex 98.382 69.9021 4
      vertex 98.382 66.0979 4
    endloop
  endfacet
  facet normal 0 0 -1
    outer loop
      vertex 98.092 66.218 4
      vertex 98.092 69.782 4
      vertex 98.382 69.9021 4
    endloop
  endfacet
  facet normal 0 0 -1
    outer loop
      vertex 97.8244 66.382 4
      vertex 98.092 69.782 4
      vertex 98.092 66.218 4
    endloop
  endfacet
  facet normal 0 0 -1
    outer loop
      vertex 97.8244 66.382 4
      vertex 97.8244 69.618 4
      vertex 98.092 69.782 4
    endloop
  endfacet
  facet normal 0 0 -1
    outer loop
      vertex 97.5858 66.5858 4
      vertex 97.8244 69.618 4
      vertex 97.8244 66.382 4
    endloop
  endfacet
  facet normal 0 0 -1
    outer loop
      vertex 97.5858 66.5858 4
      vertex 97.5858 69.4142 4
      vertex 97.8244 69.618 4
    endloop
  endfacet
  facet normal 0 0 -1
    outer loop
      vertex 97.382 66.8244 4
      vertex 97.5858 69.4142 4
      vertex 97.5858 66.5858 4
    endloop
  endfacet
  facet normal 0 0 -1
    outer loop
      vertex 97.382 66.8244 4
      vertex 97.382 69.1756 4
      vertex 97.5858 69.4142 4
    endloop
  endfacet
  facet normal 0 0 -1
    outer loop
      vertex 97.218 67.092 4
      vertex 97.382 69.1756 4
      vertex 97.382 66.8244 4
    endloop
  endfacet
  facet normal 0 0 -1
    outer loop
      vertex 97.218 67.092 4
      vertex 97.218 68.908 4
      vertex 97.382 69.1756 4
    endloop
  endfacet
  facet normal 0 0 -1
    outer loop
      vertex 97.0979 67.382 4
      vertex 97.218 68.908 4
      vertex 97.218 67.092 4
    endloop
  endfacet
  facet normal 0 0 -1
    outer loop
      vertex 97.0979 67.382 4
      vertex 97.0979 68.618 4
      vertex 97.218 68.908 4
    endloop
  endfacet
  facet normal 0 0 -1
    outer loop
      vertex 97.0246 67.6871 4
      vertex 97.0979 68.618 4
      vertex 97.0979 67.382 4
    endloop
  endfacet
  facet normal 0 0 -1
    outer loop
      vertex 97.0246 67.6871 4
      vertex 97.0246 68.3129 4
      vertex 97.0979 68.618 4
    endloop
  endfacet
  facet normal 0 -0 -1
    outer loop
      vertex 97.0246 68.3129 4
      vertex 97.0246 67.6871 4
      vertex 97 68 4
    endloop
  endfacet
  facet normal -0.0783775 0.996924 0
    outer loop
      vertex 99.3129 66.0246 0
      vertex 99 66 4
      vertex 99.3129 66.0246 4
    endloop
  endfacet
  facet normal -0.0783775 0.996924 0
    outer loop
      vertex 99 66 4
      vertex 99.3129 66.0246 0
      vertex 99 66 0
    endloop
  endfacet
  facet normal -0.760066 0.649846 0
    outer loop
      vertex 100.414 66.5858 0
      vertex 100.618 66.8244 4
      vertex 100.618 66.8244 0
    endloop
  endfacet
  facet normal -0.760066 0.649846 0
    outer loop
      vertex 100.618 66.8244 4
      vertex 100.414 66.5858 0
      vertex 100.414 66.5858 4
    endloop
  endfacet
  facet normal 0.233602 -0.972332 0
    outer loop
      vertex 98.382 69.9021 0
      vertex 98.6871 69.9754 4
      vertex 98.382 69.9021 4
    endloop
  endfacet
  facet normal 0.233602 -0.972332 0
    outer loop
      vertex 98.6871 69.9754 4
      vertex 98.382 69.9021 0
      vertex 98.6871 69.9754 0
    endloop
  endfacet
  facet normal -0.650423 -0.759572 0
    outer loop
      vertex 100.176 69.618 0
      vertex 100.414 69.4142 4
      vertex 100.176 69.618 4
    endloop
  endfacet
  facet normal -0.650423 -0.759572 -0
    outer loop
      vertex 100.414 69.4142 4
      vertex 100.176 69.618 0
      vertex 100.414 69.4142 0
    endloop
  endfacet
  facet normal 0.649478 -0.76038 0
    outer loop
      vertex 97.5858 69.4142 0
      vertex 97.8244 69.618 4
      vertex 97.5858 69.4142 4
    endloop
  endfacet
  facet normal 0.649478 -0.76038 0
    outer loop
      vertex 97.8244 69.618 4
      vertex 97.5858 69.4142 0
      vertex 97.8244 69.618 0
    endloop
  endfacet
  facet normal -0.972549 -0.232698 0
    outer loop
      vertex 189.975 68.3129 0
      vertex 189.902 68.618 4
      vertex 189.902 68.618 0
    endloop
  endfacet
  facet normal -0.972549 -0.232698 0
    outer loop
      vertex 189.902 68.618 4
      vertex 189.975 68.3129 0
      vertex 189.975 68.3129 4
    endloop
  endfacet
  facet normal -0.233674 -0.972315 0
    outer loop
      vertex 188.313 69.9754 0
      vertex 188.618 69.9021 4
      vertex 188.313 69.9754 4
    endloop
  endfacet
  facet normal -0.233674 -0.972315 -0
    outer loop
      vertex 188.618 69.9021 4
      vertex 188.313 69.9754 0
      vertex 188.618 69.9021 0
    endloop
  endfacet
  facet normal -0.972549 0.232698 0
    outer loop
      vertex 189.902 67.382 0
      vertex 189.975 67.6871 4
      vertex 189.975 67.6871 0
    endloop
  endfacet
  facet normal -0.972549 0.232698 0
    outer loop
      vertex 189.975 67.6871 4
      vertex 189.902 67.382 0
      vertex 189.902 67.382 4
    endloop
  endfacet
  facet normal -0.996823 0.0796439 0
    outer loop
      vertex 189.975 67.6871 0
      vertex 190 68 4
      vertex 190 68 0
    endloop
  endfacet
  facet normal -0.996823 0.0796439 0
    outer loop
      vertex 190 68 4
      vertex 189.975 67.6871 0
      vertex 189.975 67.6871 4
    endloop
  endfacet
  facet normal -0.924017 0.382352 0
    outer loop
      vertex 189.782 67.092 0
      vertex 189.902 67.382 4
      vertex 189.902 67.382 0
    endloop
  endfacet
  facet normal -0.924017 0.382352 0
    outer loop
      vertex 189.902 67.382 4
      vertex 189.782 67.092 0
      vertex 189.782 67.092 4
    endloop
  endfacet
  facet normal 0.0783526 0.996926 -0
    outer loop
      vertex 188 66 0
      vertex 187.687 66.0246 4
      vertex 188 66 4
    endloop
  endfacet
  facet normal 0.0783526 0.996926 0
    outer loop
      vertex 187.687 66.0246 4
      vertex 188 66 0
      vertex 187.687 66.0246 0
    endloop
  endfacet
  facet normal 0.924017 0.382352 0
    outer loop
      vertex 186.218 67.092 4
      vertex 186.098 67.382 0
      vertex 186.098 67.382 4
    endloop
  endfacet
  facet normal 0.924017 0.382352 0
    outer loop
      vertex 186.098 67.382 0
      vertex 186.218 67.092 4
      vertex 186.218 67.092 0
    endloop
  endfacet
  facet normal 0.85262 0.522532 0
    outer loop
      vertex 186.382 66.8244 4
      vertex 186.218 67.092 0
      vertex 186.218 67.092 4
    endloop
  endfacet
  facet normal 0.85262 0.522532 0
    outer loop
      vertex 186.218 67.092 0
      vertex 186.382 66.8244 4
      vertex 186.382 66.8244 0
    endloop
  endfacet
  facet normal -0.0783526 -0.996926 0
    outer loop
      vertex 188 70 0
      vertex 188.313 69.9754 4
      vertex 188 70 4
    endloop
  endfacet
  facet normal -0.0783526 -0.996926 -0
    outer loop
      vertex 188.313 69.9754 4
      vertex 188 70 0
      vertex 188.313 69.9754 0
    endloop
  endfacet
  facet normal 0.382624 -0.923904 0
    outer loop
      vertex 187.092 69.782 0
      vertex 187.382 69.9021 4
      vertex 187.092 69.782 4
    endloop
  endfacet
  facet normal 0.382624 -0.923904 0
    outer loop
      vertex 187.382 69.9021 4
      vertex 187.092 69.782 0
      vertex 187.382 69.9021 0
    endloop
  endfacet
  facet normal 0.924017 -0.382352 0
    outer loop
      vertex 186.098 68.618 4
      vertex 186.218 68.908 0
      vertex 186.218 68.908 4
    endloop
  endfacet
  facet normal 0.924017 -0.382352 0
    outer loop
      vertex 186.218 68.908 0
      vertex 186.098 68.618 4
      vertex 186.098 68.618 0
    endloop
  endfacet
  facet normal 0.760066 0.649846 0
    outer loop
      vertex 186.586 66.5858 4
      vertex 186.382 66.8244 0
      vertex 186.382 66.8244 4
    endloop
  endfacet
  facet normal 0.760066 0.649846 0
    outer loop
      vertex 186.382 66.8244 0
      vertex 186.586 66.5858 4
      vertex 186.586 66.5858 0
    endloop
  endfacet
  facet normal -0.924017 -0.382352 0
    outer loop
      vertex 189.902 68.618 0
      vertex 189.782 68.908 4
      vertex 189.782 68.908 0
    endloop
  endfacet
  facet normal -0.924017 -0.382352 0
    outer loop
      vertex 189.782 68.908 4
      vertex 189.902 68.618 0
      vertex 189.902 68.618 4
    endloop
  endfacet
  facet normal 0.521965 -0.852967 0
    outer loop
      vertex 186.824 69.618 0
      vertex 187.092 69.782 4
      vertex 186.824 69.618 4
    endloop
  endfacet
  facet normal 0.521965 -0.852967 0
    outer loop
      vertex 187.092 69.782 4
      vertex 186.824 69.618 0
      vertex 187.092 69.782 0
    endloop
  endfacet
  facet normal 0.521965 0.852967 -0
    outer loop
      vertex 187.092 66.218 0
      vertex 186.824 66.382 4
      vertex 187.092 66.218 4
    endloop
  endfacet
  facet normal 0.521965 0.852967 0
    outer loop
      vertex 186.824 66.382 4
      vertex 187.092 66.218 0
      vertex 186.824 66.382 0
    endloop
  endfacet
  facet normal 0.996823 -0.0796439 0
    outer loop
      vertex 186 68 4
      vertex 186.025 68.3129 0
      vertex 186.025 68.3129 4
    endloop
  endfacet
  facet normal 0.996823 -0.0796439 0
    outer loop
      vertex 186.025 68.3129 0
      vertex 186 68 4
      vertex 186 68 0
    endloop
  endfacet
  facet normal 0 0 -1
    outer loop
      vertex 189.975 67.6871 4
      vertex 189.975 68.3129 4
      vertex 190 68 4
    endloop
  endfacet
  facet normal 0 0 -1
    outer loop
      vertex 189.902 67.382 4
      vertex 189.975 68.3129 4
      vertex 189.975 67.6871 4
    endloop
  endfacet
  facet normal 0 0 -1
    outer loop
      vertex 189.902 67.382 4
      vertex 189.902 68.618 4
      vertex 189.975 68.3129 4
    endloop
  endfacet
  facet normal 0 0 -1
    outer loop
      vertex 189.782 67.092 4
      vertex 189.902 68.618 4
      vertex 189.902 67.382 4
    endloop
  endfacet
  facet normal 0 0 -1
    outer loop
      vertex 189.782 67.092 4
      vertex 189.782 68.908 4
      vertex 189.902 68.618 4
    endloop
  endfacet
  facet normal 0 0 -1
    outer loop
      vertex 189.618 66.8244 4
      vertex 189.782 68.908 4
      vertex 189.782 67.092 4
    endloop
  endfacet
  facet normal 0 0 -1
    outer loop
      vertex 189.618 66.8244 4
      vertex 189.618 69.1756 4
      vertex 189.782 68.908 4
    endloop
  endfacet
  facet normal 0 0 -1
    outer loop
      vertex 189.414 66.5858 4
      vertex 189.618 69.1756 4
      vertex 189.618 66.8244 4
    endloop
  endfacet
  facet normal 0 0 -1
    outer loop
      vertex 189.414 66.5858 4
      vertex 189.414 69.4142 4
      vertex 189.618 69.1756 4
    endloop
  endfacet
  facet normal 0 0 -1
    outer loop
      vertex 189.176 66.382 4
      vertex 189.414 69.4142 4
      vertex 189.414 66.5858 4
    endloop
  endfacet
  facet normal 0 0 -1
    outer loop
      vertex 189.176 66.382 4
      vertex 189.176 69.618 4
      vertex 189.414 69.4142 4
    endloop
  endfacet
  facet normal 0 0 -1
    outer loop
      vertex 188.908 66.218 4
      vertex 189.176 69.618 4
      vertex 189.176 66.382 4
    endloop
  endfacet
  facet normal 0 0 -1
    outer loop
      vertex 188.908 66.218 4
      vertex 188.908 69.782 4
      vertex 189.176 69.618 4
    endloop
  endfacet
  facet normal 0 0 -1
    outer loop
      vertex 188.618 66.0979 4
      vertex 188.908 69.782 4
      vertex 188.908 66.218 4
    endloop
  endfacet
  facet normal 0 0 -1
    outer loop
      vertex 188.618 66.0979 4
      vertex 188.618 69.9021 4
      vertex 188.908 69.782 4
    endloop
  endfacet
  facet normal 0 0 -1
    outer loop
      vertex 188.313 66.0246 4
      vertex 188.618 69.9021 4
      vertex 188.618 66.0979 4
    endloop
  endfacet
  facet normal 0 0 -1
    outer loop
      vertex 188.313 66.0246 4
      vertex 188.313 69.9754 4
      vertex 188.618 69.9021 4
    endloop
  endfacet
  facet normal 0 0 -1
    outer loop
      vertex 188 66 4
      vertex 188.313 69.9754 4
      vertex 188.313 66.0246 4
    endloop
  endfacet
  facet normal 0 0 -1
    outer loop
      vertex 188 66 4
      vertex 188 70 4
      vertex 188.313 69.9754 4
    endloop
  endfacet
  facet normal 0 0 -1
    outer loop
      vertex 187.687 66.0246 4
      vertex 188 70 4
      vertex 188 66 4
    endloop
  endfacet
  facet normal 0 0 -1
    outer loop
      vertex 187.687 66.0246 4
      vertex 187.687 69.9754 4
      vertex 188 70 4
    endloop
  endfacet
  facet normal 0 0 -1
    outer loop
      vertex 187.382 66.0979 4
      vertex 187.687 69.9754 4
      vertex 187.687 66.0246 4
    endloop
  endfacet
  facet normal 0 0 -1
    outer loop
      vertex 187.382 66.0979 4
      vertex 187.382 69.9021 4
      vertex 187.687 69.9754 4
    endloop
  endfacet
  facet normal 0 0 -1
    outer loop
      vertex 187.092 66.218 4
      vertex 187.382 69.9021 4
      vertex 187.382 66.0979 4
    endloop
  endfacet
  facet normal 0 0 -1
    outer loop
      vertex 187.092 66.218 4
      vertex 187.092 69.782 4
      vertex 187.382 69.9021 4
    endloop
  endfacet
  facet normal 0 0 -1
    outer loop
      vertex 186.824 66.382 4
      vertex 187.092 69.782 4
      vertex 187.092 66.218 4
    endloop
  endfacet
  facet normal 0 0 -1
    outer loop
      vertex 186.824 66.382 4
      vertex 186.824 69.618 4
      vertex 187.092 69.782 4
    endloop
  endfacet
  facet normal 0 0 -1
    outer loop
      vertex 186.586 66.5858 4
      vertex 186.824 69.618 4
      vertex 186.824 66.382 4
    endloop
  endfacet
  facet normal 0 0 -1
    outer loop
      vertex 186.586 66.5858 4
      vertex 186.586 69.4142 4
      vertex 186.824 69.618 4
    endloop
  endfacet
  facet normal 0 0 -1
    outer loop
      vertex 186.382 66.8244 4
      vertex 186.586 69.4142 4
      vertex 186.586 66.5858 4
    endloop
  endfacet
  facet normal 0 0 -1
    outer loop
      vertex 186.382 66.8244 4
      vertex 186.382 69.1756 4
      vertex 186.586 69.4142 4
    endloop
  endfacet
  facet normal 0 0 -1
    outer loop
      vertex 186.218 67.092 4
      vertex 186.382 69.1756 4
      vertex 186.382 66.8244 4
    endloop
  endfacet
  facet normal 0 0 -1
    outer loop
      vertex 186.218 67.092 4
      vertex 186.218 68.908 4
      vertex 186.382 69.1756 4
    endloop
  endfacet
  facet normal 0 0 -1
    outer loop
      vertex 186.098 67.382 4
      vertex 186.218 68.908 4
      vertex 186.218 67.092 4
    endloop
  endfacet
  facet normal 0 0 -1
    outer loop
      vertex 186.098 67.382 4
      vertex 186.098 68.618 4
      vertex 186.218 68.908 4
    endloop
  endfacet
  facet normal 0 0 -1
    outer loop
      vertex 186.025 67.6871 4
      vertex 186.098 68.618 4
      vertex 186.098 67.382 4
    endloop
  endfacet
  facet normal 0 0 -1
    outer loop
      vertex 186.025 67.6871 4
      vertex 186.025 68.3129 4
      vertex 186.098 68.618 4
    endloop
  endfacet
  facet normal 0 -0 -1
    outer loop
      vertex 186.025 68.3129 4
      vertex 186.025 67.6871 4
      vertex 186 68 4
    endloop
  endfacet
  facet normal -0.85262 -0.522532 0
    outer loop
      vertex 189.782 68.908 0
      vertex 189.618 69.1756 4
      vertex 189.618 69.1756 0
    endloop
  endfacet
  facet normal -0.85262 -0.522532 0
    outer loop
      vertex 189.618 69.1756 4
      vertex 189.782 68.908 0
      vertex 189.782 68.908 4
    endloop
  endfacet
  facet normal 0.650423 0.759572 -0
    outer loop
      vertex 186.824 66.382 0
      vertex 186.586 66.5858 4
      vertex 186.824 66.382 4
    endloop
  endfacet
  facet normal 0.650423 0.759572 0
    outer loop
      vertex 186.586 66.5858 4
      vertex 186.824 66.382 0
      vertex 186.586 66.5858 0
    endloop
  endfacet
  facet normal 0.760066 -0.649846 0
    outer loop
      vertex 186.382 69.1756 4
      vertex 186.586 69.4142 0
      vertex 186.586 69.4142 4
    endloop
  endfacet
  facet normal 0.760066 -0.649846 0
    outer loop
      vertex 186.586 69.4142 0
      vertex 186.382 69.1756 4
      vertex 186.382 69.1756 0
    endloop
  endfacet
  facet normal -0.382624 -0.923904 0
    outer loop
      vertex 188.618 69.9021 0
      vertex 188.908 69.782 4
      vertex 188.618 69.9021 4
    endloop
  endfacet
  facet normal -0.382624 -0.923904 -0
    outer loop
      vertex 188.908 69.782 4
      vertex 188.618 69.9021 0
      vertex 188.908 69.782 0
    endloop
  endfacet
  facet normal 0.972549 -0.232698 0
    outer loop
      vertex 186.025 68.3129 4
      vertex 186.098 68.618 0
      vertex 186.098 68.618 4
    endloop
  endfacet
  facet normal 0.972549 -0.232698 0
    outer loop
      vertex 186.098 68.618 0
      vertex 186.025 68.3129 4
      vertex 186.025 68.3129 0
    endloop
  endfacet
  facet normal -0.85262 0.522532 0
    outer loop
      vertex 189.618 66.8244 0
      vertex 189.782 67.092 4
      vertex 189.782 67.092 0
    endloop
  endfacet
  facet normal -0.85262 0.522532 0
    outer loop
      vertex 189.782 67.092 4
      vertex 189.618 66.8244 0
      vertex 189.618 66.8244 4
    endloop
  endfacet
  facet normal 0.382624 0.923904 -0
    outer loop
      vertex 187.382 66.0979 0
      vertex 187.092 66.218 4
      vertex 187.382 66.0979 4
    endloop
  endfacet
  facet normal 0.382624 0.923904 0
    outer loop
      vertex 187.092 66.218 4
      vertex 187.382 66.0979 0
      vertex 187.092 66.218 0
    endloop
  endfacet
  facet normal 0.233674 0.972315 -0
    outer loop
      vertex 187.687 66.0246 0
      vertex 187.382 66.0979 4
      vertex 187.687 66.0246 4
    endloop
  endfacet
  facet normal 0.233674 0.972315 0
    outer loop
      vertex 187.382 66.0979 4
      vertex 187.687 66.0246 0
      vertex 187.382 66.0979 0
    endloop
  endfacet
  facet normal -0.233674 0.972315 0
    outer loop
      vertex 188.618 66.0979 0
      vertex 188.313 66.0246 4
      vertex 188.618 66.0979 4
    endloop
  endfacet
  facet normal -0.233674 0.972315 0
    outer loop
      vertex 188.313 66.0246 4
      vertex 188.618 66.0979 0
      vertex 188.313 66.0246 0
    endloop
  endfacet
  facet normal 0.996823 0.0796439 0
    outer loop
      vertex 186.025 67.6871 4
      vertex 186 68 0
      vertex 186 68 4
    endloop
  endfacet
  facet normal 0.996823 0.0796439 0
    outer loop
      vertex 186 68 0
      vertex 186.025 67.6871 4
      vertex 186.025 67.6871 0
    endloop
  endfacet
  facet normal -0.382624 0.923904 0
    outer loop
      vertex 188.908 66.218 0
      vertex 188.618 66.0979 4
      vertex 188.908 66.218 4
    endloop
  endfacet
  facet normal -0.382624 0.923904 0
    outer loop
      vertex 188.618 66.0979 4
      vertex 188.908 66.218 0
      vertex 188.618 66.0979 0
    endloop
  endfacet
  facet normal -0.521965 -0.852967 0
    outer loop
      vertex 188.908 69.782 0
      vertex 189.176 69.618 4
      vertex 188.908 69.782 4
    endloop
  endfacet
  facet normal -0.521965 -0.852967 -0
    outer loop
      vertex 189.176 69.618 4
      vertex 188.908 69.782 0
      vertex 189.176 69.618 0
    endloop
  endfacet
  facet normal -0.996823 -0.0796439 0
    outer loop
      vertex 190 68 0
      vertex 189.975 68.3129 4
      vertex 189.975 68.3129 0
    endloop
  endfacet
  facet normal -0.996823 -0.0796439 0
    outer loop
      vertex 189.975 68.3129 4
      vertex 190 68 0
      vertex 190 68 4
    endloop
  endfacet
  facet normal -0.521965 0.852967 0
    outer loop
      vertex 189.176 66.382 0
      vertex 188.908 66.218 4
      vertex 189.176 66.382 4
    endloop
  endfacet
  facet normal -0.521965 0.852967 0
    outer loop
      vertex 188.908 66.218 4
      vertex 189.176 66.382 0
      vertex 188.908 66.218 0
    endloop
  endfacet
  facet normal -0.650423 0.759572 0
    outer loop
      vertex 189.414 66.5858 0
      vertex 189.176 66.382 4
      vertex 189.414 66.5858 4
    endloop
  endfacet
  facet normal -0.650423 0.759572 0
    outer loop
      vertex 189.176 66.382 4
      vertex 189.414 66.5858 0
      vertex 189.176 66.382 0
    endloop
  endfacet
  facet normal 0.972549 0.232698 0
    outer loop
      vertex 186.098 67.382 4
      vertex 186.025 67.6871 0
      vertex 186.025 67.6871 4
    endloop
  endfacet
  facet normal 0.972549 0.232698 0
    outer loop
      vertex 186.025 67.6871 0
      vertex 186.098 67.382 4
      vertex 186.098 67.382 0
    endloop
  endfacet
  facet normal 0.85262 -0.522532 0
    outer loop
      vertex 186.218 68.908 4
      vertex 186.382 69.1756 0
      vertex 186.382 69.1756 4
    endloop
  endfacet
  facet normal 0.85262 -0.522532 0
    outer loop
      vertex 186.382 69.1756 0
      vertex 186.218 68.908 4
      vertex 186.218 68.908 0
    endloop
  endfacet
  facet normal -0.760066 -0.649846 0
    outer loop
      vertex 189.618 69.1756 0
      vertex 189.414 69.4142 4
      vertex 189.414 69.4142 0
    endloop
  endfacet
  facet normal -0.760066 -0.649846 0
    outer loop
      vertex 189.414 69.4142 4
      vertex 189.618 69.1756 0
      vertex 189.618 69.1756 4
    endloop
  endfacet
  facet normal 0.0783526 -0.996926 0
    outer loop
      vertex 187.687 69.9754 0
      vertex 188 70 4
      vertex 187.687 69.9754 4
    endloop
  endfacet
  facet normal 0.0783526 -0.996926 0
    outer loop
      vertex 188 70 4
      vertex 187.687 69.9754 0
      vertex 188 70 0
    endloop
  endfacet
  facet normal -0.0783526 0.996926 0
    outer loop
      vertex 188.313 66.0246 0
      vertex 188 66 4
      vertex 188.313 66.0246 4
    endloop
  endfacet
  facet normal -0.0783526 0.996926 0
    outer loop
      vertex 188 66 4
      vertex 188.313 66.0246 0
      vertex 188 66 0
    endloop
  endfacet
  facet normal -0.760066 0.649846 0
    outer loop
      vertex 189.414 66.5858 0
      vertex 189.618 66.8244 4
      vertex 189.618 66.8244 0
    endloop
  endfacet
  facet normal -0.760066 0.649846 0
    outer loop
      vertex 189.618 66.8244 4
      vertex 189.414 66.5858 0
      vertex 189.414 66.5858 4
    endloop
  endfacet
  facet normal 0.233674 -0.972315 0
    outer loop
      vertex 187.382 69.9021 0
      vertex 187.687 69.9754 4
      vertex 187.382 69.9021 4
    endloop
  endfacet
  facet normal 0.233674 -0.972315 0
    outer loop
      vertex 187.687 69.9754 4
      vertex 187.382 69.9021 0
      vertex 187.687 69.9754 0
    endloop
  endfacet
  facet normal -0.650423 -0.759572 0
    outer loop
      vertex 189.176 69.618 0
      vertex 189.414 69.4142 4
      vertex 189.176 69.618 4
    endloop
  endfacet
  facet normal -0.650423 -0.759572 -0
    outer loop
      vertex 189.414 69.4142 4
      vertex 189.176 69.618 0
      vertex 189.414 69.4142 0
    endloop
  endfacet
  facet normal 0.650423 -0.759572 0
    outer loop
      vertex 186.586 69.4142 0
      vertex 186.824 69.618 4
      vertex 186.586 69.4142 4
    endloop
  endfacet
  facet normal 0.650423 -0.759572 0
    outer loop
      vertex 186.824 69.618 4
      vertex 186.586 69.4142 0
      vertex 186.824 69.618 0
    endloop
  endfacet
  facet normal -0.972559 -0.232654 0
    outer loop
      vertex 146.975 9.31287 0
      vertex 146.902 9.61803 4
      vertex 146.902 9.61803 0
    endloop
  endfacet
  facet normal -0.972559 -0.232654 0
    outer loop
      vertex 146.902 9.61803 4
      vertex 146.975 9.31287 0
      vertex 146.975 9.31287 4
    endloop
  endfacet
  facet normal -0.233674 -0.972315 0
    outer loop
      vertex 145.313 10.9754 0
      vertex 145.618 10.9021 4
      vertex 145.313 10.9754 4
    endloop
  endfacet
  facet normal -0.233674 -0.972315 -0
    outer loop
      vertex 145.618 10.9021 4
      vertex 145.313 10.9754 0
      vertex 145.618 10.9021 0
    endloop
  endfacet
  facet normal -0.972559 0.232654 0
    outer loop
      vertex 146.902 8.38197 0
      vertex 146.975 8.68713 4
      vertex 146.975 8.68713 0
    endloop
  endfacet
  facet normal -0.972559 0.232654 0
    outer loop
      vertex 146.975 8.68713 4
      vertex 146.902 8.38197 0
      vertex 146.902 8.38197 4
    endloop
  endfacet
  facet normal -0.996823 0.0796515 0
    outer loop
      vertex 146.975 8.68713 0
      vertex 147 9 4
      vertex 147 9 0
    endloop
  endfacet
  facet normal -0.996823 0.0796515 0
    outer loop
      vertex 147 9 4
      vertex 146.975 8.68713 0
      vertex 146.975 8.68713 4
    endloop
  endfacet
  facet normal -0.923994 0.382408 0
    outer loop
      vertex 146.782 8.09202 0
      vertex 146.902 8.38197 4
      vertex 146.902 8.38197 0
    endloop
  endfacet
  facet normal -0.923994 0.382408 0
    outer loop
      vertex 146.902 8.38197 4
      vertex 146.782 8.09202 0
      vertex 146.782 8.09202 4
    endloop
  endfacet
  facet normal 0.0784159 0.996921 -0
    outer loop
      vertex 145 7 0
      vertex 144.687 7.02462 4
      vertex 145 7 4
    endloop
  endfacet
  facet normal 0.0784159 0.996921 0
    outer loop
      vertex 144.687 7.02462 4
      vertex 145 7 0
      vertex 144.687 7.02462 0
    endloop
  endfacet
  facet normal 0.923994 0.382408 0
    outer loop
      vertex 143.218 8.09202 4
      vertex 143.098 8.38197 0
      vertex 143.098 8.38197 4
    endloop
  endfacet
  facet normal 0.923994 0.382408 0
    outer loop
      vertex 143.098 8.38197 0
      vertex 143.218 8.09202 4
      vertex 143.218 8.09202 0
    endloop
  endfacet
  facet normal 0.852611 0.522546 0
    outer loop
      vertex 143.382 7.82443 4
      vertex 143.218 8.09202 0
      vertex 143.218 8.09202 4
    endloop
  endfacet
  facet normal 0.852611 0.522546 0
    outer loop
      vertex 143.218 8.09202 0
      vertex 143.382 7.82443 4
      vertex 143.382 7.82443 0
    endloop
  endfacet
  facet normal -0.0783526 -0.996926 0
    outer loop
      vertex 145 11 0
      vertex 145.313 10.9754 4
      vertex 145 11 4
    endloop
  endfacet
  facet normal -0.0783526 -0.996926 -0
    outer loop
      vertex 145.313 10.9754 4
      vertex 145 11 0
      vertex 145.313 10.9754 0
    endloop
  endfacet
  facet normal 0.382624 -0.923904 0
    outer loop
      vertex 144.092 10.782 0
      vertex 144.382 10.9021 4
      vertex 144.092 10.782 4
    endloop
  endfacet
  facet normal 0.382624 -0.923904 0
    outer loop
      vertex 144.382 10.9021 4
      vertex 144.092 10.782 0
      vertex 144.382 10.9021 0
    endloop
  endfacet
  facet normal 0.923994 -0.382408 0
    outer loop
      vertex 143.098 9.61803 4
      vertex 143.218 9.90798 0
      vertex 143.218 9.90798 4
    endloop
  endfacet
  facet normal 0.923994 -0.382408 0
    outer loop
      vertex 143.218 9.90798 0
      vertex 143.098 9.61803 4
      vertex 143.098 9.61803 0
    endloop
  endfacet
  facet normal 0.760119 0.649784 0
    outer loop
      vertex 143.586 7.58579 4
      vertex 143.382 7.82443 0
      vertex 143.382 7.82443 4
    endloop
  endfacet
  facet normal 0.760119 0.649784 0
    outer loop
      vertex 143.382 7.82443 0
      vertex 143.586 7.58579 4
      vertex 143.586 7.58579 0
    endloop
  endfacet
  facet normal -0.923994 -0.382408 0
    outer loop
      vertex 146.902 9.61803 0
      vertex 146.782 9.90798 4
      vertex 146.782 9.90798 0
    endloop
  endfacet
  facet normal -0.923994 -0.382408 0
    outer loop
      vertex 146.782 9.90798 4
      vertex 146.902 9.61803 0
      vertex 146.902 9.61803 4
    endloop
  endfacet
  facet normal 0.521965 -0.852967 0
    outer loop
      vertex 143.824 10.618 0
      vertex 144.092 10.782 4
      vertex 143.824 10.618 4
    endloop
  endfacet
  facet normal 0.521965 -0.852967 0
    outer loop
      vertex 144.092 10.782 4
      vertex 143.824 10.618 0
      vertex 144.092 10.782 0
    endloop
  endfacet
  facet normal 0.521919 0.852995 -0
    outer loop
      vertex 144.092 7.21799 0
      vertex 143.824 7.38197 4
      vertex 144.092 7.21799 4
    endloop
  endfacet
  facet normal 0.521919 0.852995 0
    outer loop
      vertex 143.824 7.38197 4
      vertex 144.092 7.21799 0
      vertex 143.824 7.38197 0
    endloop
  endfacet
  facet normal 0.996823 -0.0796515 0
    outer loop
      vertex 143 9 4
      vertex 143.025 9.31287 0
      vertex 143.025 9.31287 4
    endloop
  endfacet
  facet normal 0.996823 -0.0796515 0
    outer loop
      vertex 143.025 9.31287 0
      vertex 143 9 4
      vertex 143 9 0
    endloop
  endfacet
  facet normal 0 0 -1
    outer loop
      vertex 146.975 8.68713 4
      vertex 146.975 9.31287 4
      vertex 147 9 4
    endloop
  endfacet
  facet normal 0 0 -1
    outer loop
      vertex 146.902 8.38197 4
      vertex 146.975 9.31287 4
      vertex 146.975 8.68713 4
    endloop
  endfacet
  facet normal 0 0 -1
    outer loop
      vertex 146.902 8.38197 4
      vertex 146.902 9.61803 4
      vertex 146.975 9.31287 4
    endloop
  endfacet
  facet normal 0 0 -1
    outer loop
      vertex 146.782 8.09202 4
      vertex 146.902 9.61803 4
      vertex 146.902 8.38197 4
    endloop
  endfacet
  facet normal 0 0 -1
    outer loop
      vertex 146.782 8.09202 4
      vertex 146.782 9.90798 4
      vertex 146.902 9.61803 4
    endloop
  endfacet
  facet normal 0 0 -1
    outer loop
      vertex 146.618 7.82443 4
      vertex 146.782 9.90798 4
      vertex 146.782 8.09202 4
    endloop
  endfacet
  facet normal 0 0 -1
    outer loop
      vertex 146.618 7.82443 4
      vertex 146.618 10.1756 4
      vertex 146.782 9.90798 4
    endloop
  endfacet
  facet normal 0 0 -1
    outer loop
      vertex 146.414 7.58579 4
      vertex 146.618 10.1756 4
      vertex 146.618 7.82443 4
    endloop
  endfacet
  facet normal 0 0 -1
    outer loop
      vertex 146.414 7.58579 4
      vertex 146.414 10.4142 4
      vertex 146.618 10.1756 4
    endloop
  endfacet
  facet normal 0 0 -1
    outer loop
      vertex 146.176 7.38197 4
      vertex 146.414 10.4142 4
      vertex 146.414 7.58579 4
    endloop
  endfacet
  facet normal 0 0 -1
    outer loop
      vertex 146.176 7.38197 4
      vertex 146.176 10.618 4
      vertex 146.414 10.4142 4
    endloop
  endfacet
  facet normal 0 0 -1
    outer loop
      vertex 145.908 7.21799 4
      vertex 146.176 10.618 4
      vertex 146.176 7.38197 4
    endloop
  endfacet
  facet normal 0 0 -1
    outer loop
      vertex 145.908 7.21799 4
      vertex 145.908 10.782 4
      vertex 146.176 10.618 4
    endloop
  endfacet
  facet normal 0 0 -1
    outer loop
      vertex 145.618 7.09789 4
      vertex 145.908 10.782 4
      vertex 145.908 7.21799 4
    endloop
  endfacet
  facet normal 0 0 -1
    outer loop
      vertex 145.618 7.09789 4
      vertex 145.618 10.9021 4
      vertex 145.908 10.782 4
    endloop
  endfacet
  facet normal 0 0 -1
    outer loop
      vertex 145.313 7.02462 4
      vertex 145.618 10.9021 4
      vertex 145.618 7.09789 4
    endloop
  endfacet
  facet normal 0 0 -1
    outer loop
      vertex 145.313 7.02462 4
      vertex 145.313 10.9754 4
      vertex 145.618 10.9021 4
    endloop
  endfacet
  facet normal 0 0 -1
    outer loop
      vertex 145 7 4
      vertex 145.313 10.9754 4
      vertex 145.313 7.02462 4
    endloop
  endfacet
  facet normal 0 0 -1
    outer loop
      vertex 145 7 4
      vertex 145 11 4
      vertex 145.313 10.9754 4
    endloop
  endfacet
  facet normal 0 0 -1
    outer loop
      vertex 144.687 7.02462 4
      vertex 145 11 4
      vertex 145 7 4
    endloop
  endfacet
  facet normal 0 0 -1
    outer loop
      vertex 144.687 7.02462 4
      vertex 144.687 10.9754 4
      vertex 145 11 4
    endloop
  endfacet
  facet normal 0 0 -1
    outer loop
      vertex 144.382 7.09789 4
      vertex 144.687 10.9754 4
      vertex 144.687 7.02462 4
    endloop
  endfacet
  facet normal 0 0 -1
    outer loop
      vertex 144.382 7.09789 4
      vertex 144.382 10.9021 4
      vertex 144.687 10.9754 4
    endloop
  endfacet
  facet normal 0 0 -1
    outer loop
      vertex 144.092 7.21799 4
      vertex 144.382 10.9021 4
      vertex 144.382 7.09789 4
    endloop
  endfacet
  facet normal 0 0 -1
    outer loop
      vertex 144.092 7.21799 4
      vertex 144.092 10.782 4
      vertex 144.382 10.9021 4
    endloop
  endfacet
  facet normal 0 0 -1
    outer loop
      vertex 143.824 7.38197 4
      vertex 144.092 10.782 4
      vertex 144.092 7.21799 4
    endloop
  endfacet
  facet normal 0 0 -1
    outer loop
      vertex 143.824 7.38197 4
      vertex 143.824 10.618 4
      vertex 144.092 10.782 4
    endloop
  endfacet
  facet normal 0 0 -1
    outer loop
      vertex 143.586 7.58579 4
      vertex 143.824 10.618 4
      vertex 143.824 7.38197 4
    endloop
  endfacet
  facet normal 0 0 -1
    outer loop
      vertex 143.586 7.58579 4
      vertex 143.586 10.4142 4
      vertex 143.824 10.618 4
    endloop
  endfacet
  facet normal 0 0 -1
    outer loop
      vertex 143.382 7.82443 4
      vertex 143.586 10.4142 4
      vertex 143.586 7.58579 4
    endloop
  endfacet
  facet normal 0 0 -1
    outer loop
      vertex 143.382 7.82443 4
      vertex 143.382 10.1756 4
      vertex 143.586 10.4142 4
    endloop
  endfacet
  facet normal 0 0 -1
    outer loop
      vertex 143.218 8.09202 4
      vertex 143.382 10.1756 4
      vertex 143.382 7.82443 4
    endloop
  endfacet
  facet normal 0 0 -1
    outer loop
      vertex 143.218 8.09202 4
      vertex 143.218 9.90798 4
      vertex 143.382 10.1756 4
    endloop
  endfacet
  facet normal 0 0 -1
    outer loop
      vertex 143.098 8.38197 4
      vertex 143.218 9.90798 4
      vertex 143.218 8.09202 4
    endloop
  endfacet
  facet normal 0 0 -1
    outer loop
      vertex 143.098 8.38197 4
      vertex 143.098 9.61803 4
      vertex 143.218 9.90798 4
    endloop
  endfacet
  facet normal 0 0 -1
    outer loop
      vertex 143.025 8.68713 4
      vertex 143.098 9.61803 4
      vertex 143.098 8.38197 4
    endloop
  endfacet
  facet normal 0 0 -1
    outer loop
      vertex 143.025 8.68713 4
      vertex 143.025 9.31287 4
      vertex 143.098 9.61803 4
    endloop
  endfacet
  facet normal 0 -0 -1
    outer loop
      vertex 143.025 9.31287 4
      vertex 143.025 8.68713 4
      vertex 143 9 4
    endloop
  endfacet
  facet normal -0.852637 -0.522504 0
    outer loop
      vertex 146.782 9.90798 0
      vertex 146.618 10.1756 4
      vertex 146.618 10.1756 0
    endloop
  endfacet
  facet normal -0.852637 -0.522504 0
    outer loop
      vertex 146.618 10.1756 4
      vertex 146.782 9.90798 0
      vertex 146.782 9.90798 4
    endloop
  endfacet
  facet normal 0.65046 0.75954 -0
    outer loop
      vertex 143.824 7.38197 0
      vertex 143.586 7.58579 4
      vertex 143.824 7.38197 4
    endloop
  endfacet
  facet normal 0.65046 0.75954 0
    outer loop
      vertex 143.586 7.58579 4
      vertex 143.824 7.38197 0
      vertex 143.586 7.58579 0
    endloop
  endfacet
  facet normal 0.760066 -0.649846 0
    outer loop
      vertex 143.382 10.1756 4
      vertex 143.586 10.4142 0
      vertex 143.586 10.4142 4
    endloop
  endfacet
  facet normal 0.760066 -0.649846 0
    outer loop
      vertex 143.586 10.4142 0
      vertex 143.382 10.1756 4
      vertex 143.382 10.1756 0
    endloop
  endfacet
  facet normal -0.382624 -0.923904 0
    outer loop
      vertex 145.618 10.9021 0
      vertex 145.908 10.782 4
      vertex 145.618 10.9021 4
    endloop
  endfacet
  facet normal -0.382624 -0.923904 -0
    outer loop
      vertex 145.908 10.782 4
      vertex 145.618 10.9021 0
      vertex 145.908 10.782 0
    endloop
  endfacet
  facet normal 0.972559 -0.232654 0
    outer loop
      vertex 143.025 9.31287 4
      vertex 143.098 9.61803 0
      vertex 143.098 9.61803 4
    endloop
  endfacet
  facet normal 0.972559 -0.232654 0
    outer loop
      vertex 143.098 9.61803 0
      vertex 143.025 9.31287 4
      vertex 143.025 9.31287 0
    endloop
  endfacet
  facet normal -0.852611 0.522546 0
    outer loop
      vertex 146.618 7.82443 0
      vertex 146.782 8.09202 4
      vertex 146.782 8.09202 0
    endloop
  endfacet
  facet normal -0.852611 0.522546 0
    outer loop
      vertex 146.782 8.09202 4
      vertex 146.618 7.82443 0
      vertex 146.618 7.82443 4
    endloop
  endfacet
  facet normal 0.382624 0.923904 -0
    outer loop
      vertex 144.382 7.09789 0
      vertex 144.092 7.21799 4
      vertex 144.382 7.09789 4
    endloop
  endfacet
  facet normal 0.382624 0.923904 0
    outer loop
      vertex 144.092 7.21799 4
      vertex 144.382 7.09789 0
      vertex 144.092 7.21799 0
    endloop
  endfacet
  facet normal 0.233584 0.972337 -0
    outer loop
      vertex 144.687 7.02462 0
      vertex 144.382 7.09789 4
      vertex 144.687 7.02462 4
    endloop
  endfacet
  facet normal 0.233584 0.972337 0
    outer loop
      vertex 144.382 7.09789 4
      vertex 144.687 7.02462 0
      vertex 144.382 7.09789 0
    endloop
  endfacet
  facet normal -0.233584 0.972337 0
    outer loop
      vertex 145.618 7.09789 0
      vertex 145.313 7.02462 4
      vertex 145.618 7.09789 4
    endloop
  endfacet
  facet normal -0.233584 0.972337 0
    outer loop
      vertex 145.313 7.02462 4
      vertex 145.618 7.09789 0
      vertex 145.313 7.02462 0
    endloop
  endfacet
  facet normal 0.996823 0.0796515 0
    outer loop
      vertex 143.025 8.68713 4
      vertex 143 9 0
      vertex 143 9 4
    endloop
  endfacet
  facet normal 0.996823 0.0796515 0
    outer loop
      vertex 143 9 0
      vertex 143.025 8.68713 4
      vertex 143.025 8.68713 0
    endloop
  endfacet
  facet normal -0.382624 0.923904 0
    outer loop
      vertex 145.908 7.21799 0
      vertex 145.618 7.09789 4
      vertex 145.908 7.21799 4
    endloop
  endfacet
  facet normal -0.382624 0.923904 0
    outer loop
      vertex 145.618 7.09789 4
      vertex 145.908 7.21799 0
      vertex 145.618 7.09789 0
    endloop
  endfacet
  facet normal -0.521965 -0.852967 0
    outer loop
      vertex 145.908 10.782 0
      vertex 146.176 10.618 4
      vertex 145.908 10.782 4
    endloop
  endfacet
  facet normal -0.521965 -0.852967 -0
    outer loop
      vertex 146.176 10.618 4
      vertex 145.908 10.782 0
      vertex 146.176 10.618 0
    endloop
  endfacet
  facet normal -0.996823 -0.0796515 0
    outer loop
      vertex 147 9 0
      vertex 146.975 9.31287 4
      vertex 146.975 9.31287 0
    endloop
  endfacet
  facet normal -0.996823 -0.0796515 0
    outer loop
      vertex 146.975 9.31287 4
      vertex 147 9 0
      vertex 147 9 4
    endloop
  endfacet
  facet normal -0.521919 0.852995 0
    outer loop
      vertex 146.176 7.38197 0
      vertex 145.908 7.21799 4
      vertex 146.176 7.38197 4
    endloop
  endfacet
  facet normal -0.521919 0.852995 0
    outer loop
      vertex 145.908 7.21799 4
      vertex 146.176 7.38197 0
      vertex 145.908 7.21799 0
    endloop
  endfacet
  facet normal -0.65046 0.75954 0
    outer loop
      vertex 146.414 7.58579 0
      vertex 146.176 7.38197 4
      vertex 146.414 7.58579 4
    endloop
  endfacet
  facet normal -0.65046 0.75954 0
    outer loop
      vertex 146.176 7.38197 4
      vertex 146.414 7.58579 0
      vertex 146.176 7.38197 0
    endloop
  endfacet
  facet normal 0.972559 0.232654 0
    outer loop
      vertex 143.098 8.38197 4
      vertex 143.025 8.68713 0
      vertex 143.025 8.68713 4
    endloop
  endfacet
  facet normal 0.972559 0.232654 0
    outer loop
      vertex 143.025 8.68713 0
      vertex 143.098 8.38197 4
      vertex 143.098 8.38197 0
    endloop
  endfacet
  facet normal 0.852637 -0.522504 0
    outer loop
      vertex 143.218 9.90798 4
      vertex 143.382 10.1756 0
      vertex 143.382 10.1756 4
    endloop
  endfacet
  facet normal 0.852637 -0.522504 0
    outer loop
      vertex 143.382 10.1756 0
      vertex 143.218 9.90798 4
      vertex 143.218 9.90798 0
    endloop
  endfacet
  facet normal -0.760066 -0.649846 0
    outer loop
      vertex 146.618 10.1756 0
      vertex 146.414 10.4142 4
      vertex 146.414 10.4142 0
    endloop
  endfacet
  facet normal -0.760066 -0.649846 0
    outer loop
      vertex 146.414 10.4142 4
      vertex 146.618 10.1756 0
      vertex 146.618 10.1756 4
    endloop
  endfacet
  facet normal 0.0783526 -0.996926 0
    outer loop
      vertex 144.687 10.9754 0
      vertex 145 11 4
      vertex 144.687 10.9754 4
    endloop
  endfacet
  facet normal 0.0783526 -0.996926 0
    outer loop
      vertex 145 11 4
      vertex 144.687 10.9754 0
      vertex 145 11 0
    endloop
  endfacet
  facet normal -0.0784159 0.996921 0
    outer loop
      vertex 145.313 7.02462 0
      vertex 145 7 4
      vertex 145.313 7.02462 4
    endloop
  endfacet
  facet normal -0.0784159 0.996921 0
    outer loop
      vertex 145 7 4
      vertex 145.313 7.02462 0
      vertex 145 7 0
    endloop
  endfacet
  facet normal -0.760119 0.649784 0
    outer loop
      vertex 146.414 7.58579 0
      vertex 146.618 7.82443 4
      vertex 146.618 7.82443 0
    endloop
  endfacet
  facet normal -0.760119 0.649784 0
    outer loop
      vertex 146.618 7.82443 4
      vertex 146.414 7.58579 0
      vertex 146.414 7.58579 4
    endloop
  endfacet
  facet normal 0.233674 -0.972315 0
    outer loop
      vertex 144.382 10.9021 0
      vertex 144.687 10.9754 4
      vertex 144.382 10.9021 4
    endloop
  endfacet
  facet normal 0.233674 -0.972315 0
    outer loop
      vertex 144.687 10.9754 4
      vertex 144.382 10.9021 0
      vertex 144.687 10.9754 0
    endloop
  endfacet
  facet normal -0.650423 -0.759572 0
    outer loop
      vertex 146.176 10.618 0
      vertex 146.414 10.4142 4
      vertex 146.176 10.618 4
    endloop
  endfacet
  facet normal -0.650423 -0.759572 -0
    outer loop
      vertex 146.414 10.4142 4
      vertex 146.176 10.618 0
      vertex 146.414 10.4142 0
    endloop
  endfacet
  facet normal 0.650423 -0.759572 0
    outer loop
      vertex 143.586 10.4142 0
      vertex 143.824 10.618 4
      vertex 143.586 10.4142 4
    endloop
  endfacet
  facet normal 0.650423 -0.759572 0
    outer loop
      vertex 143.824 10.618 4
      vertex 143.586 10.4142 0
      vertex 143.824 10.618 0
    endloop
  endfacet
  facet normal -0.972559 -0.232654 0
    outer loop
      vertex 189.975 9.31287 0
      vertex 189.902 9.61803 4
      vertex 189.902 9.61803 0
    endloop
  endfacet
  facet normal -0.972559 -0.232654 0
    outer loop
      vertex 189.902 9.61803 4
      vertex 189.975 9.31287 0
      vertex 189.975 9.31287 4
    endloop
  endfacet
  facet normal -0.233674 -0.972315 0
    outer loop
      vertex 188.313 10.9754 0
      vertex 188.618 10.9021 4
      vertex 188.313 10.9754 4
    endloop
  endfacet
  facet normal -0.233674 -0.972315 -0
    outer loop
      vertex 188.618 10.9021 4
      vertex 188.313 10.9754 0
      vertex 188.618 10.9021 0
    endloop
  endfacet
  facet normal -0.972559 0.232654 0
    outer loop
      vertex 189.902 8.38197 0
      vertex 189.975 8.68713 4
      vertex 189.975 8.68713 0
    endloop
  endfacet
  facet normal -0.972559 0.232654 0
    outer loop
      vertex 189.975 8.68713 4
      vertex 189.902 8.38197 0
      vertex 189.902 8.38197 4
    endloop
  endfacet
  facet normal -0.996823 0.0796515 0
    outer loop
      vertex 189.975 8.68713 0
      vertex 190 9 4
      vertex 190 9 0
    endloop
  endfacet
  facet normal -0.996823 0.0796515 0
    outer loop
      vertex 190 9 4
      vertex 189.975 8.68713 0
      vertex 189.975 8.68713 4
    endloop
  endfacet
  facet normal -0.923994 0.382408 0
    outer loop
      vertex 189.782 8.09202 0
      vertex 189.902 8.38197 4
      vertex 189.902 8.38197 0
    endloop
  endfacet
  facet normal -0.923994 0.382408 0
    outer loop
      vertex 189.902 8.38197 4
      vertex 189.782 8.09202 0
      vertex 189.782 8.09202 4
    endloop
  endfacet
  facet normal 0.0784159 0.996921 -0
    outer loop
      vertex 188 7 0
      vertex 187.687 7.02462 4
      vertex 188 7 4
    endloop
  endfacet
  facet normal 0.0784159 0.996921 0
    outer loop
      vertex 187.687 7.02462 4
      vertex 188 7 0
      vertex 187.687 7.02462 0
    endloop
  endfacet
  facet normal 0.923994 0.382408 0
    outer loop
      vertex 186.218 8.09202 4
      vertex 186.098 8.38197 0
      vertex 186.098 8.38197 4
    endloop
  endfacet
  facet normal 0.923994 0.382408 0
    outer loop
      vertex 186.098 8.38197 0
      vertex 186.218 8.09202 4
      vertex 186.218 8.09202 0
    endloop
  endfacet
  facet normal 0.852611 0.522546 0
    outer loop
      vertex 186.382 7.82443 4
      vertex 186.218 8.09202 0
      vertex 186.218 8.09202 4
    endloop
  endfacet
  facet normal 0.852611 0.522546 0
    outer loop
      vertex 186.218 8.09202 0
      vertex 186.382 7.82443 4
      vertex 186.382 7.82443 0
    endloop
  endfacet
  facet normal -0.0783526 -0.996926 0
    outer loop
      vertex 188 11 0
      vertex 188.313 10.9754 4
      vertex 188 11 4
    endloop
  endfacet
  facet normal -0.0783526 -0.996926 -0
    outer loop
      vertex 188.313 10.9754 4
      vertex 188 11 0
      vertex 188.313 10.9754 0
    endloop
  endfacet
  facet normal 0.382624 -0.923904 0
    outer loop
      vertex 187.092 10.782 0
      vertex 187.382 10.9021 4
      vertex 187.092 10.782 4
    endloop
  endfacet
  facet normal 0.382624 -0.923904 0
    outer loop
      vertex 187.382 10.9021 4
      vertex 187.092 10.782 0
      vertex 187.382 10.9021 0
    endloop
  endfacet
  facet normal 0.923994 -0.382408 0
    outer loop
      vertex 186.098 9.61803 4
      vertex 186.218 9.90798 0
      vertex 186.218 9.90798 4
    endloop
  endfacet
  facet normal 0.923994 -0.382408 0
    outer loop
      vertex 186.218 9.90798 0
      vertex 186.098 9.61803 4
      vertex 186.098 9.61803 0
    endloop
  endfacet
  facet normal 0.760119 0.649784 0
    outer loop
      vertex 186.586 7.58579 4
      vertex 186.382 7.82443 0
      vertex 186.382 7.82443 4
    endloop
  endfacet
  facet normal 0.760119 0.649784 0
    outer loop
      vertex 186.382 7.82443 0
      vertex 186.586 7.58579 4
      vertex 186.586 7.58579 0
    endloop
  endfacet
  facet normal -0.923994 -0.382408 0
    outer loop
      vertex 189.902 9.61803 0
      vertex 189.782 9.90798 4
      vertex 189.782 9.90798 0
    endloop
  endfacet
  facet normal -0.923994 -0.382408 0
    outer loop
      vertex 189.782 9.90798 4
      vertex 189.902 9.61803 0
      vertex 189.902 9.61803 4
    endloop
  endfacet
  facet normal 0.521965 -0.852967 0
    outer loop
      vertex 186.824 10.618 0
      vertex 187.092 10.782 4
      vertex 186.824 10.618 4
    endloop
  endfacet
  facet normal 0.521965 -0.852967 0
    outer loop
      vertex 187.092 10.782 4
      vertex 186.824 10.618 0
      vertex 187.092 10.782 0
    endloop
  endfacet
  facet normal 0.521919 0.852995 -0
    outer loop
      vertex 187.092 7.21799 0
      vertex 186.824 7.38197 4
      vertex 187.092 7.21799 4
    endloop
  endfacet
  facet normal 0.521919 0.852995 0
    outer loop
      vertex 186.824 7.38197 4
      vertex 187.092 7.21799 0
      vertex 186.824 7.38197 0
    endloop
  endfacet
  facet normal 0.996823 -0.0796515 0
    outer loop
      vertex 186 9 4
      vertex 186.025 9.31287 0
      vertex 186.025 9.31287 4
    endloop
  endfacet
  facet normal 0.996823 -0.0796515 0
    outer loop
      vertex 186.025 9.31287 0
      vertex 186 9 4
      vertex 186 9 0
    endloop
  endfacet
  facet normal 0 0 -1
    outer loop
      vertex 189.975 8.68713 4
      vertex 189.975 9.31287 4
      vertex 190 9 4
    endloop
  endfacet
  facet normal 0 0 -1
    outer loop
      vertex 189.902 8.38197 4
      vertex 189.975 9.31287 4
      vertex 189.975 8.68713 4
    endloop
  endfacet
  facet normal 0 0 -1
    outer loop
      vertex 189.902 8.38197 4
      vertex 189.902 9.61803 4
      vertex 189.975 9.31287 4
    endloop
  endfacet
  facet normal 0 0 -1
    outer loop
      vertex 189.782 8.09202 4
      vertex 189.902 9.61803 4
      vertex 189.902 8.38197 4
    endloop
  endfacet
  facet normal 0 0 -1
    outer loop
      vertex 189.782 8.09202 4
      vertex 189.782 9.90798 4
      vertex 189.902 9.61803 4
    endloop
  endfacet
  facet normal 0 0 -1
    outer loop
      vertex 189.618 7.82443 4
      vertex 189.782 9.90798 4
      vertex 189.782 8.09202 4
    endloop
  endfacet
  facet normal 0 0 -1
    outer loop
      vertex 189.618 7.82443 4
      vertex 189.618 10.1756 4
      vertex 189.782 9.90798 4
    endloop
  endfacet
  facet normal 0 0 -1
    outer loop
      vertex 189.414 7.58579 4
      vertex 189.618 10.1756 4
      vertex 189.618 7.82443 4
    endloop
  endfacet
  facet normal 0 0 -1
    outer loop
      vertex 189.414 7.58579 4
      vertex 189.414 10.4142 4
      vertex 189.618 10.1756 4
    endloop
  endfacet
  facet normal 0 0 -1
    outer loop
      vertex 189.176 7.38197 4
      vertex 189.414 10.4142 4
      vertex 189.414 7.58579 4
    endloop
  endfacet
  facet normal 0 0 -1
    outer loop
      vertex 189.176 7.38197 4
      vertex 189.176 10.618 4
      vertex 189.414 10.4142 4
    endloop
  endfacet
  facet normal 0 0 -1
    outer loop
      vertex 188.908 7.21799 4
      vertex 189.176 10.618 4
      vertex 189.176 7.38197 4
    endloop
  endfacet
  facet normal 0 0 -1
    outer loop
      vertex 188.908 7.21799 4
      vertex 188.908 10.782 4
      vertex 189.176 10.618 4
    endloop
  endfacet
  facet normal 0 0 -1
    outer loop
      vertex 188.618 7.09789 4
      vertex 188.908 10.782 4
      vertex 188.908 7.21799 4
    endloop
  endfacet
  facet normal 0 0 -1
    outer loop
      vertex 188.618 7.09789 4
      vertex 188.618 10.9021 4
      vertex 188.908 10.782 4
    endloop
  endfacet
  facet normal 0 0 -1
    outer loop
      vertex 188.313 7.02462 4
      vertex 188.618 10.9021 4
      vertex 188.618 7.09789 4
    endloop
  endfacet
  facet normal 0 0 -1
    outer loop
      vertex 188.313 7.02462 4
      vertex 188.313 10.9754 4
      vertex 188.618 10.9021 4
    endloop
  endfacet
  facet normal 0 0 -1
    outer loop
      vertex 188 7 4
      vertex 188.313 10.9754 4
      vertex 188.313 7.02462 4
    endloop
  endfacet
  facet normal 0 0 -1
    outer loop
      vertex 188 7 4
      vertex 188 11 4
      vertex 188.313 10.9754 4
    endloop
  endfacet
  facet normal 0 0 -1
    outer loop
      vertex 187.687 7.02462 4
      vertex 188 11 4
      vertex 188 7 4
    endloop
  endfacet
  facet normal 0 0 -1
    outer loop
      vertex 187.687 7.02462 4
      vertex 187.687 10.9754 4
      vertex 188 11 4
    endloop
  endfacet
  facet normal 0 0 -1
    outer loop
      vertex 187.382 7.09789 4
      vertex 187.687 10.9754 4
      vertex 187.687 7.02462 4
    endloop
  endfacet
  facet normal 0 0 -1
    outer loop
      vertex 187.382 7.09789 4
      vertex 187.382 10.9021 4
      vertex 187.687 10.9754 4
    endloop
  endfacet
  facet normal 0 0 -1
    outer loop
      vertex 187.092 7.21799 4
      vertex 187.382 10.9021 4
      vertex 187.382 7.09789 4
    endloop
  endfacet
  facet normal 0 0 -1
    outer loop
      vertex 187.092 7.21799 4
      vertex 187.092 10.782 4
      vertex 187.382 10.9021 4
    endloop
  endfacet
  facet normal 0 0 -1
    outer loop
      vertex 186.824 7.38197 4
      vertex 187.092 10.782 4
      vertex 187.092 7.21799 4
    endloop
  endfacet
  facet normal 0 0 -1
    outer loop
      vertex 186.824 7.38197 4
      vertex 186.824 10.618 4
      vertex 187.092 10.782 4
    endloop
  endfacet
  facet normal 0 0 -1
    outer loop
      vertex 186.586 7.58579 4
      vertex 186.824 10.618 4
      vertex 186.824 7.38197 4
    endloop
  endfacet
  facet normal 0 0 -1
    outer loop
      vertex 186.586 7.58579 4
      vertex 186.586 10.4142 4
      vertex 186.824 10.618 4
    endloop
  endfacet
  facet normal 0 0 -1
    outer loop
      vertex 186.382 7.82443 4
      vertex 186.586 10.4142 4
      vertex 186.586 7.58579 4
    endloop
  endfacet
  facet normal 0 0 -1
    outer loop
      vertex 186.382 7.82443 4
      vertex 186.382 10.1756 4
      vertex 186.586 10.4142 4
    endloop
  endfacet
  facet normal 0 0 -1
    outer loop
      vertex 186.218 8.09202 4
      vertex 186.382 10.1756 4
      vertex 186.382 7.82443 4
    endloop
  endfacet
  facet normal 0 0 -1
    outer loop
      vertex 186.218 8.09202 4
      vertex 186.218 9.90798 4
      vertex 186.382 10.1756 4
    endloop
  endfacet
  facet normal 0 0 -1
    outer loop
      vertex 186.098 8.38197 4
      vertex 186.218 9.90798 4
      vertex 186.218 8.09202 4
    endloop
  endfacet
  facet normal 0 0 -1
    outer loop
      vertex 186.098 8.38197 4
      vertex 186.098 9.61803 4
      vertex 186.218 9.90798 4
    endloop
  endfacet
  facet normal 0 0 -1
    outer loop
      vertex 186.025 8.68713 4
      vertex 186.098 9.61803 4
      vertex 186.098 8.38197 4
    endloop
  endfacet
  facet normal 0 0 -1
    outer loop
      vertex 186.025 8.68713 4
      vertex 186.025 9.31287 4
      vertex 186.098 9.61803 4
    endloop
  endfacet
  facet normal 0 -0 -1
    outer loop
      vertex 186.025 9.31287 4
      vertex 186.025 8.68713 4
      vertex 186 9 4
    endloop
  endfacet
  facet normal -0.852637 -0.522504 0
    outer loop
      vertex 189.782 9.90798 0
      vertex 189.618 10.1756 4
      vertex 189.618 10.1756 0
    endloop
  endfacet
  facet normal -0.852637 -0.522504 0
    outer loop
      vertex 189.618 10.1756 4
      vertex 189.782 9.90798 0
      vertex 189.782 9.90798 4
    endloop
  endfacet
  facet normal 0.65046 0.75954 -0
    outer loop
      vertex 186.824 7.38197 0
      vertex 186.586 7.58579 4
      vertex 186.824 7.38197 4
    endloop
  endfacet
  facet normal 0.65046 0.75954 0
    outer loop
      vertex 186.586 7.58579 4
      vertex 186.824 7.38197 0
      vertex 186.586 7.58579 0
    endloop
  endfacet
  facet normal 0.760066 -0.649846 0
    outer loop
      vertex 186.382 10.1756 4
      vertex 186.586 10.4142 0
      vertex 186.586 10.4142 4
    endloop
  endfacet
  facet normal 0.760066 -0.649846 0
    outer loop
      vertex 186.586 10.4142 0
      vertex 186.382 10.1756 4
      vertex 186.382 10.1756 0
    endloop
  endfacet
  facet normal -0.382624 -0.923904 0
    outer loop
      vertex 188.618 10.9021 0
      vertex 188.908 10.782 4
      vertex 188.618 10.9021 4
    endloop
  endfacet
  facet normal -0.382624 -0.923904 -0
    outer loop
      vertex 188.908 10.782 4
      vertex 188.618 10.9021 0
      vertex 188.908 10.782 0
    endloop
  endfacet
  facet normal 0.972559 -0.232654 0
    outer loop
      vertex 186.025 9.31287 4
      vertex 186.098 9.61803 0
      vertex 186.098 9.61803 4
    endloop
  endfacet
  facet normal 0.972559 -0.232654 0
    outer loop
      vertex 186.098 9.61803 0
      vertex 186.025 9.31287 4
      vertex 186.025 9.31287 0
    endloop
  endfacet
  facet normal -0.852611 0.522546 0
    outer loop
      vertex 189.618 7.82443 0
      vertex 189.782 8.09202 4
      vertex 189.782 8.09202 0
    endloop
  endfacet
  facet normal -0.852611 0.522546 0
    outer loop
      vertex 189.782 8.09202 4
      vertex 189.618 7.82443 0
      vertex 189.618 7.82443 4
    endloop
  endfacet
  facet normal 0.382624 0.923904 -0
    outer loop
      vertex 187.382 7.09789 0
      vertex 187.092 7.21799 4
      vertex 187.382 7.09789 4
    endloop
  endfacet
  facet normal 0.382624 0.923904 0
    outer loop
      vertex 187.092 7.21799 4
      vertex 187.382 7.09789 0
      vertex 187.092 7.21799 0
    endloop
  endfacet
  facet normal 0.233584 0.972337 -0
    outer loop
      vertex 187.687 7.02462 0
      vertex 187.382 7.09789 4
      vertex 187.687 7.02462 4
    endloop
  endfacet
  facet normal 0.233584 0.972337 0
    outer loop
      vertex 187.382 7.09789 4
      vertex 187.687 7.02462 0
      vertex 187.382 7.09789 0
    endloop
  endfacet
  facet normal -0.233584 0.972337 0
    outer loop
      vertex 188.618 7.09789 0
      vertex 188.313 7.02462 4
      vertex 188.618 7.09789 4
    endloop
  endfacet
  facet normal -0.233584 0.972337 0
    outer loop
      vertex 188.313 7.02462 4
      vertex 188.618 7.09789 0
      vertex 188.313 7.02462 0
    endloop
  endfacet
  facet normal 0.996823 0.0796515 0
    outer loop
      vertex 186.025 8.68713 4
      vertex 186 9 0
      vertex 186 9 4
    endloop
  endfacet
  facet normal 0.996823 0.0796515 0
    outer loop
      vertex 186 9 0
      vertex 186.025 8.68713 4
      vertex 186.025 8.68713 0
    endloop
  endfacet
  facet normal -0.382624 0.923904 0
    outer loop
      vertex 188.908 7.21799 0
      vertex 188.618 7.09789 4
      vertex 188.908 7.21799 4
    endloop
  endfacet
  facet normal -0.382624 0.923904 0
    outer loop
      vertex 188.618 7.09789 4
      vertex 188.908 7.21799 0
      vertex 188.618 7.09789 0
    endloop
  endfacet
  facet normal -0.521965 -0.852967 0
    outer loop
      vertex 188.908 10.782 0
      vertex 189.176 10.618 4
      vertex 188.908 10.782 4
    endloop
  endfacet
  facet normal -0.521965 -0.852967 -0
    outer loop
      vertex 189.176 10.618 4
      vertex 188.908 10.782 0
      vertex 189.176 10.618 0
    endloop
  endfacet
  facet normal -0.521919 0.852995 0
    outer loop
      vertex 189.176 7.38197 0
      vertex 188.908 7.21799 4
      vertex 189.176 7.38197 4
    endloop
  endfacet
  facet normal -0.521919 0.852995 0
    outer loop
      vertex 188.908 7.21799 4
      vertex 189.176 7.38197 0
      vertex 188.908 7.21799 0
    endloop
  endfacet
  facet normal -0.65046 0.75954 0
    outer loop
      vertex 189.414 7.58579 0
      vertex 189.176 7.38197 4
      vertex 189.414 7.58579 4
    endloop
  endfacet
  facet normal -0.65046 0.75954 0
    outer loop
      vertex 189.176 7.38197 4
      vertex 189.414 7.58579 0
      vertex 189.176 7.38197 0
    endloop
  endfacet
  facet normal -0.996823 -0.0796515 0
    outer loop
      vertex 190 9 0
      vertex 189.975 9.31287 4
      vertex 189.975 9.31287 0
    endloop
  endfacet
  facet normal -0.996823 -0.0796515 0
    outer loop
      vertex 189.975 9.31287 4
      vertex 190 9 0
      vertex 190 9 4
    endloop
  endfacet
  facet normal 0.972559 0.232654 0
    outer loop
      vertex 186.098 8.38197 4
      vertex 186.025 8.68713 0
      vertex 186.025 8.68713 4
    endloop
  endfacet
  facet normal 0.972559 0.232654 0
    outer loop
      vertex 186.025 8.68713 0
      vertex 186.098 8.38197 4
      vertex 186.098 8.38197 0
    endloop
  endfacet
  facet normal 0.852637 -0.522504 0
    outer loop
      vertex 186.218 9.90798 4
      vertex 186.382 10.1756 0
      vertex 186.382 10.1756 4
    endloop
  endfacet
  facet normal 0.852637 -0.522504 0
    outer loop
      vertex 186.382 10.1756 0
      vertex 186.218 9.90798 4
      vertex 186.218 9.90798 0
    endloop
  endfacet
  facet normal -0.760066 -0.649846 0
    outer loop
      vertex 189.618 10.1756 0
      vertex 189.414 10.4142 4
      vertex 189.414 10.4142 0
    endloop
  endfacet
  facet normal -0.760066 -0.649846 0
    outer loop
      vertex 189.414 10.4142 4
      vertex 189.618 10.1756 0
      vertex 189.618 10.1756 4
    endloop
  endfacet
  facet normal 0.0783526 -0.996926 0
    outer loop
      vertex 187.687 10.9754 0
      vertex 188 11 4
      vertex 187.687 10.9754 4
    endloop
  endfacet
  facet normal 0.0783526 -0.996926 0
    outer loop
      vertex 188 11 4
      vertex 187.687 10.9754 0
      vertex 188 11 0
    endloop
  endfacet
  facet normal -0.0784159 0.996921 0
    outer loop
      vertex 188.313 7.02462 0
      vertex 188 7 4
      vertex 188.313 7.02462 4
    endloop
  endfacet
  facet normal -0.0784159 0.996921 0
    outer loop
      vertex 188 7 4
      vertex 188.313 7.02462 0
      vertex 188 7 0
    endloop
  endfacet
  facet normal -0.760119 0.649784 0
    outer loop
      vertex 189.414 7.58579 0
      vertex 189.618 7.82443 4
      vertex 189.618 7.82443 0
    endloop
  endfacet
  facet normal -0.760119 0.649784 0
    outer loop
      vertex 189.618 7.82443 4
      vertex 189.414 7.58579 0
      vertex 189.414 7.58579 4
    endloop
  endfacet
  facet normal 0.233674 -0.972315 0
    outer loop
      vertex 187.382 10.9021 0
      vertex 187.687 10.9754 4
      vertex 187.382 10.9021 4
    endloop
  endfacet
  facet normal 0.233674 -0.972315 0
    outer loop
      vertex 187.687 10.9754 4
      vertex 187.382 10.9021 0
      vertex 187.687 10.9754 0
    endloop
  endfacet
  facet normal -0.650423 -0.759572 0
    outer loop
      vertex 189.176 10.618 0
      vertex 189.414 10.4142 4
      vertex 189.176 10.618 4
    endloop
  endfacet
  facet normal -0.650423 -0.759572 -0
    outer loop
      vertex 189.414 10.4142 4
      vertex 189.176 10.618 0
      vertex 189.414 10.4142 0
    endloop
  endfacet
  facet normal 0.650423 -0.759572 0
    outer loop
      vertex 186.586 10.4142 0
      vertex 186.824 10.618 4
      vertex 186.586 10.4142 4
    endloop
  endfacet
  facet normal 0.650423 -0.759572 0
    outer loop
      vertex 186.824 10.618 4
      vertex 186.586 10.4142 0
      vertex 186.824 10.618 0
    endloop
  endfacet
  facet normal -0.972375 0.233423 0
    outer loop
      vertex 8.1168 69.4747 1.8
      vertex 8.17907 69.7341 79
      vertex 8.17907 69.7341 1.8
    endloop
  endfacet
  facet normal -0.972375 0.233423 0
    outer loop
      vertex 8.17907 69.7341 79
      vertex 8.1168 69.4747 1.8
      vertex 8.1168 69.4747 79
    endloop
  endfacet
  facet normal -0.996916 0.0784711 0
    outer loop
      vertex 8.17907 69.7341 1.8
      vertex 8.2 70 79
      vertex 8.2 70 1.8
    endloop
  endfacet
  facet normal -0.996916 0.0784711 0
    outer loop
      vertex 8.2 70 79
      vertex 8.17907 69.7341 1.8
      vertex 8.17907 69.7341 79
    endloop
  endfacet
  facet normal -0.923898 0.38264 0
    outer loop
      vertex 8.01471 69.2282 1.8
      vertex 8.1168 69.4747 79
      vertex 8.1168 69.4747 1.8
    endloop
  endfacet
  facet normal -0.923898 0.38264 0
    outer loop
      vertex 8.1168 69.4747 79
      vertex 8.01471 69.2282 1.8
      vertex 8.01471 69.2282 79
    endloop
  endfacet
  facet normal -0.522549 -0.852609 0
    outer loop
      vertex 7.27178 71.5147 1.8
      vertex 7.49923 71.3753 79
      vertex 7.27178 71.5147 79
    endloop
  endfacet
  facet normal -0.522549 -0.852609 -0
    outer loop
      vertex 7.49923 71.3753 79
      vertex 7.27178 71.5147 1.8
      vertex 7.49923 71.3753 1.8
    endloop
  endfacet
  facet normal 0.923898 0.38264 0
    outer loop
      vertex 4.98529 69.2282 79
      vertex 4.8832 69.4747 1.8
      vertex 4.8832 69.4747 79
    endloop
  endfacet
  facet normal 0.923898 0.38264 0
    outer loop
      vertex 4.8832 69.4747 1.8
      vertex 4.98529 69.2282 79
      vertex 4.98529 69.2282 1.8
    endloop
  endfacet
  facet normal 0.522549 -0.852609 0
    outer loop
      vertex 5.50077 71.3753 1.8
      vertex 5.72822 71.5147 79
      vertex 5.50077 71.3753 79
    endloop
  endfacet
  facet normal 0.522549 -0.852609 0
    outer loop
      vertex 5.72822 71.5147 79
      vertex 5.50077 71.3753 1.8
      vertex 5.72822 71.5147 1.8
    endloop
  endfacet
  facet normal -0.382738 -0.923857 0
    outer loop
      vertex 7.02533 71.6168 1.8
      vertex 7.27178 71.5147 79
      vertex 7.02533 71.6168 79
    endloop
  endfacet
  facet normal -0.382738 -0.923857 -0
    outer loop
      vertex 7.27178 71.5147 79
      vertex 7.02533 71.6168 1.8
      vertex 7.27178 71.5147 1.8
    endloop
  endfacet
  facet normal 0.382738 0.923857 -0
    outer loop
      vertex 5.97467 68.3832 1.8
      vertex 5.72822 68.4853 79
      vertex 5.97467 68.3832 79
    endloop
  endfacet
  facet normal 0.382738 0.923857 0
    outer loop
      vertex 5.72822 68.4853 79
      vertex 5.97467 68.3832 1.8
      vertex 5.72822 68.4853 1.8
    endloop
  endfacet
  facet normal 0.522549 0.852609 -0
    outer loop
      vertex 5.72822 68.4853 1.8
      vertex 5.50077 68.6247 79
      vertex 5.72822 68.4853 79
    endloop
  endfacet
  facet normal 0.522549 0.852609 0
    outer loop
      vertex 5.50077 68.6247 79
      vertex 5.72822 68.4853 1.8
      vertex 5.50077 68.6247 1.8
    endloop
  endfacet
  facet normal 0.233537 0.972348 -0
    outer loop
      vertex 6.23406 68.3209 1.8
      vertex 5.97467 68.3832 79
      vertex 6.23406 68.3209 79
    endloop
  endfacet
  facet normal 0.233537 0.972348 0
    outer loop
      vertex 5.97467 68.3832 79
      vertex 6.23406 68.3209 1.8
      vertex 5.97467 68.3832 1.8
    endloop
  endfacet
  facet normal -0.649339 -0.760499 0
    outer loop
      vertex 7.49923 71.3753 1.8
      vertex 7.70208 71.2021 79
      vertex 7.49923 71.3753 79
    endloop
  endfacet
  facet normal -0.649339 -0.760499 -0
    outer loop
      vertex 7.70208 71.2021 79
      vertex 7.49923 71.3753 1.8
      vertex 7.70208 71.2021 1.8
    endloop
  endfacet
  facet normal 0.0783476 0.996926 -0
    outer loop
      vertex 6.5 68.3 1.8
      vertex 6.23406 68.3209 79
      vertex 6.5 68.3 79
    endloop
  endfacet
  facet normal 0.0783476 0.996926 0
    outer loop
      vertex 6.23406 68.3209 79
      vertex 6.5 68.3 1.8
      vertex 6.23406 68.3209 1.8
    endloop
  endfacet
  facet normal 0.923898 -0.38264 0
    outer loop
      vertex 4.8832 70.5253 79
      vertex 4.98529 70.7718 1.8
      vertex 4.98529 70.7718 79
    endloop
  endfacet
  facet normal 0.923898 -0.38264 0
    outer loop
      vertex 4.98529 70.7718 1.8
      vertex 4.8832 70.5253 79
      vertex 4.8832 70.5253 1.8
    endloop
  endfacet
  facet normal 0.760485 0.649355 0
    outer loop
      vertex 5.29792 68.7979 79
      vertex 5.12467 69.0008 1.8
      vertex 5.12467 69.0008 79
    endloop
  endfacet
  facet normal 0.760485 0.649355 0
    outer loop
      vertex 5.12467 69.0008 1.8
      vertex 5.29792 68.7979 79
      vertex 5.29792 68.7979 1.8
    endloop
  endfacet
  facet normal 0.233537 -0.972348 0
    outer loop
      vertex 5.97467 71.6168 1.8
      vertex 6.23406 71.6791 79
      vertex 5.97467 71.6168 79
    endloop
  endfacet
  facet normal 0.233537 -0.972348 0
    outer loop
      vertex 6.23406 71.6791 79
      vertex 5.97467 71.6168 1.8
      vertex 6.23406 71.6791 1.8
    endloop
  endfacet
  facet normal -0.923898 -0.38264 0
    outer loop
      vertex 8.1168 70.5253 1.8
      vertex 8.01471 70.7718 79
      vertex 8.01471 70.7718 1.8
    endloop
  endfacet
  facet normal -0.923898 -0.38264 0
    outer loop
      vertex 8.01471 70.7718 79
      vertex 8.1168 70.5253 1.8
      vertex 8.1168 70.5253 79
    endloop
  endfacet
  facet normal 0.760485 -0.649355 0
    outer loop
      vertex 5.12467 70.9992 79
      vertex 5.29792 71.2021 1.8
      vertex 5.29792 71.2021 79
    endloop
  endfacet
  facet normal 0.760485 -0.649355 0
    outer loop
      vertex 5.29792 71.2021 1.8
      vertex 5.12467 70.9992 79
      vertex 5.12467 70.9992 1.8
    endloop
  endfacet
  facet normal 0.649339 0.760499 -0
    outer loop
      vertex 5.50077 68.6247 1.8
      vertex 5.29792 68.7979 79
      vertex 5.50077 68.6247 79
    endloop
  endfacet
  facet normal 0.649339 0.760499 0
    outer loop
      vertex 5.29792 68.7979 79
      vertex 5.50077 68.6247 1.8
      vertex 5.29792 68.7979 1.8
    endloop
  endfacet
  facet normal -0.0783476 -0.996926 0
    outer loop
      vertex 6.5 71.7 1.8
      vertex 6.76594 71.6791 79
      vertex 6.5 71.7 79
    endloop
  endfacet
  facet normal -0.0783476 -0.996926 -0
    outer loop
      vertex 6.76594 71.6791 79
      vertex 6.5 71.7 1.8
      vertex 6.76594 71.6791 1.8
    endloop
  endfacet
  facet normal -0.852592 -0.522578 0
    outer loop
      vertex 8.01471 70.7718 1.8
      vertex 7.87533 70.9992 79
      vertex 7.87533 70.9992 1.8
    endloop
  endfacet
  facet normal -0.852592 -0.522578 0
    outer loop
      vertex 7.87533 70.9992 79
      vertex 8.01471 70.7718 1.8
      vertex 8.01471 70.7718 79
    endloop
  endfacet
  facet normal -0.852592 0.522578 0
    outer loop
      vertex 7.87533 69.0008 1.8
      vertex 8.01471 69.2282 79
      vertex 8.01471 69.2282 1.8
    endloop
  endfacet
  facet normal -0.852592 0.522578 0
    outer loop
      vertex 8.01471 69.2282 79
      vertex 7.87533 69.0008 1.8
      vertex 7.87533 69.0008 79
    endloop
  endfacet
  facet normal -0.996916 -0.0784711 0
    outer loop
      vertex 8.2 70 1.8
      vertex 8.17907 70.2659 79
      vertex 8.17907 70.2659 1.8
    endloop
  endfacet
  facet normal -0.996916 -0.0784711 0
    outer loop
      vertex 8.17907 70.2659 79
      vertex 8.2 70 1.8
      vertex 8.2 70 79
    endloop
  endfacet
  facet normal -0.972375 -0.233423 0
    outer loop
      vertex 8.17907 70.2659 1.8
      vertex 8.1168 70.5253 79
      vertex 8.1168 70.5253 1.8
    endloop
  endfacet
  facet normal -0.972375 -0.233423 0
    outer loop
      vertex 8.1168 70.5253 79
      vertex 8.17907 70.2659 1.8
      vertex 8.17907 70.2659 79
    endloop
  endfacet
  facet normal 0.972375 -0.233423 0
    outer loop
      vertex 4.82093 70.2659 79
      vertex 4.8832 70.5253 1.8
      vertex 4.8832 70.5253 79
    endloop
  endfacet
  facet normal 0.972375 -0.233423 0
    outer loop
      vertex 4.8832 70.5253 1.8
      vertex 4.82093 70.2659 79
      vertex 4.82093 70.2659 1.8
    endloop
  endfacet
  facet normal -0.522549 0.852609 0
    outer loop
      vertex 7.49923 68.6247 1.8
      vertex 7.27178 68.4853 79
      vertex 7.49923 68.6247 79
    endloop
  endfacet
  facet normal -0.522549 0.852609 0
    outer loop
      vertex 7.27178 68.4853 79
      vertex 7.49923 68.6247 1.8
      vertex 7.27178 68.4853 1.8
    endloop
  endfacet
  facet normal -0.760485 0.649355 0
    outer loop
      vertex 7.70208 68.7979 1.8
      vertex 7.87533 69.0008 79
      vertex 7.87533 69.0008 1.8
    endloop
  endfacet
  facet normal -0.760485 0.649355 0
    outer loop
      vertex 7.87533 69.0008 79
      vertex 7.70208 68.7979 1.8
      vertex 7.70208 68.7979 79
    endloop
  endfacet
  facet normal 0.996916 0.0784711 0
    outer loop
      vertex 4.82093 69.7341 79
      vertex 4.8 70 1.8
      vertex 4.8 70 79
    endloop
  endfacet
  facet normal 0.996916 0.0784711 0
    outer loop
      vertex 4.8 70 1.8
      vertex 4.82093 69.7341 79
      vertex 4.82093 69.7341 1.8
    endloop
  endfacet
  facet normal -0.649339 0.760499 0
    outer loop
      vertex 7.70208 68.7979 1.8
      vertex 7.49923 68.6247 79
      vertex 7.70208 68.7979 79
    endloop
  endfacet
  facet normal -0.649339 0.760499 0
    outer loop
      vertex 7.49923 68.6247 79
      vertex 7.70208 68.7979 1.8
      vertex 7.49923 68.6247 1.8
    endloop
  endfacet
  facet normal -0.233537 -0.972348 0
    outer loop
      vertex 6.76594 71.6791 1.8
      vertex 7.02533 71.6168 79
      vertex 6.76594 71.6791 79
    endloop
  endfacet
  facet normal -0.233537 -0.972348 -0
    outer loop
      vertex 7.02533 71.6168 79
      vertex 6.76594 71.6791 1.8
      vertex 7.02533 71.6168 1.8
    endloop
  endfacet
  facet normal 0.852592 -0.522578 0
    outer loop
      vertex 4.98529 70.7718 79
      vertex 5.12467 70.9992 1.8
      vertex 5.12467 70.9992 79
    endloop
  endfacet
  facet normal 0.852592 -0.522578 0
    outer loop
      vertex 5.12467 70.9992 1.8
      vertex 4.98529 70.7718 79
      vertex 4.98529 70.7718 1.8
    endloop
  endfacet
  facet normal 0.649339 -0.760499 0
    outer loop
      vertex 5.29792 71.2021 1.8
      vertex 5.50077 71.3753 79
      vertex 5.29792 71.2021 79
    endloop
  endfacet
  facet normal 0.649339 -0.760499 0
    outer loop
      vertex 5.50077 71.3753 79
      vertex 5.29792 71.2021 1.8
      vertex 5.50077 71.3753 1.8
    endloop
  endfacet
  facet normal -0.760485 -0.649355 0
    outer loop
      vertex 7.87533 70.9992 1.8
      vertex 7.70208 71.2021 79
      vertex 7.70208 71.2021 1.8
    endloop
  endfacet
  facet normal -0.760485 -0.649355 0
    outer loop
      vertex 7.70208 71.2021 79
      vertex 7.87533 70.9992 1.8
      vertex 7.87533 70.9992 79
    endloop
  endfacet
  facet normal 0.852592 0.522578 0
    outer loop
      vertex 5.12467 69.0008 79
      vertex 4.98529 69.2282 1.8
      vertex 4.98529 69.2282 79
    endloop
  endfacet
  facet normal 0.852592 0.522578 0
    outer loop
      vertex 4.98529 69.2282 1.8
      vertex 5.12467 69.0008 79
      vertex 5.12467 69.0008 1.8
    endloop
  endfacet
  facet normal 0.996916 -0.0784711 0
    outer loop
      vertex 4.8 70 79
      vertex 4.82093 70.2659 1.8
      vertex 4.82093 70.2659 79
    endloop
  endfacet
  facet normal 0.996916 -0.0784711 0
    outer loop
      vertex 4.82093 70.2659 1.8
      vertex 4.8 70 79
      vertex 4.8 70 1.8
    endloop
  endfacet
  facet normal 0.382738 -0.923857 0
    outer loop
      vertex 5.72822 71.5147 1.8
      vertex 5.97467 71.6168 79
      vertex 5.72822 71.5147 79
    endloop
  endfacet
  facet normal 0.382738 -0.923857 0
    outer loop
      vertex 5.97467 71.6168 79
      vertex 5.72822 71.5147 1.8
      vertex 5.97467 71.6168 1.8
    endloop
  endfacet
  facet normal -0.382738 0.923857 0
    outer loop
      vertex 7.27178 68.4853 1.8
      vertex 7.02533 68.3832 79
      vertex 7.27178 68.4853 79
    endloop
  endfacet
  facet normal -0.382738 0.923857 0
    outer loop
      vertex 7.02533 68.3832 79
      vertex 7.27178 68.4853 1.8
      vertex 7.02533 68.3832 1.8
    endloop
  endfacet
  facet normal -0.233537 0.972348 0
    outer loop
      vertex 7.02533 68.3832 1.8
      vertex 6.76594 68.3209 79
      vertex 7.02533 68.3832 79
    endloop
  endfacet
  facet normal -0.233537 0.972348 0
    outer loop
      vertex 6.76594 68.3209 79
      vertex 7.02533 68.3832 1.8
      vertex 6.76594 68.3209 1.8
    endloop
  endfacet
  facet normal -0.0783476 0.996926 0
    outer loop
      vertex 6.76594 68.3209 1.8
      vertex 6.5 68.3 79
      vertex 6.76594 68.3209 79
    endloop
  endfacet
  facet normal -0.0783476 0.996926 0
    outer loop
      vertex 6.5 68.3 79
      vertex 6.76594 68.3209 1.8
      vertex 6.5 68.3 1.8
    endloop
  endfacet
  facet normal 0.972375 0.233423 0
    outer loop
      vertex 4.8832 69.4747 79
      vertex 4.82093 69.7341 1.8
      vertex 4.82093 69.7341 79
    endloop
  endfacet
  facet normal 0.972375 0.233423 0
    outer loop
      vertex 4.82093 69.7341 1.8
      vertex 4.8832 69.4747 79
      vertex 4.8832 69.4747 1.8
    endloop
  endfacet
  facet normal 0.0783476 -0.996926 0
    outer loop
      vertex 6.23406 71.6791 1.8
      vertex 6.5 71.7 79
      vertex 6.23406 71.6791 79
    endloop
  endfacet
  facet normal 0.0783476 -0.996926 0
    outer loop
      vertex 6.5 71.7 79
      vertex 6.23406 71.6791 1.8
      vertex 6.5 71.7 1.8
    endloop
  endfacet
  facet normal -0.641242 0.392924 -0.659105
    outer loop
      vertex 9.42465 68.5098 0
      vertex 9.15706 68.0731 0
      vertex 8.01471 69.2282 1.8
    endloop
  endfacet
  facet normal -0.175483 -0.731287 -0.659109
    outer loop
      vertex 7.51432 73.1218 0
      vertex 7.02533 71.6168 1.8
      vertex 7.01633 73.2413 0
    endloop
  endfacet
  facet normal 0.488413 0.571867 -0.659106
    outer loop
      vertex 5.50077 68.6247 1.8
      vertex 4.57064 67.3445 0
      vertex 4.18121 67.6771 0
    endloop
  endfacet
  facet normal -0.749732 0.0589977 -0.659106
    outer loop
      vertex 9.78242 70 0
      vertex 9.74224 69.4894 0
      vertex 8.2 70 1.8
    endloop
  endfacet
  facet normal -0.749729 0.059014 -0.659108
    outer loop
      vertex 9.74224 69.4894 0
      vertex 8.17907 69.7341 1.8
      vertex 8.2 70 1.8
    endloop
  endfacet
  facet normal -0.749679 0.0594573 -0.659125
    outer loop
      vertex 8.17907 69.7341 1.8
      vertex 9.74224 69.4894 0
      vertex 9.74201 69.4865 0
    endloop
  endfacet
  facet normal 0.749698 -0.0593076 -0.659117
    outer loop
      vertex 4.82093 70.2659 1.8
      vertex 3.3 70.4966 0.0492935
      vertex 3.3 70.5068 0.0483757
    endloop
  endfacet
  facet normal 0.749731 -0.0590141 -0.659107
    outer loop
      vertex 3.3 70.4966 0.0492935
      vertex 4.82093 70.2659 1.8
      vertex 4.8 70 1.8
    endloop
  endfacet
  facet normal -0.287835 -0.694779 -0.659115
    outer loop
      vertex 7.98748 72.9258 0
      vertex 7.27178 71.5147 1.8
      vertex 7.02533 71.6168 1.8
    endloop
  endfacet
  facet normal -0.282915 -0.697001 -0.6589
    outer loop
      vertex 7.27178 71.5147 1.8
      vertex 7.98748 72.9258 0
      vertex 7.99019 72.9247 0
    endloop
  endfacet
  facet normal -0.0514094 0.750577 -0.65878
    outer loop
      vertex 7.01056 66.7578 0
      vertex 6.76594 68.3209 1.8
      vertex 7.01348 66.758 0
    endloop
  endfacet
  facet normal -0.0589226 0.749755 -0.659087
    outer loop
      vertex 6.76594 68.3209 1.8
      vertex 7.01056 66.7578 0
      vertex 6.5 68.3 1.8
    endloop
  endfacet
  facet normal 0.0590319 -0.749735 -0.6591
    outer loop
      vertex 6.5 73.2824 0
      vertex 6.5 71.7 1.8
      vertex 5.98944 73.2422 0
    endloop
  endfacet
  facet normal 0.731274 -0.17556 -0.659104
    outer loop
      vertex 4.8832 70.5253 1.8
      vertex 3.3 70.6884 0
      vertex 3.37824 71.0143 0
    endloop
  endfacet
  facet normal 0.731258 -0.175645 -0.659098
    outer loop
      vertex 3.3 70.6884 0
      vertex 4.8832 70.5253 1.8
      vertex 3.3 70.5166 0.0457835
    endloop
  endfacet
  facet normal -0.641242 -0.392924 -0.659105
    outer loop
      vertex 9.15706 71.9269 0
      vertex 9.42465 71.4902 0
      vertex 8.01471 70.7718 1.8
    endloop
  endfacet
  facet normal 0.56907 0.491469 -0.659255
    outer loop
      vertex 4.17708 67.6812 0
      vertex 5.29792 68.7979 1.8
      vertex 4.17898 67.679 0
    endloop
  endfacet
  facet normal 0.571927 0.488351 -0.6591
    outer loop
      vertex 5.29792 68.7979 1.8
      vertex 4.17708 67.6812 0
      vertex 5.12467 69.0008 1.8
    endloop
  endfacet
  facet normal 0.571835 -0.488438 -0.659116
    outer loop
      vertex 4.17708 72.3188 0
      vertex 5.12467 70.9992 1.8
      vertex 3.84447 71.9294 0
    endloop
  endfacet
  facet normal 0.488342 0.571941 -0.659094
    outer loop
      vertex 4.18121 67.6771 0
      vertex 5.29792 68.7979 1.8
      vertex 5.50077 68.6247 1.8
    endloop
  endfacet
  facet normal 0.487759 0.572474 -0.659063
    outer loop
      vertex 5.29792 68.7979 1.8
      vertex 4.18121 67.6771 0
      vertex 4.17898 67.679 0
    endloop
  endfacet
  facet normal -0.731273 -0.175564 -0.659104
    outer loop
      vertex 9.62176 71.0143 0
      vertex 9.74132 70.5163 0
      vertex 8.1168 70.5253 1.8
    endloop
  endfacet
  facet normal -0.749732 -0.0589977 -0.659106
    outer loop
      vertex 9.74224 70.5106 0
      vertex 9.78242 70 0
      vertex 8.2 70 1.8
    endloop
  endfacet
  facet normal 0.287809 -0.694794 -0.659111
    outer loop
      vertex 5.48568 73.1218 0
      vertex 5.97467 71.6168 1.8
      vertex 5.01252 72.9258 0
    endloop
  endfacet
  facet normal -0.405158 0.63306 -0.659607
    outer loop
      vertex 8.42686 67.3429 0
      vertex 7.49923 68.6247 1.8
      vertex 8.42936 67.3445 0
    endloop
  endfacet
  facet normal -0.392976 0.641194 -0.659121
    outer loop
      vertex 7.49923 68.6247 1.8
      vertex 8.42686 67.3429 0
      vertex 7.27178 68.4853 1.8
    endloop
  endfacet
  facet normal -0.0589226 -0.749755 -0.659087
    outer loop
      vertex 7.01056 73.2422 0
      vertex 6.76594 71.6791 1.8
      vertex 6.5 71.7 1.8
    endloop
  endfacet
  facet normal -0.0514094 -0.750577 -0.65878
    outer loop
      vertex 6.76594 71.6791 1.8
      vertex 7.01056 73.2422 0
      vertex 7.01348 73.242 0
    endloop
  endfacet
  facet normal -0.69366 -0.290309 -0.659209
    outer loop
      vertex 9.42578 71.4875 0
      vertex 8.01471 70.7718 1.8
      vertex 9.42465 71.4902 0
    endloop
  endfacet
  facet normal -0.694818 -0.287764 -0.659105
    outer loop
      vertex 8.01471 70.7718 1.8
      vertex 9.42578 71.4875 0
      vertex 8.1168 70.5253 1.8
    endloop
  endfacet
  facet normal -0.487759 -0.572474 -0.659063
    outer loop
      vertex 7.70208 71.2021 1.8
      vertex 8.81879 72.3229 0
      vertex 8.82102 72.321 0
    endloop
  endfacet
  facet normal -0.488342 -0.571941 -0.659094
    outer loop
      vertex 8.81879 72.3229 0
      vertex 7.70208 71.2021 1.8
      vertex 7.49923 71.3753 1.8
    endloop
  endfacet
  facet normal 0.488342 -0.571941 -0.659094
    outer loop
      vertex 5.29792 71.2021 1.8
      vertex 4.18121 72.3229 0
      vertex 5.50077 71.3753 1.8
    endloop
  endfacet
  facet normal 0.487759 -0.572474 -0.659063
    outer loop
      vertex 4.18121 72.3229 0
      vertex 5.29792 71.2021 1.8
      vertex 4.17898 72.321 0
    endloop
  endfacet
  facet normal -0.694818 -0.287765 -0.659105
    outer loop
      vertex 9.42578 71.4875 0
      vertex 9.62176 71.0143 0
      vertex 8.1168 70.5253 1.8
    endloop
  endfacet
  facet normal 0.641234 0.392934 -0.659107
    outer loop
      vertex 4.98529 69.2282 1.8
      vertex 3.84294 68.0731 0
      vertex 3.57534 68.5098 0
    endloop
  endfacet
  facet normal 0.571927 -0.488351 -0.6591
    outer loop
      vertex 4.17708 72.3188 0
      vertex 5.29792 71.2021 1.8
      vertex 5.12467 70.9992 1.8
    endloop
  endfacet
  facet normal 0.56907 -0.491469 -0.659255
    outer loop
      vertex 5.29792 71.2021 1.8
      vertex 4.17708 72.3188 0
      vertex 4.17898 72.321 0
    endloop
  endfacet
  facet normal -0.0590319 -0.749735 -0.6591
    outer loop
      vertex 7.01056 73.2422 0
      vertex 6.5 71.7 1.8
      vertex 6.5 73.2824 0
    endloop
  endfacet
  facet normal -0.641184 -0.393 -0.659117
    outer loop
      vertex 7.87533 70.9992 1.8
      vertex 9.15706 71.9269 0
      vertex 8.01471 70.7718 1.8
    endloop
  endfacet
  facet normal -0.641463 -0.392576 -0.659097
    outer loop
      vertex 9.15706 71.9269 0
      vertex 7.87533 70.9992 1.8
      vertex 9.15553 71.9294 0
    endloop
  endfacet
  facet normal 0.179485 -0.730761 -0.658615
    outer loop
      vertex 5.98652 73.242 0
      vertex 5.97467 71.6168 1.8
      vertex 5.98367 73.2413 0
    endloop
  endfacet
  facet normal 0.175634 -0.731264 -0.659094
    outer loop
      vertex 5.97467 71.6168 1.8
      vertex 5.98652 73.242 0
      vertex 6.23406 71.6791 1.8
    endloop
  endfacet
  facet normal -0.392949 -0.641214 -0.659117
    outer loop
      vertex 7.99019 72.9247 0
      vertex 8.42686 72.6571 0
      vertex 7.27178 71.5147 1.8
    endloop
  endfacet
  facet normal -0.488413 -0.571867 -0.659106
    outer loop
      vertex 8.42936 72.6555 0
      vertex 8.81879 72.3229 0
      vertex 7.49923 71.3753 1.8
    endloop
  endfacet
  facet normal -0.571835 -0.488438 -0.659116
    outer loop
      vertex 8.82292 72.3188 0
      vertex 9.15553 71.9294 0
      vertex 7.87533 70.9992 1.8
    endloop
  endfacet
  facet normal -0.749679 -0.0594573 -0.659125
    outer loop
      vertex 9.74224 70.5106 0
      vertex 8.17907 70.2659 1.8
      vertex 9.74201 70.5135 0
    endloop
  endfacet
  facet normal -0.749729 -0.059014 -0.659108
    outer loop
      vertex 8.17907 70.2659 1.8
      vertex 9.74224 70.5106 0
      vertex 8.2 70 1.8
    endloop
  endfacet
  facet normal 0.175483 -0.731287 -0.659109
    outer loop
      vertex 5.98367 73.2413 0
      vertex 5.97467 71.6168 1.8
      vertex 5.48568 73.1218 0
    endloop
  endfacet
  facet normal -0.179485 0.730761 -0.658615
    outer loop
      vertex 7.01348 66.758 0
      vertex 7.02533 68.3832 1.8
      vertex 7.01633 66.7587 0
    endloop
  endfacet
  facet normal -0.175634 0.731264 -0.659094
    outer loop
      vertex 7.02533 68.3832 1.8
      vertex 7.01348 66.758 0
      vertex 6.76594 68.3209 1.8
    endloop
  endfacet
  facet normal 0.488413 -0.571867 -0.659106
    outer loop
      vertex 4.57064 72.6555 0
      vertex 5.50077 71.3753 1.8
      vertex 4.18121 72.3229 0
    endloop
  endfacet
  facet normal 0.749731 0.0590141 -0.659107
    outer loop
      vertex 4.82093 69.7341 1.8
      vertex 3.3 69.5034 0.0492935
      vertex 4.8 70 1.8
    endloop
  endfacet
  facet normal 0.749698 0.0593076 -0.659117
    outer loop
      vertex 3.3 69.5034 0.0492935
      vertex 4.82093 69.7341 1.8
      vertex 3.3 69.4932 0.0483757
    endloop
  endfacet
  facet normal 0.571835 0.488438 -0.659116
    outer loop
      vertex 5.12467 69.0008 1.8
      vertex 4.17708 67.6812 0
      vertex 3.84447 68.0706 0
    endloop
  endfacet
  facet normal 0.749733 0.0590027 -0.659105
    outer loop
      vertex 4.8 70 1.8
      vertex 3.3 69.5034 0.0492935
      vertex 3.3 70 0.0937488
    endloop
  endfacet
  facet normal 0.731258 0.175645 -0.659098
    outer loop
      vertex 4.8832 69.4747 1.8
      vertex 3.3 69.3116 0
      vertex 3.3 69.4834 0.0457835
    endloop
  endfacet
  facet normal 0.731274 0.17556 -0.659104
    outer loop
      vertex 3.3 69.3116 0
      vertex 4.8832 69.4747 1.8
      vertex 3.37824 68.9857 0
    endloop
  endfacet
  facet normal -0.730681 -0.180061 -0.658547
    outer loop
      vertex 9.74201 70.5135 0
      vertex 8.1168 70.5253 1.8
      vertex 9.74132 70.5163 0
    endloop
  endfacet
  facet normal -0.731271 -0.175545 -0.65911
    outer loop
      vertex 8.1168 70.5253 1.8
      vertex 9.74201 70.5135 0
      vertex 8.17907 70.2659 1.8
    endloop
  endfacet
  facet normal -0.488413 0.571867 -0.659106
    outer loop
      vertex 8.81879 67.6771 0
      vertex 8.42936 67.3445 0
      vertex 7.49923 68.6247 1.8
    endloop
  endfacet
  facet normal 0.287809 0.694794 -0.659111
    outer loop
      vertex 5.97467 68.3832 1.8
      vertex 5.48568 66.8782 0
      vertex 5.01252 67.0742 0
    endloop
  endfacet
  facet normal -0.694818 0.287765 -0.659105
    outer loop
      vertex 9.62176 68.9857 0
      vertex 9.42578 68.5125 0
      vertex 8.1168 69.4747 1.8
    endloop
  endfacet
  facet normal 0.175634 0.731264 -0.659094
    outer loop
      vertex 5.98652 66.758 0
      vertex 5.97467 68.3832 1.8
      vertex 6.23406 68.3209 1.8
    endloop
  endfacet
  facet normal 0.179485 0.730761 -0.658615
    outer loop
      vertex 5.97467 68.3832 1.8
      vertex 5.98652 66.758 0
      vertex 5.98367 66.7587 0
    endloop
  endfacet
  facet normal 0.0589226 0.749755 -0.659087
    outer loop
      vertex 5.98944 66.7578 0
      vertex 6.23406 68.3209 1.8
      vertex 6.5 68.3 1.8
    endloop
  endfacet
  facet normal 0.0514094 0.750577 -0.65878
    outer loop
      vertex 6.23406 68.3209 1.8
      vertex 5.98944 66.7578 0
      vertex 5.98652 66.758 0
    endloop
  endfacet
  facet normal -0.571927 -0.488351 -0.6591
    outer loop
      vertex 7.70208 71.2021 1.8
      vertex 8.82292 72.3188 0
      vertex 7.87533 70.9992 1.8
    endloop
  endfacet
  facet normal -0.56907 -0.491469 -0.659255
    outer loop
      vertex 8.82292 72.3188 0
      vertex 7.70208 71.2021 1.8
      vertex 8.82102 72.321 0
    endloop
  endfacet
  facet normal 0.749733 -0.0590027 -0.659105
    outer loop
      vertex 4.8 70 1.8
      vertex 3.3 70 0.0937488
      vertex 3.3 70.4966 0.0492935
    endloop
  endfacet
  facet normal -0.287809 -0.694794 -0.659111
    outer loop
      vertex 7.51432 73.1218 0
      vertex 7.98748 72.9258 0
      vertex 7.02533 71.6168 1.8
    endloop
  endfacet
  facet normal 0.731422 -0.174379 -0.659252
    outer loop
      vertex 4.8832 70.5253 1.8
      vertex 3.3 70.5068 0.0483757
      vertex 3.3 70.5166 0.0457835
    endloop
  endfacet
  facet normal 0.731275 -0.175545 -0.659106
    outer loop
      vertex 3.3 70.5068 0.0483757
      vertex 4.8832 70.5253 1.8
      vertex 4.82093 70.2659 1.8
    endloop
  endfacet
  facet normal -0.175634 -0.731264 -0.659094
    outer loop
      vertex 7.01348 73.242 0
      vertex 7.02533 71.6168 1.8
      vertex 6.76594 71.6791 1.8
    endloop
  endfacet
  facet normal -0.179485 -0.730761 -0.658615
    outer loop
      vertex 7.02533 71.6168 1.8
      vertex 7.01348 73.242 0
      vertex 7.01633 73.2413 0
    endloop
  endfacet
  facet normal 0.0590319 0.749735 -0.6591
    outer loop
      vertex 6.5 68.3 1.8
      vertex 6.5 66.7176 0
      vertex 5.98944 66.7578 0
    endloop
  endfacet
  facet normal 0.641463 0.392576 -0.659097
    outer loop
      vertex 3.84294 68.0731 0
      vertex 5.12467 69.0008 1.8
      vertex 3.84447 68.0706 0
    endloop
  endfacet
  facet normal 0.641184 0.393 -0.659117
    outer loop
      vertex 5.12467 69.0008 1.8
      vertex 3.84294 68.0731 0
      vertex 4.98529 69.2282 1.8
    endloop
  endfacet
  facet normal 0.0514094 -0.750577 -0.65878
    outer loop
      vertex 5.98944 73.2422 0
      vertex 6.23406 71.6791 1.8
      vertex 5.98652 73.242 0
    endloop
  endfacet
  facet normal 0.0589226 -0.749755 -0.659087
    outer loop
      vertex 6.23406 71.6791 1.8
      vertex 5.98944 73.2422 0
      vertex 6.5 71.7 1.8
    endloop
  endfacet
  facet normal -0.0590319 0.749735 -0.6591
    outer loop
      vertex 7.01056 66.7578 0
      vertex 6.5 66.7176 0
      vertex 6.5 68.3 1.8
    endloop
  endfacet
  facet normal -0.571835 0.488438 -0.659116
    outer loop
      vertex 9.15553 68.0706 0
      vertex 8.82292 67.6812 0
      vertex 7.87533 69.0008 1.8
    endloop
  endfacet
  facet normal -0.405158 -0.63306 -0.659607
    outer loop
      vertex 7.49923 71.3753 1.8
      vertex 8.42686 72.6571 0
      vertex 8.42936 72.6555 0
    endloop
  endfacet
  facet normal -0.392976 -0.641194 -0.659121
    outer loop
      vertex 8.42686 72.6571 0
      vertex 7.49923 71.3753 1.8
      vertex 7.27178 71.5147 1.8
    endloop
  endfacet
  facet normal 0.175483 0.731287 -0.659109
    outer loop
      vertex 5.97467 68.3832 1.8
      vertex 5.98367 66.7587 0
      vertex 5.48568 66.8782 0
    endloop
  endfacet
  facet normal -0.694818 0.287764 -0.659105
    outer loop
      vertex 9.42578 68.5125 0
      vertex 8.01471 69.2282 1.8
      vertex 8.1168 69.4747 1.8
    endloop
  endfacet
  facet normal -0.69366 0.290309 -0.659209
    outer loop
      vertex 8.01471 69.2282 1.8
      vertex 9.42578 68.5125 0
      vertex 9.42465 68.5098 0
    endloop
  endfacet
  facet normal -0.287809 0.694794 -0.659111
    outer loop
      vertex 7.98748 67.0742 0
      vertex 7.51432 66.8782 0
      vertex 7.02533 68.3832 1.8
    endloop
  endfacet
  facet normal 0.694818 -0.287765 -0.659105
    outer loop
      vertex 3.57422 71.4875 0
      vertex 4.8832 70.5253 1.8
      vertex 3.37824 71.0143 0
    endloop
  endfacet
  facet normal 0.392976 -0.641194 -0.659121
    outer loop
      vertex 5.50077 71.3753 1.8
      vertex 4.57314 72.6571 0
      vertex 5.72822 71.5147 1.8
    endloop
  endfacet
  facet normal 0.405158 -0.63306 -0.659607
    outer loop
      vertex 4.57314 72.6571 0
      vertex 5.50077 71.3753 1.8
      vertex 4.57064 72.6555 0
    endloop
  endfacet
  facet normal 0.392949 -0.641214 -0.659117
    outer loop
      vertex 5.00981 72.9247 0
      vertex 5.72822 71.5147 1.8
      vertex 4.57314 72.6571 0
    endloop
  endfacet
  facet normal 0.392976 0.641194 -0.659121
    outer loop
      vertex 4.57314 67.3429 0
      vertex 5.50077 68.6247 1.8
      vertex 5.72822 68.4853 1.8
    endloop
  endfacet
  facet normal 0.405158 0.63306 -0.659607
    outer loop
      vertex 5.50077 68.6247 1.8
      vertex 4.57314 67.3429 0
      vertex 4.57064 67.3445 0
    endloop
  endfacet
  facet normal 0.694818 0.287765 -0.659105
    outer loop
      vertex 4.8832 69.4747 1.8
      vertex 3.57422 68.5125 0
      vertex 3.37824 68.9857 0
    endloop
  endfacet
  facet normal 0.694818 0.287764 -0.659105
    outer loop
      vertex 4.98529 69.2282 1.8
      vertex 3.57422 68.5125 0
      vertex 4.8832 69.4747 1.8
    endloop
  endfacet
  facet normal 0.694643 0.288148 -0.659121
    outer loop
      vertex 3.57422 68.5125 0
      vertex 4.98529 69.2282 1.8
      vertex 3.57534 68.5098 0
    endloop
  endfacet
  facet normal 0.731275 0.175545 -0.659106
    outer loop
      vertex 4.8832 69.4747 1.8
      vertex 3.3 69.4932 0.0483757
      vertex 4.82093 69.7341 1.8
    endloop
  endfacet
  facet normal 0.731422 0.174379 -0.659252
    outer loop
      vertex 3.3 69.4932 0.0483757
      vertex 4.8832 69.4747 1.8
      vertex 3.3 69.4834 0.0457835
    endloop
  endfacet
  facet normal 0.282915 -0.697001 -0.6589
    outer loop
      vertex 5.01252 72.9258 0
      vertex 5.72822 71.5147 1.8
      vertex 5.00981 72.9247 0
    endloop
  endfacet
  facet normal 0.287835 -0.694779 -0.659115
    outer loop
      vertex 5.72822 71.5147 1.8
      vertex 5.01252 72.9258 0
      vertex 5.97467 71.6168 1.8
    endloop
  endfacet
  facet normal 0.287835 0.694779 -0.659115
    outer loop
      vertex 5.01252 67.0742 0
      vertex 5.72822 68.4853 1.8
      vertex 5.97467 68.3832 1.8
    endloop
  endfacet
  facet normal 0.282915 0.697001 -0.6589
    outer loop
      vertex 5.72822 68.4853 1.8
      vertex 5.01252 67.0742 0
      vertex 5.00981 67.0753 0
    endloop
  endfacet
  facet normal -0.392949 0.641214 -0.659117
    outer loop
      vertex 8.42686 67.3429 0
      vertex 7.99019 67.0753 0
      vertex 7.27178 68.4853 1.8
    endloop
  endfacet
  facet normal -0.56907 0.491469 -0.659255
    outer loop
      vertex 7.70208 68.7979 1.8
      vertex 8.82292 67.6812 0
      vertex 8.82102 67.679 0
    endloop
  endfacet
  facet normal -0.571927 0.488351 -0.6591
    outer loop
      vertex 8.82292 67.6812 0
      vertex 7.70208 68.7979 1.8
      vertex 7.87533 69.0008 1.8
    endloop
  endfacet
  facet normal -0.641463 0.392576 -0.659097
    outer loop
      vertex 7.87533 69.0008 1.8
      vertex 9.15706 68.0731 0
      vertex 9.15553 68.0706 0
    endloop
  endfacet
  facet normal -0.641184 0.393 -0.659117
    outer loop
      vertex 9.15706 68.0731 0
      vertex 7.87533 69.0008 1.8
      vertex 8.01471 69.2282 1.8
    endloop
  endfacet
  facet normal 0.641184 -0.393 -0.659117
    outer loop
      vertex 3.84294 71.9269 0
      vertex 5.12467 70.9992 1.8
      vertex 4.98529 70.7718 1.8
    endloop
  endfacet
  facet normal 0.641463 -0.392576 -0.659097
    outer loop
      vertex 5.12467 70.9992 1.8
      vertex 3.84294 71.9269 0
      vertex 3.84447 71.9294 0
    endloop
  endfacet
  facet normal 0.641234 -0.392934 -0.659107
    outer loop
      vertex 3.84294 71.9269 0
      vertex 4.98529 70.7718 1.8
      vertex 3.57534 71.4902 0
    endloop
  endfacet
  facet normal 0.694643 -0.288148 -0.659121
    outer loop
      vertex 4.98529 70.7718 1.8
      vertex 3.57422 71.4875 0
      vertex 3.57534 71.4902 0
    endloop
  endfacet
  facet normal 0.694818 -0.287764 -0.659105
    outer loop
      vertex 3.57422 71.4875 0
      vertex 4.98529 70.7718 1.8
      vertex 4.8832 70.5253 1.8
    endloop
  endfacet
  facet normal 0.392949 0.641214 -0.659117
    outer loop
      vertex 5.72822 68.4853 1.8
      vertex 5.00981 67.0753 0
      vertex 4.57314 67.3429 0
    endloop
  endfacet
  facet normal -0.282915 0.697001 -0.6589
    outer loop
      vertex 7.98748 67.0742 0
      vertex 7.27178 68.4853 1.8
      vertex 7.99019 67.0753 0
    endloop
  endfacet
  facet normal -0.287835 0.694779 -0.659115
    outer loop
      vertex 7.27178 68.4853 1.8
      vertex 7.98748 67.0742 0
      vertex 7.02533 68.3832 1.8
    endloop
  endfacet
  facet normal -0.175483 0.731287 -0.659109
    outer loop
      vertex 7.02533 68.3832 1.8
      vertex 7.51432 66.8782 0
      vertex 7.01633 66.7587 0
    endloop
  endfacet
  facet normal -0.487759 0.572474 -0.659063
    outer loop
      vertex 8.81879 67.6771 0
      vertex 7.70208 68.7979 1.8
      vertex 8.82102 67.679 0
    endloop
  endfacet
  facet normal -0.488342 0.571941 -0.659094
    outer loop
      vertex 7.70208 68.7979 1.8
      vertex 8.81879 67.6771 0
      vertex 7.49923 68.6247 1.8
    endloop
  endfacet
  facet normal -0.731273 0.175564 -0.659104
    outer loop
      vertex 9.74132 69.4837 0
      vertex 9.62176 68.9857 0
      vertex 8.1168 69.4747 1.8
    endloop
  endfacet
  facet normal -0.730681 0.180061 -0.658547
    outer loop
      vertex 8.1168 69.4747 1.8
      vertex 9.74201 69.4865 0
      vertex 9.74132 69.4837 0
    endloop
  endfacet
  facet normal -0.731271 0.175545 -0.65911
    outer loop
      vertex 9.74201 69.4865 0
      vertex 8.1168 69.4747 1.8
      vertex 8.17907 69.7341 1.8
    endloop
  endfacet
  facet normal -0.972375 0.233423 0
    outer loop
      vertex 8.1168 14.4747 1.8
      vertex 8.17907 14.7341 79
      vertex 8.17907 14.7341 1.8
    endloop
  endfacet
  facet normal -0.972375 0.233423 0
    outer loop
      vertex 8.17907 14.7341 79
      vertex 8.1168 14.4747 1.8
      vertex 8.1168 14.4747 79
    endloop
  endfacet
  facet normal -0.996916 0.0784711 0
    outer loop
      vertex 8.17907 14.7341 1.8
      vertex 8.2 15 79
      vertex 8.2 15 1.8
    endloop
  endfacet
  facet normal -0.996916 0.0784711 0
    outer loop
      vertex 8.2 15 79
      vertex 8.17907 14.7341 1.8
      vertex 8.17907 14.7341 79
    endloop
  endfacet
  facet normal -0.923898 0.38264 0
    outer loop
      vertex 8.01471 14.2282 1.8
      vertex 8.1168 14.4747 79
      vertex 8.1168 14.4747 1.8
    endloop
  endfacet
  facet normal -0.923898 0.38264 0
    outer loop
      vertex 8.1168 14.4747 79
      vertex 8.01471 14.2282 1.8
      vertex 8.01471 14.2282 79
    endloop
  endfacet
  facet normal -0.522549 -0.852609 0
    outer loop
      vertex 7.27178 16.5147 1.8
      vertex 7.49923 16.3753 79
      vertex 7.27178 16.5147 79
    endloop
  endfacet
  facet normal -0.522549 -0.852609 -0
    outer loop
      vertex 7.49923 16.3753 79
      vertex 7.27178 16.5147 1.8
      vertex 7.49923 16.3753 1.8
    endloop
  endfacet
  facet normal 0.923898 0.38264 0
    outer loop
      vertex 4.98529 14.2282 79
      vertex 4.8832 14.4747 1.8
      vertex 4.8832 14.4747 79
    endloop
  endfacet
  facet normal 0.923898 0.38264 0
    outer loop
      vertex 4.8832 14.4747 1.8
      vertex 4.98529 14.2282 79
      vertex 4.98529 14.2282 1.8
    endloop
  endfacet
  facet normal 0.522549 -0.852609 0
    outer loop
      vertex 5.50077 16.3753 1.8
      vertex 5.72822 16.5147 79
      vertex 5.50077 16.3753 79
    endloop
  endfacet
  facet normal 0.522549 -0.852609 0
    outer loop
      vertex 5.72822 16.5147 79
      vertex 5.50077 16.3753 1.8
      vertex 5.72822 16.5147 1.8
    endloop
  endfacet
  facet normal -0.382738 -0.923857 0
    outer loop
      vertex 7.02533 16.6168 1.8
      vertex 7.27178 16.5147 79
      vertex 7.02533 16.6168 79
    endloop
  endfacet
  facet normal -0.382738 -0.923857 -0
    outer loop
      vertex 7.27178 16.5147 79
      vertex 7.02533 16.6168 1.8
      vertex 7.27178 16.5147 1.8
    endloop
  endfacet
  facet normal 0.382738 0.923857 -0
    outer loop
      vertex 5.97467 13.3832 1.8
      vertex 5.72822 13.4853 79
      vertex 5.97467 13.3832 79
    endloop
  endfacet
  facet normal 0.382738 0.923857 0
    outer loop
      vertex 5.72822 13.4853 79
      vertex 5.97467 13.3832 1.8
      vertex 5.72822 13.4853 1.8
    endloop
  endfacet
  facet normal 0.522549 0.852609 -0
    outer loop
      vertex 5.72822 13.4853 1.8
      vertex 5.50077 13.6247 79
      vertex 5.72822 13.4853 79
    endloop
  endfacet
  facet normal 0.522549 0.852609 0
    outer loop
      vertex 5.50077 13.6247 79
      vertex 5.72822 13.4853 1.8
      vertex 5.50077 13.6247 1.8
    endloop
  endfacet
  facet normal 0.233537 0.972348 -0
    outer loop
      vertex 6.23406 13.3209 1.8
      vertex 5.97467 13.3832 79
      vertex 6.23406 13.3209 79
    endloop
  endfacet
  facet normal 0.233537 0.972348 0
    outer loop
      vertex 5.97467 13.3832 79
      vertex 6.23406 13.3209 1.8
      vertex 5.97467 13.3832 1.8
    endloop
  endfacet
  facet normal -0.649339 -0.760499 0
    outer loop
      vertex 7.49923 16.3753 1.8
      vertex 7.70208 16.2021 79
      vertex 7.49923 16.3753 79
    endloop
  endfacet
  facet normal -0.649339 -0.760499 -0
    outer loop
      vertex 7.70208 16.2021 79
      vertex 7.49923 16.3753 1.8
      vertex 7.70208 16.2021 1.8
    endloop
  endfacet
  facet normal 0.0783476 0.996926 -0
    outer loop
      vertex 6.5 13.3 1.8
      vertex 6.23406 13.3209 79
      vertex 6.5 13.3 79
    endloop
  endfacet
  facet normal 0.0783476 0.996926 0
    outer loop
      vertex 6.23406 13.3209 79
      vertex 6.5 13.3 1.8
      vertex 6.23406 13.3209 1.8
    endloop
  endfacet
  facet normal 0.923898 -0.38264 0
    outer loop
      vertex 4.8832 15.5253 79
      vertex 4.98529 15.7718 1.8
      vertex 4.98529 15.7718 79
    endloop
  endfacet
  facet normal 0.923898 -0.38264 0
    outer loop
      vertex 4.98529 15.7718 1.8
      vertex 4.8832 15.5253 79
      vertex 4.8832 15.5253 1.8
    endloop
  endfacet
  facet normal 0.760485 0.649355 0
    outer loop
      vertex 5.29792 13.7979 79
      vertex 5.12467 14.0008 1.8
      vertex 5.12467 14.0008 79
    endloop
  endfacet
  facet normal 0.760485 0.649355 0
    outer loop
      vertex 5.12467 14.0008 1.8
      vertex 5.29792 13.7979 79
      vertex 5.29792 13.7979 1.8
    endloop
  endfacet
  facet normal 0.233537 -0.972348 0
    outer loop
      vertex 5.97467 16.6168 1.8
      vertex 6.23406 16.6791 79
      vertex 5.97467 16.6168 79
    endloop
  endfacet
  facet normal 0.233537 -0.972348 0
    outer loop
      vertex 6.23406 16.6791 79
      vertex 5.97467 16.6168 1.8
      vertex 6.23406 16.6791 1.8
    endloop
  endfacet
  facet normal -0.923898 -0.38264 0
    outer loop
      vertex 8.1168 15.5253 1.8
      vertex 8.01471 15.7718 79
      vertex 8.01471 15.7718 1.8
    endloop
  endfacet
  facet normal -0.923898 -0.38264 0
    outer loop
      vertex 8.01471 15.7718 79
      vertex 8.1168 15.5253 1.8
      vertex 8.1168 15.5253 79
    endloop
  endfacet
  facet normal 0.760485 -0.649355 0
    outer loop
      vertex 5.12467 15.9992 79
      vertex 5.29792 16.2021 1.8
      vertex 5.29792 16.2021 79
    endloop
  endfacet
  facet normal 0.760485 -0.649355 0
    outer loop
      vertex 5.29792 16.2021 1.8
      vertex 5.12467 15.9992 79
      vertex 5.12467 15.9992 1.8
    endloop
  endfacet
  facet normal 0.649339 0.760499 -0
    outer loop
      vertex 5.50077 13.6247 1.8
      vertex 5.29792 13.7979 79
      vertex 5.50077 13.6247 79
    endloop
  endfacet
  facet normal 0.649339 0.760499 0
    outer loop
      vertex 5.29792 13.7979 79
      vertex 5.50077 13.6247 1.8
      vertex 5.29792 13.7979 1.8
    endloop
  endfacet
  facet normal -0.0783476 -0.996926 0
    outer loop
      vertex 6.5 16.7 1.8
      vertex 6.76594 16.6791 79
      vertex 6.5 16.7 79
    endloop
  endfacet
  facet normal -0.0783476 -0.996926 -0
    outer loop
      vertex 6.76594 16.6791 79
      vertex 6.5 16.7 1.8
      vertex 6.76594 16.6791 1.8
    endloop
  endfacet
  facet normal -0.852592 -0.522578 0
    outer loop
      vertex 8.01471 15.7718 1.8
      vertex 7.87533 15.9992 79
      vertex 7.87533 15.9992 1.8
    endloop
  endfacet
  facet normal -0.852592 -0.522578 0
    outer loop
      vertex 7.87533 15.9992 79
      vertex 8.01471 15.7718 1.8
      vertex 8.01471 15.7718 79
    endloop
  endfacet
  facet normal -0.852592 0.522578 0
    outer loop
      vertex 7.87533 14.0008 1.8
      vertex 8.01471 14.2282 79
      vertex 8.01471 14.2282 1.8
    endloop
  endfacet
  facet normal -0.852592 0.522578 0
    outer loop
      vertex 8.01471 14.2282 79
      vertex 7.87533 14.0008 1.8
      vertex 7.87533 14.0008 79
    endloop
  endfacet
  facet normal -0.996916 -0.0784711 0
    outer loop
      vertex 8.2 15 1.8
      vertex 8.17907 15.2659 79
      vertex 8.17907 15.2659 1.8
    endloop
  endfacet
  facet normal -0.996916 -0.0784711 0
    outer loop
      vertex 8.17907 15.2659 79
      vertex 8.2 15 1.8
      vertex 8.2 15 79
    endloop
  endfacet
  facet normal -0.972375 -0.233423 0
    outer loop
      vertex 8.17907 15.2659 1.8
      vertex 8.1168 15.5253 79
      vertex 8.1168 15.5253 1.8
    endloop
  endfacet
  facet normal -0.972375 -0.233423 0
    outer loop
      vertex 8.1168 15.5253 79
      vertex 8.17907 15.2659 1.8
      vertex 8.17907 15.2659 79
    endloop
  endfacet
  facet normal 0.972375 -0.233423 0
    outer loop
      vertex 4.82093 15.2659 79
      vertex 4.8832 15.5253 1.8
      vertex 4.8832 15.5253 79
    endloop
  endfacet
  facet normal 0.972375 -0.233423 0
    outer loop
      vertex 4.8832 15.5253 1.8
      vertex 4.82093 15.2659 79
      vertex 4.82093 15.2659 1.8
    endloop
  endfacet
  facet normal -0.522549 0.852609 0
    outer loop
      vertex 7.49923 13.6247 1.8
      vertex 7.27178 13.4853 79
      vertex 7.49923 13.6247 79
    endloop
  endfacet
  facet normal -0.522549 0.852609 0
    outer loop
      vertex 7.27178 13.4853 79
      vertex 7.49923 13.6247 1.8
      vertex 7.27178 13.4853 1.8
    endloop
  endfacet
  facet normal -0.760485 0.649355 0
    outer loop
      vertex 7.70208 13.7979 1.8
      vertex 7.87533 14.0008 79
      vertex 7.87533 14.0008 1.8
    endloop
  endfacet
  facet normal -0.760485 0.649355 0
    outer loop
      vertex 7.87533 14.0008 79
      vertex 7.70208 13.7979 1.8
      vertex 7.70208 13.7979 79
    endloop
  endfacet
  facet normal 0.996916 0.0784711 0
    outer loop
      vertex 4.82093 14.7341 79
      vertex 4.8 15 1.8
      vertex 4.8 15 79
    endloop
  endfacet
  facet normal 0.996916 0.0784711 0
    outer loop
      vertex 4.8 15 1.8
      vertex 4.82093 14.7341 79
      vertex 4.82093 14.7341 1.8
    endloop
  endfacet
  facet normal -0.649339 0.760499 0
    outer loop
      vertex 7.70208 13.7979 1.8
      vertex 7.49923 13.6247 79
      vertex 7.70208 13.7979 79
    endloop
  endfacet
  facet normal -0.649339 0.760499 0
    outer loop
      vertex 7.49923 13.6247 79
      vertex 7.70208 13.7979 1.8
      vertex 7.49923 13.6247 1.8
    endloop
  endfacet
  facet normal -0.233537 -0.972348 0
    outer loop
      vertex 6.76594 16.6791 1.8
      vertex 7.02533 16.6168 79
      vertex 6.76594 16.6791 79
    endloop
  endfacet
  facet normal -0.233537 -0.972348 -0
    outer loop
      vertex 7.02533 16.6168 79
      vertex 6.76594 16.6791 1.8
      vertex 7.02533 16.6168 1.8
    endloop
  endfacet
  facet normal 0.852592 -0.522578 0
    outer loop
      vertex 4.98529 15.7718 79
      vertex 5.12467 15.9992 1.8
      vertex 5.12467 15.9992 79
    endloop
  endfacet
  facet normal 0.852592 -0.522578 0
    outer loop
      vertex 5.12467 15.9992 1.8
      vertex 4.98529 15.7718 79
      vertex 4.98529 15.7718 1.8
    endloop
  endfacet
  facet normal 0.649339 -0.760499 0
    outer loop
      vertex 5.29792 16.2021 1.8
      vertex 5.50077 16.3753 79
      vertex 5.29792 16.2021 79
    endloop
  endfacet
  facet normal 0.649339 -0.760499 0
    outer loop
      vertex 5.50077 16.3753 79
      vertex 5.29792 16.2021 1.8
      vertex 5.50077 16.3753 1.8
    endloop
  endfacet
  facet normal -0.760485 -0.649355 0
    outer loop
      vertex 7.87533 15.9992 1.8
      vertex 7.70208 16.2021 79
      vertex 7.70208 16.2021 1.8
    endloop
  endfacet
  facet normal -0.760485 -0.649355 0
    outer loop
      vertex 7.70208 16.2021 79
      vertex 7.87533 15.9992 1.8
      vertex 7.87533 15.9992 79
    endloop
  endfacet
  facet normal 0.852592 0.522578 0
    outer loop
      vertex 5.12467 14.0008 79
      vertex 4.98529 14.2282 1.8
      vertex 4.98529 14.2282 79
    endloop
  endfacet
  facet normal 0.852592 0.522578 0
    outer loop
      vertex 4.98529 14.2282 1.8
      vertex 5.12467 14.0008 79
      vertex 5.12467 14.0008 1.8
    endloop
  endfacet
  facet normal 0.996916 -0.0784711 0
    outer loop
      vertex 4.8 15 79
      vertex 4.82093 15.2659 1.8
      vertex 4.82093 15.2659 79
    endloop
  endfacet
  facet normal 0.996916 -0.0784711 0
    outer loop
      vertex 4.82093 15.2659 1.8
      vertex 4.8 15 79
      vertex 4.8 15 1.8
    endloop
  endfacet
  facet normal 0.382738 -0.923857 0
    outer loop
      vertex 5.72822 16.5147 1.8
      vertex 5.97467 16.6168 79
      vertex 5.72822 16.5147 79
    endloop
  endfacet
  facet normal 0.382738 -0.923857 0
    outer loop
      vertex 5.97467 16.6168 79
      vertex 5.72822 16.5147 1.8
      vertex 5.97467 16.6168 1.8
    endloop
  endfacet
  facet normal -0.382738 0.923857 0
    outer loop
      vertex 7.27178 13.4853 1.8
      vertex 7.02533 13.3832 79
      vertex 7.27178 13.4853 79
    endloop
  endfacet
  facet normal -0.382738 0.923857 0
    outer loop
      vertex 7.02533 13.3832 79
      vertex 7.27178 13.4853 1.8
      vertex 7.02533 13.3832 1.8
    endloop
  endfacet
  facet normal -0.233537 0.972348 0
    outer loop
      vertex 7.02533 13.3832 1.8
      vertex 6.76594 13.3209 79
      vertex 7.02533 13.3832 79
    endloop
  endfacet
  facet normal -0.233537 0.972348 0
    outer loop
      vertex 6.76594 13.3209 79
      vertex 7.02533 13.3832 1.8
      vertex 6.76594 13.3209 1.8
    endloop
  endfacet
  facet normal -0.0783476 0.996926 0
    outer loop
      vertex 6.76594 13.3209 1.8
      vertex 6.5 13.3 79
      vertex 6.76594 13.3209 79
    endloop
  endfacet
  facet normal -0.0783476 0.996926 0
    outer loop
      vertex 6.5 13.3 79
      vertex 6.76594 13.3209 1.8
      vertex 6.5 13.3 1.8
    endloop
  endfacet
  facet normal 0.972375 0.233423 0
    outer loop
      vertex 4.8832 14.4747 79
      vertex 4.82093 14.7341 1.8
      vertex 4.82093 14.7341 79
    endloop
  endfacet
  facet normal 0.972375 0.233423 0
    outer loop
      vertex 4.82093 14.7341 1.8
      vertex 4.8832 14.4747 79
      vertex 4.8832 14.4747 1.8
    endloop
  endfacet
  facet normal 0.0783476 -0.996926 0
    outer loop
      vertex 6.23406 16.6791 1.8
      vertex 6.5 16.7 79
      vertex 6.23406 16.6791 79
    endloop
  endfacet
  facet normal 0.0783476 -0.996926 0
    outer loop
      vertex 6.5 16.7 79
      vertex 6.23406 16.6791 1.8
      vertex 6.5 16.7 1.8
    endloop
  endfacet
  facet normal -0.641242 0.392924 -0.659105
    outer loop
      vertex 9.42465 13.5098 0
      vertex 9.15706 13.0731 0
      vertex 8.01471 14.2282 1.8
    endloop
  endfacet
  facet normal -0.175483 -0.731287 -0.659109
    outer loop
      vertex 7.51432 18.1218 0
      vertex 7.02533 16.6168 1.8
      vertex 7.01633 18.2413 0
    endloop
  endfacet
  facet normal 0.488413 0.571867 -0.659106
    outer loop
      vertex 5.50077 13.6247 1.8
      vertex 4.57064 12.3445 0
      vertex 4.18121 12.6771 0
    endloop
  endfacet
  facet normal -0.749732 0.0589977 -0.659106
    outer loop
      vertex 9.78242 15 0
      vertex 9.74224 14.4894 0
      vertex 8.2 15 1.8
    endloop
  endfacet
  facet normal -0.749729 0.059014 -0.659108
    outer loop
      vertex 9.74224 14.4894 0
      vertex 8.17907 14.7341 1.8
      vertex 8.2 15 1.8
    endloop
  endfacet
  facet normal -0.749679 0.0594573 -0.659125
    outer loop
      vertex 8.17907 14.7341 1.8
      vertex 9.74224 14.4894 0
      vertex 9.74201 14.4865 0
    endloop
  endfacet
  facet normal 0.749698 -0.0593076 -0.659117
    outer loop
      vertex 4.82093 15.2659 1.8
      vertex 3.3 15.4966 0.0492935
      vertex 3.3 15.5068 0.0483757
    endloop
  endfacet
  facet normal 0.749731 -0.0590141 -0.659107
    outer loop
      vertex 3.3 15.4966 0.0492935
      vertex 4.82093 15.2659 1.8
      vertex 4.8 15 1.8
    endloop
  endfacet
  facet normal -0.287835 -0.694779 -0.659115
    outer loop
      vertex 7.98748 17.9258 0
      vertex 7.27178 16.5147 1.8
      vertex 7.02533 16.6168 1.8
    endloop
  endfacet
  facet normal -0.282915 -0.697001 -0.6589
    outer loop
      vertex 7.27178 16.5147 1.8
      vertex 7.98748 17.9258 0
      vertex 7.99019 17.9247 0
    endloop
  endfacet
  facet normal -0.0514094 0.750577 -0.65878
    outer loop
      vertex 7.01056 11.7578 0
      vertex 6.76594 13.3209 1.8
      vertex 7.01348 11.758 0
    endloop
  endfacet
  facet normal -0.0589226 0.749755 -0.659087
    outer loop
      vertex 6.76594 13.3209 1.8
      vertex 7.01056 11.7578 0
      vertex 6.5 13.3 1.8
    endloop
  endfacet
  facet normal 0.0590319 -0.749735 -0.6591
    outer loop
      vertex 6.5 18.2824 0
      vertex 6.5 16.7 1.8
      vertex 5.98944 18.2422 0
    endloop
  endfacet
  facet normal 0.731274 -0.17556 -0.659104
    outer loop
      vertex 4.8832 15.5253 1.8
      vertex 3.3 15.6884 0
      vertex 3.37824 16.0143 0
    endloop
  endfacet
  facet normal 0.731258 -0.175645 -0.659098
    outer loop
      vertex 3.3 15.6884 0
      vertex 4.8832 15.5253 1.8
      vertex 3.3 15.5166 0.0457835
    endloop
  endfacet
  facet normal -0.641242 -0.392924 -0.659105
    outer loop
      vertex 9.15706 16.9269 0
      vertex 9.42465 16.4902 0
      vertex 8.01471 15.7718 1.8
    endloop
  endfacet
  facet normal 0.56907 0.491469 -0.659255
    outer loop
      vertex 4.17708 12.6812 0
      vertex 5.29792 13.7979 1.8
      vertex 4.17898 12.679 0
    endloop
  endfacet
  facet normal 0.571927 0.488351 -0.6591
    outer loop
      vertex 5.29792 13.7979 1.8
      vertex 4.17708 12.6812 0
      vertex 5.12467 14.0008 1.8
    endloop
  endfacet
  facet normal 0.571835 -0.488438 -0.659116
    outer loop
      vertex 4.17708 17.3188 0
      vertex 5.12467 15.9992 1.8
      vertex 3.84447 16.9294 0
    endloop
  endfacet
  facet normal 0.488342 0.571941 -0.659094
    outer loop
      vertex 4.18121 12.6771 0
      vertex 5.29792 13.7979 1.8
      vertex 5.50077 13.6247 1.8
    endloop
  endfacet
  facet normal 0.487759 0.572474 -0.659063
    outer loop
      vertex 5.29792 13.7979 1.8
      vertex 4.18121 12.6771 0
      vertex 4.17898 12.679 0
    endloop
  endfacet
  facet normal -0.731273 -0.175564 -0.659104
    outer loop
      vertex 9.62176 16.0143 0
      vertex 9.74132 15.5163 0
      vertex 8.1168 15.5253 1.8
    endloop
  endfacet
  facet normal -0.749732 -0.0589977 -0.659106
    outer loop
      vertex 9.74224 15.5106 0
      vertex 9.78242 15 0
      vertex 8.2 15 1.8
    endloop
  endfacet
  facet normal 0.287809 -0.694794 -0.659111
    outer loop
      vertex 5.48568 18.1218 0
      vertex 5.97467 16.6168 1.8
      vertex 5.01252 17.9258 0
    endloop
  endfacet
  facet normal -0.405158 0.63306 -0.659607
    outer loop
      vertex 8.42686 12.3429 0
      vertex 7.49923 13.6247 1.8
      vertex 8.42936 12.3445 0
    endloop
  endfacet
  facet normal -0.392976 0.641194 -0.659121
    outer loop
      vertex 7.49923 13.6247 1.8
      vertex 8.42686 12.3429 0
      vertex 7.27178 13.4853 1.8
    endloop
  endfacet
  facet normal -0.0589226 -0.749755 -0.659087
    outer loop
      vertex 7.01056 18.2422 0
      vertex 6.76594 16.6791 1.8
      vertex 6.5 16.7 1.8
    endloop
  endfacet
  facet normal -0.0514094 -0.750577 -0.65878
    outer loop
      vertex 6.76594 16.6791 1.8
      vertex 7.01056 18.2422 0
      vertex 7.01348 18.242 0
    endloop
  endfacet
  facet normal -0.69366 -0.290309 -0.659209
    outer loop
      vertex 9.42578 16.4875 0
      vertex 8.01471 15.7718 1.8
      vertex 9.42465 16.4902 0
    endloop
  endfacet
  facet normal -0.694818 -0.287764 -0.659105
    outer loop
      vertex 8.01471 15.7718 1.8
      vertex 9.42578 16.4875 0
      vertex 8.1168 15.5253 1.8
    endloop
  endfacet
  facet normal -0.487759 -0.572474 -0.659063
    outer loop
      vertex 7.70208 16.2021 1.8
      vertex 8.81879 17.3229 0
      vertex 8.82102 17.321 0
    endloop
  endfacet
  facet normal -0.488342 -0.571941 -0.659094
    outer loop
      vertex 8.81879 17.3229 0
      vertex 7.70208 16.2021 1.8
      vertex 7.49923 16.3753 1.8
    endloop
  endfacet
  facet normal 0.488342 -0.571941 -0.659094
    outer loop
      vertex 5.29792 16.2021 1.8
      vertex 4.18121 17.3229 0
      vertex 5.50077 16.3753 1.8
    endloop
  endfacet
  facet normal 0.487759 -0.572474 -0.659063
    outer loop
      vertex 4.18121 17.3229 0
      vertex 5.29792 16.2021 1.8
      vertex 4.17898 17.321 0
    endloop
  endfacet
  facet normal -0.694818 -0.287765 -0.659105
    outer loop
      vertex 9.42578 16.4875 0
      vertex 9.62176 16.0143 0
      vertex 8.1168 15.5253 1.8
    endloop
  endfacet
  facet normal 0.641234 0.392934 -0.659107
    outer loop
      vertex 4.98529 14.2282 1.8
      vertex 3.84294 13.0731 0
      vertex 3.57534 13.5098 0
    endloop
  endfacet
  facet normal 0.571927 -0.488351 -0.6591
    outer loop
      vertex 4.17708 17.3188 0
      vertex 5.29792 16.2021 1.8
      vertex 5.12467 15.9992 1.8
    endloop
  endfacet
  facet normal 0.56907 -0.491469 -0.659255
    outer loop
      vertex 5.29792 16.2021 1.8
      vertex 4.17708 17.3188 0
      vertex 4.17898 17.321 0
    endloop
  endfacet
  facet normal -0.0590319 -0.749735 -0.6591
    outer loop
      vertex 7.01056 18.2422 0
      vertex 6.5 16.7 1.8
      vertex 6.5 18.2824 0
    endloop
  endfacet
  facet normal -0.641184 -0.393 -0.659117
    outer loop
      vertex 7.87533 15.9992 1.8
      vertex 9.15706 16.9269 0
      vertex 8.01471 15.7718 1.8
    endloop
  endfacet
  facet normal -0.641463 -0.392576 -0.659097
    outer loop
      vertex 9.15706 16.9269 0
      vertex 7.87533 15.9992 1.8
      vertex 9.15553 16.9294 0
    endloop
  endfacet
  facet normal 0.179485 -0.730761 -0.658615
    outer loop
      vertex 5.98652 18.242 0
      vertex 5.97467 16.6168 1.8
      vertex 5.98367 18.2413 0
    endloop
  endfacet
  facet normal 0.175634 -0.731264 -0.659094
    outer loop
      vertex 5.97467 16.6168 1.8
      vertex 5.98652 18.242 0
      vertex 6.23406 16.6791 1.8
    endloop
  endfacet
  facet normal -0.392949 -0.641214 -0.659117
    outer loop
      vertex 7.99019 17.9247 0
      vertex 8.42686 17.6571 0
      vertex 7.27178 16.5147 1.8
    endloop
  endfacet
  facet normal -0.488413 -0.571867 -0.659106
    outer loop
      vertex 8.42936 17.6555 0
      vertex 8.81879 17.3229 0
      vertex 7.49923 16.3753 1.8
    endloop
  endfacet
  facet normal -0.571835 -0.488438 -0.659116
    outer loop
      vertex 8.82292 17.3188 0
      vertex 9.15553 16.9294 0
      vertex 7.87533 15.9992 1.8
    endloop
  endfacet
  facet normal -0.749679 -0.0594573 -0.659125
    outer loop
      vertex 9.74224 15.5106 0
      vertex 8.17907 15.2659 1.8
      vertex 9.74201 15.5135 0
    endloop
  endfacet
  facet normal -0.749729 -0.059014 -0.659108
    outer loop
      vertex 8.17907 15.2659 1.8
      vertex 9.74224 15.5106 0
      vertex 8.2 15 1.8
    endloop
  endfacet
  facet normal 0.175483 -0.731287 -0.659109
    outer loop
      vertex 5.98367 18.2413 0
      vertex 5.97467 16.6168 1.8
      vertex 5.48568 18.1218 0
    endloop
  endfacet
  facet normal -0.179485 0.730761 -0.658615
    outer loop
      vertex 7.01348 11.758 0
      vertex 7.02533 13.3832 1.8
      vertex 7.01633 11.7587 0
    endloop
  endfacet
  facet normal -0.175634 0.731264 -0.659094
    outer loop
      vertex 7.02533 13.3832 1.8
      vertex 7.01348 11.758 0
      vertex 6.76594 13.3209 1.8
    endloop
  endfacet
  facet normal 0.488413 -0.571867 -0.659106
    outer loop
      vertex 4.57064 17.6555 0
      vertex 5.50077 16.3753 1.8
      vertex 4.18121 17.3229 0
    endloop
  endfacet
  facet normal 0.749731 0.0590141 -0.659107
    outer loop
      vertex 4.82093 14.7341 1.8
      vertex 3.3 14.5034 0.0492935
      vertex 4.8 15 1.8
    endloop
  endfacet
  facet normal 0.749698 0.0593076 -0.659117
    outer loop
      vertex 3.3 14.5034 0.0492935
      vertex 4.82093 14.7341 1.8
      vertex 3.3 14.4932 0.0483757
    endloop
  endfacet
  facet normal 0.571835 0.488438 -0.659116
    outer loop
      vertex 5.12467 14.0008 1.8
      vertex 4.17708 12.6812 0
      vertex 3.84447 13.0706 0
    endloop
  endfacet
  facet normal 0.749733 0.0590027 -0.659105
    outer loop
      vertex 4.8 15 1.8
      vertex 3.3 14.5034 0.0492935
      vertex 3.3 15 0.0937488
    endloop
  endfacet
  facet normal 0.731258 0.175645 -0.659098
    outer loop
      vertex 4.8832 14.4747 1.8
      vertex 3.3 14.3116 0
      vertex 3.3 14.4834 0.0457835
    endloop
  endfacet
  facet normal 0.731274 0.17556 -0.659104
    outer loop
      vertex 3.3 14.3116 0
      vertex 4.8832 14.4747 1.8
      vertex 3.37824 13.9857 0
    endloop
  endfacet
  facet normal -0.730681 -0.180061 -0.658547
    outer loop
      vertex 9.74201 15.5135 0
      vertex 8.1168 15.5253 1.8
      vertex 9.74132 15.5163 0
    endloop
  endfacet
  facet normal -0.731271 -0.175545 -0.65911
    outer loop
      vertex 8.1168 15.5253 1.8
      vertex 9.74201 15.5135 0
      vertex 8.17907 15.2659 1.8
    endloop
  endfacet
  facet normal -0.488413 0.571867 -0.659106
    outer loop
      vertex 8.81879 12.6771 0
      vertex 8.42936 12.3445 0
      vertex 7.49923 13.6247 1.8
    endloop
  endfacet
  facet normal 0.287809 0.694794 -0.659111
    outer loop
      vertex 5.97467 13.3832 1.8
      vertex 5.48568 11.8782 0
      vertex 5.01252 12.0742 0
    endloop
  endfacet
  facet normal -0.694818 0.287765 -0.659105
    outer loop
      vertex 9.62176 13.9857 0
      vertex 9.42578 13.5125 0
      vertex 8.1168 14.4747 1.8
    endloop
  endfacet
  facet normal 0.175634 0.731264 -0.659094
    outer loop
      vertex 5.98652 11.758 0
      vertex 5.97467 13.3832 1.8
      vertex 6.23406 13.3209 1.8
    endloop
  endfacet
  facet normal 0.179485 0.730761 -0.658615
    outer loop
      vertex 5.97467 13.3832 1.8
      vertex 5.98652 11.758 0
      vertex 5.98367 11.7587 0
    endloop
  endfacet
  facet normal 0.0589226 0.749755 -0.659087
    outer loop
      vertex 5.98944 11.7578 0
      vertex 6.23406 13.3209 1.8
      vertex 6.5 13.3 1.8
    endloop
  endfacet
  facet normal 0.0514094 0.750577 -0.65878
    outer loop
      vertex 6.23406 13.3209 1.8
      vertex 5.98944 11.7578 0
      vertex 5.98652 11.758 0
    endloop
  endfacet
  facet normal -0.571927 -0.488351 -0.6591
    outer loop
      vertex 7.70208 16.2021 1.8
      vertex 8.82292 17.3188 0
      vertex 7.87533 15.9992 1.8
    endloop
  endfacet
  facet normal -0.56907 -0.491469 -0.659255
    outer loop
      vertex 8.82292 17.3188 0
      vertex 7.70208 16.2021 1.8
      vertex 8.82102 17.321 0
    endloop
  endfacet
  facet normal 0.749733 -0.0590027 -0.659105
    outer loop
      vertex 4.8 15 1.8
      vertex 3.3 15 0.0937488
      vertex 3.3 15.4966 0.0492935
    endloop
  endfacet
  facet normal -0.287809 -0.694794 -0.659111
    outer loop
      vertex 7.51432 18.1218 0
      vertex 7.98748 17.9258 0
      vertex 7.02533 16.6168 1.8
    endloop
  endfacet
  facet normal 0.731422 -0.174379 -0.659252
    outer loop
      vertex 4.8832 15.5253 1.8
      vertex 3.3 15.5068 0.0483757
      vertex 3.3 15.5166 0.0457835
    endloop
  endfacet
  facet normal 0.731275 -0.175545 -0.659106
    outer loop
      vertex 3.3 15.5068 0.0483757
      vertex 4.8832 15.5253 1.8
      vertex 4.82093 15.2659 1.8
    endloop
  endfacet
  facet normal -0.175634 -0.731264 -0.659094
    outer loop
      vertex 7.01348 18.242 0
      vertex 7.02533 16.6168 1.8
      vertex 6.76594 16.6791 1.8
    endloop
  endfacet
  facet normal -0.179485 -0.730761 -0.658615
    outer loop
      vertex 7.02533 16.6168 1.8
      vertex 7.01348 18.242 0
      vertex 7.01633 18.2413 0
    endloop
  endfacet
  facet normal 0.0590319 0.749735 -0.6591
    outer loop
      vertex 6.5 13.3 1.8
      vertex 6.5 11.7176 0
      vertex 5.98944 11.7578 0
    endloop
  endfacet
  facet normal 0.641463 0.392576 -0.659097
    outer loop
      vertex 3.84294 13.0731 0
      vertex 5.12467 14.0008 1.8
      vertex 3.84447 13.0706 0
    endloop
  endfacet
  facet normal 0.641184 0.393 -0.659117
    outer loop
      vertex 5.12467 14.0008 1.8
      vertex 3.84294 13.0731 0
      vertex 4.98529 14.2282 1.8
    endloop
  endfacet
  facet normal 0.0514094 -0.750577 -0.65878
    outer loop
      vertex 5.98944 18.2422 0
      vertex 6.23406 16.6791 1.8
      vertex 5.98652 18.242 0
    endloop
  endfacet
  facet normal 0.0589226 -0.749755 -0.659087
    outer loop
      vertex 6.23406 16.6791 1.8
      vertex 5.98944 18.2422 0
      vertex 6.5 16.7 1.8
    endloop
  endfacet
  facet normal -0.0590319 0.749735 -0.6591
    outer loop
      vertex 7.01056 11.7578 0
      vertex 6.5 11.7176 0
      vertex 6.5 13.3 1.8
    endloop
  endfacet
  facet normal -0.571835 0.488438 -0.659116
    outer loop
      vertex 9.15553 13.0706 0
      vertex 8.82292 12.6812 0
      vertex 7.87533 14.0008 1.8
    endloop
  endfacet
  facet normal -0.405158 -0.63306 -0.659607
    outer loop
      vertex 7.49923 16.3753 1.8
      vertex 8.42686 17.6571 0
      vertex 8.42936 17.6555 0
    endloop
  endfacet
  facet normal -0.392976 -0.641194 -0.659121
    outer loop
      vertex 8.42686 17.6571 0
      vertex 7.49923 16.3753 1.8
      vertex 7.27178 16.5147 1.8
    endloop
  endfacet
  facet normal 0.175483 0.731287 -0.659109
    outer loop
      vertex 5.97467 13.3832 1.8
      vertex 5.98367 11.7587 0
      vertex 5.48568 11.8782 0
    endloop
  endfacet
  facet normal -0.694818 0.287764 -0.659105
    outer loop
      vertex 9.42578 13.5125 0
      vertex 8.01471 14.2282 1.8
      vertex 8.1168 14.4747 1.8
    endloop
  endfacet
  facet normal -0.69366 0.290309 -0.659209
    outer loop
      vertex 8.01471 14.2282 1.8
      vertex 9.42578 13.5125 0
      vertex 9.42465 13.5098 0
    endloop
  endfacet
  facet normal -0.287809 0.694794 -0.659111
    outer loop
      vertex 7.98748 12.0742 0
      vertex 7.51432 11.8782 0
      vertex 7.02533 13.3832 1.8
    endloop
  endfacet
  facet normal 0.694818 -0.287765 -0.659105
    outer loop
      vertex 3.57422 16.4875 0
      vertex 4.8832 15.5253 1.8
      vertex 3.37824 16.0143 0
    endloop
  endfacet
  facet normal 0.392976 -0.641194 -0.659121
    outer loop
      vertex 5.50077 16.3753 1.8
      vertex 4.57314 17.6571 0
      vertex 5.72822 16.5147 1.8
    endloop
  endfacet
  facet normal 0.405158 -0.63306 -0.659607
    outer loop
      vertex 4.57314 17.6571 0
      vertex 5.50077 16.3753 1.8
      vertex 4.57064 17.6555 0
    endloop
  endfacet
  facet normal 0.392949 -0.641214 -0.659117
    outer loop
      vertex 5.00981 17.9247 0
      vertex 5.72822 16.5147 1.8
      vertex 4.57314 17.6571 0
    endloop
  endfacet
  facet normal 0.392976 0.641194 -0.659121
    outer loop
      vertex 4.57314 12.3429 0
      vertex 5.50077 13.6247 1.8
      vertex 5.72822 13.4853 1.8
    endloop
  endfacet
  facet normal 0.405158 0.63306 -0.659607
    outer loop
      vertex 5.50077 13.6247 1.8
      vertex 4.57314 12.3429 0
      vertex 4.57064 12.3445 0
    endloop
  endfacet
  facet normal 0.694818 0.287765 -0.659105
    outer loop
      vertex 4.8832 14.4747 1.8
      vertex 3.57422 13.5125 0
      vertex 3.37824 13.9857 0
    endloop
  endfacet
  facet normal 0.694818 0.287764 -0.659105
    outer loop
      vertex 4.98529 14.2282 1.8
      vertex 3.57422 13.5125 0
      vertex 4.8832 14.4747 1.8
    endloop
  endfacet
  facet normal 0.694643 0.288148 -0.659121
    outer loop
      vertex 3.57422 13.5125 0
      vertex 4.98529 14.2282 1.8
      vertex 3.57534 13.5098 0
    endloop
  endfacet
  facet normal 0.731275 0.175545 -0.659106
    outer loop
      vertex 4.8832 14.4747 1.8
      vertex 3.3 14.4932 0.0483757
      vertex 4.82093 14.7341 1.8
    endloop
  endfacet
  facet normal 0.731422 0.174379 -0.659252
    outer loop
      vertex 3.3 14.4932 0.0483757
      vertex 4.8832 14.4747 1.8
      vertex 3.3 14.4834 0.0457835
    endloop
  endfacet
  facet normal 0.282915 -0.697001 -0.6589
    outer loop
      vertex 5.01252 17.9258 0
      vertex 5.72822 16.5147 1.8
      vertex 5.00981 17.9247 0
    endloop
  endfacet
  facet normal 0.287835 -0.694779 -0.659115
    outer loop
      vertex 5.72822 16.5147 1.8
      vertex 5.01252 17.9258 0
      vertex 5.97467 16.6168 1.8
    endloop
  endfacet
  facet normal 0.287835 0.694779 -0.659115
    outer loop
      vertex 5.01252 12.0742 0
      vertex 5.72822 13.4853 1.8
      vertex 5.97467 13.3832 1.8
    endloop
  endfacet
  facet normal 0.282915 0.697001 -0.6589
    outer loop
      vertex 5.72822 13.4853 1.8
      vertex 5.01252 12.0742 0
      vertex 5.00981 12.0753 0
    endloop
  endfacet
  facet normal -0.392949 0.641214 -0.659117
    outer loop
      vertex 8.42686 12.3429 0
      vertex 7.99019 12.0753 0
      vertex 7.27178 13.4853 1.8
    endloop
  endfacet
  facet normal -0.56907 0.491469 -0.659255
    outer loop
      vertex 7.70208 13.7979 1.8
      vertex 8.82292 12.6812 0
      vertex 8.82102 12.679 0
    endloop
  endfacet
  facet normal -0.571927 0.488351 -0.6591
    outer loop
      vertex 8.82292 12.6812 0
      vertex 7.70208 13.7979 1.8
      vertex 7.87533 14.0008 1.8
    endloop
  endfacet
  facet normal -0.641463 0.392576 -0.659097
    outer loop
      vertex 7.87533 14.0008 1.8
      vertex 9.15706 13.0731 0
      vertex 9.15553 13.0706 0
    endloop
  endfacet
  facet normal -0.641184 0.393 -0.659117
    outer loop
      vertex 9.15706 13.0731 0
      vertex 7.87533 14.0008 1.8
      vertex 8.01471 14.2282 1.8
    endloop
  endfacet
  facet normal 0.641184 -0.393 -0.659117
    outer loop
      vertex 3.84294 16.9269 0
      vertex 5.12467 15.9992 1.8
      vertex 4.98529 15.7718 1.8
    endloop
  endfacet
  facet normal 0.641463 -0.392576 -0.659097
    outer loop
      vertex 5.12467 15.9992 1.8
      vertex 3.84294 16.9269 0
      vertex 3.84447 16.9294 0
    endloop
  endfacet
  facet normal 0.641234 -0.392934 -0.659107
    outer loop
      vertex 3.84294 16.9269 0
      vertex 4.98529 15.7718 1.8
      vertex 3.57534 16.4902 0
    endloop
  endfacet
  facet normal 0.694643 -0.288148 -0.659121
    outer loop
      vertex 4.98529 15.7718 1.8
      vertex 3.57422 16.4875 0
      vertex 3.57534 16.4902 0
    endloop
  endfacet
  facet normal 0.694818 -0.287764 -0.659105
    outer loop
      vertex 3.57422 16.4875 0
      vertex 4.98529 15.7718 1.8
      vertex 4.8832 15.5253 1.8
    endloop
  endfacet
  facet normal 0.392949 0.641214 -0.659117
    outer loop
      vertex 5.72822 13.4853 1.8
      vertex 5.00981 12.0753 0
      vertex 4.57314 12.3429 0
    endloop
  endfacet
  facet normal -0.282915 0.697001 -0.6589
    outer loop
      vertex 7.98748 12.0742 0
      vertex 7.27178 13.4853 1.8
      vertex 7.99019 12.0753 0
    endloop
  endfacet
  facet normal -0.287835 0.694779 -0.659115
    outer loop
      vertex 7.27178 13.4853 1.8
      vertex 7.98748 12.0742 0
      vertex 7.02533 13.3832 1.8
    endloop
  endfacet
  facet normal -0.175483 0.731287 -0.659109
    outer loop
      vertex 7.02533 13.3832 1.8
      vertex 7.51432 11.8782 0
      vertex 7.01633 11.7587 0
    endloop
  endfacet
  facet normal -0.487759 0.572474 -0.659063
    outer loop
      vertex 8.81879 12.6771 0
      vertex 7.70208 13.7979 1.8
      vertex 8.82102 12.679 0
    endloop
  endfacet
  facet normal -0.488342 0.571941 -0.659094
    outer loop
      vertex 7.70208 13.7979 1.8
      vertex 8.81879 12.6771 0
      vertex 7.49923 13.6247 1.8
    endloop
  endfacet
  facet normal -0.731273 0.175564 -0.659104
    outer loop
      vertex 9.74132 14.4837 0
      vertex 9.62176 13.9857 0
      vertex 8.1168 14.4747 1.8
    endloop
  endfacet
  facet normal -0.730681 0.180061 -0.658547
    outer loop
      vertex 8.1168 14.4747 1.8
      vertex 9.74201 14.4865 0
      vertex 9.74132 14.4837 0
    endloop
  endfacet
  facet normal -0.731271 0.175545 -0.65911
    outer loop
      vertex 9.74201 14.4865 0
      vertex 8.1168 14.4747 1.8
      vertex 8.17907 14.7341 1.8
    endloop
  endfacet
  facet normal -0.972605 0.232465 0
    outer loop
      vertex 200.117 69.4747 1.8
      vertex 200.179 69.7341 79
      vertex 200.179 69.7341 1.8
    endloop
  endfacet
  facet normal -0.972605 0.232465 0
    outer loop
      vertex 200.179 69.7341 79
      vertex 200.117 69.4747 1.8
      vertex 200.117 69.4747 79
    endloop
  endfacet
  facet normal -0.996896 0.0787319 0
    outer loop
      vertex 200.179 69.7341 1.8
      vertex 200.2 70 79
      vertex 200.2 70 1.8
    endloop
  endfacet
  facet normal -0.996896 0.0787319 0
    outer loop
      vertex 200.2 70 79
      vertex 200.179 69.7341 1.8
      vertex 200.179 69.7341 79
    endloop
  endfacet
  facet normal -0.924017 0.382352 0
    outer loop
      vertex 200.015 69.2282 1.8
      vertex 200.117 69.4747 79
      vertex 200.117 69.4747 1.8
    endloop
  endfacet
  facet normal -0.924017 0.382352 0
    outer loop
      vertex 200.117 69.4747 79
      vertex 200.015 69.2282 1.8
      vertex 200.015 69.2282 79
    endloop
  endfacet
  facet normal -0.523301 -0.852148 0
    outer loop
      vertex 199.272 71.5147 1.8
      vertex 199.499 71.3753 79
      vertex 199.272 71.5147 79
    endloop
  endfacet
  facet normal -0.523301 -0.852148 -0
    outer loop
      vertex 199.499 71.3753 79
      vertex 199.272 71.5147 1.8
      vertex 199.499 71.3753 1.8
    endloop
  endfacet
  facet normal 0.924017 0.382352 0
    outer loop
      vertex 196.985 69.2282 79
      vertex 196.883 69.4747 1.8
      vertex 196.883 69.4747 79
    endloop
  endfacet
  facet normal 0.924017 0.382352 0
    outer loop
      vertex 196.883 69.4747 1.8
      vertex 196.985 69.2282 79
      vertex 196.985 69.2282 1.8
    endloop
  endfacet
  facet normal 0.523301 -0.852148 0
    outer loop
      vertex 197.501 71.3753 1.8
      vertex 197.728 71.5147 79
      vertex 197.501 71.3753 79
    endloop
  endfacet
  facet normal 0.523301 -0.852148 0
    outer loop
      vertex 197.728 71.5147 79
      vertex 197.501 71.3753 1.8
      vertex 197.728 71.5147 1.8
    endloop
  endfacet
  facet normal -0.972605 -0.232465 0
    outer loop
      vertex 200.179 70.2659 1.8
      vertex 200.117 70.5253 79
      vertex 200.117 70.5253 1.8
    endloop
  endfacet
  facet normal -0.972605 -0.232465 0
    outer loop
      vertex 200.117 70.5253 79
      vertex 200.179 70.2659 1.8
      vertex 200.179 70.2659 79
    endloop
  endfacet
  facet normal -0.38201 -0.924158 0
    outer loop
      vertex 199.025 71.6168 1.8
      vertex 199.272 71.5147 79
      vertex 199.025 71.6168 79
    endloop
  endfacet
  facet normal -0.38201 -0.924158 -0
    outer loop
      vertex 199.272 71.5147 79
      vertex 199.025 71.6168 1.8
      vertex 199.272 71.5147 1.8
    endloop
  endfacet
  facet normal 0.38201 0.924158 -0
    outer loop
      vertex 197.975 68.3832 1.8
      vertex 197.728 68.4853 79
      vertex 197.975 68.3832 79
    endloop
  endfacet
  facet normal 0.38201 0.924158 0
    outer loop
      vertex 197.728 68.4853 79
      vertex 197.975 68.3832 1.8
      vertex 197.728 68.4853 1.8
    endloop
  endfacet
  facet normal 0.523301 0.852148 -0
    outer loop
      vertex 197.728 68.4853 1.8
      vertex 197.501 68.6247 79
      vertex 197.728 68.4853 79
    endloop
  endfacet
  facet normal 0.523301 0.852148 0
    outer loop
      vertex 197.501 68.6247 79
      vertex 197.728 68.4853 1.8
      vertex 197.501 68.6247 1.8
    endloop
  endfacet
  facet normal 0.23387 0.972268 -0
    outer loop
      vertex 198.234 68.3209 1.8
      vertex 197.975 68.3832 79
      vertex 198.234 68.3209 79
    endloop
  endfacet
  facet normal 0.23387 0.972268 0
    outer loop
      vertex 197.975 68.3832 79
      vertex 198.234 68.3209 1.8
      vertex 197.975 68.3832 1.8
    endloop
  endfacet
  facet normal -0.649061 -0.760736 0
    outer loop
      vertex 199.499 71.3753 1.8
      vertex 199.702 71.2021 79
      vertex 199.499 71.3753 79
    endloop
  endfacet
  facet normal -0.649061 -0.760736 -0
    outer loop
      vertex 199.702 71.2021 79
      vertex 199.499 71.3753 1.8
      vertex 199.702 71.2021 1.8
    endloop
  endfacet
  facet normal 0.07833 0.996927 -0
    outer loop
      vertex 198.5 68.3 1.8
      vertex 198.234 68.3209 79
      vertex 198.5 68.3 79
    endloop
  endfacet
  facet normal 0.07833 0.996927 0
    outer loop
      vertex 198.234 68.3209 79
      vertex 198.5 68.3 1.8
      vertex 198.234 68.3209 1.8
    endloop
  endfacet
  facet normal 0.924017 -0.382352 0
    outer loop
      vertex 196.883 70.5253 79
      vertex 196.985 70.7718 1.8
      vertex 196.985 70.7718 79
    endloop
  endfacet
  facet normal 0.924017 -0.382352 0
    outer loop
      vertex 196.985 70.7718 1.8
      vertex 196.883 70.5253 79
      vertex 196.883 70.5253 1.8
    endloop
  endfacet
  facet normal 0.760948 0.648813 0
    outer loop
      vertex 197.298 68.7979 79
      vertex 197.125 69.0008 1.8
      vertex 197.125 69.0008 79
    endloop
  endfacet
  facet normal 0.760948 0.648813 0
    outer loop
      vertex 197.125 69.0008 1.8
      vertex 197.298 68.7979 79
      vertex 197.298 68.7979 1.8
    endloop
  endfacet
  facet normal 0.23387 -0.972268 0
    outer loop
      vertex 197.975 71.6168 1.8
      vertex 198.234 71.6791 79
      vertex 197.975 71.6168 79
    endloop
  endfacet
  facet normal 0.23387 -0.972268 0
    outer loop
      vertex 198.234 71.6791 79
      vertex 197.975 71.6168 1.8
      vertex 198.234 71.6791 1.8
    endloop
  endfacet
  facet normal -0.924017 -0.382352 0
    outer loop
      vertex 200.117 70.5253 1.8
      vertex 200.015 70.7718 79
      vertex 200.015 70.7718 1.8
    endloop
  endfacet
  facet normal -0.924017 -0.382352 0
    outer loop
      vertex 200.015 70.7718 79
      vertex 200.117 70.5253 1.8
      vertex 200.117 70.5253 79
    endloop
  endfacet
  facet normal 0.760948 -0.648813 0
    outer loop
      vertex 197.125 70.9992 79
      vertex 197.298 71.2021 1.8
      vertex 197.298 71.2021 79
    endloop
  endfacet
  facet normal 0.760948 -0.648813 0
    outer loop
      vertex 197.298 71.2021 1.8
      vertex 197.125 70.9992 79
      vertex 197.125 70.9992 1.8
    endloop
  endfacet
  facet normal 0.649061 0.760736 -0
    outer loop
      vertex 197.501 68.6247 1.8
      vertex 197.298 68.7979 79
      vertex 197.501 68.6247 79
    endloop
  endfacet
  facet normal 0.649061 0.760736 0
    outer loop
      vertex 197.298 68.7979 79
      vertex 197.501 68.6247 1.8
      vertex 197.298 68.7979 1.8
    endloop
  endfacet
  facet normal -0.07833 -0.996927 0
    outer loop
      vertex 198.5 71.7 1.8
      vertex 198.766 71.6791 79
      vertex 198.5 71.7 79
    endloop
  endfacet
  facet normal -0.07833 -0.996927 -0
    outer loop
      vertex 198.766 71.6791 79
      vertex 198.5 71.7 1.8
      vertex 198.766 71.6791 1.8
    endloop
  endfacet
  facet normal -0.851555 -0.524265 0
    outer loop
      vertex 200.015 70.7718 1.8
      vertex 199.875 70.9992 79
      vertex 199.875 70.9992 1.8
    endloop
  endfacet
  facet normal -0.851555 -0.524265 0
    outer loop
      vertex 199.875 70.9992 79
      vertex 200.015 70.7718 1.8
      vertex 200.015 70.7718 79
    endloop
  endfacet
  facet normal -0.851555 0.524265 0
    outer loop
      vertex 199.875 69.0008 1.8
      vertex 200.015 69.2282 79
      vertex 200.015 69.2282 1.8
    endloop
  endfacet
  facet normal -0.851555 0.524265 0
    outer loop
      vertex 200.015 69.2282 79
      vertex 199.875 69.0008 1.8
      vertex 199.875 69.0008 79
    endloop
  endfacet
  facet normal -0.996896 -0.0787319 0
    outer loop
      vertex 200.2 70 1.8
      vertex 200.179 70.2659 79
      vertex 200.179 70.2659 1.8
    endloop
  endfacet
  facet normal -0.996896 -0.0787319 0
    outer loop
      vertex 200.179 70.2659 79
      vertex 200.2 70 1.8
      vertex 200.2 70 79
    endloop
  endfacet
  facet normal 0.972605 -0.232465 0
    outer loop
      vertex 196.821 70.2659 79
      vertex 196.883 70.5253 1.8
      vertex 196.883 70.5253 79
    endloop
  endfacet
  facet normal 0.972605 -0.232465 0
    outer loop
      vertex 196.883 70.5253 1.8
      vertex 196.821 70.2659 79
      vertex 196.821 70.2659 1.8
    endloop
  endfacet
  facet normal -0.523301 0.852148 0
    outer loop
      vertex 199.499 68.6247 1.8
      vertex 199.272 68.4853 79
      vertex 199.499 68.6247 79
    endloop
  endfacet
  facet normal -0.523301 0.852148 0
    outer loop
      vertex 199.272 68.4853 79
      vertex 199.499 68.6247 1.8
      vertex 199.272 68.4853 1.8
    endloop
  endfacet
  facet normal -0.760948 0.648813 0
    outer loop
      vertex 199.702 68.7979 1.8
      vertex 199.875 69.0008 79
      vertex 199.875 69.0008 1.8
    endloop
  endfacet
  facet normal -0.760948 0.648813 0
    outer loop
      vertex 199.875 69.0008 79
      vertex 199.702 68.7979 1.8
      vertex 199.702 68.7979 79
    endloop
  endfacet
  facet normal 0.996896 0.0787319 0
    outer loop
      vertex 196.821 69.7341 79
      vertex 196.8 70 1.8
      vertex 196.8 70 79
    endloop
  endfacet
  facet normal 0.996896 0.0787319 0
    outer loop
      vertex 196.8 70 1.8
      vertex 196.821 69.7341 79
      vertex 196.821 69.7341 1.8
    endloop
  endfacet
  facet normal -0.649061 0.760736 0
    outer loop
      vertex 199.702 68.7979 1.8
      vertex 199.499 68.6247 79
      vertex 199.702 68.7979 79
    endloop
  endfacet
  facet normal -0.649061 0.760736 0
    outer loop
      vertex 199.499 68.6247 79
      vertex 199.702 68.7979 1.8
      vertex 199.499 68.6247 1.8
    endloop
  endfacet
  facet normal -0.23387 -0.972268 0
    outer loop
      vertex 198.766 71.6791 1.8
      vertex 199.025 71.6168 79
      vertex 198.766 71.6791 79
    endloop
  endfacet
  facet normal -0.23387 -0.972268 -0
    outer loop
      vertex 199.025 71.6168 79
      vertex 198.766 71.6791 1.8
      vertex 199.025 71.6168 1.8
    endloop
  endfacet
  facet normal 0.851555 -0.524265 0
    outer loop
      vertex 196.985 70.7718 79
      vertex 197.125 70.9992 1.8
      vertex 197.125 70.9992 79
    endloop
  endfacet
  facet normal 0.851555 -0.524265 0
    outer loop
      vertex 197.125 70.9992 1.8
      vertex 196.985 70.7718 79
      vertex 196.985 70.7718 1.8
    endloop
  endfacet
  facet normal 0.649061 -0.760736 0
    outer loop
      vertex 197.298 71.2021 1.8
      vertex 197.501 71.3753 79
      vertex 197.298 71.2021 79
    endloop
  endfacet
  facet normal 0.649061 -0.760736 0
    outer loop
      vertex 197.501 71.3753 79
      vertex 197.298 71.2021 1.8
      vertex 197.501 71.3753 1.8
    endloop
  endfacet
  facet normal -0.760948 -0.648813 0
    outer loop
      vertex 199.875 70.9992 1.8
      vertex 199.702 71.2021 79
      vertex 199.702 71.2021 1.8
    endloop
  endfacet
  facet normal -0.760948 -0.648813 0
    outer loop
      vertex 199.702 71.2021 79
      vertex 199.875 70.9992 1.8
      vertex 199.875 70.9992 79
    endloop
  endfacet
  facet normal 0.851555 0.524265 0
    outer loop
      vertex 197.125 69.0008 79
      vertex 196.985 69.2282 1.8
      vertex 196.985 69.2282 79
    endloop
  endfacet
  facet normal 0.851555 0.524265 0
    outer loop
      vertex 196.985 69.2282 1.8
      vertex 197.125 69.0008 79
      vertex 197.125 69.0008 1.8
    endloop
  endfacet
  facet normal 0.996896 -0.0787319 0
    outer loop
      vertex 196.8 70 79
      vertex 196.821 70.2659 1.8
      vertex 196.821 70.2659 79
    endloop
  endfacet
  facet normal 0.996896 -0.0787319 0
    outer loop
      vertex 196.821 70.2659 1.8
      vertex 196.8 70 79
      vertex 196.8 70 1.8
    endloop
  endfacet
  facet normal 0.38201 -0.924158 0
    outer loop
      vertex 197.728 71.5147 1.8
      vertex 197.975 71.6168 79
      vertex 197.728 71.5147 79
    endloop
  endfacet
  facet normal 0.38201 -0.924158 0
    outer loop
      vertex 197.975 71.6168 79
      vertex 197.728 71.5147 1.8
      vertex 197.975 71.6168 1.8
    endloop
  endfacet
  facet normal -0.38201 0.924158 0
    outer loop
      vertex 199.272 68.4853 1.8
      vertex 199.025 68.3832 79
      vertex 199.272 68.4853 79
    endloop
  endfacet
  facet normal -0.38201 0.924158 0
    outer loop
      vertex 199.025 68.3832 79
      vertex 199.272 68.4853 1.8
      vertex 199.025 68.3832 1.8
    endloop
  endfacet
  facet normal -0.23387 0.972268 0
    outer loop
      vertex 199.025 68.3832 1.8
      vertex 198.766 68.3209 79
      vertex 199.025 68.3832 79
    endloop
  endfacet
  facet normal -0.23387 0.972268 0
    outer loop
      vertex 198.766 68.3209 79
      vertex 199.025 68.3832 1.8
      vertex 198.766 68.3209 1.8
    endloop
  endfacet
  facet normal -0.07833 0.996927 0
    outer loop
      vertex 198.766 68.3209 1.8
      vertex 198.5 68.3 79
      vertex 198.766 68.3209 79
    endloop
  endfacet
  facet normal -0.07833 0.996927 0
    outer loop
      vertex 198.5 68.3 79
      vertex 198.766 68.3209 1.8
      vertex 198.5 68.3 1.8
    endloop
  endfacet
  facet normal 0.972605 0.232465 0
    outer loop
      vertex 196.883 69.4747 79
      vertex 196.821 69.7341 1.8
      vertex 196.821 69.7341 79
    endloop
  endfacet
  facet normal 0.972605 0.232465 0
    outer loop
      vertex 196.821 69.7341 1.8
      vertex 196.883 69.4747 79
      vertex 196.883 69.4747 1.8
    endloop
  endfacet
  facet normal 0.07833 -0.996927 0
    outer loop
      vertex 198.234 71.6791 1.8
      vertex 198.5 71.7 79
      vertex 198.234 71.6791 79
    endloop
  endfacet
  facet normal 0.07833 -0.996927 0
    outer loop
      vertex 198.5 71.7 79
      vertex 198.234 71.6791 1.8
      vertex 198.5 71.7 1.8
    endloop
  endfacet
  facet normal -0.64098 0.393365 -0.659097
    outer loop
      vertex 201.425 68.5098 0
      vertex 201.157 68.0731 0
      vertex 200.015 69.2282 1.8
    endloop
  endfacet
  facet normal -0.17548 -0.731288 -0.65911
    outer loop
      vertex 199.514 73.1218 0
      vertex 199.025 71.6168 1.8
      vertex 199.016 73.2413 0
    endloop
  endfacet
  facet normal 0.488 0.572218 -0.659107
    outer loop
      vertex 197.501 68.6247 1.8
      vertex 196.571 67.3445 0
      vertex 196.181 67.6771 0
    endloop
  endfacet
  facet normal -0.749732 0.0590027 -0.659105
    outer loop
      vertex 201.7 70 0.0937499
      vertex 201.7 69.5034 0.0492946
      vertex 200.2 70 1.8
    endloop
  endfacet
  facet normal -0.749694 0.0592086 -0.659131
    outer loop
      vertex 201.7 69.5034 0.0492946
      vertex 200.179 69.7341 1.8
      vertex 200.2 70 1.8
    endloop
  endfacet
  facet normal -0.749683 0.0593092 -0.659134
    outer loop
      vertex 200.179 69.7341 1.8
      vertex 201.7 69.5034 0.0492946
      vertex 201.7 69.4932 0.0483768
    endloop
  endfacet
  facet normal 0.755066 0 -0.655649
    outer loop
      vertex 196.821 70.2659 1.8
      vertex 195.258 70.5106 0
      vertex 195.258 70.5135 0
    endloop
  endfacet
  facet normal 0.749742 -0.0592124 -0.659076
    outer loop
      vertex 195.258 70.5106 0
      vertex 196.821 70.2659 1.8
      vertex 196.8 70 1.8
    endloop
  endfacet
  facet normal -0.287317 -0.695075 -0.659029
    outer loop
      vertex 199.987 72.9258 0
      vertex 199.272 71.5147 1.8
      vertex 199.025 71.6168 1.8
    endloop
  endfacet
  facet normal -0.259364 -0.707357 -0.657554
    outer loop
      vertex 199.272 71.5147 1.8
      vertex 199.987 72.9258 0
      vertex 199.99 72.9247 0
    endloop
  endfacet
  facet normal -0.0747869 0.747869 -0.65962
    outer loop
      vertex 199.011 66.7578 0
      vertex 198.766 68.3209 1.8
      vertex 199.013 66.758 0
    endloop
  endfacet
  facet normal -0.058909 0.749751 -0.659093
    outer loop
      vertex 198.766 68.3209 1.8
      vertex 199.011 66.7578 0
      vertex 198.5 68.3 1.8
    endloop
  endfacet
  facet normal 0.0589813 -0.749737 -0.659102
    outer loop
      vertex 198.5 73.2824 0
      vertex 198.5 71.7 1.8
      vertex 197.989 73.2422 0
    endloop
  endfacet
  facet normal 0.731478 -0.174791 -0.659082
    outer loop
      vertex 195.378 71.0143 0
      vertex 196.883 70.5253 1.8
      vertex 195.259 70.5163 0
    endloop
  endfacet
  facet normal -0.64098 -0.393365 -0.659097
    outer loop
      vertex 201.157 71.9269 0
      vertex 201.425 71.4902 0
      vertex 200.015 70.7718 1.8
    endloop
  endfacet
  facet normal 0.555996 0.505451 -0.659839
    outer loop
      vertex 196.177 67.6812 0
      vertex 197.298 68.7979 1.8
      vertex 196.179 67.679 0
    endloop
  endfacet
  facet normal 0.57227 0.487938 -0.659108
    outer loop
      vertex 197.298 68.7979 1.8
      vertex 196.177 67.6812 0
      vertex 197.125 69.0008 1.8
    endloop
  endfacet
  facet normal 0.571467 -0.488697 -0.659242
    outer loop
      vertex 196.177 72.3188 0
      vertex 197.125 70.9992 1.8
      vertex 195.844 71.9294 0
    endloop
  endfacet
  facet normal 0.488114 0.572097 -0.659128
    outer loop
      vertex 196.181 67.6771 0
      vertex 197.298 68.7979 1.8
      vertex 197.501 68.6247 1.8
    endloop
  endfacet
  facet normal 0.517351 0.54458 -0.660137
    outer loop
      vertex 197.298 68.7979 1.8
      vertex 196.181 67.6771 0
      vertex 196.179 67.679 0
    endloop
  endfacet
  facet normal -0.731406 -0.175053 -0.659092
    outer loop
      vertex 201.7 70.6884 0
      vertex 200.117 70.5253 1.8
      vertex 201.622 71.0143 0
    endloop
  endfacet
  facet normal -0.731301 -0.175637 -0.659053
    outer loop
      vertex 200.117 70.5253 1.8
      vertex 201.7 70.6884 0
      vertex 201.7 70.5166 0.0457845
    endloop
  endfacet
  facet normal -0.749732 -0.0590027 -0.659105
    outer loop
      vertex 201.7 70.4966 0.0492946
      vertex 201.7 70 0.0937499
      vertex 200.2 70 1.8
    endloop
  endfacet
  facet normal 0.287893 -0.694762 -0.659109
    outer loop
      vertex 197.486 73.1218 0
      vertex 197.975 71.6168 1.8
      vertex 197.013 72.9258 0
    endloop
  endfacet
  facet normal -0.469402 0.586753 -0.659836
    outer loop
      vertex 200.427 67.3429 0
      vertex 199.499 68.6247 1.8
      vertex 200.429 67.3445 0
    endloop
  endfacet
  facet normal -0.393509 0.640793 -0.659192
    outer loop
      vertex 199.499 68.6247 1.8
      vertex 200.427 67.3429 0
      vertex 199.272 68.4853 1.8
    endloop
  endfacet
  facet normal -0.058909 -0.749751 -0.659093
    outer loop
      vertex 199.011 73.2422 0
      vertex 198.766 71.6791 1.8
      vertex 198.5 71.7 1.8
    endloop
  endfacet
  facet normal -0.0747869 -0.747869 -0.65962
    outer loop
      vertex 198.766 71.6791 1.8
      vertex 199.011 73.2422 0
      vertex 199.013 73.242 0
    endloop
  endfacet
  facet normal -0.706362 -0.261616 -0.657731
    outer loop
      vertex 201.426 71.4875 0
      vertex 200.015 70.7718 1.8
      vertex 201.425 71.4902 0
    endloop
  endfacet
  facet normal -0.694927 -0.287556 -0.659081
    outer loop
      vertex 200.015 70.7718 1.8
      vertex 201.426 71.4875 0
      vertex 200.117 70.5253 1.8
    endloop
  endfacet
  facet normal -0.517351 -0.54458 -0.660137
    outer loop
      vertex 199.702 71.2021 1.8
      vertex 200.819 72.3229 0
      vertex 200.821 72.321 0
    endloop
  endfacet
  facet normal -0.488114 -0.572097 -0.659128
    outer loop
      vertex 200.819 72.3229 0
      vertex 199.702 71.2021 1.8
      vertex 199.499 71.3753 1.8
    endloop
  endfacet
  facet normal 0.488114 -0.572097 -0.659128
    outer loop
      vertex 197.298 71.2021 1.8
      vertex 196.181 72.3229 0
      vertex 197.501 71.3753 1.8
    endloop
  endfacet
  facet normal 0.517351 -0.54458 -0.660137
    outer loop
      vertex 196.181 72.3229 0
      vertex 197.298 71.2021 1.8
      vertex 196.179 72.321 0
    endloop
  endfacet
  facet normal -0.694801 -0.287787 -0.659113
    outer loop
      vertex 201.426 71.4875 0
      vertex 201.622 71.0143 0
      vertex 200.117 70.5253 1.8
    endloop
  endfacet
  facet normal 0.64098 0.393365 -0.659097
    outer loop
      vertex 196.985 69.2282 1.8
      vertex 195.843 68.0731 0
      vertex 195.575 68.5098 0
    endloop
  endfacet
  facet normal 0.57227 -0.487938 -0.659108
    outer loop
      vertex 196.177 72.3188 0
      vertex 197.298 71.2021 1.8
      vertex 197.125 70.9992 1.8
    endloop
  endfacet
  facet normal 0.555996 -0.505451 -0.659839
    outer loop
      vertex 197.298 71.2021 1.8
      vertex 196.177 72.3188 0
      vertex 196.179 72.321 0
    endloop
  endfacet
  facet normal -0.0589813 -0.749737 -0.659102
    outer loop
      vertex 199.011 73.2422 0
      vertex 198.5 71.7 1.8
      vertex 198.5 73.2824 0
    endloop
  endfacet
  facet normal -0.640322 -0.394218 -0.659227
    outer loop
      vertex 199.875 70.9992 1.8
      vertex 201.157 71.9269 0
      vertex 200.015 70.7718 1.8
    endloop
  endfacet
  facet normal -0.706503 -0.282601 -0.648837
    outer loop
      vertex 201.157 71.9269 0
      vertex 199.875 70.9992 1.8
      vertex 201.156 71.9294 0
    endloop
  endfacet
  facet normal 0.170774 -0.73189 -0.659677
    outer loop
      vertex 197.987 73.242 0
      vertex 197.975 71.6168 1.8
      vertex 197.984 73.2413 0
    endloop
  endfacet
  facet normal 0.175892 -0.731238 -0.659054
    outer loop
      vertex 197.975 71.6168 1.8
      vertex 197.987 73.242 0
      vertex 198.234 71.6791 1.8
    endloop
  endfacet
  facet normal -0.392752 -0.641377 -0.659076
    outer loop
      vertex 199.99 72.9247 0
      vertex 200.427 72.6571 0
      vertex 199.272 71.5147 1.8
    endloop
  endfacet
  facet normal -0.488 -0.572218 -0.659107
    outer loop
      vertex 200.429 72.6555 0
      vertex 200.819 72.3229 0
      vertex 199.499 71.3753 1.8
    endloop
  endfacet
  facet normal -0.571467 -0.488697 -0.659242
    outer loop
      vertex 200.823 72.3188 0
      vertex 201.156 71.9294 0
      vertex 199.875 70.9992 1.8
    endloop
  endfacet
  facet normal -0.749683 -0.0593092 -0.659134
    outer loop
      vertex 201.7 70.4966 0.0492946
      vertex 200.179 70.2659 1.8
      vertex 201.7 70.5068 0.0483768
    endloop
  endfacet
  facet normal -0.749694 -0.0592086 -0.659131
    outer loop
      vertex 200.179 70.2659 1.8
      vertex 201.7 70.4966 0.0492946
      vertex 200.2 70 1.8
    endloop
  endfacet
  facet normal 0.17548 -0.731288 -0.65911
    outer loop
      vertex 197.984 73.2413 0
      vertex 197.975 71.6168 1.8
      vertex 197.486 73.1218 0
    endloop
  endfacet
  facet normal -0.170774 0.73189 -0.659677
    outer loop
      vertex 199.013 66.758 0
      vertex 199.025 68.3832 1.8
      vertex 199.016 66.7587 0
    endloop
  endfacet
  facet normal -0.175892 0.731238 -0.659054
    outer loop
      vertex 199.025 68.3832 1.8
      vertex 199.013 66.758 0
      vertex 198.766 68.3209 1.8
    endloop
  endfacet
  facet normal 0.488 -0.572218 -0.659107
    outer loop
      vertex 196.571 72.6555 0
      vertex 197.501 71.3753 1.8
      vertex 196.181 72.3229 0
    endloop
  endfacet
  facet normal 0.749742 0.0592124 -0.659076
    outer loop
      vertex 196.821 69.7341 1.8
      vertex 195.258 69.4894 0
      vertex 196.8 70 1.8
    endloop
  endfacet
  facet normal 0.755066 0 -0.655649
    outer loop
      vertex 195.258 69.4894 0
      vertex 196.821 69.7341 1.8
      vertex 195.258 69.4865 0
    endloop
  endfacet
  facet normal 0.571467 0.488697 -0.659242
    outer loop
      vertex 197.125 69.0008 1.8
      vertex 196.177 67.6812 0
      vertex 195.844 68.0706 0
    endloop
  endfacet
  facet normal 0.74983 0.0587411 -0.659017
    outer loop
      vertex 196.8 70 1.8
      vertex 195.258 69.4894 0
      vertex 195.218 70 0
    endloop
  endfacet
  facet normal 0.731478 0.174791 -0.659082
    outer loop
      vertex 196.883 69.4747 1.8
      vertex 195.378 68.9857 0
      vertex 195.259 69.4837 0
    endloop
  endfacet
  facet normal -0.731464 -0.174374 -0.659207
    outer loop
      vertex 201.7 70.5068 0.0483768
      vertex 200.117 70.5253 1.8
      vertex 201.7 70.5166 0.0457845
    endloop
  endfacet
  facet normal -0.731408 -0.174816 -0.659152
    outer loop
      vertex 200.117 70.5253 1.8
      vertex 201.7 70.5068 0.0483768
      vertex 200.179 70.2659 1.8
    endloop
  endfacet
  facet normal -0.488 0.572218 -0.659107
    outer loop
      vertex 200.819 67.6771 0
      vertex 200.429 67.3445 0
      vertex 199.499 68.6247 1.8
    endloop
  endfacet
  facet normal 0.287893 0.694762 -0.659109
    outer loop
      vertex 197.975 68.3832 1.8
      vertex 197.486 66.8782 0
      vertex 197.013 67.0742 0
    endloop
  endfacet
  facet normal -0.694801 0.287787 -0.659113
    outer loop
      vertex 201.622 68.9857 0
      vertex 201.426 68.5125 0
      vertex 200.117 69.4747 1.8
    endloop
  endfacet
  facet normal 0.175892 0.731238 -0.659054
    outer loop
      vertex 197.987 66.758 0
      vertex 197.975 68.3832 1.8
      vertex 198.234 68.3209 1.8
    endloop
  endfacet
  facet normal 0.170774 0.73189 -0.659677
    outer loop
      vertex 197.975 68.3832 1.8
      vertex 197.987 66.758 0
      vertex 197.984 66.7587 0
    endloop
  endfacet
  facet normal 0.058909 0.749751 -0.659093
    outer loop
      vertex 197.989 66.7578 0
      vertex 198.234 68.3209 1.8
      vertex 198.5 68.3 1.8
    endloop
  endfacet
  facet normal 0.0747869 0.747869 -0.65962
    outer loop
      vertex 198.234 68.3209 1.8
      vertex 197.989 66.7578 0
      vertex 197.987 66.758 0
    endloop
  endfacet
  facet normal -0.57227 -0.487938 -0.659108
    outer loop
      vertex 199.702 71.2021 1.8
      vertex 200.823 72.3188 0
      vertex 199.875 70.9992 1.8
    endloop
  endfacet
  facet normal -0.555996 -0.505451 -0.659839
    outer loop
      vertex 200.823 72.3188 0
      vertex 199.702 71.2021 1.8
      vertex 200.821 72.321 0
    endloop
  endfacet
  facet normal 0.74983 -0.0587411 -0.659017
    outer loop
      vertex 195.258 70.5106 0
      vertex 196.8 70 1.8
      vertex 195.218 70 0
    endloop
  endfacet
  facet normal -0.287893 -0.694762 -0.659109
    outer loop
      vertex 199.514 73.1218 0
      vertex 199.987 72.9258 0
      vertex 199.025 71.6168 1.8
    endloop
  endfacet
  facet normal 0.718266 -0.256524 -0.646753
    outer loop
      vertex 196.883 70.5253 1.8
      vertex 195.258 70.5135 0
      vertex 195.259 70.5163 0
    endloop
  endfacet
  facet normal 0.731408 -0.174816 -0.659153
    outer loop
      vertex 195.258 70.5135 0
      vertex 196.883 70.5253 1.8
      vertex 196.821 70.2659 1.8
    endloop
  endfacet
  facet normal -0.175892 -0.731238 -0.659054
    outer loop
      vertex 199.013 73.242 0
      vertex 199.025 71.6168 1.8
      vertex 198.766 71.6791 1.8
    endloop
  endfacet
  facet normal -0.170774 -0.73189 -0.659677
    outer loop
      vertex 199.025 71.6168 1.8
      vertex 199.013 73.242 0
      vertex 199.016 73.2413 0
    endloop
  endfacet
  facet normal 0.0589813 0.749737 -0.659102
    outer loop
      vertex 198.5 68.3 1.8
      vertex 198.5 66.7176 0
      vertex 197.989 66.7578 0
    endloop
  endfacet
  facet normal 0.706503 0.282601 -0.648837
    outer loop
      vertex 195.843 68.0731 0
      vertex 197.125 69.0008 1.8
      vertex 195.844 68.0706 0
    endloop
  endfacet
  facet normal 0.640322 0.394218 -0.659227
    outer loop
      vertex 197.125 69.0008 1.8
      vertex 195.843 68.0731 0
      vertex 196.985 69.2282 1.8
    endloop
  endfacet
  facet normal 0.0747869 -0.747869 -0.65962
    outer loop
      vertex 197.989 73.2422 0
      vertex 198.234 71.6791 1.8
      vertex 197.987 73.242 0
    endloop
  endfacet
  facet normal 0.058909 -0.749751 -0.659093
    outer loop
      vertex 198.234 71.6791 1.8
      vertex 197.989 73.2422 0
      vertex 198.5 71.7 1.8
    endloop
  endfacet
  facet normal -0.0589813 0.749737 -0.659102
    outer loop
      vertex 199.011 66.7578 0
      vertex 198.5 66.7176 0
      vertex 198.5 68.3 1.8
    endloop
  endfacet
  facet normal -0.571467 0.488697 -0.659242
    outer loop
      vertex 201.156 68.0706 0
      vertex 200.823 67.6812 0
      vertex 199.875 69.0008 1.8
    endloop
  endfacet
  facet normal -0.469402 -0.586753 -0.659836
    outer loop
      vertex 199.499 71.3753 1.8
      vertex 200.427 72.6571 0
      vertex 200.429 72.6555 0
    endloop
  endfacet
  facet normal -0.393509 -0.640793 -0.659192
    outer loop
      vertex 200.427 72.6571 0
      vertex 199.499 71.3753 1.8
      vertex 199.272 71.5147 1.8
    endloop
  endfacet
  facet normal 0.17548 0.731288 -0.65911
    outer loop
      vertex 197.975 68.3832 1.8
      vertex 197.984 66.7587 0
      vertex 197.486 66.8782 0
    endloop
  endfacet
  facet normal -0.694927 0.287556 -0.659081
    outer loop
      vertex 201.426 68.5125 0
      vertex 200.015 69.2282 1.8
      vertex 200.117 69.4747 1.8
    endloop
  endfacet
  facet normal -0.706362 0.261616 -0.657731
    outer loop
      vertex 200.015 69.2282 1.8
      vertex 201.426 68.5125 0
      vertex 201.425 68.5098 0
    endloop
  endfacet
  facet normal -0.287893 0.694762 -0.659109
    outer loop
      vertex 199.987 67.0742 0
      vertex 199.514 66.8782 0
      vertex 199.025 68.3832 1.8
    endloop
  endfacet
  facet normal 0.694801 -0.287787 -0.659113
    outer loop
      vertex 195.574 71.4875 0
      vertex 196.883 70.5253 1.8
      vertex 195.378 71.0143 0
    endloop
  endfacet
  facet normal 0.393509 -0.640793 -0.659192
    outer loop
      vertex 197.501 71.3753 1.8
      vertex 196.573 72.6571 0
      vertex 197.728 71.5147 1.8
    endloop
  endfacet
  facet normal 0.469402 -0.586753 -0.659836
    outer loop
      vertex 196.573 72.6571 0
      vertex 197.501 71.3753 1.8
      vertex 196.571 72.6555 0
    endloop
  endfacet
  facet normal 0.392752 -0.641377 -0.659076
    outer loop
      vertex 197.01 72.9247 0
      vertex 197.728 71.5147 1.8
      vertex 196.573 72.6571 0
    endloop
  endfacet
  facet normal 0.393509 0.640793 -0.659192
    outer loop
      vertex 196.573 67.3429 0
      vertex 197.501 68.6247 1.8
      vertex 197.728 68.4853 1.8
    endloop
  endfacet
  facet normal 0.469402 0.586753 -0.659836
    outer loop
      vertex 197.501 68.6247 1.8
      vertex 196.573 67.3429 0
      vertex 196.571 67.3445 0
    endloop
  endfacet
  facet normal 0.694801 0.287787 -0.659113
    outer loop
      vertex 196.883 69.4747 1.8
      vertex 195.574 68.5125 0
      vertex 195.378 68.9857 0
    endloop
  endfacet
  facet normal 0.694927 0.287556 -0.659081
    outer loop
      vertex 196.985 69.2282 1.8
      vertex 195.574 68.5125 0
      vertex 196.883 69.4747 1.8
    endloop
  endfacet
  facet normal 0.706362 0.261616 -0.657731
    outer loop
      vertex 195.574 68.5125 0
      vertex 196.985 69.2282 1.8
      vertex 195.575 68.5098 0
    endloop
  endfacet
  facet normal 0.731408 0.174816 -0.659153
    outer loop
      vertex 196.883 69.4747 1.8
      vertex 195.258 69.4865 0
      vertex 196.821 69.7341 1.8
    endloop
  endfacet
  facet normal 0.718266 0.256524 -0.646753
    outer loop
      vertex 195.258 69.4865 0
      vertex 196.883 69.4747 1.8
      vertex 195.259 69.4837 0
    endloop
  endfacet
  facet normal 0.259364 -0.707357 -0.657554
    outer loop
      vertex 197.013 72.9258 0
      vertex 197.728 71.5147 1.8
      vertex 197.01 72.9247 0
    endloop
  endfacet
  facet normal 0.287317 -0.695075 -0.659029
    outer loop
      vertex 197.728 71.5147 1.8
      vertex 197.013 72.9258 0
      vertex 197.975 71.6168 1.8
    endloop
  endfacet
  facet normal 0.287317 0.695075 -0.659029
    outer loop
      vertex 197.013 67.0742 0
      vertex 197.728 68.4853 1.8
      vertex 197.975 68.3832 1.8
    endloop
  endfacet
  facet normal 0.259364 0.707357 -0.657554
    outer loop
      vertex 197.728 68.4853 1.8
      vertex 197.013 67.0742 0
      vertex 197.01 67.0753 0
    endloop
  endfacet
  facet normal -0.392752 0.641377 -0.659076
    outer loop
      vertex 200.427 67.3429 0
      vertex 199.99 67.0753 0
      vertex 199.272 68.4853 1.8
    endloop
  endfacet
  facet normal -0.555996 0.505451 -0.659839
    outer loop
      vertex 199.702 68.7979 1.8
      vertex 200.823 67.6812 0
      vertex 200.821 67.679 0
    endloop
  endfacet
  facet normal -0.57227 0.487938 -0.659108
    outer loop
      vertex 200.823 67.6812 0
      vertex 199.702 68.7979 1.8
      vertex 199.875 69.0008 1.8
    endloop
  endfacet
  facet normal -0.706503 0.282601 -0.648837
    outer loop
      vertex 199.875 69.0008 1.8
      vertex 201.157 68.0731 0
      vertex 201.156 68.0706 0
    endloop
  endfacet
  facet normal -0.640322 0.394218 -0.659227
    outer loop
      vertex 201.157 68.0731 0
      vertex 199.875 69.0008 1.8
      vertex 200.015 69.2282 1.8
    endloop
  endfacet
  facet normal 0.640322 -0.394218 -0.659227
    outer loop
      vertex 195.843 71.9269 0
      vertex 197.125 70.9992 1.8
      vertex 196.985 70.7718 1.8
    endloop
  endfacet
  facet normal 0.706503 -0.282601 -0.648837
    outer loop
      vertex 197.125 70.9992 1.8
      vertex 195.843 71.9269 0
      vertex 195.844 71.9294 0
    endloop
  endfacet
  facet normal 0.64098 -0.393365 -0.659097
    outer loop
      vertex 195.843 71.9269 0
      vertex 196.985 70.7718 1.8
      vertex 195.575 71.4902 0
    endloop
  endfacet
  facet normal 0.706362 -0.261616 -0.657731
    outer loop
      vertex 196.985 70.7718 1.8
      vertex 195.574 71.4875 0
      vertex 195.575 71.4902 0
    endloop
  endfacet
  facet normal 0.694927 -0.287556 -0.659081
    outer loop
      vertex 195.574 71.4875 0
      vertex 196.985 70.7718 1.8
      vertex 196.883 70.5253 1.8
    endloop
  endfacet
  facet normal 0.392752 0.641377 -0.659076
    outer loop
      vertex 197.728 68.4853 1.8
      vertex 197.01 67.0753 0
      vertex 196.573 67.3429 0
    endloop
  endfacet
  facet normal -0.259364 0.707357 -0.657554
    outer loop
      vertex 199.987 67.0742 0
      vertex 199.272 68.4853 1.8
      vertex 199.99 67.0753 0
    endloop
  endfacet
  facet normal -0.287317 0.695075 -0.659029
    outer loop
      vertex 199.272 68.4853 1.8
      vertex 199.987 67.0742 0
      vertex 199.025 68.3832 1.8
    endloop
  endfacet
  facet normal -0.17548 0.731288 -0.65911
    outer loop
      vertex 199.025 68.3832 1.8
      vertex 199.514 66.8782 0
      vertex 199.016 66.7587 0
    endloop
  endfacet
  facet normal -0.517351 0.54458 -0.660137
    outer loop
      vertex 200.819 67.6771 0
      vertex 199.702 68.7979 1.8
      vertex 200.821 67.679 0
    endloop
  endfacet
  facet normal -0.488114 0.572097 -0.659128
    outer loop
      vertex 199.702 68.7979 1.8
      vertex 200.819 67.6771 0
      vertex 199.499 68.6247 1.8
    endloop
  endfacet
  facet normal -0.731301 0.175637 -0.659053
    outer loop
      vertex 201.7 69.3116 0
      vertex 200.117 69.4747 1.8
      vertex 201.7 69.4834 0.0457845
    endloop
  endfacet
  facet normal -0.731406 0.175053 -0.659092
    outer loop
      vertex 200.117 69.4747 1.8
      vertex 201.7 69.3116 0
      vertex 201.622 68.9857 0
    endloop
  endfacet
  facet normal -0.731464 0.174374 -0.659207
    outer loop
      vertex 200.117 69.4747 1.8
      vertex 201.7 69.4932 0.0483768
      vertex 201.7 69.4834 0.0457845
    endloop
  endfacet
  facet normal -0.731408 0.174816 -0.659152
    outer loop
      vertex 201.7 69.4932 0.0483768
      vertex 200.117 69.4747 1.8
      vertex 200.179 69.7341 1.8
    endloop
  endfacet
  facet normal -0.972605 0.232465 0
    outer loop
      vertex 200.117 14.4747 1.8
      vertex 200.179 14.7341 79
      vertex 200.179 14.7341 1.8
    endloop
  endfacet
  facet normal -0.972605 0.232465 0
    outer loop
      vertex 200.179 14.7341 79
      vertex 200.117 14.4747 1.8
      vertex 200.117 14.4747 79
    endloop
  endfacet
  facet normal -0.996896 0.0787319 0
    outer loop
      vertex 200.179 14.7341 1.8
      vertex 200.2 15 79
      vertex 200.2 15 1.8
    endloop
  endfacet
  facet normal -0.996896 0.0787319 0
    outer loop
      vertex 200.2 15 79
      vertex 200.179 14.7341 1.8
      vertex 200.179 14.7341 79
    endloop
  endfacet
  facet normal -0.924017 0.382352 0
    outer loop
      vertex 200.015 14.2282 1.8
      vertex 200.117 14.4747 79
      vertex 200.117 14.4747 1.8
    endloop
  endfacet
  facet normal -0.924017 0.382352 0
    outer loop
      vertex 200.117 14.4747 79
      vertex 200.015 14.2282 1.8
      vertex 200.015 14.2282 79
    endloop
  endfacet
  facet normal -0.523301 -0.852148 0
    outer loop
      vertex 199.272 16.5147 1.8
      vertex 199.499 16.3753 79
      vertex 199.272 16.5147 79
    endloop
  endfacet
  facet normal -0.523301 -0.852148 -0
    outer loop
      vertex 199.499 16.3753 79
      vertex 199.272 16.5147 1.8
      vertex 199.499 16.3753 1.8
    endloop
  endfacet
  facet normal 0.924017 0.382352 0
    outer loop
      vertex 196.985 14.2282 79
      vertex 196.883 14.4747 1.8
      vertex 196.883 14.4747 79
    endloop
  endfacet
  facet normal 0.924017 0.382352 0
    outer loop
      vertex 196.883 14.4747 1.8
      vertex 196.985 14.2282 79
      vertex 196.985 14.2282 1.8
    endloop
  endfacet
  facet normal 0.523301 -0.852148 0
    outer loop
      vertex 197.501 16.3753 1.8
      vertex 197.728 16.5147 79
      vertex 197.501 16.3753 79
    endloop
  endfacet
  facet normal 0.523301 -0.852148 0
    outer loop
      vertex 197.728 16.5147 79
      vertex 197.501 16.3753 1.8
      vertex 197.728 16.5147 1.8
    endloop
  endfacet
  facet normal -0.38201 -0.924158 0
    outer loop
      vertex 199.025 16.6168 1.8
      vertex 199.272 16.5147 79
      vertex 199.025 16.6168 79
    endloop
  endfacet
  facet normal -0.38201 -0.924158 -0
    outer loop
      vertex 199.272 16.5147 79
      vertex 199.025 16.6168 1.8
      vertex 199.272 16.5147 1.8
    endloop
  endfacet
  facet normal 0.38201 0.924158 -0
    outer loop
      vertex 197.975 13.3832 1.8
      vertex 197.728 13.4853 79
      vertex 197.975 13.3832 79
    endloop
  endfacet
  facet normal 0.38201 0.924158 0
    outer loop
      vertex 197.728 13.4853 79
      vertex 197.975 13.3832 1.8
      vertex 197.728 13.4853 1.8
    endloop
  endfacet
  facet normal 0.523301 0.852148 -0
    outer loop
      vertex 197.728 13.4853 1.8
      vertex 197.501 13.6247 79
      vertex 197.728 13.4853 79
    endloop
  endfacet
  facet normal 0.523301 0.852148 0
    outer loop
      vertex 197.501 13.6247 79
      vertex 197.728 13.4853 1.8
      vertex 197.501 13.6247 1.8
    endloop
  endfacet
  facet normal 0.23387 0.972268 -0
    outer loop
      vertex 198.234 13.3209 1.8
      vertex 197.975 13.3832 79
      vertex 198.234 13.3209 79
    endloop
  endfacet
  facet normal 0.23387 0.972268 0
    outer loop
      vertex 197.975 13.3832 79
      vertex 198.234 13.3209 1.8
      vertex 197.975 13.3832 1.8
    endloop
  endfacet
  facet normal -0.649061 -0.760736 0
    outer loop
      vertex 199.499 16.3753 1.8
      vertex 199.702 16.2021 79
      vertex 199.499 16.3753 79
    endloop
  endfacet
  facet normal -0.649061 -0.760736 -0
    outer loop
      vertex 199.702 16.2021 79
      vertex 199.499 16.3753 1.8
      vertex 199.702 16.2021 1.8
    endloop
  endfacet
  facet normal 0.07833 0.996927 -0
    outer loop
      vertex 198.5 13.3 1.8
      vertex 198.234 13.3209 79
      vertex 198.5 13.3 79
    endloop
  endfacet
  facet normal 0.07833 0.996927 0
    outer loop
      vertex 198.234 13.3209 79
      vertex 198.5 13.3 1.8
      vertex 198.234 13.3209 1.8
    endloop
  endfacet
  facet normal 0.924017 -0.382352 0
    outer loop
      vertex 196.883 15.5253 79
      vertex 196.985 15.7718 1.8
      vertex 196.985 15.7718 79
    endloop
  endfacet
  facet normal 0.924017 -0.382352 0
    outer loop
      vertex 196.985 15.7718 1.8
      vertex 196.883 15.5253 79
      vertex 196.883 15.5253 1.8
    endloop
  endfacet
  facet normal 0.760948 0.648813 0
    outer loop
      vertex 197.298 13.7979 79
      vertex 197.125 14.0008 1.8
      vertex 197.125 14.0008 79
    endloop
  endfacet
  facet normal 0.760948 0.648813 0
    outer loop
      vertex 197.125 14.0008 1.8
      vertex 197.298 13.7979 79
      vertex 197.298 13.7979 1.8
    endloop
  endfacet
  facet normal 0.23387 -0.972268 0
    outer loop
      vertex 197.975 16.6168 1.8
      vertex 198.234 16.6791 79
      vertex 197.975 16.6168 79
    endloop
  endfacet
  facet normal 0.23387 -0.972268 0
    outer loop
      vertex 198.234 16.6791 79
      vertex 197.975 16.6168 1.8
      vertex 198.234 16.6791 1.8
    endloop
  endfacet
  facet normal -0.924017 -0.382352 0
    outer loop
      vertex 200.117 15.5253 1.8
      vertex 200.015 15.7718 79
      vertex 200.015 15.7718 1.8
    endloop
  endfacet
  facet normal -0.924017 -0.382352 0
    outer loop
      vertex 200.015 15.7718 79
      vertex 200.117 15.5253 1.8
      vertex 200.117 15.5253 79
    endloop
  endfacet
  facet normal 0.760948 -0.648813 0
    outer loop
      vertex 197.125 15.9992 79
      vertex 197.298 16.2021 1.8
      vertex 197.298 16.2021 79
    endloop
  endfacet
  facet normal 0.760948 -0.648813 0
    outer loop
      vertex 197.298 16.2021 1.8
      vertex 197.125 15.9992 79
      vertex 197.125 15.9992 1.8
    endloop
  endfacet
  facet normal 0.649061 0.760736 -0
    outer loop
      vertex 197.501 13.6247 1.8
      vertex 197.298 13.7979 79
      vertex 197.501 13.6247 79
    endloop
  endfacet
  facet normal 0.649061 0.760736 0
    outer loop
      vertex 197.298 13.7979 79
      vertex 197.501 13.6247 1.8
      vertex 197.298 13.7979 1.8
    endloop
  endfacet
  facet normal -0.07833 -0.996927 0
    outer loop
      vertex 198.5 16.7 1.8
      vertex 198.766 16.6791 79
      vertex 198.5 16.7 79
    endloop
  endfacet
  facet normal -0.07833 -0.996927 -0
    outer loop
      vertex 198.766 16.6791 79
      vertex 198.5 16.7 1.8
      vertex 198.766 16.6791 1.8
    endloop
  endfacet
  facet normal -0.851555 -0.524265 0
    outer loop
      vertex 200.015 15.7718 1.8
      vertex 199.875 15.9992 79
      vertex 199.875 15.9992 1.8
    endloop
  endfacet
  facet normal -0.851555 -0.524265 0
    outer loop
      vertex 199.875 15.9992 79
      vertex 200.015 15.7718 1.8
      vertex 200.015 15.7718 79
    endloop
  endfacet
  facet normal -0.851555 0.524265 0
    outer loop
      vertex 199.875 14.0008 1.8
      vertex 200.015 14.2282 79
      vertex 200.015 14.2282 1.8
    endloop
  endfacet
  facet normal -0.851555 0.524265 0
    outer loop
      vertex 200.015 14.2282 79
      vertex 199.875 14.0008 1.8
      vertex 199.875 14.0008 79
    endloop
  endfacet
  facet normal -0.996896 -0.0787319 0
    outer loop
      vertex 200.2 15 1.8
      vertex 200.179 15.2659 79
      vertex 200.179 15.2659 1.8
    endloop
  endfacet
  facet normal -0.996896 -0.0787319 0
    outer loop
      vertex 200.179 15.2659 79
      vertex 200.2 15 1.8
      vertex 200.2 15 79
    endloop
  endfacet
  facet normal -0.972605 -0.232465 0
    outer loop
      vertex 200.179 15.2659 1.8
      vertex 200.117 15.5253 79
      vertex 200.117 15.5253 1.8
    endloop
  endfacet
  facet normal -0.972605 -0.232465 0
    outer loop
      vertex 200.117 15.5253 79
      vertex 200.179 15.2659 1.8
      vertex 200.179 15.2659 79
    endloop
  endfacet
  facet normal 0.972605 -0.232465 0
    outer loop
      vertex 196.821 15.2659 79
      vertex 196.883 15.5253 1.8
      vertex 196.883 15.5253 79
    endloop
  endfacet
  facet normal 0.972605 -0.232465 0
    outer loop
      vertex 196.883 15.5253 1.8
      vertex 196.821 15.2659 79
      vertex 196.821 15.2659 1.8
    endloop
  endfacet
  facet normal -0.523301 0.852148 0
    outer loop
      vertex 199.499 13.6247 1.8
      vertex 199.272 13.4853 79
      vertex 199.499 13.6247 79
    endloop
  endfacet
  facet normal -0.523301 0.852148 0
    outer loop
      vertex 199.272 13.4853 79
      vertex 199.499 13.6247 1.8
      vertex 199.272 13.4853 1.8
    endloop
  endfacet
  facet normal -0.760948 0.648813 0
    outer loop
      vertex 199.702 13.7979 1.8
      vertex 199.875 14.0008 79
      vertex 199.875 14.0008 1.8
    endloop
  endfacet
  facet normal -0.760948 0.648813 0
    outer loop
      vertex 199.875 14.0008 79
      vertex 199.702 13.7979 1.8
      vertex 199.702 13.7979 79
    endloop
  endfacet
  facet normal 0.996896 0.0787319 0
    outer loop
      vertex 196.821 14.7341 79
      vertex 196.8 15 1.8
      vertex 196.8 15 79
    endloop
  endfacet
  facet normal 0.996896 0.0787319 0
    outer loop
      vertex 196.8 15 1.8
      vertex 196.821 14.7341 79
      vertex 196.821 14.7341 1.8
    endloop
  endfacet
  facet normal -0.649061 0.760736 0
    outer loop
      vertex 199.702 13.7979 1.8
      vertex 199.499 13.6247 79
      vertex 199.702 13.7979 79
    endloop
  endfacet
  facet normal -0.649061 0.760736 0
    outer loop
      vertex 199.499 13.6247 79
      vertex 199.702 13.7979 1.8
      vertex 199.499 13.6247 1.8
    endloop
  endfacet
  facet normal -0.23387 -0.972268 0
    outer loop
      vertex 198.766 16.6791 1.8
      vertex 199.025 16.6168 79
      vertex 198.766 16.6791 79
    endloop
  endfacet
  facet normal -0.23387 -0.972268 -0
    outer loop
      vertex 199.025 16.6168 79
      vertex 198.766 16.6791 1.8
      vertex 199.025 16.6168 1.8
    endloop
  endfacet
  facet normal 0.851555 -0.524265 0
    outer loop
      vertex 196.985 15.7718 79
      vertex 197.125 15.9992 1.8
      vertex 197.125 15.9992 79
    endloop
  endfacet
  facet normal 0.851555 -0.524265 0
    outer loop
      vertex 197.125 15.9992 1.8
      vertex 196.985 15.7718 79
      vertex 196.985 15.7718 1.8
    endloop
  endfacet
  facet normal -0.07833 0.996927 0
    outer loop
      vertex 198.766 13.3209 1.8
      vertex 198.5 13.3 79
      vertex 198.766 13.3209 79
    endloop
  endfacet
  facet normal -0.07833 0.996927 0
    outer loop
      vertex 198.5 13.3 79
      vertex 198.766 13.3209 1.8
      vertex 198.5 13.3 1.8
    endloop
  endfacet
  facet normal 0.649061 -0.760736 0
    outer loop
      vertex 197.298 16.2021 1.8
      vertex 197.501 16.3753 79
      vertex 197.298 16.2021 79
    endloop
  endfacet
  facet normal 0.649061 -0.760736 0
    outer loop
      vertex 197.501 16.3753 79
      vertex 197.298 16.2021 1.8
      vertex 197.501 16.3753 1.8
    endloop
  endfacet
  facet normal -0.760948 -0.648813 0
    outer loop
      vertex 199.875 15.9992 1.8
      vertex 199.702 16.2021 79
      vertex 199.702 16.2021 1.8
    endloop
  endfacet
  facet normal -0.760948 -0.648813 0
    outer loop
      vertex 199.702 16.2021 79
      vertex 199.875 15.9992 1.8
      vertex 199.875 15.9992 79
    endloop
  endfacet
  facet normal 0.851555 0.524265 0
    outer loop
      vertex 197.125 14.0008 79
      vertex 196.985 14.2282 1.8
      vertex 196.985 14.2282 79
    endloop
  endfacet
  facet normal 0.851555 0.524265 0
    outer loop
      vertex 196.985 14.2282 1.8
      vertex 197.125 14.0008 79
      vertex 197.125 14.0008 1.8
    endloop
  endfacet
  facet normal 0.996896 -0.0787319 0
    outer loop
      vertex 196.8 15 79
      vertex 196.821 15.2659 1.8
      vertex 196.821 15.2659 79
    endloop
  endfacet
  facet normal 0.996896 -0.0787319 0
    outer loop
      vertex 196.821 15.2659 1.8
      vertex 196.8 15 79
      vertex 196.8 15 1.8
    endloop
  endfacet
  facet normal 0.38201 -0.924158 0
    outer loop
      vertex 197.728 16.5147 1.8
      vertex 197.975 16.6168 79
      vertex 197.728 16.5147 79
    endloop
  endfacet
  facet normal 0.38201 -0.924158 0
    outer loop
      vertex 197.975 16.6168 79
      vertex 197.728 16.5147 1.8
      vertex 197.975 16.6168 1.8
    endloop
  endfacet
  facet normal -0.38201 0.924158 0
    outer loop
      vertex 199.272 13.4853 1.8
      vertex 199.025 13.3832 79
      vertex 199.272 13.4853 79
    endloop
  endfacet
  facet normal -0.38201 0.924158 0
    outer loop
      vertex 199.025 13.3832 79
      vertex 199.272 13.4853 1.8
      vertex 199.025 13.3832 1.8
    endloop
  endfacet
  facet normal -0.23387 0.972268 0
    outer loop
      vertex 199.025 13.3832 1.8
      vertex 198.766 13.3209 79
      vertex 199.025 13.3832 79
    endloop
  endfacet
  facet normal -0.23387 0.972268 0
    outer loop
      vertex 198.766 13.3209 79
      vertex 199.025 13.3832 1.8
      vertex 198.766 13.3209 1.8
    endloop
  endfacet
  facet normal 0.972605 0.232465 0
    outer loop
      vertex 196.883 14.4747 79
      vertex 196.821 14.7341 1.8
      vertex 196.821 14.7341 79
    endloop
  endfacet
  facet normal 0.972605 0.232465 0
    outer loop
      vertex 196.821 14.7341 1.8
      vertex 196.883 14.4747 79
      vertex 196.883 14.4747 1.8
    endloop
  endfacet
  facet normal 0.07833 -0.996927 0
    outer loop
      vertex 198.234 16.6791 1.8
      vertex 198.5 16.7 79
      vertex 198.234 16.6791 79
    endloop
  endfacet
  facet normal 0.07833 -0.996927 0
    outer loop
      vertex 198.5 16.7 79
      vertex 198.234 16.6791 1.8
      vertex 198.5 16.7 1.8
    endloop
  endfacet
  facet normal -0.64098 0.393365 -0.659097
    outer loop
      vertex 201.425 13.5098 0
      vertex 201.157 13.0731 0
      vertex 200.015 14.2282 1.8
    endloop
  endfacet
  facet normal -0.17548 -0.731288 -0.65911
    outer loop
      vertex 199.514 18.1218 0
      vertex 199.025 16.6168 1.8
      vertex 199.016 18.2413 0
    endloop
  endfacet
  facet normal 0.488 0.572218 -0.659107
    outer loop
      vertex 197.501 13.6247 1.8
      vertex 196.571 12.3445 0
      vertex 196.181 12.6771 0
    endloop
  endfacet
  facet normal -0.749732 0.0590027 -0.659105
    outer loop
      vertex 201.7 15 0.0937499
      vertex 201.7 14.5034 0.0492946
      vertex 200.2 15 1.8
    endloop
  endfacet
  facet normal -0.749694 0.0592086 -0.659131
    outer loop
      vertex 201.7 14.5034 0.0492946
      vertex 200.179 14.7341 1.8
      vertex 200.2 15 1.8
    endloop
  endfacet
  facet normal -0.749683 0.0593092 -0.659134
    outer loop
      vertex 200.179 14.7341 1.8
      vertex 201.7 14.5034 0.0492946
      vertex 201.7 14.4932 0.0483768
    endloop
  endfacet
  facet normal 0.755066 0 -0.655649
    outer loop
      vertex 196.821 15.2659 1.8
      vertex 195.258 15.5106 0
      vertex 195.258 15.5135 0
    endloop
  endfacet
  facet normal 0.749742 -0.0592124 -0.659076
    outer loop
      vertex 195.258 15.5106 0
      vertex 196.821 15.2659 1.8
      vertex 196.8 15 1.8
    endloop
  endfacet
  facet normal -0.287317 -0.695075 -0.659029
    outer loop
      vertex 199.987 17.9258 0
      vertex 199.272 16.5147 1.8
      vertex 199.025 16.6168 1.8
    endloop
  endfacet
  facet normal -0.259364 -0.707357 -0.657554
    outer loop
      vertex 199.272 16.5147 1.8
      vertex 199.987 17.9258 0
      vertex 199.99 17.9247 0
    endloop
  endfacet
  facet normal -0.0747869 0.747869 -0.65962
    outer loop
      vertex 199.011 11.7578 0
      vertex 198.766 13.3209 1.8
      vertex 199.013 11.758 0
    endloop
  endfacet
  facet normal -0.058909 0.749751 -0.659093
    outer loop
      vertex 198.766 13.3209 1.8
      vertex 199.011 11.7578 0
      vertex 198.5 13.3 1.8
    endloop
  endfacet
  facet normal 0.0589813 -0.749737 -0.659102
    outer loop
      vertex 198.5 18.2824 0
      vertex 198.5 16.7 1.8
      vertex 197.989 18.2422 0
    endloop
  endfacet
  facet normal 0.731478 -0.174791 -0.659082
    outer loop
      vertex 195.378 16.0143 0
      vertex 196.883 15.5253 1.8
      vertex 195.259 15.5163 0
    endloop
  endfacet
  facet normal -0.64098 -0.393365 -0.659097
    outer loop
      vertex 201.157 16.9269 0
      vertex 201.425 16.4902 0
      vertex 200.015 15.7718 1.8
    endloop
  endfacet
  facet normal 0.555996 0.505451 -0.659839
    outer loop
      vertex 196.177 12.6812 0
      vertex 197.298 13.7979 1.8
      vertex 196.179 12.679 0
    endloop
  endfacet
  facet normal 0.57227 0.487938 -0.659108
    outer loop
      vertex 197.298 13.7979 1.8
      vertex 196.177 12.6812 0
      vertex 197.125 14.0008 1.8
    endloop
  endfacet
  facet normal 0.571467 -0.488697 -0.659242
    outer loop
      vertex 196.177 17.3188 0
      vertex 197.125 15.9992 1.8
      vertex 195.844 16.9294 0
    endloop
  endfacet
  facet normal 0.488114 0.572097 -0.659128
    outer loop
      vertex 196.181 12.6771 0
      vertex 197.298 13.7979 1.8
      vertex 197.501 13.6247 1.8
    endloop
  endfacet
  facet normal 0.517351 0.54458 -0.660137
    outer loop
      vertex 197.298 13.7979 1.8
      vertex 196.181 12.6771 0
      vertex 196.179 12.679 0
    endloop
  endfacet
  facet normal -0.731406 -0.175053 -0.659092
    outer loop
      vertex 201.7 15.6884 0
      vertex 200.117 15.5253 1.8
      vertex 201.622 16.0143 0
    endloop
  endfacet
  facet normal -0.731301 -0.175637 -0.659053
    outer loop
      vertex 200.117 15.5253 1.8
      vertex 201.7 15.6884 0
      vertex 201.7 15.5166 0.0457845
    endloop
  endfacet
  facet normal -0.749732 -0.0590027 -0.659105
    outer loop
      vertex 201.7 15.4966 0.0492946
      vertex 201.7 15 0.0937499
      vertex 200.2 15 1.8
    endloop
  endfacet
  facet normal 0.287893 -0.694762 -0.659109
    outer loop
      vertex 197.486 18.1218 0
      vertex 197.975 16.6168 1.8
      vertex 197.013 17.9258 0
    endloop
  endfacet
  facet normal -0.469402 0.586753 -0.659836
    outer loop
      vertex 200.427 12.3429 0
      vertex 199.499 13.6247 1.8
      vertex 200.429 12.3445 0
    endloop
  endfacet
  facet normal -0.393509 0.640793 -0.659192
    outer loop
      vertex 199.499 13.6247 1.8
      vertex 200.427 12.3429 0
      vertex 199.272 13.4853 1.8
    endloop
  endfacet
  facet normal -0.058909 -0.749751 -0.659093
    outer loop
      vertex 199.011 18.2422 0
      vertex 198.766 16.6791 1.8
      vertex 198.5 16.7 1.8
    endloop
  endfacet
  facet normal -0.0747869 -0.747869 -0.65962
    outer loop
      vertex 198.766 16.6791 1.8
      vertex 199.011 18.2422 0
      vertex 199.013 18.242 0
    endloop
  endfacet
  facet normal -0.706362 -0.261616 -0.657731
    outer loop
      vertex 201.426 16.4875 0
      vertex 200.015 15.7718 1.8
      vertex 201.425 16.4902 0
    endloop
  endfacet
  facet normal -0.694927 -0.287556 -0.659081
    outer loop
      vertex 200.015 15.7718 1.8
      vertex 201.426 16.4875 0
      vertex 200.117 15.5253 1.8
    endloop
  endfacet
  facet normal -0.517351 -0.54458 -0.660137
    outer loop
      vertex 199.702 16.2021 1.8
      vertex 200.819 17.3229 0
      vertex 200.821 17.321 0
    endloop
  endfacet
  facet normal -0.488114 -0.572097 -0.659128
    outer loop
      vertex 200.819 17.3229 0
      vertex 199.702 16.2021 1.8
      vertex 199.499 16.3753 1.8
    endloop
  endfacet
  facet normal 0.488114 -0.572097 -0.659128
    outer loop
      vertex 197.298 16.2021 1.8
      vertex 196.181 17.3229 0
      vertex 197.501 16.3753 1.8
    endloop
  endfacet
  facet normal 0.517351 -0.54458 -0.660137
    outer loop
      vertex 196.181 17.3229 0
      vertex 197.298 16.2021 1.8
      vertex 196.179 17.321 0
    endloop
  endfacet
  facet normal -0.694801 -0.287787 -0.659113
    outer loop
      vertex 201.426 16.4875 0
      vertex 201.622 16.0143 0
      vertex 200.117 15.5253 1.8
    endloop
  endfacet
  facet normal 0.64098 0.393365 -0.659097
    outer loop
      vertex 196.985 14.2282 1.8
      vertex 195.843 13.0731 0
      vertex 195.575 13.5098 0
    endloop
  endfacet
  facet normal 0.57227 -0.487938 -0.659108
    outer loop
      vertex 196.177 17.3188 0
      vertex 197.298 16.2021 1.8
      vertex 197.125 15.9992 1.8
    endloop
  endfacet
  facet normal 0.555996 -0.505451 -0.659839
    outer loop
      vertex 197.298 16.2021 1.8
      vertex 196.177 17.3188 0
      vertex 196.179 17.321 0
    endloop
  endfacet
  facet normal -0.0589813 -0.749737 -0.659102
    outer loop
      vertex 199.011 18.2422 0
      vertex 198.5 16.7 1.8
      vertex 198.5 18.2824 0
    endloop
  endfacet
  facet normal -0.640322 -0.394218 -0.659227
    outer loop
      vertex 199.875 15.9992 1.8
      vertex 201.157 16.9269 0
      vertex 200.015 15.7718 1.8
    endloop
  endfacet
  facet normal -0.706503 -0.282601 -0.648837
    outer loop
      vertex 201.157 16.9269 0
      vertex 199.875 15.9992 1.8
      vertex 201.156 16.9294 0
    endloop
  endfacet
  facet normal 0.170774 -0.73189 -0.659677
    outer loop
      vertex 197.987 18.242 0
      vertex 197.975 16.6168 1.8
      vertex 197.984 18.2413 0
    endloop
  endfacet
  facet normal 0.175892 -0.731238 -0.659054
    outer loop
      vertex 197.975 16.6168 1.8
      vertex 197.987 18.242 0
      vertex 198.234 16.6791 1.8
    endloop
  endfacet
  facet normal -0.392752 -0.641377 -0.659076
    outer loop
      vertex 199.99 17.9247 0
      vertex 200.427 17.6571 0
      vertex 199.272 16.5147 1.8
    endloop
  endfacet
  facet normal -0.488 -0.572218 -0.659107
    outer loop
      vertex 200.429 17.6555 0
      vertex 200.819 17.3229 0
      vertex 199.499 16.3753 1.8
    endloop
  endfacet
  facet normal -0.571467 -0.488697 -0.659242
    outer loop
      vertex 200.823 17.3188 0
      vertex 201.156 16.9294 0
      vertex 199.875 15.9992 1.8
    endloop
  endfacet
  facet normal -0.749683 -0.0593092 -0.659134
    outer loop
      vertex 201.7 15.4966 0.0492946
      vertex 200.179 15.2659 1.8
      vertex 201.7 15.5068 0.0483768
    endloop
  endfacet
  facet normal -0.749694 -0.0592086 -0.659131
    outer loop
      vertex 200.179 15.2659 1.8
      vertex 201.7 15.4966 0.0492946
      vertex 200.2 15 1.8
    endloop
  endfacet
  facet normal 0.17548 -0.731288 -0.65911
    outer loop
      vertex 197.984 18.2413 0
      vertex 197.975 16.6168 1.8
      vertex 197.486 18.1218 0
    endloop
  endfacet
  facet normal -0.170774 0.73189 -0.659677
    outer loop
      vertex 199.013 11.758 0
      vertex 199.025 13.3832 1.8
      vertex 199.016 11.7587 0
    endloop
  endfacet
  facet normal -0.175892 0.731238 -0.659054
    outer loop
      vertex 199.025 13.3832 1.8
      vertex 199.013 11.758 0
      vertex 198.766 13.3209 1.8
    endloop
  endfacet
  facet normal 0.488 -0.572218 -0.659107
    outer loop
      vertex 196.571 17.6555 0
      vertex 197.501 16.3753 1.8
      vertex 196.181 17.3229 0
    endloop
  endfacet
  facet normal 0.749742 0.0592124 -0.659076
    outer loop
      vertex 196.821 14.7341 1.8
      vertex 195.258 14.4894 0
      vertex 196.8 15 1.8
    endloop
  endfacet
  facet normal 0.755066 0 -0.655649
    outer loop
      vertex 195.258 14.4894 0
      vertex 196.821 14.7341 1.8
      vertex 195.258 14.4865 0
    endloop
  endfacet
  facet normal 0.571467 0.488697 -0.659242
    outer loop
      vertex 197.125 14.0008 1.8
      vertex 196.177 12.6812 0
      vertex 195.844 13.0706 0
    endloop
  endfacet
  facet normal 0.74983 0.0587411 -0.659017
    outer loop
      vertex 196.8 15 1.8
      vertex 195.258 14.4894 0
      vertex 195.218 15 0
    endloop
  endfacet
  facet normal 0.731478 0.174791 -0.659082
    outer loop
      vertex 196.883 14.4747 1.8
      vertex 195.378 13.9857 0
      vertex 195.259 14.4837 0
    endloop
  endfacet
  facet normal -0.731464 -0.174374 -0.659207
    outer loop
      vertex 201.7 15.5068 0.0483768
      vertex 200.117 15.5253 1.8
      vertex 201.7 15.5166 0.0457845
    endloop
  endfacet
  facet normal -0.731408 -0.174816 -0.659152
    outer loop
      vertex 200.117 15.5253 1.8
      vertex 201.7 15.5068 0.0483768
      vertex 200.179 15.2659 1.8
    endloop
  endfacet
  facet normal -0.488 0.572218 -0.659107
    outer loop
      vertex 200.819 12.6771 0
      vertex 200.429 12.3445 0
      vertex 199.499 13.6247 1.8
    endloop
  endfacet
  facet normal 0.287893 0.694762 -0.659109
    outer loop
      vertex 197.975 13.3832 1.8
      vertex 197.486 11.8782 0
      vertex 197.013 12.0742 0
    endloop
  endfacet
  facet normal -0.694801 0.287787 -0.659113
    outer loop
      vertex 201.622 13.9857 0
      vertex 201.426 13.5125 0
      vertex 200.117 14.4747 1.8
    endloop
  endfacet
  facet normal 0.175892 0.731238 -0.659054
    outer loop
      vertex 197.987 11.758 0
      vertex 197.975 13.3832 1.8
      vertex 198.234 13.3209 1.8
    endloop
  endfacet
  facet normal 0.170774 0.73189 -0.659677
    outer loop
      vertex 197.975 13.3832 1.8
      vertex 197.987 11.758 0
      vertex 197.984 11.7587 0
    endloop
  endfacet
  facet normal 0.058909 0.749751 -0.659093
    outer loop
      vertex 197.989 11.7578 0
      vertex 198.234 13.3209 1.8
      vertex 198.5 13.3 1.8
    endloop
  endfacet
  facet normal 0.0747869 0.747869 -0.65962
    outer loop
      vertex 198.234 13.3209 1.8
      vertex 197.989 11.7578 0
      vertex 197.987 11.758 0
    endloop
  endfacet
  facet normal -0.57227 -0.487938 -0.659108
    outer loop
      vertex 199.702 16.2021 1.8
      vertex 200.823 17.3188 0
      vertex 199.875 15.9992 1.8
    endloop
  endfacet
  facet normal -0.555996 -0.505451 -0.659839
    outer loop
      vertex 200.823 17.3188 0
      vertex 199.702 16.2021 1.8
      vertex 200.821 17.321 0
    endloop
  endfacet
  facet normal 0.74983 -0.0587411 -0.659017
    outer loop
      vertex 195.258 15.5106 0
      vertex 196.8 15 1.8
      vertex 195.218 15 0
    endloop
  endfacet
  facet normal -0.287893 -0.694762 -0.659109
    outer loop
      vertex 199.514 18.1218 0
      vertex 199.987 17.9258 0
      vertex 199.025 16.6168 1.8
    endloop
  endfacet
  facet normal 0.718266 -0.256524 -0.646753
    outer loop
      vertex 196.883 15.5253 1.8
      vertex 195.258 15.5135 0
      vertex 195.259 15.5163 0
    endloop
  endfacet
  facet normal 0.731408 -0.174816 -0.659153
    outer loop
      vertex 195.258 15.5135 0
      vertex 196.883 15.5253 1.8
      vertex 196.821 15.2659 1.8
    endloop
  endfacet
  facet normal -0.175892 -0.731238 -0.659054
    outer loop
      vertex 199.013 18.242 0
      vertex 199.025 16.6168 1.8
      vertex 198.766 16.6791 1.8
    endloop
  endfacet
  facet normal -0.170774 -0.73189 -0.659677
    outer loop
      vertex 199.025 16.6168 1.8
      vertex 199.013 18.242 0
      vertex 199.016 18.2413 0
    endloop
  endfacet
  facet normal 0.0589813 0.749737 -0.659102
    outer loop
      vertex 198.5 13.3 1.8
      vertex 198.5 11.7176 0
      vertex 197.989 11.7578 0
    endloop
  endfacet
  facet normal 0.706503 0.282601 -0.648837
    outer loop
      vertex 195.843 13.0731 0
      vertex 197.125 14.0008 1.8
      vertex 195.844 13.0706 0
    endloop
  endfacet
  facet normal 0.640322 0.394218 -0.659227
    outer loop
      vertex 197.125 14.0008 1.8
      vertex 195.843 13.0731 0
      vertex 196.985 14.2282 1.8
    endloop
  endfacet
  facet normal 0.0747869 -0.747869 -0.65962
    outer loop
      vertex 197.989 18.2422 0
      vertex 198.234 16.6791 1.8
      vertex 197.987 18.242 0
    endloop
  endfacet
  facet normal 0.058909 -0.749751 -0.659093
    outer loop
      vertex 198.234 16.6791 1.8
      vertex 197.989 18.2422 0
      vertex 198.5 16.7 1.8
    endloop
  endfacet
  facet normal -0.0589813 0.749737 -0.659102
    outer loop
      vertex 199.011 11.7578 0
      vertex 198.5 11.7176 0
      vertex 198.5 13.3 1.8
    endloop
  endfacet
  facet normal -0.571467 0.488697 -0.659242
    outer loop
      vertex 201.156 13.0706 0
      vertex 200.823 12.6812 0
      vertex 199.875 14.0008 1.8
    endloop
  endfacet
  facet normal -0.469402 -0.586753 -0.659836
    outer loop
      vertex 199.499 16.3753 1.8
      vertex 200.427 17.6571 0
      vertex 200.429 17.6555 0
    endloop
  endfacet
  facet normal -0.393509 -0.640793 -0.659192
    outer loop
      vertex 200.427 17.6571 0
      vertex 199.499 16.3753 1.8
      vertex 199.272 16.5147 1.8
    endloop
  endfacet
  facet normal 0.17548 0.731288 -0.65911
    outer loop
      vertex 197.975 13.3832 1.8
      vertex 197.984 11.7587 0
      vertex 197.486 11.8782 0
    endloop
  endfacet
  facet normal -0.694927 0.287556 -0.659081
    outer loop
      vertex 201.426 13.5125 0
      vertex 200.015 14.2282 1.8
      vertex 200.117 14.4747 1.8
    endloop
  endfacet
  facet normal -0.706362 0.261616 -0.657731
    outer loop
      vertex 200.015 14.2282 1.8
      vertex 201.426 13.5125 0
      vertex 201.425 13.5098 0
    endloop
  endfacet
  facet normal -0.287893 0.694762 -0.659109
    outer loop
      vertex 199.987 12.0742 0
      vertex 199.514 11.8782 0
      vertex 199.025 13.3832 1.8
    endloop
  endfacet
  facet normal 0.694801 -0.287787 -0.659113
    outer loop
      vertex 195.574 16.4875 0
      vertex 196.883 15.5253 1.8
      vertex 195.378 16.0143 0
    endloop
  endfacet
  facet normal 0.393509 -0.640793 -0.659192
    outer loop
      vertex 197.501 16.3753 1.8
      vertex 196.573 17.6571 0
      vertex 197.728 16.5147 1.8
    endloop
  endfacet
  facet normal 0.469402 -0.586753 -0.659836
    outer loop
      vertex 196.573 17.6571 0
      vertex 197.501 16.3753 1.8
      vertex 196.571 17.6555 0
    endloop
  endfacet
  facet normal 0.392752 -0.641377 -0.659076
    outer loop
      vertex 197.01 17.9247 0
      vertex 197.728 16.5147 1.8
      vertex 196.573 17.6571 0
    endloop
  endfacet
  facet normal 0.393509 0.640793 -0.659192
    outer loop
      vertex 196.573 12.3429 0
      vertex 197.501 13.6247 1.8
      vertex 197.728 13.4853 1.8
    endloop
  endfacet
  facet normal 0.469402 0.586753 -0.659836
    outer loop
      vertex 197.501 13.6247 1.8
      vertex 196.573 12.3429 0
      vertex 196.571 12.3445 0
    endloop
  endfacet
  facet normal 0.694801 0.287787 -0.659113
    outer loop
      vertex 196.883 14.4747 1.8
      vertex 195.574 13.5125 0
      vertex 195.378 13.9857 0
    endloop
  endfacet
  facet normal 0.694927 0.287556 -0.659081
    outer loop
      vertex 196.985 14.2282 1.8
      vertex 195.574 13.5125 0
      vertex 196.883 14.4747 1.8
    endloop
  endfacet
  facet normal 0.706362 0.261616 -0.657731
    outer loop
      vertex 195.574 13.5125 0
      vertex 196.985 14.2282 1.8
      vertex 195.575 13.5098 0
    endloop
  endfacet
  facet normal 0.731408 0.174816 -0.659153
    outer loop
      vertex 196.883 14.4747 1.8
      vertex 195.258 14.4865 0
      vertex 196.821 14.7341 1.8
    endloop
  endfacet
  facet normal 0.718266 0.256524 -0.646753
    outer loop
      vertex 195.258 14.4865 0
      vertex 196.883 14.4747 1.8
      vertex 195.259 14.4837 0
    endloop
  endfacet
  facet normal 0.259364 -0.707357 -0.657554
    outer loop
      vertex 197.013 17.9258 0
      vertex 197.728 16.5147 1.8
      vertex 197.01 17.9247 0
    endloop
  endfacet
  facet normal 0.287317 -0.695075 -0.659029
    outer loop
      vertex 197.728 16.5147 1.8
      vertex 197.013 17.9258 0
      vertex 197.975 16.6168 1.8
    endloop
  endfacet
  facet normal 0.287317 0.695075 -0.659029
    outer loop
      vertex 197.013 12.0742 0
      vertex 197.728 13.4853 1.8
      vertex 197.975 13.3832 1.8
    endloop
  endfacet
  facet normal 0.259364 0.707357 -0.657554
    outer loop
      vertex 197.728 13.4853 1.8
      vertex 197.013 12.0742 0
      vertex 197.01 12.0753 0
    endloop
  endfacet
  facet normal -0.392752 0.641377 -0.659076
    outer loop
      vertex 200.427 12.3429 0
      vertex 199.99 12.0753 0
      vertex 199.272 13.4853 1.8
    endloop
  endfacet
  facet normal -0.555996 0.505451 -0.659839
    outer loop
      vertex 199.702 13.7979 1.8
      vertex 200.823 12.6812 0
      vertex 200.821 12.679 0
    endloop
  endfacet
  facet normal -0.57227 0.487938 -0.659108
    outer loop
      vertex 200.823 12.6812 0
      vertex 199.702 13.7979 1.8
      vertex 199.875 14.0008 1.8
    endloop
  endfacet
  facet normal -0.706503 0.282601 -0.648837
    outer loop
      vertex 199.875 14.0008 1.8
      vertex 201.157 13.0731 0
      vertex 201.156 13.0706 0
    endloop
  endfacet
  facet normal -0.640322 0.394218 -0.659227
    outer loop
      vertex 201.157 13.0731 0
      vertex 199.875 14.0008 1.8
      vertex 200.015 14.2282 1.8
    endloop
  endfacet
  facet normal 0.640322 -0.394218 -0.659227
    outer loop
      vertex 195.843 16.9269 0
      vertex 197.125 15.9992 1.8
      vertex 196.985 15.7718 1.8
    endloop
  endfacet
  facet normal 0.706503 -0.282601 -0.648837
    outer loop
      vertex 197.125 15.9992 1.8
      vertex 195.843 16.9269 0
      vertex 195.844 16.9294 0
    endloop
  endfacet
  facet normal 0.64098 -0.393365 -0.659097
    outer loop
      vertex 195.843 16.9269 0
      vertex 196.985 15.7718 1.8
      vertex 195.575 16.4902 0
    endloop
  endfacet
  facet normal 0.706362 -0.261616 -0.657731
    outer loop
      vertex 196.985 15.7718 1.8
      vertex 195.574 16.4875 0
      vertex 195.575 16.4902 0
    endloop
  endfacet
  facet normal 0.694927 -0.287556 -0.659081
    outer loop
      vertex 195.574 16.4875 0
      vertex 196.985 15.7718 1.8
      vertex 196.883 15.5253 1.8
    endloop
  endfacet
  facet normal 0.392752 0.641377 -0.659076
    outer loop
      vertex 197.728 13.4853 1.8
      vertex 197.01 12.0753 0
      vertex 196.573 12.3429 0
    endloop
  endfacet
  facet normal -0.259364 0.707357 -0.657554
    outer loop
      vertex 199.987 12.0742 0
      vertex 199.272 13.4853 1.8
      vertex 199.99 12.0753 0
    endloop
  endfacet
  facet normal -0.287317 0.695075 -0.659029
    outer loop
      vertex 199.272 13.4853 1.8
      vertex 199.987 12.0742 0
      vertex 199.025 13.3832 1.8
    endloop
  endfacet
  facet normal -0.17548 0.731288 -0.65911
    outer loop
      vertex 199.025 13.3832 1.8
      vertex 199.514 11.8782 0
      vertex 199.016 11.7587 0
    endloop
  endfacet
  facet normal -0.517351 0.54458 -0.660137
    outer loop
      vertex 200.819 12.6771 0
      vertex 199.702 13.7979 1.8
      vertex 200.821 12.679 0
    endloop
  endfacet
  facet normal -0.488114 0.572097 -0.659128
    outer loop
      vertex 199.702 13.7979 1.8
      vertex 200.819 12.6771 0
      vertex 199.499 13.6247 1.8
    endloop
  endfacet
  facet normal -0.731301 0.175637 -0.659053
    outer loop
      vertex 201.7 14.3116 0
      vertex 200.117 14.4747 1.8
      vertex 201.7 14.4834 0.0457845
    endloop
  endfacet
  facet normal -0.731406 0.175053 -0.659092
    outer loop
      vertex 200.117 14.4747 1.8
      vertex 201.7 14.3116 0
      vertex 201.622 13.9857 0
    endloop
  endfacet
  facet normal -0.731464 0.174374 -0.659207
    outer loop
      vertex 200.117 14.4747 1.8
      vertex 201.7 14.4932 0.0483768
      vertex 201.7 14.4834 0.0457845
    endloop
  endfacet
  facet normal -0.731408 0.174816 -0.659152
    outer loop
      vertex 201.7 14.4932 0.0483768
      vertex 200.117 14.4747 1.8
      vertex 200.179 14.7341 1.8
    endloop
  endfacet
  facet normal -0.233602 0 -0.972332
    outer loop
      vertex 40.3129 3.3 38.9754
      vertex 40.618 9.7 38.9021
      vertex 40.618 3.3 38.9021
    endloop
  endfacet
  facet normal -0.233602 0 -0.972332
    outer loop
      vertex 40.618 9.7 38.9021
      vertex 40.3129 3.3 38.9754
      vertex 40.3129 9.7 38.9754
    endloop
  endfacet
  facet normal -0.972332 0 0.233602
    outer loop
      vertex 41.9021 3.3 36.382
      vertex 41.9754 9.7 36.6871
      vertex 41.9021 9.7 36.382
    endloop
  endfacet
  facet normal -0.972332 0 0.233602
    outer loop
      vertex 41.9754 9.7 36.6871
      vertex 41.9021 3.3 36.382
      vertex 41.9754 3.3 36.6871
    endloop
  endfacet
  facet normal -0.996924 0 0.0783775
    outer loop
      vertex 41.9754 3.3 36.6871
      vertex 42 9.7 37
      vertex 41.9754 9.7 36.6871
    endloop
  endfacet
  facet normal -0.996924 0 0.0783775
    outer loop
      vertex 42 9.7 37
      vertex 41.9754 3.3 36.6871
      vertex 42 3.3 37
    endloop
  endfacet
  facet normal -0.522532 0 0.85262
    outer loop
      vertex 40.908 9.7 35.218
      vertex 41.1756 3.3 35.382
      vertex 41.1756 9.7 35.382
    endloop
  endfacet
  facet normal -0.522532 0 0.85262
    outer loop
      vertex 41.1756 3.3 35.382
      vertex 40.908 9.7 35.218
      vertex 40.908 3.3 35.218
    endloop
  endfacet
  facet normal 0.923904 -0 0.382624
    outer loop
      vertex 38.0979 3.3 36.382
      vertex 38.218 9.7 36.092
      vertex 38.0979 9.7 36.382
    endloop
  endfacet
  facet normal 0.923904 0 0.382624
    outer loop
      vertex 38.218 9.7 36.092
      vertex 38.0979 3.3 36.382
      vertex 38.218 3.3 36.092
    endloop
  endfacet
  facet normal -0.923904 0 -0.382624
    outer loop
      vertex 41.9021 3.3 37.618
      vertex 41.782 9.7 37.908
      vertex 41.9021 9.7 37.618
    endloop
  endfacet
  facet normal -0.923904 -0 -0.382624
    outer loop
      vertex 41.782 9.7 37.908
      vertex 41.9021 3.3 37.618
      vertex 41.782 3.3 37.908
    endloop
  endfacet
  facet normal 0.382624 0 -0.923904
    outer loop
      vertex 39.092 3.3 38.782
      vertex 39.382 9.7 38.9021
      vertex 39.382 3.3 38.9021
    endloop
  endfacet
  facet normal 0.382624 0 -0.923904
    outer loop
      vertex 39.382 9.7 38.9021
      vertex 39.092 3.3 38.782
      vertex 39.092 9.7 38.782
    endloop
  endfacet
  facet normal 0.923904 0 -0.382624
    outer loop
      vertex 38.218 3.3 37.908
      vertex 38.0979 9.7 37.618
      vertex 38.218 9.7 37.908
    endloop
  endfacet
  facet normal 0.923904 0 -0.382624
    outer loop
      vertex 38.0979 9.7 37.618
      vertex 38.218 3.3 37.908
      vertex 38.0979 3.3 37.618
    endloop
  endfacet
  facet normal 0.76038 -0 0.649478
    outer loop
      vertex 38.382 3.3 35.8244
      vertex 38.5858 9.7 35.5858
      vertex 38.382 9.7 35.8244
    endloop
  endfacet
  facet normal 0.76038 0 0.649478
    outer loop
      vertex 38.5858 9.7 35.5858
      vertex 38.382 3.3 35.8244
      vertex 38.5858 3.3 35.5858
    endloop
  endfacet
  facet normal 0.972332 -0 0.233602
    outer loop
      vertex 38.0246 3.3 36.6871
      vertex 38.0979 9.7 36.382
      vertex 38.0246 9.7 36.6871
    endloop
  endfacet
  facet normal 0.972332 0 0.233602
    outer loop
      vertex 38.0979 9.7 36.382
      vertex 38.0246 3.3 36.6871
      vertex 38.0979 3.3 36.382
    endloop
  endfacet
  facet normal -0.923904 0 0.382624
    outer loop
      vertex 41.782 3.3 36.092
      vertex 41.9021 9.7 36.382
      vertex 41.782 9.7 36.092
    endloop
  endfacet
  facet normal -0.923904 0 0.382624
    outer loop
      vertex 41.9021 9.7 36.382
      vertex 41.782 3.3 36.092
      vertex 41.9021 3.3 36.382
    endloop
  endfacet
  facet normal -0.382624 0 -0.923904
    outer loop
      vertex 40.618 3.3 38.9021
      vertex 40.908 9.7 38.782
      vertex 40.908 3.3 38.782
    endloop
  endfacet
  facet normal -0.382624 0 -0.923904
    outer loop
      vertex 40.908 9.7 38.782
      vertex 40.618 3.3 38.9021
      vertex 40.618 9.7 38.9021
    endloop
  endfacet
  facet normal -0.85262 0 -0.522532
    outer loop
      vertex 41.782 3.3 37.908
      vertex 41.618 9.7 38.1756
      vertex 41.782 9.7 37.908
    endloop
  endfacet
  facet normal -0.85262 -0 -0.522532
    outer loop
      vertex 41.618 9.7 38.1756
      vertex 41.782 3.3 37.908
      vertex 41.618 3.3 38.1756
    endloop
  endfacet
  facet normal 0.382624 0 0.923904
    outer loop
      vertex 39.092 9.7 35.218
      vertex 39.382 3.3 35.0979
      vertex 39.382 9.7 35.0979
    endloop
  endfacet
  facet normal 0.382624 0 0.923904
    outer loop
      vertex 39.382 3.3 35.0979
      vertex 39.092 9.7 35.218
      vertex 39.092 3.3 35.218
    endloop
  endfacet
  facet normal 0.233602 0 0.972332
    outer loop
      vertex 39.382 9.7 35.0979
      vertex 39.6871 3.3 35.0246
      vertex 39.6871 9.7 35.0246
    endloop
  endfacet
  facet normal 0.233602 0 0.972332
    outer loop
      vertex 39.6871 3.3 35.0246
      vertex 39.382 9.7 35.0979
      vertex 39.382 3.3 35.0979
    endloop
  endfacet
  facet normal 0.85262 -0 0.522532
    outer loop
      vertex 38.218 3.3 36.092
      vertex 38.382 9.7 35.8244
      vertex 38.218 9.7 36.092
    endloop
  endfacet
  facet normal 0.85262 0 0.522532
    outer loop
      vertex 38.382 9.7 35.8244
      vertex 38.218 3.3 36.092
      vertex 38.382 3.3 35.8244
    endloop
  endfacet
  facet normal 0.649478 0 0.76038
    outer loop
      vertex 38.5858 9.7 35.5858
      vertex 38.8244 3.3 35.382
      vertex 38.8244 9.7 35.382
    endloop
  endfacet
  facet normal 0.649478 0 0.76038
    outer loop
      vertex 38.8244 3.3 35.382
      vertex 38.5858 9.7 35.5858
      vertex 38.5858 3.3 35.5858
    endloop
  endfacet
  facet normal 0.522532 0 0.85262
    outer loop
      vertex 38.8244 9.7 35.382
      vertex 39.092 3.3 35.218
      vertex 39.092 9.7 35.218
    endloop
  endfacet
  facet normal 0.522532 0 0.85262
    outer loop
      vertex 39.092 3.3 35.218
      vertex 38.8244 9.7 35.382
      vertex 38.8244 3.3 35.382
    endloop
  endfacet
  facet normal 0.996924 -0 0.0783775
    outer loop
      vertex 38 3.3 37
      vertex 38.0246 9.7 36.6871
      vertex 38 9.7 37
    endloop
  endfacet
  facet normal 0.996924 0 0.0783775
    outer loop
      vertex 38.0246 9.7 36.6871
      vertex 38 3.3 37
      vertex 38.0246 3.3 36.6871
    endloop
  endfacet
  facet normal 0.972332 0 -0.233602
    outer loop
      vertex 38.0979 3.3 37.618
      vertex 38.0246 9.7 37.3129
      vertex 38.0979 9.7 37.618
    endloop
  endfacet
  facet normal 0.972332 0 -0.233602
    outer loop
      vertex 38.0246 9.7 37.3129
      vertex 38.0979 3.3 37.618
      vertex 38.0246 3.3 37.3129
    endloop
  endfacet
  facet normal -0.382624 0 0.923904
    outer loop
      vertex 40.618 9.7 35.0979
      vertex 40.908 3.3 35.218
      vertex 40.908 9.7 35.218
    endloop
  endfacet
  facet normal -0.382624 0 0.923904
    outer loop
      vertex 40.908 3.3 35.218
      vertex 40.618 9.7 35.0979
      vertex 40.618 3.3 35.0979
    endloop
  endfacet
  facet normal 0 -1 0
    outer loop
      vertex 39.6871 9.7 38.9754
      vertex 40.3129 9.7 38.9754
      vertex 40 9.7 39
    endloop
  endfacet
  facet normal 0 -1 0
    outer loop
      vertex 39.382 9.7 38.9021
      vertex 40.3129 9.7 38.9754
      vertex 39.6871 9.7 38.9754
    endloop
  endfacet
  facet normal 0 -1 0
    outer loop
      vertex 39.382 9.7 38.9021
      vertex 40.618 9.7 38.9021
      vertex 40.3129 9.7 38.9754
    endloop
  endfacet
  facet normal 0 -1 0
    outer loop
      vertex 39.092 9.7 38.782
      vertex 40.618 9.7 38.9021
      vertex 39.382 9.7 38.9021
    endloop
  endfacet
  facet normal 0 -1 0
    outer loop
      vertex 39.092 9.7 38.782
      vertex 40.908 9.7 38.782
      vertex 40.618 9.7 38.9021
    endloop
  endfacet
  facet normal 0 -1 0
    outer loop
      vertex 38.8244 9.7 38.618
      vertex 40.908 9.7 38.782
      vertex 39.092 9.7 38.782
    endloop
  endfacet
  facet normal 0 -1 0
    outer loop
      vertex 38.8244 9.7 38.618
      vertex 41.1756 9.7 38.618
      vertex 40.908 9.7 38.782
    endloop
  endfacet
  facet normal 0 -1 0
    outer loop
      vertex 38.5858 9.7 38.4142
      vertex 41.1756 9.7 38.618
      vertex 38.8244 9.7 38.618
    endloop
  endfacet
  facet normal 0 -1 0
    outer loop
      vertex 38.5858 9.7 38.4142
      vertex 41.4142 9.7 38.4142
      vertex 41.1756 9.7 38.618
    endloop
  endfacet
  facet normal 0 -1 0
    outer loop
      vertex 38.382 9.7 38.1756
      vertex 41.4142 9.7 38.4142
      vertex 38.5858 9.7 38.4142
    endloop
  endfacet
  facet normal 0 -1 0
    outer loop
      vertex 38.382 9.7 38.1756
      vertex 41.618 9.7 38.1756
      vertex 41.4142 9.7 38.4142
    endloop
  endfacet
  facet normal 0 -1 0
    outer loop
      vertex 38.218 9.7 37.908
      vertex 41.618 9.7 38.1756
      vertex 38.382 9.7 38.1756
    endloop
  endfacet
  facet normal 0 -1 0
    outer loop
      vertex 38.218 9.7 37.908
      vertex 41.782 9.7 37.908
      vertex 41.618 9.7 38.1756
    endloop
  endfacet
  facet normal 0 -1 0
    outer loop
      vertex 38.0979 9.7 37.618
      vertex 41.782 9.7 37.908
      vertex 38.218 9.7 37.908
    endloop
  endfacet
  facet normal 0 -1 0
    outer loop
      vertex 38.0979 9.7 37.618
      vertex 41.9021 9.7 37.618
      vertex 41.782 9.7 37.908
    endloop
  endfacet
  facet normal 0 -1 0
    outer loop
      vertex 38.0246 9.7 37.3129
      vertex 41.9021 9.7 37.618
      vertex 38.0979 9.7 37.618
    endloop
  endfacet
  facet normal 0 -1 0
    outer loop
      vertex 38.0246 9.7 37.3129
      vertex 41.9754 9.7 37.3129
      vertex 41.9021 9.7 37.618
    endloop
  endfacet
  facet normal 0 -1 0
    outer loop
      vertex 38 9.7 37
      vertex 41.9754 9.7 37.3129
      vertex 38.0246 9.7 37.3129
    endloop
  endfacet
  facet normal 0 -1 0
    outer loop
      vertex 38 9.7 37
      vertex 42 9.7 37
      vertex 41.9754 9.7 37.3129
    endloop
  endfacet
  facet normal 0 -1 0
    outer loop
      vertex 38.0246 9.7 36.6871
      vertex 42 9.7 37
      vertex 38 9.7 37
    endloop
  endfacet
  facet normal 0 -1 0
    outer loop
      vertex 38.0246 9.7 36.6871
      vertex 41.9754 9.7 36.6871
      vertex 42 9.7 37
    endloop
  endfacet
  facet normal 0 -1 0
    outer loop
      vertex 38.0979 9.7 36.382
      vertex 41.9754 9.7 36.6871
      vertex 38.0246 9.7 36.6871
    endloop
  endfacet
  facet normal 0 -1 0
    outer loop
      vertex 38.0979 9.7 36.382
      vertex 41.9021 9.7 36.382
      vertex 41.9754 9.7 36.6871
    endloop
  endfacet
  facet normal 0 -1 0
    outer loop
      vertex 38.218 9.7 36.092
      vertex 41.9021 9.7 36.382
      vertex 38.0979 9.7 36.382
    endloop
  endfacet
  facet normal 0 -1 0
    outer loop
      vertex 38.218 9.7 36.092
      vertex 41.782 9.7 36.092
      vertex 41.9021 9.7 36.382
    endloop
  endfacet
  facet normal 0 -1 0
    outer loop
      vertex 38.382 9.7 35.8244
      vertex 41.782 9.7 36.092
      vertex 38.218 9.7 36.092
    endloop
  endfacet
  facet normal 0 -1 0
    outer loop
      vertex 38.382 9.7 35.8244
      vertex 41.618 9.7 35.8244
      vertex 41.782 9.7 36.092
    endloop
  endfacet
  facet normal 0 -1 0
    outer loop
      vertex 38.5858 9.7 35.5858
      vertex 41.618 9.7 35.8244
      vertex 38.382 9.7 35.8244
    endloop
  endfacet
  facet normal 0 -1 0
    outer loop
      vertex 38.5858 9.7 35.5858
      vertex 41.4142 9.7 35.5858
      vertex 41.618 9.7 35.8244
    endloop
  endfacet
  facet normal 0 -1 0
    outer loop
      vertex 38.8244 9.7 35.382
      vertex 41.4142 9.7 35.5858
      vertex 38.5858 9.7 35.5858
    endloop
  endfacet
  facet normal 0 -1 0
    outer loop
      vertex 38.8244 9.7 35.382
      vertex 41.1756 9.7 35.382
      vertex 41.4142 9.7 35.5858
    endloop
  endfacet
  facet normal 0 -1 0
    outer loop
      vertex 39.092 9.7 35.218
      vertex 41.1756 9.7 35.382
      vertex 38.8244 9.7 35.382
    endloop
  endfacet
  facet normal 0 -1 0
    outer loop
      vertex 39.092 9.7 35.218
      vertex 40.908 9.7 35.218
      vertex 41.1756 9.7 35.382
    endloop
  endfacet
  facet normal 0 -1 0
    outer loop
      vertex 39.382 9.7 35.0979
      vertex 40.908 9.7 35.218
      vertex 39.092 9.7 35.218
    endloop
  endfacet
  facet normal 0 -1 0
    outer loop
      vertex 39.382 9.7 35.0979
      vertex 40.618 9.7 35.0979
      vertex 40.908 9.7 35.218
    endloop
  endfacet
  facet normal 0 -1 0
    outer loop
      vertex 39.6871 9.7 35.0246
      vertex 40.618 9.7 35.0979
      vertex 39.382 9.7 35.0979
    endloop
  endfacet
  facet normal 0 -1 0
    outer loop
      vertex 39.6871 9.7 35.0246
      vertex 40.3129 9.7 35.0246
      vertex 40.618 9.7 35.0979
    endloop
  endfacet
  facet normal -0 -1 0
    outer loop
      vertex 40.3129 9.7 35.0246
      vertex 39.6871 9.7 35.0246
      vertex 40 9.7 35
    endloop
  endfacet
  facet normal -0.85262 0 0.522532
    outer loop
      vertex 41.618 3.3 35.8244
      vertex 41.782 9.7 36.092
      vertex 41.618 9.7 35.8244
    endloop
  endfacet
  facet normal -0.85262 0 0.522532
    outer loop
      vertex 41.782 9.7 36.092
      vertex 41.618 3.3 35.8244
      vertex 41.782 3.3 36.092
    endloop
  endfacet
  facet normal 0.522532 0 -0.85262
    outer loop
      vertex 38.8244 3.3 38.618
      vertex 39.092 9.7 38.782
      vertex 39.092 3.3 38.782
    endloop
  endfacet
  facet normal 0.522532 0 -0.85262
    outer loop
      vertex 39.092 9.7 38.782
      vertex 38.8244 3.3 38.618
      vertex 38.8244 9.7 38.618
    endloop
  endfacet
  facet normal -0.972332 0 -0.233602
    outer loop
      vertex 41.9754 3.3 37.3129
      vertex 41.9021 9.7 37.618
      vertex 41.9754 9.7 37.3129
    endloop
  endfacet
  facet normal -0.972332 -0 -0.233602
    outer loop
      vertex 41.9021 9.7 37.618
      vertex 41.9754 3.3 37.3129
      vertex 41.9021 3.3 37.618
    endloop
  endfacet
  facet normal -0.996924 0 -0.0783775
    outer loop
      vertex 42 3.3 37
      vertex 41.9754 9.7 37.3129
      vertex 42 9.7 37
    endloop
  endfacet
  facet normal -0.996924 -0 -0.0783775
    outer loop
      vertex 41.9754 9.7 37.3129
      vertex 42 3.3 37
      vertex 41.9754 3.3 37.3129
    endloop
  endfacet
  facet normal 0.76038 0 -0.649478
    outer loop
      vertex 38.5858 3.3 38.4142
      vertex 38.382 9.7 38.1756
      vertex 38.5858 9.7 38.4142
    endloop
  endfacet
  facet normal 0.76038 0 -0.649478
    outer loop
      vertex 38.382 9.7 38.1756
      vertex 38.5858 3.3 38.4142
      vertex 38.382 3.3 38.1756
    endloop
  endfacet
  facet normal -0.522532 0 -0.85262
    outer loop
      vertex 40.908 3.3 38.782
      vertex 41.1756 9.7 38.618
      vertex 41.1756 3.3 38.618
    endloop
  endfacet
  facet normal -0.522532 0 -0.85262
    outer loop
      vertex 41.1756 9.7 38.618
      vertex 40.908 3.3 38.782
      vertex 40.908 9.7 38.782
    endloop
  endfacet
  facet normal 0.0783775 0 0.996924
    outer loop
      vertex 39.6871 9.7 35.0246
      vertex 40 3.3 35
      vertex 40 9.7 35
    endloop
  endfacet
  facet normal 0.0783775 0 0.996924
    outer loop
      vertex 40 3.3 35
      vertex 39.6871 9.7 35.0246
      vertex 39.6871 3.3 35.0246
    endloop
  endfacet
  facet normal 0.0783775 0 -0.996924
    outer loop
      vertex 39.6871 3.3 38.9754
      vertex 40 9.7 39
      vertex 40 3.3 39
    endloop
  endfacet
  facet normal 0.0783775 0 -0.996924
    outer loop
      vertex 40 9.7 39
      vertex 39.6871 3.3 38.9754
      vertex 39.6871 9.7 38.9754
    endloop
  endfacet
  facet normal 0.85262 0 -0.522532
    outer loop
      vertex 38.382 3.3 38.1756
      vertex 38.218 9.7 37.908
      vertex 38.382 9.7 38.1756
    endloop
  endfacet
  facet normal 0.85262 0 -0.522532
    outer loop
      vertex 38.218 9.7 37.908
      vertex 38.382 3.3 38.1756
      vertex 38.218 3.3 37.908
    endloop
  endfacet
  facet normal -0.0783775 0 0.996924
    outer loop
      vertex 40 9.7 35
      vertex 40.3129 3.3 35.0246
      vertex 40.3129 9.7 35.0246
    endloop
  endfacet
  facet normal -0.0783775 0 0.996924
    outer loop
      vertex 40.3129 3.3 35.0246
      vertex 40 9.7 35
      vertex 40 3.3 35
    endloop
  endfacet
  facet normal 0.996924 0 -0.0783775
    outer loop
      vertex 38.0246 3.3 37.3129
      vertex 38 9.7 37
      vertex 38.0246 9.7 37.3129
    endloop
  endfacet
  facet normal 0.996924 0 -0.0783775
    outer loop
      vertex 38 9.7 37
      vertex 38.0246 3.3 37.3129
      vertex 38 3.3 37
    endloop
  endfacet
  facet normal -0.76038 0 0.649478
    outer loop
      vertex 41.4142 3.3 35.5858
      vertex 41.618 9.7 35.8244
      vertex 41.4142 9.7 35.5858
    endloop
  endfacet
  facet normal -0.76038 0 0.649478
    outer loop
      vertex 41.618 9.7 35.8244
      vertex 41.4142 3.3 35.5858
      vertex 41.618 3.3 35.8244
    endloop
  endfacet
  facet normal -0.649478 0 0.76038
    outer loop
      vertex 41.1756 9.7 35.382
      vertex 41.4142 3.3 35.5858
      vertex 41.4142 9.7 35.5858
    endloop
  endfacet
  facet normal -0.649478 0 0.76038
    outer loop
      vertex 41.4142 3.3 35.5858
      vertex 41.1756 9.7 35.382
      vertex 41.1756 3.3 35.382
    endloop
  endfacet
  facet normal 0.233602 0 -0.972332
    outer loop
      vertex 39.382 3.3 38.9021
      vertex 39.6871 9.7 38.9754
      vertex 39.6871 3.3 38.9754
    endloop
  endfacet
  facet normal 0.233602 0 -0.972332
    outer loop
      vertex 39.6871 9.7 38.9754
      vertex 39.382 3.3 38.9021
      vertex 39.382 9.7 38.9021
    endloop
  endfacet
  facet normal -0.0783775 0 -0.996924
    outer loop
      vertex 40 3.3 39
      vertex 40.3129 9.7 38.9754
      vertex 40.3129 3.3 38.9754
    endloop
  endfacet
  facet normal -0.0783775 0 -0.996924
    outer loop
      vertex 40.3129 9.7 38.9754
      vertex 40 3.3 39
      vertex 40 9.7 39
    endloop
  endfacet
  facet normal -0.76038 0 -0.649478
    outer loop
      vertex 41.618 3.3 38.1756
      vertex 41.4142 9.7 38.4142
      vertex 41.618 9.7 38.1756
    endloop
  endfacet
  facet normal -0.76038 -0 -0.649478
    outer loop
      vertex 41.4142 9.7 38.4142
      vertex 41.618 3.3 38.1756
      vertex 41.4142 3.3 38.4142
    endloop
  endfacet
  facet normal -0.649478 0 -0.76038
    outer loop
      vertex 41.1756 3.3 38.618
      vertex 41.4142 9.7 38.4142
      vertex 41.4142 3.3 38.4142
    endloop
  endfacet
  facet normal -0.649478 0 -0.76038
    outer loop
      vertex 41.4142 9.7 38.4142
      vertex 41.1756 3.3 38.618
      vertex 41.1756 9.7 38.618
    endloop
  endfacet
  facet normal 0.649478 0 -0.76038
    outer loop
      vertex 38.5858 3.3 38.4142
      vertex 38.8244 9.7 38.618
      vertex 38.8244 3.3 38.618
    endloop
  endfacet
  facet normal 0.649478 0 -0.76038
    outer loop
      vertex 38.8244 9.7 38.618
      vertex 38.5858 3.3 38.4142
      vertex 38.5858 9.7 38.4142
    endloop
  endfacet
  facet normal -0.233602 0 0.972332
    outer loop
      vertex 40.3129 9.7 35.0246
      vertex 40.618 3.3 35.0979
      vertex 40.618 9.7 35.0979
    endloop
  endfacet
  facet normal -0.233602 0 0.972332
    outer loop
      vertex 40.618 3.3 35.0979
      vertex 40.3129 9.7 35.0246
      vertex 40.3129 3.3 35.0246
    endloop
  endfacet
  facet normal -0.233674 0 -0.972315
    outer loop
      vertex 165.313 3.3 38.9754
      vertex 165.618 9.7 38.9021
      vertex 165.618 3.3 38.9021
    endloop
  endfacet
  facet normal -0.233674 0 -0.972315
    outer loop
      vertex 165.618 9.7 38.9021
      vertex 165.313 3.3 38.9754
      vertex 165.313 9.7 38.9754
    endloop
  endfacet
  facet normal -0.972549 0 0.232698
    outer loop
      vertex 166.902 3.3 36.382
      vertex 166.975 9.7 36.6871
      vertex 166.902 9.7 36.382
    endloop
  endfacet
  facet normal -0.972549 0 0.232698
    outer loop
      vertex 166.975 9.7 36.6871
      vertex 166.902 3.3 36.382
      vertex 166.975 3.3 36.6871
    endloop
  endfacet
  facet normal -0.996823 0 0.0796439
    outer loop
      vertex 166.975 3.3 36.6871
      vertex 167 9.7 37
      vertex 166.975 9.7 36.6871
    endloop
  endfacet
  facet normal -0.996823 0 0.0796439
    outer loop
      vertex 167 9.7 37
      vertex 166.975 3.3 36.6871
      vertex 167 3.3 37
    endloop
  endfacet
  facet normal -0.521965 0 0.852967
    outer loop
      vertex 165.908 9.7 35.218
      vertex 166.176 3.3 35.382
      vertex 166.176 9.7 35.382
    endloop
  endfacet
  facet normal -0.521965 0 0.852967
    outer loop
      vertex 166.176 3.3 35.382
      vertex 165.908 9.7 35.218
      vertex 165.908 3.3 35.218
    endloop
  endfacet
  facet normal 0.924017 -0 0.382352
    outer loop
      vertex 163.098 3.3 36.382
      vertex 163.218 9.7 36.092
      vertex 163.098 9.7 36.382
    endloop
  endfacet
  facet normal 0.924017 0 0.382352
    outer loop
      vertex 163.218 9.7 36.092
      vertex 163.098 3.3 36.382
      vertex 163.218 3.3 36.092
    endloop
  endfacet
  facet normal -0.924017 0 -0.382352
    outer loop
      vertex 166.902 3.3 37.618
      vertex 166.782 9.7 37.908
      vertex 166.902 9.7 37.618
    endloop
  endfacet
  facet normal -0.924017 -0 -0.382352
    outer loop
      vertex 166.782 9.7 37.908
      vertex 166.902 3.3 37.618
      vertex 166.782 3.3 37.908
    endloop
  endfacet
  facet normal 0.382624 0 -0.923904
    outer loop
      vertex 164.092 3.3 38.782
      vertex 164.382 9.7 38.9021
      vertex 164.382 3.3 38.9021
    endloop
  endfacet
  facet normal 0.382624 0 -0.923904
    outer loop
      vertex 164.382 9.7 38.9021
      vertex 164.092 3.3 38.782
      vertex 164.092 9.7 38.782
    endloop
  endfacet
  facet normal 0.924017 0 -0.382352
    outer loop
      vertex 163.218 3.3 37.908
      vertex 163.098 9.7 37.618
      vertex 163.218 9.7 37.908
    endloop
  endfacet
  facet normal 0.924017 0 -0.382352
    outer loop
      vertex 163.098 9.7 37.618
      vertex 163.218 3.3 37.908
      vertex 163.098 3.3 37.618
    endloop
  endfacet
  facet normal 0.760066 -0 0.649846
    outer loop
      vertex 163.382 3.3 35.8244
      vertex 163.586 9.7 35.5858
      vertex 163.382 9.7 35.8244
    endloop
  endfacet
  facet normal 0.760066 0 0.649846
    outer loop
      vertex 163.586 9.7 35.5858
      vertex 163.382 3.3 35.8244
      vertex 163.586 3.3 35.5858
    endloop
  endfacet
  facet normal 0.972549 -0 0.232698
    outer loop
      vertex 163.025 3.3 36.6871
      vertex 163.098 9.7 36.382
      vertex 163.025 9.7 36.6871
    endloop
  endfacet
  facet normal 0.972549 0 0.232698
    outer loop
      vertex 163.098 9.7 36.382
      vertex 163.025 3.3 36.6871
      vertex 163.098 3.3 36.382
    endloop
  endfacet
  facet normal -0.924017 0 0.382352
    outer loop
      vertex 166.782 3.3 36.092
      vertex 166.902 9.7 36.382
      vertex 166.782 9.7 36.092
    endloop
  endfacet
  facet normal -0.924017 0 0.382352
    outer loop
      vertex 166.902 9.7 36.382
      vertex 166.782 3.3 36.092
      vertex 166.902 3.3 36.382
    endloop
  endfacet
  facet normal -0.382624 0 -0.923904
    outer loop
      vertex 165.618 3.3 38.9021
      vertex 165.908 9.7 38.782
      vertex 165.908 3.3 38.782
    endloop
  endfacet
  facet normal -0.382624 0 -0.923904
    outer loop
      vertex 165.908 9.7 38.782
      vertex 165.618 3.3 38.9021
      vertex 165.618 9.7 38.9021
    endloop
  endfacet
  facet normal -0.85262 0 -0.522532
    outer loop
      vertex 166.782 3.3 37.908
      vertex 166.618 9.7 38.1756
      vertex 166.782 9.7 37.908
    endloop
  endfacet
  facet normal -0.85262 -0 -0.522532
    outer loop
      vertex 166.618 9.7 38.1756
      vertex 166.782 3.3 37.908
      vertex 166.618 3.3 38.1756
    endloop
  endfacet
  facet normal 0.382624 0 0.923904
    outer loop
      vertex 164.092 9.7 35.218
      vertex 164.382 3.3 35.0979
      vertex 164.382 9.7 35.0979
    endloop
  endfacet
  facet normal 0.382624 0 0.923904
    outer loop
      vertex 164.382 3.3 35.0979
      vertex 164.092 9.7 35.218
      vertex 164.092 3.3 35.218
    endloop
  endfacet
  facet normal 0.233674 0 0.972315
    outer loop
      vertex 164.382 9.7 35.0979
      vertex 164.687 3.3 35.0246
      vertex 164.687 9.7 35.0246
    endloop
  endfacet
  facet normal 0.233674 0 0.972315
    outer loop
      vertex 164.687 3.3 35.0246
      vertex 164.382 9.7 35.0979
      vertex 164.382 3.3 35.0979
    endloop
  endfacet
  facet normal 0.85262 -0 0.522532
    outer loop
      vertex 163.218 3.3 36.092
      vertex 163.382 9.7 35.8244
      vertex 163.218 9.7 36.092
    endloop
  endfacet
  facet normal 0.85262 0 0.522532
    outer loop
      vertex 163.382 9.7 35.8244
      vertex 163.218 3.3 36.092
      vertex 163.382 3.3 35.8244
    endloop
  endfacet
  facet normal 0.650423 0 0.759572
    outer loop
      vertex 163.586 9.7 35.5858
      vertex 163.824 3.3 35.382
      vertex 163.824 9.7 35.382
    endloop
  endfacet
  facet normal 0.650423 0 0.759572
    outer loop
      vertex 163.824 3.3 35.382
      vertex 163.586 9.7 35.5858
      vertex 163.586 3.3 35.5858
    endloop
  endfacet
  facet normal 0.521965 0 0.852967
    outer loop
      vertex 163.824 9.7 35.382
      vertex 164.092 3.3 35.218
      vertex 164.092 9.7 35.218
    endloop
  endfacet
  facet normal 0.521965 0 0.852967
    outer loop
      vertex 164.092 3.3 35.218
      vertex 163.824 9.7 35.382
      vertex 163.824 3.3 35.382
    endloop
  endfacet
  facet normal 0.996823 -0 0.0796439
    outer loop
      vertex 163 3.3 37
      vertex 163.025 9.7 36.6871
      vertex 163 9.7 37
    endloop
  endfacet
  facet normal 0.996823 0 0.0796439
    outer loop
      vertex 163.025 9.7 36.6871
      vertex 163 3.3 37
      vertex 163.025 3.3 36.6871
    endloop
  endfacet
  facet normal 0.972549 0 -0.232698
    outer loop
      vertex 163.098 3.3 37.618
      vertex 163.025 9.7 37.3129
      vertex 163.098 9.7 37.618
    endloop
  endfacet
  facet normal 0.972549 0 -0.232698
    outer loop
      vertex 163.025 9.7 37.3129
      vertex 163.098 3.3 37.618
      vertex 163.025 3.3 37.3129
    endloop
  endfacet
  facet normal -0.382624 0 0.923904
    outer loop
      vertex 165.618 9.7 35.0979
      vertex 165.908 3.3 35.218
      vertex 165.908 9.7 35.218
    endloop
  endfacet
  facet normal -0.382624 0 0.923904
    outer loop
      vertex 165.908 3.3 35.218
      vertex 165.618 9.7 35.0979
      vertex 165.618 3.3 35.0979
    endloop
  endfacet
  facet normal -0.85262 0 0.522532
    outer loop
      vertex 166.618 3.3 35.8244
      vertex 166.782 9.7 36.092
      vertex 166.618 9.7 35.8244
    endloop
  endfacet
  facet normal -0.85262 0 0.522532
    outer loop
      vertex 166.782 9.7 36.092
      vertex 166.618 3.3 35.8244
      vertex 166.782 3.3 36.092
    endloop
  endfacet
  facet normal 0.521965 0 -0.852967
    outer loop
      vertex 163.824 3.3 38.618
      vertex 164.092 9.7 38.782
      vertex 164.092 3.3 38.782
    endloop
  endfacet
  facet normal 0.521965 0 -0.852967
    outer loop
      vertex 164.092 9.7 38.782
      vertex 163.824 3.3 38.618
      vertex 163.824 9.7 38.618
    endloop
  endfacet
  facet normal -0.972549 0 -0.232698
    outer loop
      vertex 166.975 3.3 37.3129
      vertex 166.902 9.7 37.618
      vertex 166.975 9.7 37.3129
    endloop
  endfacet
  facet normal -0.972549 -0 -0.232698
    outer loop
      vertex 166.902 9.7 37.618
      vertex 166.975 3.3 37.3129
      vertex 166.902 3.3 37.618
    endloop
  endfacet
  facet normal -0.996823 0 -0.0796439
    outer loop
      vertex 167 3.3 37
      vertex 166.975 9.7 37.3129
      vertex 167 9.7 37
    endloop
  endfacet
  facet normal -0.996823 -0 -0.0796439
    outer loop
      vertex 166.975 9.7 37.3129
      vertex 167 3.3 37
      vertex 166.975 3.3 37.3129
    endloop
  endfacet
  facet normal 0.760066 0 -0.649846
    outer loop
      vertex 163.586 3.3 38.4142
      vertex 163.382 9.7 38.1756
      vertex 163.586 9.7 38.4142
    endloop
  endfacet
  facet normal 0.760066 0 -0.649846
    outer loop
      vertex 163.382 9.7 38.1756
      vertex 163.586 3.3 38.4142
      vertex 163.382 3.3 38.1756
    endloop
  endfacet
  facet normal -0.521965 0 -0.852967
    outer loop
      vertex 165.908 3.3 38.782
      vertex 166.176 9.7 38.618
      vertex 166.176 3.3 38.618
    endloop
  endfacet
  facet normal -0.521965 0 -0.852967
    outer loop
      vertex 166.176 9.7 38.618
      vertex 165.908 3.3 38.782
      vertex 165.908 9.7 38.782
    endloop
  endfacet
  facet normal 0.0783526 0 0.996926
    outer loop
      vertex 164.687 9.7 35.0246
      vertex 165 3.3 35
      vertex 165 9.7 35
    endloop
  endfacet
  facet normal 0.0783526 0 0.996926
    outer loop
      vertex 165 3.3 35
      vertex 164.687 9.7 35.0246
      vertex 164.687 3.3 35.0246
    endloop
  endfacet
  facet normal 0.0783526 0 -0.996926
    outer loop
      vertex 164.687 3.3 38.9754
      vertex 165 9.7 39
      vertex 165 3.3 39
    endloop
  endfacet
  facet normal 0.0783526 0 -0.996926
    outer loop
      vertex 165 9.7 39
      vertex 164.687 3.3 38.9754
      vertex 164.687 9.7 38.9754
    endloop
  endfacet
  facet normal 0.85262 0 -0.522532
    outer loop
      vertex 163.382 3.3 38.1756
      vertex 163.218 9.7 37.908
      vertex 163.382 9.7 38.1756
    endloop
  endfacet
  facet normal 0.85262 0 -0.522532
    outer loop
      vertex 163.218 9.7 37.908
      vertex 163.382 3.3 38.1756
      vertex 163.218 3.3 37.908
    endloop
  endfacet
  facet normal -0.0783526 0 0.996926
    outer loop
      vertex 165 9.7 35
      vertex 165.313 3.3 35.0246
      vertex 165.313 9.7 35.0246
    endloop
  endfacet
  facet normal -0.0783526 0 0.996926
    outer loop
      vertex 165.313 3.3 35.0246
      vertex 165 9.7 35
      vertex 165 3.3 35
    endloop
  endfacet
  facet normal 0.996823 0 -0.0796439
    outer loop
      vertex 163.025 3.3 37.3129
      vertex 163 9.7 37
      vertex 163.025 9.7 37.3129
    endloop
  endfacet
  facet normal 0.996823 0 -0.0796439
    outer loop
      vertex 163 9.7 37
      vertex 163.025 3.3 37.3129
      vertex 163 3.3 37
    endloop
  endfacet
  facet normal -0.760066 0 0.649846
    outer loop
      vertex 166.414 3.3 35.5858
      vertex 166.618 9.7 35.8244
      vertex 166.414 9.7 35.5858
    endloop
  endfacet
  facet normal -0.760066 0 0.649846
    outer loop
      vertex 166.618 9.7 35.8244
      vertex 166.414 3.3 35.5858
      vertex 166.618 3.3 35.8244
    endloop
  endfacet
  facet normal -0.650423 0 0.759572
    outer loop
      vertex 166.176 9.7 35.382
      vertex 166.414 3.3 35.5858
      vertex 166.414 9.7 35.5858
    endloop
  endfacet
  facet normal -0.650423 0 0.759572
    outer loop
      vertex 166.414 3.3 35.5858
      vertex 166.176 9.7 35.382
      vertex 166.176 3.3 35.382
    endloop
  endfacet
  facet normal 0.233674 0 -0.972315
    outer loop
      vertex 164.382 3.3 38.9021
      vertex 164.687 9.7 38.9754
      vertex 164.687 3.3 38.9754
    endloop
  endfacet
  facet normal 0.233674 0 -0.972315
    outer loop
      vertex 164.687 9.7 38.9754
      vertex 164.382 3.3 38.9021
      vertex 164.382 9.7 38.9021
    endloop
  endfacet
  facet normal -0.0783526 0 -0.996926
    outer loop
      vertex 165 3.3 39
      vertex 165.313 9.7 38.9754
      vertex 165.313 3.3 38.9754
    endloop
  endfacet
  facet normal -0.0783526 0 -0.996926
    outer loop
      vertex 165.313 9.7 38.9754
      vertex 165 3.3 39
      vertex 165 9.7 39
    endloop
  endfacet
  facet normal -0.760066 0 -0.649846
    outer loop
      vertex 166.618 3.3 38.1756
      vertex 166.414 9.7 38.4142
      vertex 166.618 9.7 38.1756
    endloop
  endfacet
  facet normal -0.760066 -0 -0.649846
    outer loop
      vertex 166.414 9.7 38.4142
      vertex 166.618 3.3 38.1756
      vertex 166.414 3.3 38.4142
    endloop
  endfacet
  facet normal 0 -1 0
    outer loop
      vertex 164.687 9.7 38.9754
      vertex 165.313 9.7 38.9754
      vertex 165 9.7 39
    endloop
  endfacet
  facet normal 0 -1 0
    outer loop
      vertex 164.382 9.7 38.9021
      vertex 165.313 9.7 38.9754
      vertex 164.687 9.7 38.9754
    endloop
  endfacet
  facet normal 0 -1 0
    outer loop
      vertex 164.382 9.7 38.9021
      vertex 165.618 9.7 38.9021
      vertex 165.313 9.7 38.9754
    endloop
  endfacet
  facet normal 0 -1 0
    outer loop
      vertex 164.092 9.7 38.782
      vertex 165.618 9.7 38.9021
      vertex 164.382 9.7 38.9021
    endloop
  endfacet
  facet normal 0 -1 0
    outer loop
      vertex 164.092 9.7 38.782
      vertex 165.908 9.7 38.782
      vertex 165.618 9.7 38.9021
    endloop
  endfacet
  facet normal 0 -1 0
    outer loop
      vertex 163.824 9.7 38.618
      vertex 165.908 9.7 38.782
      vertex 164.092 9.7 38.782
    endloop
  endfacet
  facet normal 0 -1 0
    outer loop
      vertex 163.824 9.7 38.618
      vertex 166.176 9.7 38.618
      vertex 165.908 9.7 38.782
    endloop
  endfacet
  facet normal 0 -1 0
    outer loop
      vertex 163.586 9.7 38.4142
      vertex 166.176 9.7 38.618
      vertex 163.824 9.7 38.618
    endloop
  endfacet
  facet normal 0 -1 0
    outer loop
      vertex 163.586 9.7 38.4142
      vertex 166.414 9.7 38.4142
      vertex 166.176 9.7 38.618
    endloop
  endfacet
  facet normal 0 -1 0
    outer loop
      vertex 163.382 9.7 38.1756
      vertex 166.414 9.7 38.4142
      vertex 163.586 9.7 38.4142
    endloop
  endfacet
  facet normal 0 -1 0
    outer loop
      vertex 163.382 9.7 38.1756
      vertex 166.618 9.7 38.1756
      vertex 166.414 9.7 38.4142
    endloop
  endfacet
  facet normal 0 -1 0
    outer loop
      vertex 163.218 9.7 37.908
      vertex 166.618 9.7 38.1756
      vertex 163.382 9.7 38.1756
    endloop
  endfacet
  facet normal 0 -1 0
    outer loop
      vertex 163.218 9.7 37.908
      vertex 166.782 9.7 37.908
      vertex 166.618 9.7 38.1756
    endloop
  endfacet
  facet normal 0 -1 0
    outer loop
      vertex 163.098 9.7 37.618
      vertex 166.782 9.7 37.908
      vertex 163.218 9.7 37.908
    endloop
  endfacet
  facet normal 0 -1 0
    outer loop
      vertex 163.098 9.7 37.618
      vertex 166.902 9.7 37.618
      vertex 166.782 9.7 37.908
    endloop
  endfacet
  facet normal 0 -1 0
    outer loop
      vertex 163.025 9.7 37.3129
      vertex 166.902 9.7 37.618
      vertex 163.098 9.7 37.618
    endloop
  endfacet
  facet normal 0 -1 0
    outer loop
      vertex 163.025 9.7 37.3129
      vertex 166.975 9.7 37.3129
      vertex 166.902 9.7 37.618
    endloop
  endfacet
  facet normal 0 -1 0
    outer loop
      vertex 163 9.7 37
      vertex 166.975 9.7 37.3129
      vertex 163.025 9.7 37.3129
    endloop
  endfacet
  facet normal 0 -1 0
    outer loop
      vertex 163 9.7 37
      vertex 167 9.7 37
      vertex 166.975 9.7 37.3129
    endloop
  endfacet
  facet normal 0 -1 0
    outer loop
      vertex 163.025 9.7 36.6871
      vertex 167 9.7 37
      vertex 163 9.7 37
    endloop
  endfacet
  facet normal 0 -1 0
    outer loop
      vertex 163.025 9.7 36.6871
      vertex 166.975 9.7 36.6871
      vertex 167 9.7 37
    endloop
  endfacet
  facet normal 0 -1 0
    outer loop
      vertex 163.098 9.7 36.382
      vertex 166.975 9.7 36.6871
      vertex 163.025 9.7 36.6871
    endloop
  endfacet
  facet normal 0 -1 0
    outer loop
      vertex 163.098 9.7 36.382
      vertex 166.902 9.7 36.382
      vertex 166.975 9.7 36.6871
    endloop
  endfacet
  facet normal 0 -1 0
    outer loop
      vertex 163.218 9.7 36.092
      vertex 166.902 9.7 36.382
      vertex 163.098 9.7 36.382
    endloop
  endfacet
  facet normal 0 -1 0
    outer loop
      vertex 163.218 9.7 36.092
      vertex 166.782 9.7 36.092
      vertex 166.902 9.7 36.382
    endloop
  endfacet
  facet normal 0 -1 0
    outer loop
      vertex 163.382 9.7 35.8244
      vertex 166.782 9.7 36.092
      vertex 163.218 9.7 36.092
    endloop
  endfacet
  facet normal 0 -1 0
    outer loop
      vertex 163.382 9.7 35.8244
      vertex 166.618 9.7 35.8244
      vertex 166.782 9.7 36.092
    endloop
  endfacet
  facet normal 0 -1 0
    outer loop
      vertex 163.586 9.7 35.5858
      vertex 166.618 9.7 35.8244
      vertex 163.382 9.7 35.8244
    endloop
  endfacet
  facet normal 0 -1 0
    outer loop
      vertex 163.586 9.7 35.5858
      vertex 166.414 9.7 35.5858
      vertex 166.618 9.7 35.8244
    endloop
  endfacet
  facet normal 0 -1 0
    outer loop
      vertex 163.824 9.7 35.382
      vertex 166.414 9.7 35.5858
      vertex 163.586 9.7 35.5858
    endloop
  endfacet
  facet normal 0 -1 0
    outer loop
      vertex 163.824 9.7 35.382
      vertex 166.176 9.7 35.382
      vertex 166.414 9.7 35.5858
    endloop
  endfacet
  facet normal 0 -1 0
    outer loop
      vertex 164.092 9.7 35.218
      vertex 166.176 9.7 35.382
      vertex 163.824 9.7 35.382
    endloop
  endfacet
  facet normal 0 -1 0
    outer loop
      vertex 164.092 9.7 35.218
      vertex 165.908 9.7 35.218
      vertex 166.176 9.7 35.382
    endloop
  endfacet
  facet normal 0 -1 0
    outer loop
      vertex 164.382 9.7 35.0979
      vertex 165.908 9.7 35.218
      vertex 164.092 9.7 35.218
    endloop
  endfacet
  facet normal 0 -1 0
    outer loop
      vertex 164.382 9.7 35.0979
      vertex 165.618 9.7 35.0979
      vertex 165.908 9.7 35.218
    endloop
  endfacet
  facet normal 0 -1 0
    outer loop
      vertex 164.687 9.7 35.0246
      vertex 165.618 9.7 35.0979
      vertex 164.382 9.7 35.0979
    endloop
  endfacet
  facet normal 0 -1 0
    outer loop
      vertex 164.687 9.7 35.0246
      vertex 165.313 9.7 35.0246
      vertex 165.618 9.7 35.0979
    endloop
  endfacet
  facet normal -0 -1 0
    outer loop
      vertex 165.313 9.7 35.0246
      vertex 164.687 9.7 35.0246
      vertex 165 9.7 35
    endloop
  endfacet
  facet normal -0.650423 0 -0.759572
    outer loop
      vertex 166.176 3.3 38.618
      vertex 166.414 9.7 38.4142
      vertex 166.414 3.3 38.4142
    endloop
  endfacet
  facet normal -0.650423 0 -0.759572
    outer loop
      vertex 166.414 9.7 38.4142
      vertex 166.176 3.3 38.618
      vertex 166.176 9.7 38.618
    endloop
  endfacet
  facet normal 0.650423 0 -0.759572
    outer loop
      vertex 163.586 3.3 38.4142
      vertex 163.824 9.7 38.618
      vertex 163.824 3.3 38.618
    endloop
  endfacet
  facet normal 0.650423 0 -0.759572
    outer loop
      vertex 163.824 9.7 38.618
      vertex 163.586 3.3 38.4142
      vertex 163.586 9.7 38.4142
    endloop
  endfacet
  facet normal -0.233674 0 0.972315
    outer loop
      vertex 165.313 9.7 35.0246
      vertex 165.618 3.3 35.0979
      vertex 165.618 9.7 35.0979
    endloop
  endfacet
  facet normal -0.233674 0 0.972315
    outer loop
      vertex 165.618 3.3 35.0979
      vertex 165.313 9.7 35.0246
      vertex 165.313 3.3 35.0246
    endloop
  endfacet
  facet normal -0.23318 -0.972433 0
    outer loop
      vertex 175.391 42.4692 0
      vertex 175.773 42.3776 5
      vertex 175.391 42.4692 5
    endloop
  endfacet
  facet normal -0.23318 -0.972433 -0
    outer loop
      vertex 175.773 42.3776 5
      vertex 175.391 42.4692 0
      vertex 175.773 42.3776 0
    endloop
  endfacet
  facet normal -0.972697 0.23208 0
    outer loop
      vertex 177.378 39.2275 0
      vertex 177.469 39.6089 5
      vertex 177.469 39.6089 0
    endloop
  endfacet
  facet normal -0.972697 0.23208 0
    outer loop
      vertex 177.469 39.6089 5
      vertex 177.378 39.2275 0
      vertex 177.378 39.2275 5
    endloop
  endfacet
  facet normal -0.996873 0.0790158 0
    outer loop
      vertex 177.469 39.6089 0
      vertex 177.5 40 5
      vertex 177.5 40 0
    endloop
  endfacet
  facet normal -0.996873 0.0790158 0
    outer loop
      vertex 177.5 40 5
      vertex 177.469 39.6089 0
      vertex 177.469 39.6089 5
    endloop
  endfacet
  facet normal -0.924017 0.382352 0
    outer loop
      vertex 177.228 38.865 0
      vertex 177.378 39.2275 5
      vertex 177.378 39.2275 0
    endloop
  endfacet
  facet normal -0.924017 0.382352 0
    outer loop
      vertex 177.378 39.2275 5
      vertex 177.228 38.865 0
      vertex 177.228 38.865 5
    endloop
  endfacet
  facet normal -0.0785291 -0.996912 0
    outer loop
      vertex 175 42.5 0
      vertex 175.391 42.4692 5
      vertex 175 42.5 5
    endloop
  endfacet
  facet normal -0.0785291 -0.996912 -0
    outer loop
      vertex 175.391 42.4692 5
      vertex 175 42.5 0
      vertex 175.391 42.4692 0
    endloop
  endfacet
  facet normal 0.760119 -0.649784 0
    outer loop
      vertex 172.977 41.4695 5
      vertex 173.232 41.7678 0
      vertex 173.232 41.7678 5
    endloop
  endfacet
  facet normal 0.760119 -0.649784 0
    outer loop
      vertex 173.232 41.7678 0
      vertex 172.977 41.4695 5
      vertex 172.977 41.4695 0
    endloop
  endfacet
  facet normal -0.648461 0.761248 0
    outer loop
      vertex 176.768 38.2322 0
      vertex 176.469 37.9775 5
      vertex 176.768 38.2322 5
    endloop
  endfacet
  facet normal -0.648461 0.761248 0
    outer loop
      vertex 176.469 37.9775 5
      vertex 176.768 38.2322 0
      vertex 176.469 37.9775 0
    endloop
  endfacet
  facet normal -0.760119 -0.649784 0
    outer loop
      vertex 177.023 41.4695 0
      vertex 176.768 41.7678 5
      vertex 176.768 41.7678 0
    endloop
  endfacet
  facet normal -0.760119 -0.649784 0
    outer loop
      vertex 176.768 41.7678 5
      vertex 177.023 41.4695 0
      vertex 177.023 41.4695 5
    endloop
  endfacet
  facet normal 0.38302 -0.92374 0
    outer loop
      vertex 173.865 42.2275 0
      vertex 174.227 42.3776 5
      vertex 173.865 42.2275 5
    endloop
  endfacet
  facet normal 0.38302 -0.92374 0
    outer loop
      vertex 174.227 42.3776 5
      vertex 173.865 42.2275 0
      vertex 174.227 42.3776 0
    endloop
  endfacet
  facet normal 0.5231 -0.852271 0
    outer loop
      vertex 173.531 42.0225 0
      vertex 173.865 42.2275 5
      vertex 173.531 42.0225 5
    endloop
  endfacet
  facet normal 0.5231 -0.852271 0
    outer loop
      vertex 173.865 42.2275 5
      vertex 173.531 42.0225 0
      vertex 173.865 42.2275 0
    endloop
  endfacet
  facet normal -0.38302 -0.92374 0
    outer loop
      vertex 175.773 42.3776 0
      vertex 176.135 42.2275 5
      vertex 175.773 42.3776 5
    endloop
  endfacet
  facet normal -0.38302 -0.92374 -0
    outer loop
      vertex 176.135 42.2275 5
      vertex 175.773 42.3776 0
      vertex 176.135 42.2275 0
    endloop
  endfacet
  facet normal -0.996873 -0.0790158 0
    outer loop
      vertex 177.5 40 0
      vertex 177.469 40.3911 5
      vertex 177.469 40.3911 0
    endloop
  endfacet
  facet normal -0.996873 -0.0790158 0
    outer loop
      vertex 177.469 40.3911 5
      vertex 177.5 40 0
      vertex 177.5 40 5
    endloop
  endfacet
  facet normal -0.760119 0.649784 0
    outer loop
      vertex 176.768 38.2322 0
      vertex 177.023 38.5305 5
      vertex 177.023 38.5305 0
    endloop
  endfacet
  facet normal -0.760119 0.649784 0
    outer loop
      vertex 177.023 38.5305 5
      vertex 176.768 38.2322 0
      vertex 176.768 38.2322 5
    endloop
  endfacet
  facet normal 0.85262 -0.522532 0
    outer loop
      vertex 172.772 41.135 5
      vertex 172.977 41.4695 0
      vertex 172.977 41.4695 5
    endloop
  endfacet
  facet normal 0.85262 -0.522532 0
    outer loop
      vertex 172.977 41.4695 0
      vertex 172.772 41.135 5
      vertex 172.772 41.135 0
    endloop
  endfacet
  facet normal 0.972697 -0.23208 0
    outer loop
      vertex 172.531 40.3911 5
      vertex 172.622 40.7725 0
      vertex 172.622 40.7725 5
    endloop
  endfacet
  facet normal 0.972697 -0.23208 0
    outer loop
      vertex 172.622 40.7725 0
      vertex 172.531 40.3911 5
      vertex 172.531 40.3911 0
    endloop
  endfacet
  facet normal -0.85262 -0.522532 0
    outer loop
      vertex 177.228 41.135 0
      vertex 177.023 41.4695 5
      vertex 177.023 41.4695 0
    endloop
  endfacet
  facet normal -0.85262 -0.522532 0
    outer loop
      vertex 177.023 41.4695 5
      vertex 177.228 41.135 0
      vertex 177.228 41.135 5
    endloop
  endfacet
  facet normal 0.972697 0.23208 0
    outer loop
      vertex 172.622 39.2275 5
      vertex 172.531 39.6089 0
      vertex 172.531 39.6089 5
    endloop
  endfacet
  facet normal 0.972697 0.23208 0
    outer loop
      vertex 172.531 39.6089 0
      vertex 172.622 39.2275 5
      vertex 172.622 39.2275 0
    endloop
  endfacet
  facet normal 0.924017 0.382352 0
    outer loop
      vertex 172.772 38.865 5
      vertex 172.622 39.2275 0
      vertex 172.622 39.2275 5
    endloop
  endfacet
  facet normal 0.924017 0.382352 0
    outer loop
      vertex 172.622 39.2275 0
      vertex 172.772 38.865 5
      vertex 172.772 38.865 0
    endloop
  endfacet
  facet normal -0.924017 -0.382352 0
    outer loop
      vertex 177.378 40.7725 0
      vertex 177.228 41.135 5
      vertex 177.228 41.135 0
    endloop
  endfacet
  facet normal -0.924017 -0.382352 0
    outer loop
      vertex 177.228 41.135 5
      vertex 177.378 40.7725 0
      vertex 177.378 40.7725 5
    endloop
  endfacet
  facet normal -0.38302 0.92374 0
    outer loop
      vertex 176.135 37.7725 0
      vertex 175.773 37.6224 5
      vertex 176.135 37.7725 5
    endloop
  endfacet
  facet normal -0.38302 0.92374 0
    outer loop
      vertex 175.773 37.6224 5
      vertex 176.135 37.7725 0
      vertex 175.773 37.6224 0
    endloop
  endfacet
  facet normal 0.924017 -0.382352 0
    outer loop
      vertex 172.622 40.7725 5
      vertex 172.772 41.135 0
      vertex 172.772 41.135 5
    endloop
  endfacet
  facet normal 0.924017 -0.382352 0
    outer loop
      vertex 172.772 41.135 0
      vertex 172.622 40.7725 5
      vertex 172.622 40.7725 0
    endloop
  endfacet
  facet normal -0.23318 0.972433 0
    outer loop
      vertex 175.773 37.6224 0
      vertex 175.391 37.5308 5
      vertex 175.773 37.6224 5
    endloop
  endfacet
  facet normal -0.23318 0.972433 0
    outer loop
      vertex 175.391 37.5308 5
      vertex 175.773 37.6224 0
      vertex 175.391 37.5308 0
    endloop
  endfacet
  facet normal 0.996873 0.0790158 0
    outer loop
      vertex 172.531 39.6089 5
      vertex 172.5 40 0
      vertex 172.5 40 5
    endloop
  endfacet
  facet normal 0.996873 0.0790158 0
    outer loop
      vertex 172.5 40 0
      vertex 172.531 39.6089 5
      vertex 172.531 39.6089 0
    endloop
  endfacet
  facet normal -0.85262 0.522532 0
    outer loop
      vertex 177.023 38.5305 0
      vertex 177.228 38.865 5
      vertex 177.228 38.865 0
    endloop
  endfacet
  facet normal -0.85262 0.522532 0
    outer loop
      vertex 177.228 38.865 5
      vertex 177.023 38.5305 0
      vertex 177.023 38.5305 5
    endloop
  endfacet
  facet normal -0.648461 -0.761248 0
    outer loop
      vertex 176.469 42.0225 0
      vertex 176.768 41.7678 5
      vertex 176.469 42.0225 5
    endloop
  endfacet
  facet normal -0.648461 -0.761248 -0
    outer loop
      vertex 176.768 41.7678 5
      vertex 176.469 42.0225 0
      vertex 176.768 41.7678 0
    endloop
  endfacet
  facet normal 0.760119 0.649784 0
    outer loop
      vertex 173.232 38.2322 5
      vertex 172.977 38.5305 0
      vertex 172.977 38.5305 5
    endloop
  endfacet
  facet normal 0.760119 0.649784 0
    outer loop
      vertex 172.977 38.5305 0
      vertex 173.232 38.2322 5
      vertex 173.232 38.2322 0
    endloop
  endfacet
  facet normal 0.648461 0.761248 -0
    outer loop
      vertex 173.531 37.9775 0
      vertex 173.232 38.2322 5
      vertex 173.531 37.9775 5
    endloop
  endfacet
  facet normal 0.648461 0.761248 0
    outer loop
      vertex 173.232 38.2322 5
      vertex 173.531 37.9775 0
      vertex 173.232 38.2322 0
    endloop
  endfacet
  facet normal -0.5231 0.852271 0
    outer loop
      vertex 176.469 37.9775 0
      vertex 176.135 37.7725 5
      vertex 176.469 37.9775 5
    endloop
  endfacet
  facet normal -0.5231 0.852271 0
    outer loop
      vertex 176.135 37.7725 5
      vertex 176.469 37.9775 0
      vertex 176.135 37.7725 0
    endloop
  endfacet
  facet normal -0.972697 -0.23208 0
    outer loop
      vertex 177.469 40.3911 0
      vertex 177.378 40.7725 5
      vertex 177.378 40.7725 0
    endloop
  endfacet
  facet normal -0.972697 -0.23208 0
    outer loop
      vertex 177.378 40.7725 5
      vertex 177.469 40.3911 0
      vertex 177.469 40.3911 5
    endloop
  endfacet
  facet normal 0.38302 0.92374 -0
    outer loop
      vertex 174.227 37.6224 0
      vertex 173.865 37.7725 5
      vertex 174.227 37.6224 5
    endloop
  endfacet
  facet normal 0.38302 0.92374 0
    outer loop
      vertex 173.865 37.7725 5
      vertex 174.227 37.6224 0
      vertex 173.865 37.7725 0
    endloop
  endfacet
  facet normal 0.23318 0.972433 -0
    outer loop
      vertex 174.609 37.5308 0
      vertex 174.227 37.6224 5
      vertex 174.609 37.5308 5
    endloop
  endfacet
  facet normal 0.23318 0.972433 0
    outer loop
      vertex 174.227 37.6224 5
      vertex 174.609 37.5308 0
      vertex 174.227 37.6224 0
    endloop
  endfacet
  facet normal 0.85262 0.522532 0
    outer loop
      vertex 172.977 38.5305 5
      vertex 172.772 38.865 0
      vertex 172.772 38.865 5
    endloop
  endfacet
  facet normal 0.85262 0.522532 0
    outer loop
      vertex 172.772 38.865 0
      vertex 172.977 38.5305 5
      vertex 172.977 38.5305 0
    endloop
  endfacet
  facet normal 0.0785291 -0.996912 0
    outer loop
      vertex 174.609 42.4692 0
      vertex 175 42.5 5
      vertex 174.609 42.4692 5
    endloop
  endfacet
  facet normal 0.0785291 -0.996912 0
    outer loop
      vertex 175 42.5 5
      vertex 174.609 42.4692 0
      vertex 175 42.5 0
    endloop
  endfacet
  facet normal 0.648461 -0.761248 0
    outer loop
      vertex 173.232 41.7678 0
      vertex 173.531 42.0225 5
      vertex 173.232 41.7678 5
    endloop
  endfacet
  facet normal 0.648461 -0.761248 0
    outer loop
      vertex 173.531 42.0225 5
      vertex 173.232 41.7678 0
      vertex 173.531 42.0225 0
    endloop
  endfacet
  facet normal -0.0785291 0.996912 0
    outer loop
      vertex 175.391 37.5308 0
      vertex 175 37.5 5
      vertex 175.391 37.5308 5
    endloop
  endfacet
  facet normal -0.0785291 0.996912 0
    outer loop
      vertex 175 37.5 5
      vertex 175.391 37.5308 0
      vertex 175 37.5 0
    endloop
  endfacet
  facet normal 0.0785291 0.996912 -0
    outer loop
      vertex 175 37.5 0
      vertex 174.609 37.5308 5
      vertex 175 37.5 5
    endloop
  endfacet
  facet normal 0.0785291 0.996912 0
    outer loop
      vertex 174.609 37.5308 5
      vertex 175 37.5 0
      vertex 174.609 37.5308 0
    endloop
  endfacet
  facet normal -0.5231 -0.852271 0
    outer loop
      vertex 176.135 42.2275 0
      vertex 176.469 42.0225 5
      vertex 176.135 42.2275 5
    endloop
  endfacet
  facet normal -0.5231 -0.852271 -0
    outer loop
      vertex 176.469 42.0225 5
      vertex 176.135 42.2275 0
      vertex 176.469 42.0225 0
    endloop
  endfacet
  facet normal 0.996873 -0.0790158 0
    outer loop
      vertex 172.5 40 5
      vertex 172.531 40.3911 0
      vertex 172.531 40.3911 5
    endloop
  endfacet
  facet normal 0.996873 -0.0790158 0
    outer loop
      vertex 172.531 40.3911 0
      vertex 172.5 40 5
      vertex 172.5 40 0
    endloop
  endfacet
  facet normal 0.23318 -0.972433 0
    outer loop
      vertex 174.227 42.3776 0
      vertex 174.609 42.4692 5
      vertex 174.227 42.3776 5
    endloop
  endfacet
  facet normal 0.23318 -0.972433 0
    outer loop
      vertex 174.609 42.4692 5
      vertex 174.227 42.3776 0
      vertex 174.609 42.4692 0
    endloop
  endfacet
  facet normal 0.5231 0.852271 -0
    outer loop
      vertex 173.865 37.7725 0
      vertex 173.531 37.9775 5
      vertex 173.865 37.7725 5
    endloop
  endfacet
  facet normal 0.5231 0.852271 0
    outer loop
      vertex 173.531 37.9775 5
      vertex 173.865 37.7725 0
      vertex 173.531 37.9775 0
    endloop
  endfacet
endsolid OpenSCAD_Model
