solid OpenSCAD_Model
  facet normal -0.923879 0.382686 0
    outer loop
      vertex -3.80423 1.23607 1.2
      vertex -3.56403 1.81596 4.7
      vertex -3.56403 1.81596 1.2
    endloop
  endfacet
  facet normal -0.923879 0.382686 0
    outer loop
      vertex -3.56403 1.81596 4.7
      vertex -3.80423 1.23607 1.2
      vertex -3.80423 1.23607 4.7
    endloop
  endfacet
  facet normal 0.972373 0.233433 0
    outer loop
      vertex 3.95075 0.625737 4.7
      vertex 3.80423 1.23607 1.2
      vertex 3.80423 1.23607 4.7
    endloop
  endfacet
  facet normal 0.972373 0.233433 0
    outer loop
      vertex 3.80423 1.23607 1.2
      vertex 3.95075 0.625737 4.7
      vertex 3.95075 0.625737 1.2
    endloop
  endfacet
  facet normal 0.996917 0.0784645 0
    outer loop
      vertex 4 0 4.7
      vertex 3.95075 0.625737 1.2
      vertex 3.95075 0.625737 4.7
    endloop
  endfacet
  facet normal 0.996917 0.0784645 0
    outer loop
      vertex 3.95075 0.625737 1.2
      vertex 4 0 4.7
      vertex 4 0 1.2
    endloop
  endfacet
  facet normal 0.5225 -0.852639 0
    outer loop
      vertex 1.81596 -3.56403 1.2
      vertex 2.35114 -3.23607 4.7
      vertex 1.81596 -3.56403 4.7
    endloop
  endfacet
  facet normal 0.5225 -0.852639 0
    outer loop
      vertex 2.35114 -3.23607 4.7
      vertex 1.81596 -3.56403 1.2
      vertex 2.35114 -3.23607 1.2
    endloop
  endfacet
  facet normal 0.0784645 -0.996917 0
    outer loop
      vertex 0 -4 1.2
      vertex 0.625737 -3.95075 4.7
      vertex 0 -4 4.7
    endloop
  endfacet
  facet normal 0.0784645 -0.996917 0
    outer loop
      vertex 0.625737 -3.95075 4.7
      vertex 0 -4 1.2
      vertex 0.625737 -3.95075 1.2
    endloop
  endfacet
  facet normal 0.382686 -0.923879 0
    outer loop
      vertex 1.23607 -3.80423 1.2
      vertex 1.81596 -3.56403 4.7
      vertex 1.23607 -3.80423 4.7
    endloop
  endfacet
  facet normal 0.382686 -0.923879 0
    outer loop
      vertex 1.81596 -3.56403 4.7
      vertex 1.23607 -3.80423 1.2
      vertex 1.81596 -3.56403 1.2
    endloop
  endfacet
  facet normal -0.382686 0.923879 0
    outer loop
      vertex -1.23607 3.80423 1.2
      vertex -1.81596 3.56403 4.7
      vertex -1.23607 3.80423 4.7
    endloop
  endfacet
  facet normal -0.382686 0.923879 0
    outer loop
      vertex -1.81596 3.56403 4.7
      vertex -1.23607 3.80423 1.2
      vertex -1.81596 3.56403 1.2
    endloop
  endfacet
  facet normal -0.5225 0.852639 0
    outer loop
      vertex -1.81596 3.56403 1.2
      vertex -2.35114 3.23607 4.7
      vertex -1.81596 3.56403 4.7
    endloop
  endfacet
  facet normal -0.5225 0.852639 0
    outer loop
      vertex -2.35114 3.23607 4.7
      vertex -1.81596 3.56403 1.2
      vertex -2.35114 3.23607 1.2
    endloop
  endfacet
  facet normal -0.0784645 -0.996917 0
    outer loop
      vertex -0.625737 -3.95075 1.2
      vertex 0 -4 4.7
      vertex -0.625737 -3.95075 4.7
    endloop
  endfacet
  facet normal -0.0784645 -0.996917 -0
    outer loop
      vertex 0 -4 4.7
      vertex -0.625737 -3.95075 1.2
      vertex 0 -4 1.2
    endloop
  endfacet
  facet normal -0.923879 -0.382686 0
    outer loop
      vertex -3.56403 -1.81596 1.2
      vertex -3.80423 -1.23607 4.7
      vertex -3.80423 -1.23607 1.2
    endloop
  endfacet
  facet normal -0.923879 -0.382686 0
    outer loop
      vertex -3.80423 -1.23607 4.7
      vertex -3.56403 -1.81596 1.2
      vertex -3.56403 -1.81596 4.7
    endloop
  endfacet
  facet normal -0.233433 0.972373 0
    outer loop
      vertex -0.625737 3.95075 1.2
      vertex -1.23607 3.80423 4.7
      vertex -0.625737 3.95075 4.7
    endloop
  endfacet
  facet normal -0.233433 0.972373 0
    outer loop
      vertex -1.23607 3.80423 4.7
      vertex -0.625737 3.95075 1.2
      vertex -1.23607 3.80423 1.2
    endloop
  endfacet
  facet normal -0.972373 0.233433 0
    outer loop
      vertex -3.95075 0.625737 1.2
      vertex -3.80423 1.23607 4.7
      vertex -3.80423 1.23607 1.2
    endloop
  endfacet
  facet normal -0.972373 0.233433 0
    outer loop
      vertex -3.80423 1.23607 4.7
      vertex -3.95075 0.625737 1.2
      vertex -3.95075 0.625737 4.7
    endloop
  endfacet
  facet normal -0.0784645 0.996917 0
    outer loop
      vertex 0 4 1.2
      vertex -0.625737 3.95075 4.7
      vertex 0 4 4.7
    endloop
  endfacet
  facet normal -0.0784645 0.996917 0
    outer loop
      vertex -0.625737 3.95075 4.7
      vertex 0 4 1.2
      vertex -0.625737 3.95075 1.2
    endloop
  endfacet
  facet normal 0.923879 -0.382686 0
    outer loop
      vertex 3.56403 -1.81596 4.7
      vertex 3.80423 -1.23607 1.2
      vertex 3.80423 -1.23607 4.7
    endloop
  endfacet
  facet normal 0.923879 -0.382686 0
    outer loop
      vertex 3.80423 -1.23607 1.2
      vertex 3.56403 -1.81596 4.7
      vertex 3.56403 -1.81596 1.2
    endloop
  endfacet
  facet normal -0.760409 -0.649444 0
    outer loop
      vertex -2.82843 -2.82843 1.2
      vertex -3.23607 -2.35114 4.7
      vertex -3.23607 -2.35114 1.2
    endloop
  endfacet
  facet normal -0.760409 -0.649444 0
    outer loop
      vertex -3.23607 -2.35114 4.7
      vertex -2.82843 -2.82843 1.2
      vertex -2.82843 -2.82843 4.7
    endloop
  endfacet
  facet normal -0.649444 0.760409 0
    outer loop
      vertex -2.35114 3.23607 1.2
      vertex -2.82843 2.82843 4.7
      vertex -2.35114 3.23607 4.7
    endloop
  endfacet
  facet normal -0.649444 0.760409 0
    outer loop
      vertex -2.82843 2.82843 4.7
      vertex -2.35114 3.23607 1.2
      vertex -2.82843 2.82843 1.2
    endloop
  endfacet
  facet normal -0.972373 -0.233433 0
    outer loop
      vertex -3.80423 -1.23607 1.2
      vertex -3.95075 -0.625737 4.7
      vertex -3.95075 -0.625737 1.2
    endloop
  endfacet
  facet normal -0.972373 -0.233433 0
    outer loop
      vertex -3.95075 -0.625737 4.7
      vertex -3.80423 -1.23607 1.2
      vertex -3.80423 -1.23607 4.7
    endloop
  endfacet
  facet normal -0.760409 0.649444 0
    outer loop
      vertex -3.23607 2.35114 1.2
      vertex -2.82843 2.82843 4.7
      vertex -2.82843 2.82843 1.2
    endloop
  endfacet
  facet normal -0.760409 0.649444 0
    outer loop
      vertex -2.82843 2.82843 4.7
      vertex -3.23607 2.35114 1.2
      vertex -3.23607 2.35114 4.7
    endloop
  endfacet
  facet normal 0.852639 -0.5225 0
    outer loop
      vertex 3.23607 -2.35114 4.7
      vertex 3.56403 -1.81596 1.2
      vertex 3.56403 -1.81596 4.7
    endloop
  endfacet
  facet normal 0.852639 -0.5225 0
    outer loop
      vertex 3.56403 -1.81596 1.2
      vertex 3.23607 -2.35114 4.7
      vertex 3.23607 -2.35114 1.2
    endloop
  endfacet
  facet normal 0.760409 0.649444 0
    outer loop
      vertex 3.23607 2.35114 4.7
      vertex 2.82843 2.82843 1.2
      vertex 2.82843 2.82843 4.7
    endloop
  endfacet
  facet normal 0.760409 0.649444 0
    outer loop
      vertex 2.82843 2.82843 1.2
      vertex 3.23607 2.35114 4.7
      vertex 3.23607 2.35114 1.2
    endloop
  endfacet
  facet normal 0.996917 -0.0784645 0
    outer loop
      vertex 3.95075 -0.625737 4.7
      vertex 4 0 1.2
      vertex 4 0 4.7
    endloop
  endfacet
  facet normal 0.996917 -0.0784645 0
    outer loop
      vertex 4 0 1.2
      vertex 3.95075 -0.625737 4.7
      vertex 3.95075 -0.625737 1.2
    endloop
  endfacet
  facet normal -0.5225 -0.852639 0
    outer loop
      vertex -2.35114 -3.23607 1.2
      vertex -1.81596 -3.56403 4.7
      vertex -2.35114 -3.23607 4.7
    endloop
  endfacet
  facet normal -0.5225 -0.852639 -0
    outer loop
      vertex -1.81596 -3.56403 4.7
      vertex -2.35114 -3.23607 1.2
      vertex -1.81596 -3.56403 1.2
    endloop
  endfacet
  facet normal 0 0 -1
    outer loop
      vertex 5.43229 -0.860389 0
      vertex 5.43229 0.860389 0
      vertex 5.5 0 0
    endloop
  endfacet
  facet normal 0 0 -1
    outer loop
      vertex 5.23081 -1.69959 0
      vertex 5.43229 0.860389 0
      vertex 5.43229 -0.860389 0
    endloop
  endfacet
  facet normal 0 0 -1
    outer loop
      vertex 5.23081 -1.69959 0
      vertex 5.23081 1.69959 0
      vertex 5.43229 0.860389 0
    endloop
  endfacet
  facet normal 0 0 -1
    outer loop
      vertex 4.90054 -2.49695 0
      vertex 5.23081 1.69959 0
      vertex 5.23081 -1.69959 0
    endloop
  endfacet
  facet normal 0 0 -1
    outer loop
      vertex 4.90054 -2.49695 0
      vertex 4.90054 2.49695 0
      vertex 5.23081 1.69959 0
    endloop
  endfacet
  facet normal 0 0 -1
    outer loop
      vertex 4.44959 -3.23282 0
      vertex 4.90054 2.49695 0
      vertex 4.90054 -2.49695 0
    endloop
  endfacet
  facet normal 0 0 -1
    outer loop
      vertex 4.44959 -3.23282 0
      vertex 4.44959 3.23282 0
      vertex 4.90054 2.49695 0
    endloop
  endfacet
  facet normal 0 0 -1
    outer loop
      vertex 3.88909 -3.88909 0
      vertex 4.44959 3.23282 0
      vertex 4.44959 -3.23282 0
    endloop
  endfacet
  facet normal 0 0 -1
    outer loop
      vertex 3.88909 -3.88909 0
      vertex 3.88909 3.88909 0
      vertex 4.44959 3.23282 0
    endloop
  endfacet
  facet normal 0 0 -1
    outer loop
      vertex 3.23282 -4.44959 0
      vertex 3.88909 3.88909 0
      vertex 3.88909 -3.88909 0
    endloop
  endfacet
  facet normal 0 0 -1
    outer loop
      vertex 3.23282 -4.44959 0
      vertex 3.23282 4.44959 0
      vertex 3.88909 3.88909 0
    endloop
  endfacet
  facet normal 0 0 -1
    outer loop
      vertex 2.49695 -4.90054 0
      vertex 3.23282 4.44959 0
      vertex 3.23282 -4.44959 0
    endloop
  endfacet
  facet normal 0 0 -1
    outer loop
      vertex 2.49695 -4.90054 0
      vertex 2.49695 4.90054 0
      vertex 3.23282 4.44959 0
    endloop
  endfacet
  facet normal 0 0 -1
    outer loop
      vertex 1.69959 -5.23081 0
      vertex 2.49695 4.90054 0
      vertex 2.49695 -4.90054 0
    endloop
  endfacet
  facet normal 0 0 -1
    outer loop
      vertex 1.69959 -5.23081 0
      vertex 1.69959 5.23081 0
      vertex 2.49695 4.90054 0
    endloop
  endfacet
  facet normal 0 0 -1
    outer loop
      vertex 0.860389 -5.43229 0
      vertex 1.69959 5.23081 0
      vertex 1.69959 -5.23081 0
    endloop
  endfacet
  facet normal 0 0 -1
    outer loop
      vertex 0.860389 -5.43229 0
      vertex 0.860389 5.43229 0
      vertex 1.69959 5.23081 0
    endloop
  endfacet
  facet normal 0 0 -1
    outer loop
      vertex 0 -5.5 0
      vertex 0.860389 5.43229 0
      vertex 0.860389 -5.43229 0
    endloop
  endfacet
  facet normal 0 0 -1
    outer loop
      vertex 0 -5.5 0
      vertex 0 5.5 0
      vertex 0.860389 5.43229 0
    endloop
  endfacet
  facet normal 0 0 -1
    outer loop
      vertex -0.860389 -5.43229 0
      vertex 0 5.5 0
      vertex 0 -5.5 0
    endloop
  endfacet
  facet normal 0 0 -1
    outer loop
      vertex -0.860389 -5.43229 0
      vertex -0.860389 5.43229 0
      vertex 0 5.5 0
    endloop
  endfacet
  facet normal 0 0 -1
    outer loop
      vertex -1.69959 -5.23081 0
      vertex -0.860389 5.43229 0
      vertex -0.860389 -5.43229 0
    endloop
  endfacet
  facet normal 0 0 -1
    outer loop
      vertex -1.69959 -5.23081 0
      vertex -1.69959 5.23081 0
      vertex -0.860389 5.43229 0
    endloop
  endfacet
  facet normal 0 0 -1
    outer loop
      vertex -2.49695 -4.90054 0
      vertex -1.69959 5.23081 0
      vertex -1.69959 -5.23081 0
    endloop
  endfacet
  facet normal 0 0 -1
    outer loop
      vertex -2.49695 -4.90054 0
      vertex -2.49695 4.90054 0
      vertex -1.69959 5.23081 0
    endloop
  endfacet
  facet normal 0 0 -1
    outer loop
      vertex -3.23282 -4.44959 0
      vertex -2.49695 4.90054 0
      vertex -2.49695 -4.90054 0
    endloop
  endfacet
  facet normal 0 0 -1
    outer loop
      vertex -3.23282 -4.44959 0
      vertex -3.23282 4.44959 0
      vertex -2.49695 4.90054 0
    endloop
  endfacet
  facet normal 0 0 -1
    outer loop
      vertex -3.88909 -3.88909 0
      vertex -3.23282 4.44959 0
      vertex -3.23282 -4.44959 0
    endloop
  endfacet
  facet normal 0 0 -1
    outer loop
      vertex -3.88909 -3.88909 0
      vertex -3.88909 3.88909 0
      vertex -3.23282 4.44959 0
    endloop
  endfacet
  facet normal 0 0 -1
    outer loop
      vertex -4.44959 -3.23282 0
      vertex -3.88909 3.88909 0
      vertex -3.88909 -3.88909 0
    endloop
  endfacet
  facet normal 0 0 -1
    outer loop
      vertex -4.44959 -3.23282 0
      vertex -4.44959 3.23282 0
      vertex -3.88909 3.88909 0
    endloop
  endfacet
  facet normal 0 0 -1
    outer loop
      vertex -4.90054 -2.49695 0
      vertex -4.44959 3.23282 0
      vertex -4.44959 -3.23282 0
    endloop
  endfacet
  facet normal 0 0 -1
    outer loop
      vertex -4.90054 -2.49695 0
      vertex -4.90054 2.49695 0
      vertex -4.44959 3.23282 0
    endloop
  endfacet
  facet normal 0 0 -1
    outer loop
      vertex -5.23081 -1.69959 0
      vertex -4.90054 2.49695 0
      vertex -4.90054 -2.49695 0
    endloop
  endfacet
  facet normal 0 0 -1
    outer loop
      vertex -5.23081 -1.69959 0
      vertex -5.23081 1.69959 0
      vertex -4.90054 2.49695 0
    endloop
  endfacet
  facet normal 0 0 -1
    outer loop
      vertex -5.43229 -0.860389 0
      vertex -5.23081 1.69959 0
      vertex -5.23081 -1.69959 0
    endloop
  endfacet
  facet normal 0 0 -1
    outer loop
      vertex -5.43229 -0.860389 0
      vertex -5.43229 0.860389 0
      vertex -5.23081 1.69959 0
    endloop
  endfacet
  facet normal 0 -0 -1
    outer loop
      vertex -5.43229 0.860389 0
      vertex -5.43229 -0.860389 0
      vertex -5.5 0 0
    endloop
  endfacet
  facet normal 0.923879 0.382686 0
    outer loop
      vertex 3.80423 1.23607 4.7
      vertex 3.56403 1.81596 1.2
      vertex 3.56403 1.81596 4.7
    endloop
  endfacet
  facet normal 0.923879 0.382686 0
    outer loop
      vertex 3.56403 1.81596 1.2
      vertex 3.80423 1.23607 4.7
      vertex 3.80423 1.23607 1.2
    endloop
  endfacet
  facet normal -0.649444 -0.760409 0
    outer loop
      vertex -2.82843 -2.82843 1.2
      vertex -2.35114 -3.23607 4.7
      vertex -2.82843 -2.82843 4.7
    endloop
  endfacet
  facet normal -0.649444 -0.760409 -0
    outer loop
      vertex -2.35114 -3.23607 4.7
      vertex -2.82843 -2.82843 1.2
      vertex -2.35114 -3.23607 1.2
    endloop
  endfacet
  facet normal 0.382686 0.923879 -0
    outer loop
      vertex 1.81596 3.56403 1.2
      vertex 1.23607 3.80423 4.7
      vertex 1.81596 3.56403 4.7
    endloop
  endfacet
  facet normal 0.382686 0.923879 0
    outer loop
      vertex 1.23607 3.80423 4.7
      vertex 1.81596 3.56403 1.2
      vertex 1.23607 3.80423 1.2
    endloop
  endfacet
  facet normal 0.5225 0.852639 -0
    outer loop
      vertex 2.35114 3.23607 1.2
      vertex 1.81596 3.56403 4.7
      vertex 2.35114 3.23607 4.7
    endloop
  endfacet
  facet normal 0.5225 0.852639 0
    outer loop
      vertex 1.81596 3.56403 4.7
      vertex 2.35114 3.23607 1.2
      vertex 1.81596 3.56403 1.2
    endloop
  endfacet
  facet normal 0.649444 0.760409 -0
    outer loop
      vertex 2.82843 2.82843 1.2
      vertex 2.35114 3.23607 4.7
      vertex 2.82843 2.82843 4.7
    endloop
  endfacet
  facet normal 0.649444 0.760409 0
    outer loop
      vertex 2.35114 3.23607 4.7
      vertex 2.82843 2.82843 1.2
      vertex 2.35114 3.23607 1.2
    endloop
  endfacet
  facet normal 0.972373 -0.233433 0
    outer loop
      vertex 3.80423 -1.23607 4.7
      vertex 3.95075 -0.625737 1.2
      vertex 3.95075 -0.625737 4.7
    endloop
  endfacet
  facet normal 0.972373 -0.233433 0
    outer loop
      vertex 3.95075 -0.625737 1.2
      vertex 3.80423 -1.23607 4.7
      vertex 3.80423 -1.23607 1.2
    endloop
  endfacet
  facet normal 0.233433 0.972373 -0
    outer loop
      vertex 1.23607 3.80423 1.2
      vertex 0.625737 3.95075 4.7
      vertex 1.23607 3.80423 4.7
    endloop
  endfacet
  facet normal 0.233433 0.972373 0
    outer loop
      vertex 0.625737 3.95075 4.7
      vertex 1.23607 3.80423 1.2
      vertex 0.625737 3.95075 1.2
    endloop
  endfacet
  facet normal 0.852639 0.5225 0
    outer loop
      vertex 3.56403 1.81596 4.7
      vertex 3.23607 2.35114 1.2
      vertex 3.23607 2.35114 4.7
    endloop
  endfacet
  facet normal 0.852639 0.5225 0
    outer loop
      vertex 3.23607 2.35114 1.2
      vertex 3.56403 1.81596 4.7
      vertex 3.56403 1.81596 1.2
    endloop
  endfacet
  facet normal -0.852639 -0.5225 0
    outer loop
      vertex -3.23607 -2.35114 1.2
      vertex -3.56403 -1.81596 4.7
      vertex -3.56403 -1.81596 1.2
    endloop
  endfacet
  facet normal -0.852639 -0.5225 0
    outer loop
      vertex -3.56403 -1.81596 4.7
      vertex -3.23607 -2.35114 1.2
      vertex -3.23607 -2.35114 4.7
    endloop
  endfacet
  facet normal 0.233433 -0.972373 0
    outer loop
      vertex 0.625737 -3.95075 1.2
      vertex 1.23607 -3.80423 4.7
      vertex 0.625737 -3.95075 4.7
    endloop
  endfacet
  facet normal 0.233433 -0.972373 0
    outer loop
      vertex 1.23607 -3.80423 4.7
      vertex 0.625737 -3.95075 1.2
      vertex 1.23607 -3.80423 1.2
    endloop
  endfacet
  facet normal -0.996917 -0.0784645 0
    outer loop
      vertex -3.95075 -0.625737 1.2
      vertex -4 0 4.7
      vertex -4 0 1.2
    endloop
  endfacet
  facet normal -0.996917 -0.0784645 0
    outer loop
      vertex -4 0 4.7
      vertex -3.95075 -0.625737 1.2
      vertex -3.95075 -0.625737 4.7
    endloop
  endfacet
  facet normal -0.233433 -0.972373 0
    outer loop
      vertex -1.23607 -3.80423 1.2
      vertex -0.625737 -3.95075 4.7
      vertex -1.23607 -3.80423 4.7
    endloop
  endfacet
  facet normal -0.233433 -0.972373 -0
    outer loop
      vertex -0.625737 -3.95075 4.7
      vertex -1.23607 -3.80423 1.2
      vertex -0.625737 -3.95075 1.2
    endloop
  endfacet
  facet normal 0.0784645 0.996917 -0
    outer loop
      vertex 0.625737 3.95075 1.2
      vertex 0 4 4.7
      vertex 0.625737 3.95075 4.7
    endloop
  endfacet
  facet normal 0.0784645 0.996917 0
    outer loop
      vertex 0 4 4.7
      vertex 0.625737 3.95075 1.2
      vertex 0 4 1.2
    endloop
  endfacet
  facet normal -0.996917 0.0784645 0
    outer loop
      vertex -4 0 1.2
      vertex -3.95075 0.625737 4.7
      vertex -3.95075 0.625737 1.2
    endloop
  endfacet
  facet normal -0.996917 0.0784645 0
    outer loop
      vertex -3.95075 0.625737 4.7
      vertex -4 0 1.2
      vertex -4 0 4.7
    endloop
  endfacet
  facet normal 0.760409 -0.649444 0
    outer loop
      vertex 2.82843 -2.82843 4.7
      vertex 3.23607 -2.35114 1.2
      vertex 3.23607 -2.35114 4.7
    endloop
  endfacet
  facet normal 0.760409 -0.649444 0
    outer loop
      vertex 3.23607 -2.35114 1.2
      vertex 2.82843 -2.82843 4.7
      vertex 2.82843 -2.82843 1.2
    endloop
  endfacet
  facet normal -0.382686 -0.923879 0
    outer loop
      vertex -1.81596 -3.56403 1.2
      vertex -1.23607 -3.80423 4.7
      vertex -1.81596 -3.56403 4.7
    endloop
  endfacet
  facet normal -0.382686 -0.923879 -0
    outer loop
      vertex -1.23607 -3.80423 4.7
      vertex -1.81596 -3.56403 1.2
      vertex -1.23607 -3.80423 1.2
    endloop
  endfacet
  facet normal -0 0 1
    outer loop
      vertex 2.5 0.5 4.7
      vertex 4 0 4.7
      vertex 3.95075 0.625737 4.7
    endloop
  endfacet
  facet normal 0 0 1
    outer loop
      vertex 2.5 0.5 4.7
      vertex 3.95075 0.625737 4.7
      vertex 3.80423 1.23607 4.7
    endloop
  endfacet
  facet normal 0 0 1
    outer loop
      vertex 2.5 -0.5 4.7
      vertex 4 0 4.7
      vertex 2.5 0.5 4.7
    endloop
  endfacet
  facet normal 0 0 1
    outer loop
      vertex 2.5 0.5 4.7
      vertex 3.80423 1.23607 4.7
      vertex 3.56403 1.81596 4.7
    endloop
  endfacet
  facet normal 0 0 1
    outer loop
      vertex 4 0 4.7
      vertex 2.5 -0.5 4.7
      vertex 3.95075 -0.625737 4.7
    endloop
  endfacet
  facet normal 0 0 1
    outer loop
      vertex 2.5 0.5 4.7
      vertex 3.56403 1.81596 4.7
      vertex 3.23607 2.35114 4.7
    endloop
  endfacet
  facet normal 0 0 1
    outer loop
      vertex 3.95075 -0.625737 4.7
      vertex 2.5 -0.5 4.7
      vertex 3.80423 -1.23607 4.7
    endloop
  endfacet
  facet normal 0 0 1
    outer loop
      vertex 2.5 0.5 4.7
      vertex 3.23607 2.35114 4.7
      vertex 2.82843 2.82843 4.7
    endloop
  endfacet
  facet normal 0 0 1
    outer loop
      vertex 3.80423 -1.23607 4.7
      vertex 2.5 -0.5 4.7
      vertex 3.56403 -1.81596 4.7
    endloop
  endfacet
  facet normal 0 0 1
    outer loop
      vertex 3.56403 -1.81596 4.7
      vertex 2.5 -0.5 4.7
      vertex 3.23607 -2.35114 4.7
    endloop
  endfacet
  facet normal 0 0 1
    outer loop
      vertex 2.35114 3.23607 4.7
      vertex 2.5 0.5 4.7
      vertex 2.82843 2.82843 4.7
    endloop
  endfacet
  facet normal 0 0 1
    outer loop
      vertex 1.81596 3.56403 4.7
      vertex 2.5 0.5 4.7
      vertex 2.35114 3.23607 4.7
    endloop
  endfacet
  facet normal 0 0 1
    outer loop
      vertex 1.23607 3.80423 4.7
      vertex 2.5 0.5 4.7
      vertex 1.81596 3.56403 4.7
    endloop
  endfacet
  facet normal 0 0 1
    outer loop
      vertex 0.625737 3.95075 4.7
      vertex 2.5 0.5 4.7
      vertex 1.23607 3.80423 4.7
    endloop
  endfacet
  facet normal 0 0 1
    outer loop
      vertex 0 4 4.7
      vertex 2.5 0.5 4.7
      vertex 0.625737 3.95075 4.7
    endloop
  endfacet
  facet normal 0 0 1
    outer loop
      vertex -2.5 0.5 4.7
      vertex 0 4 4.7
      vertex -0.625737 3.95075 4.7
    endloop
  endfacet
  facet normal 0 0 1
    outer loop
      vertex -2.5 0.5 4.7
      vertex -0.625737 3.95075 4.7
      vertex -1.23607 3.80423 4.7
    endloop
  endfacet
  facet normal 0 0 1
    outer loop
      vertex -2.5 0.5 4.7
      vertex -1.23607 3.80423 4.7
      vertex -1.81596 3.56403 4.7
    endloop
  endfacet
  facet normal 0 0 1
    outer loop
      vertex -2.5 0.5 4.7
      vertex -1.81596 3.56403 4.7
      vertex -2.35114 3.23607 4.7
    endloop
  endfacet
  facet normal 0 0 1
    outer loop
      vertex 0 4 4.7
      vertex -2.5 0.5 4.7
      vertex 2.5 0.5 4.7
    endloop
  endfacet
  facet normal -0 0 1
    outer loop
      vertex -3.23607 2.35114 4.7
      vertex -2.5 0.5 4.7
      vertex -2.82843 2.82843 4.7
    endloop
  endfacet
  facet normal -0 0 1
    outer loop
      vertex -2.82843 2.82843 4.7
      vertex -2.5 0.5 4.7
      vertex -2.35114 3.23607 4.7
    endloop
  endfacet
  facet normal 0 0 1
    outer loop
      vertex 3.23607 -2.35114 4.7
      vertex 2.5 -0.5 4.7
      vertex 2.82843 -2.82843 4.7
    endloop
  endfacet
  facet normal 0 0 1
    outer loop
      vertex 2.5 -0.5 4.7
      vertex 2.35114 -3.23607 4.7
      vertex 2.82843 -2.82843 4.7
    endloop
  endfacet
  facet normal 0 0 1
    outer loop
      vertex 2.5 -0.5 4.7
      vertex 1.81596 -3.56403 4.7
      vertex 2.35114 -3.23607 4.7
    endloop
  endfacet
  facet normal 0 0 1
    outer loop
      vertex 2.5 -0.5 4.7
      vertex 1.23607 -3.80423 4.7
      vertex 1.81596 -3.56403 4.7
    endloop
  endfacet
  facet normal 0 0 1
    outer loop
      vertex 2.5 -0.5 4.7
      vertex 0.625737 -3.95075 4.7
      vertex 1.23607 -3.80423 4.7
    endloop
  endfacet
  facet normal 0 0 1
    outer loop
      vertex 2.5 -0.5 4.7
      vertex 0 -4 4.7
      vertex 0.625737 -3.95075 4.7
    endloop
  endfacet
  facet normal -0 0 1
    outer loop
      vertex -2.5 -0.5 4.7
      vertex 0 -4 4.7
      vertex 2.5 -0.5 4.7
    endloop
  endfacet
  facet normal 0 0 1
    outer loop
      vertex 0 -4 4.7
      vertex -2.5 -0.5 4.7
      vertex -0.625737 -3.95075 4.7
    endloop
  endfacet
  facet normal 0 0 1
    outer loop
      vertex -0.625737 -3.95075 4.7
      vertex -2.5 -0.5 4.7
      vertex -1.23607 -3.80423 4.7
    endloop
  endfacet
  facet normal 0 0 1
    outer loop
      vertex -1.23607 -3.80423 4.7
      vertex -2.5 -0.5 4.7
      vertex -1.81596 -3.56403 4.7
    endloop
  endfacet
  facet normal 0 0 1
    outer loop
      vertex -1.81596 -3.56403 4.7
      vertex -2.5 -0.5 4.7
      vertex -2.35114 -3.23607 4.7
    endloop
  endfacet
  facet normal -0 0 1
    outer loop
      vertex -3.56403 1.81596 4.7
      vertex -2.5 0.5 4.7
      vertex -3.23607 2.35114 4.7
    endloop
  endfacet
  facet normal 0 0 1
    outer loop
      vertex -2.5 -0.5 4.7
      vertex -2.82843 -2.82843 4.7
      vertex -2.35114 -3.23607 4.7
    endloop
  endfacet
  facet normal -0 0 1
    outer loop
      vertex -3.80423 1.23607 4.7
      vertex -2.5 0.5 4.7
      vertex -3.56403 1.81596 4.7
    endloop
  endfacet
  facet normal 0 0 1
    outer loop
      vertex -2.5 -0.5 4.7
      vertex -3.23607 -2.35114 4.7
      vertex -2.82843 -2.82843 4.7
    endloop
  endfacet
  facet normal -0 0 1
    outer loop
      vertex -3.95075 0.625737 4.7
      vertex -2.5 0.5 4.7
      vertex -3.80423 1.23607 4.7
    endloop
  endfacet
  facet normal 0 0 1
    outer loop
      vertex -2.5 -0.5 4.7
      vertex -3.56403 -1.81596 4.7
      vertex -3.23607 -2.35114 4.7
    endloop
  endfacet
  facet normal 0 0 1
    outer loop
      vertex -4 0 4.7
      vertex -2.5 0.5 4.7
      vertex -3.95075 0.625737 4.7
    endloop
  endfacet
  facet normal 0 0 1
    outer loop
      vertex -2.5 -0.5 4.7
      vertex -3.80423 -1.23607 4.7
      vertex -3.56403 -1.81596 4.7
    endloop
  endfacet
  facet normal 0 0 1
    outer loop
      vertex -2.5 0.5 4.7
      vertex -4 0 4.7
      vertex -2.5 -0.5 4.7
    endloop
  endfacet
  facet normal 0 0 1
    outer loop
      vertex -2.5 -0.5 4.7
      vertex -3.95075 -0.625737 4.7
      vertex -3.80423 -1.23607 4.7
    endloop
  endfacet
  facet normal 0 0 1
    outer loop
      vertex -2.5 -0.5 4.7
      vertex -4 0 4.7
      vertex -3.95075 -0.625737 4.7
    endloop
  endfacet
  facet normal -0.852639 0.5225 0
    outer loop
      vertex -3.56403 1.81596 1.2
      vertex -3.23607 2.35114 4.7
      vertex -3.23607 2.35114 1.2
    endloop
  endfacet
  facet normal -0.852639 0.5225 0
    outer loop
      vertex -3.23607 2.35114 4.7
      vertex -3.56403 1.81596 1.2
      vertex -3.56403 1.81596 4.7
    endloop
  endfacet
  facet normal 0.649444 -0.760409 0
    outer loop
      vertex 2.35114 -3.23607 1.2
      vertex 2.82843 -2.82843 4.7
      vertex 2.35114 -3.23607 4.7
    endloop
  endfacet
  facet normal 0.649444 -0.760409 0
    outer loop
      vertex 2.82843 -2.82843 4.7
      vertex 2.35114 -3.23607 1.2
      vertex 2.82843 -2.82843 1.2
    endloop
  endfacet
  facet normal -0.972368 -0.233452 0
    outer loop
      vertex -5.23081 -1.69959 0
      vertex -5.43229 -0.860389 1.2
      vertex -5.43229 -0.860389 0
    endloop
  endfacet
  facet normal -0.972368 -0.233452 0
    outer loop
      vertex -5.43229 -0.860389 1.2
      vertex -5.23081 -1.69959 0
      vertex -5.23081 -1.69959 1.2
    endloop
  endfacet
  facet normal 0.972368 0.233452 0
    outer loop
      vertex 5.43229 0.860389 1.2
      vertex 5.23081 1.69959 0
      vertex 5.23081 1.69959 1.2
    endloop
  endfacet
  facet normal 0.972368 0.233452 0
    outer loop
      vertex 5.23081 1.69959 0
      vertex 5.43229 0.860389 1.2
      vertex 5.43229 0.860389 0
    endloop
  endfacet
  facet normal 0.996918 0.0784544 0
    outer loop
      vertex 5.5 0 1.2
      vertex 5.43229 0.860389 0
      vertex 5.43229 0.860389 1.2
    endloop
  endfacet
  facet normal 0.996918 0.0784544 0
    outer loop
      vertex 5.43229 0.860389 0
      vertex 5.5 0 1.2
      vertex 5.5 0 0
    endloop
  endfacet
  facet normal 0.923883 0.382676 0
    outer loop
      vertex 5.23081 1.69959 1.2
      vertex 4.90054 2.49695 0
      vertex 4.90054 2.49695 1.2
    endloop
  endfacet
  facet normal 0.923883 0.382676 0
    outer loop
      vertex 4.90054 2.49695 0
      vertex 5.23081 1.69959 1.2
      vertex 5.23081 1.69959 0
    endloop
  endfacet
  facet normal 0.382676 -0.923883 0
    outer loop
      vertex 1.69959 -5.23081 0
      vertex 2.49695 -4.90054 1.2
      vertex 1.69959 -5.23081 1.2
    endloop
  endfacet
  facet normal 0.382676 -0.923883 0
    outer loop
      vertex 2.49695 -4.90054 1.2
      vertex 1.69959 -5.23081 0
      vertex 2.49695 -4.90054 0
    endloop
  endfacet
  facet normal 0.852636 -0.522506 0
    outer loop
      vertex 4.44959 -3.23282 1.2
      vertex 4.90054 -2.49695 0
      vertex 4.90054 -2.49695 1.2
    endloop
  endfacet
  facet normal 0.852636 -0.522506 0
    outer loop
      vertex 4.90054 -2.49695 0
      vertex 4.44959 -3.23282 1.2
      vertex 4.44959 -3.23282 0
    endloop
  endfacet
  facet normal -0.649443 0.76041 0
    outer loop
      vertex -3.23282 4.44959 0
      vertex -3.88909 3.88909 1.2
      vertex -3.23282 4.44959 1.2
    endloop
  endfacet
  facet normal -0.649443 0.76041 0
    outer loop
      vertex -3.88909 3.88909 1.2
      vertex -3.23282 4.44959 0
      vertex -3.88909 3.88909 0
    endloop
  endfacet
  facet normal -0.382676 0.923883 0
    outer loop
      vertex -1.69959 5.23081 0
      vertex -2.49695 4.90054 1.2
      vertex -1.69959 5.23081 1.2
    endloop
  endfacet
  facet normal -0.382676 0.923883 0
    outer loop
      vertex -2.49695 4.90054 1.2
      vertex -1.69959 5.23081 0
      vertex -2.49695 4.90054 0
    endloop
  endfacet
  facet normal 0.76041 -0.649443 0
    outer loop
      vertex 3.88909 -3.88909 1.2
      vertex 4.44959 -3.23282 0
      vertex 4.44959 -3.23282 1.2
    endloop
  endfacet
  facet normal 0.76041 -0.649443 0
    outer loop
      vertex 4.44959 -3.23282 0
      vertex 3.88909 -3.88909 1.2
      vertex 3.88909 -3.88909 0
    endloop
  endfacet
  facet normal 0.996918 -0.0784544 0
    outer loop
      vertex 5.43229 -0.860389 1.2
      vertex 5.5 0 0
      vertex 5.5 0 1.2
    endloop
  endfacet
  facet normal 0.996918 -0.0784544 0
    outer loop
      vertex 5.5 0 0
      vertex 5.43229 -0.860389 1.2
      vertex 5.43229 -0.860389 0
    endloop
  endfacet
  facet normal 0.923883 -0.382676 0
    outer loop
      vertex 4.90054 -2.49695 1.2
      vertex 5.23081 -1.69959 0
      vertex 5.23081 -1.69959 1.2
    endloop
  endfacet
  facet normal 0.923883 -0.382676 0
    outer loop
      vertex 5.23081 -1.69959 0
      vertex 4.90054 -2.49695 1.2
      vertex 4.90054 -2.49695 0
    endloop
  endfacet
  facet normal -0.923883 -0.382676 0
    outer loop
      vertex -4.90054 -2.49695 0
      vertex -5.23081 -1.69959 1.2
      vertex -5.23081 -1.69959 0
    endloop
  endfacet
  facet normal -0.923883 -0.382676 0
    outer loop
      vertex -5.23081 -1.69959 1.2
      vertex -4.90054 -2.49695 0
      vertex -4.90054 -2.49695 1.2
    endloop
  endfacet
  facet normal -0.996918 0.0784544 0
    outer loop
      vertex -5.5 0 0
      vertex -5.43229 0.860389 1.2
      vertex -5.43229 0.860389 0
    endloop
  endfacet
  facet normal -0.996918 0.0784544 0
    outer loop
      vertex -5.43229 0.860389 1.2
      vertex -5.5 0 0
      vertex -5.5 0 1.2
    endloop
  endfacet
  facet normal -0.972368 0.233452 0
    outer loop
      vertex -5.43229 0.860389 0
      vertex -5.23081 1.69959 1.2
      vertex -5.23081 1.69959 0
    endloop
  endfacet
  facet normal -0.972368 0.233452 0
    outer loop
      vertex -5.23081 1.69959 1.2
      vertex -5.43229 0.860389 0
      vertex -5.43229 0.860389 1.2
    endloop
  endfacet
  facet normal 0.233452 0.972368 -0
    outer loop
      vertex 1.69959 5.23081 0
      vertex 0.860389 5.43229 1.2
      vertex 1.69959 5.23081 1.2
    endloop
  endfacet
  facet normal 0.233452 0.972368 0
    outer loop
      vertex 0.860389 5.43229 1.2
      vertex 1.69959 5.23081 0
      vertex 0.860389 5.43229 0
    endloop
  endfacet
  facet normal -0.0784544 0.996918 0
    outer loop
      vertex 0 5.5 0
      vertex -0.860389 5.43229 1.2
      vertex 0 5.5 1.2
    endloop
  endfacet
  facet normal -0.0784544 0.996918 0
    outer loop
      vertex -0.860389 5.43229 1.2
      vertex 0 5.5 0
      vertex -0.860389 5.43229 0
    endloop
  endfacet
  facet normal -0.76041 -0.649443 0
    outer loop
      vertex -3.88909 -3.88909 0
      vertex -4.44959 -3.23282 1.2
      vertex -4.44959 -3.23282 0
    endloop
  endfacet
  facet normal -0.76041 -0.649443 0
    outer loop
      vertex -4.44959 -3.23282 1.2
      vertex -3.88909 -3.88909 0
      vertex -3.88909 -3.88909 1.2
    endloop
  endfacet
  facet normal -0.233452 -0.972368 0
    outer loop
      vertex -1.69959 -5.23081 0
      vertex -0.860389 -5.43229 1.2
      vertex -1.69959 -5.23081 1.2
    endloop
  endfacet
  facet normal -0.233452 -0.972368 -0
    outer loop
      vertex -0.860389 -5.43229 1.2
      vertex -1.69959 -5.23081 0
      vertex -0.860389 -5.43229 0
    endloop
  endfacet
  facet normal -0.649443 -0.76041 0
    outer loop
      vertex -3.88909 -3.88909 0
      vertex -3.23282 -4.44959 1.2
      vertex -3.88909 -3.88909 1.2
    endloop
  endfacet
  facet normal -0.649443 -0.76041 -0
    outer loop
      vertex -3.23282 -4.44959 1.2
      vertex -3.88909 -3.88909 0
      vertex -3.23282 -4.44959 0
    endloop
  endfacet
  facet normal 0.852636 0.522506 0
    outer loop
      vertex 4.90054 2.49695 1.2
      vertex 4.44959 3.23282 0
      vertex 4.44959 3.23282 1.2
    endloop
  endfacet
  facet normal 0.852636 0.522506 0
    outer loop
      vertex 4.44959 3.23282 0
      vertex 4.90054 2.49695 1.2
      vertex 4.90054 2.49695 0
    endloop
  endfacet
  facet normal -0.923883 0.382676 0
    outer loop
      vertex -5.23081 1.69959 0
      vertex -4.90054 2.49695 1.2
      vertex -4.90054 2.49695 0
    endloop
  endfacet
  facet normal -0.923883 0.382676 0
    outer loop
      vertex -4.90054 2.49695 1.2
      vertex -5.23081 1.69959 0
      vertex -5.23081 1.69959 1.2
    endloop
  endfacet
  facet normal -0.522506 0.852636 0
    outer loop
      vertex -2.49695 4.90054 0
      vertex -3.23282 4.44959 1.2
      vertex -2.49695 4.90054 1.2
    endloop
  endfacet
  facet normal -0.522506 0.852636 0
    outer loop
      vertex -3.23282 4.44959 1.2
      vertex -2.49695 4.90054 0
      vertex -3.23282 4.44959 0
    endloop
  endfacet
  facet normal -0.0784544 -0.996918 0
    outer loop
      vertex -0.860389 -5.43229 0
      vertex 0 -5.5 1.2
      vertex -0.860389 -5.43229 1.2
    endloop
  endfacet
  facet normal -0.0784544 -0.996918 -0
    outer loop
      vertex 0 -5.5 1.2
      vertex -0.860389 -5.43229 0
      vertex 0 -5.5 0
    endloop
  endfacet
  facet normal 0.522506 0.852636 -0
    outer loop
      vertex 3.23282 4.44959 0
      vertex 2.49695 4.90054 1.2
      vertex 3.23282 4.44959 1.2
    endloop
  endfacet
  facet normal 0.522506 0.852636 0
    outer loop
      vertex 2.49695 4.90054 1.2
      vertex 3.23282 4.44959 0
      vertex 2.49695 4.90054 0
    endloop
  endfacet
  facet normal 0.522506 -0.852636 0
    outer loop
      vertex 2.49695 -4.90054 0
      vertex 3.23282 -4.44959 1.2
      vertex 2.49695 -4.90054 1.2
    endloop
  endfacet
  facet normal 0.522506 -0.852636 0
    outer loop
      vertex 3.23282 -4.44959 1.2
      vertex 2.49695 -4.90054 0
      vertex 3.23282 -4.44959 0
    endloop
  endfacet
  facet normal -0.76041 0.649443 0
    outer loop
      vertex -4.44959 3.23282 0
      vertex -3.88909 3.88909 1.2
      vertex -3.88909 3.88909 0
    endloop
  endfacet
  facet normal -0.76041 0.649443 0
    outer loop
      vertex -3.88909 3.88909 1.2
      vertex -4.44959 3.23282 0
      vertex -4.44959 3.23282 1.2
    endloop
  endfacet
  facet normal -0.233452 0.972368 0
    outer loop
      vertex -0.860389 5.43229 0
      vertex -1.69959 5.23081 1.2
      vertex -0.860389 5.43229 1.2
    endloop
  endfacet
  facet normal -0.233452 0.972368 0
    outer loop
      vertex -1.69959 5.23081 1.2
      vertex -0.860389 5.43229 0
      vertex -1.69959 5.23081 0
    endloop
  endfacet
  facet normal -0.522506 -0.852636 0
    outer loop
      vertex -3.23282 -4.44959 0
      vertex -2.49695 -4.90054 1.2
      vertex -3.23282 -4.44959 1.2
    endloop
  endfacet
  facet normal -0.522506 -0.852636 -0
    outer loop
      vertex -2.49695 -4.90054 1.2
      vertex -3.23282 -4.44959 0
      vertex -2.49695 -4.90054 0
    endloop
  endfacet
  facet normal 0.76041 0.649443 0
    outer loop
      vertex 4.44959 3.23282 1.2
      vertex 3.88909 3.88909 0
      vertex 3.88909 3.88909 1.2
    endloop
  endfacet
  facet normal 0.76041 0.649443 0
    outer loop
      vertex 3.88909 3.88909 0
      vertex 4.44959 3.23282 1.2
      vertex 4.44959 3.23282 0
    endloop
  endfacet
  facet normal 0.649443 0.76041 -0
    outer loop
      vertex 3.88909 3.88909 0
      vertex 3.23282 4.44959 1.2
      vertex 3.88909 3.88909 1.2
    endloop
  endfacet
  facet normal 0.649443 0.76041 0
    outer loop
      vertex 3.23282 4.44959 1.2
      vertex 3.88909 3.88909 0
      vertex 3.23282 4.44959 0
    endloop
  endfacet
  facet normal 0 0 1
    outer loop
      vertex 4 0 1.2
      vertex 5.5 0 1.2
      vertex 5.43229 0.860389 1.2
    endloop
  endfacet
  facet normal 0 0 1
    outer loop
      vertex 3.95075 0.625737 1.2
      vertex 5.43229 0.860389 1.2
      vertex 5.23081 1.69959 1.2
    endloop
  endfacet
  facet normal 0 0 1
    outer loop
      vertex 5.5 0 1.2
      vertex 4 0 1.2
      vertex 5.43229 -0.860389 1.2
    endloop
  endfacet
  facet normal 0 0 1
    outer loop
      vertex 3.80423 1.23607 1.2
      vertex 5.23081 1.69959 1.2
      vertex 4.90054 2.49695 1.2
    endloop
  endfacet
  facet normal -0 0 1
    outer loop
      vertex 3.95075 -0.625737 1.2
      vertex 5.43229 -0.860389 1.2
      vertex 4 0 1.2
    endloop
  endfacet
  facet normal 0 0 1
    outer loop
      vertex 3.56403 1.81596 1.2
      vertex 4.90054 2.49695 1.2
      vertex 4.44959 3.23282 1.2
    endloop
  endfacet
  facet normal 0 0 1
    outer loop
      vertex 5.43229 -0.860389 1.2
      vertex 3.95075 -0.625737 1.2
      vertex 5.23081 -1.69959 1.2
    endloop
  endfacet
  facet normal -0 0 1
    outer loop
      vertex 3.80423 -1.23607 1.2
      vertex 5.23081 -1.69959 1.2
      vertex 3.95075 -0.625737 1.2
    endloop
  endfacet
  facet normal 0 0 1
    outer loop
      vertex 5.43229 0.860389 1.2
      vertex 3.95075 0.625737 1.2
      vertex 4 0 1.2
    endloop
  endfacet
  facet normal 0 0 1
    outer loop
      vertex 3.23607 2.35114 1.2
      vertex 4.44959 3.23282 1.2
      vertex 3.88909 3.88909 1.2
    endloop
  endfacet
  facet normal 0 0 1
    outer loop
      vertex 5.23081 1.69959 1.2
      vertex 3.80423 1.23607 1.2
      vertex 3.95075 0.625737 1.2
    endloop
  endfacet
  facet normal 0 0 1
    outer loop
      vertex 4.90054 2.49695 1.2
      vertex 3.56403 1.81596 1.2
      vertex 3.80423 1.23607 1.2
    endloop
  endfacet
  facet normal 0 0 1
    outer loop
      vertex 4.44959 3.23282 1.2
      vertex 3.23607 2.35114 1.2
      vertex 3.56403 1.81596 1.2
    endloop
  endfacet
  facet normal 0 0 1
    outer loop
      vertex 2.82843 2.82843 1.2
      vertex 3.88909 3.88909 1.2
      vertex 3.23282 4.44959 1.2
    endloop
  endfacet
  facet normal 0 0 1
    outer loop
      vertex 3.88909 3.88909 1.2
      vertex 2.82843 2.82843 1.2
      vertex 3.23607 2.35114 1.2
    endloop
  endfacet
  facet normal 0 0 1
    outer loop
      vertex 2.35114 3.23607 1.2
      vertex 3.23282 4.44959 1.2
      vertex 2.49695 4.90054 1.2
    endloop
  endfacet
  facet normal 0 0 1
    outer loop
      vertex 3.23282 4.44959 1.2
      vertex 2.35114 3.23607 1.2
      vertex 2.82843 2.82843 1.2
    endloop
  endfacet
  facet normal 0 0 1
    outer loop
      vertex 2.49695 4.90054 1.2
      vertex 1.81596 3.56403 1.2
      vertex 2.35114 3.23607 1.2
    endloop
  endfacet
  facet normal 0 0 1
    outer loop
      vertex 1.69959 5.23081 1.2
      vertex 1.81596 3.56403 1.2
      vertex 2.49695 4.90054 1.2
    endloop
  endfacet
  facet normal 0 0 1
    outer loop
      vertex 1.69959 5.23081 1.2
      vertex 1.23607 3.80423 1.2
      vertex 1.81596 3.56403 1.2
    endloop
  endfacet
  facet normal 0 0 1
    outer loop
      vertex 0.860389 5.43229 1.2
      vertex 1.23607 3.80423 1.2
      vertex 1.69959 5.23081 1.2
    endloop
  endfacet
  facet normal 0 0 1
    outer loop
      vertex 0.860389 5.43229 1.2
      vertex 0.625737 3.95075 1.2
      vertex 1.23607 3.80423 1.2
    endloop
  endfacet
  facet normal 0 0 1
    outer loop
      vertex 0 5.5 1.2
      vertex 0.625737 3.95075 1.2
      vertex 0.860389 5.43229 1.2
    endloop
  endfacet
  facet normal 0 0 1
    outer loop
      vertex 0 5.5 1.2
      vertex 0 4 1.2
      vertex 0.625737 3.95075 1.2
    endloop
  endfacet
  facet normal 0 0 1
    outer loop
      vertex 0 5.5 1.2
      vertex -0.625737 3.95075 1.2
      vertex 0 4 1.2
    endloop
  endfacet
  facet normal -0 0 1
    outer loop
      vertex -0.860389 5.43229 1.2
      vertex -0.625737 3.95075 1.2
      vertex 0 5.5 1.2
    endloop
  endfacet
  facet normal 0 0 1
    outer loop
      vertex -0.860389 5.43229 1.2
      vertex -1.23607 3.80423 1.2
      vertex -0.625737 3.95075 1.2
    endloop
  endfacet
  facet normal -0 0 1
    outer loop
      vertex -1.69959 5.23081 1.2
      vertex -1.23607 3.80423 1.2
      vertex -0.860389 5.43229 1.2
    endloop
  endfacet
  facet normal 0 0 1
    outer loop
      vertex -1.69959 5.23081 1.2
      vertex -1.81596 3.56403 1.2
      vertex -1.23607 3.80423 1.2
    endloop
  endfacet
  facet normal -0 0 1
    outer loop
      vertex -2.49695 4.90054 1.2
      vertex -1.81596 3.56403 1.2
      vertex -1.69959 5.23081 1.2
    endloop
  endfacet
  facet normal 0 0 1
    outer loop
      vertex -1.81596 3.56403 1.2
      vertex -2.49695 4.90054 1.2
      vertex -2.35114 3.23607 1.2
    endloop
  endfacet
  facet normal -0 0 1
    outer loop
      vertex -3.23282 4.44959 1.2
      vertex -2.35114 3.23607 1.2
      vertex -2.49695 4.90054 1.2
    endloop
  endfacet
  facet normal 0 0 1
    outer loop
      vertex -2.35114 3.23607 1.2
      vertex -3.23282 4.44959 1.2
      vertex -2.82843 2.82843 1.2
    endloop
  endfacet
  facet normal -0 0 1
    outer loop
      vertex -3.88909 3.88909 1.2
      vertex -2.82843 2.82843 1.2
      vertex -3.23282 4.44959 1.2
    endloop
  endfacet
  facet normal 0 0 1
    outer loop
      vertex -2.82843 2.82843 1.2
      vertex -3.88909 3.88909 1.2
      vertex -3.23607 2.35114 1.2
    endloop
  endfacet
  facet normal -0 0 1
    outer loop
      vertex -4.44959 3.23282 1.2
      vertex -3.23607 2.35114 1.2
      vertex -3.88909 3.88909 1.2
    endloop
  endfacet
  facet normal 0 0 1
    outer loop
      vertex -3.23607 2.35114 1.2
      vertex -4.44959 3.23282 1.2
      vertex -3.56403 1.81596 1.2
    endloop
  endfacet
  facet normal -0 0 1
    outer loop
      vertex -4.90054 2.49695 1.2
      vertex -3.56403 1.81596 1.2
      vertex -4.44959 3.23282 1.2
    endloop
  endfacet
  facet normal 0 0 1
    outer loop
      vertex -3.56403 1.81596 1.2
      vertex -4.90054 2.49695 1.2
      vertex -3.80423 1.23607 1.2
    endloop
  endfacet
  facet normal -0 0 1
    outer loop
      vertex -5.23081 1.69959 1.2
      vertex -3.80423 1.23607 1.2
      vertex -4.90054 2.49695 1.2
    endloop
  endfacet
  facet normal 0 0 1
    outer loop
      vertex 5.23081 -1.69959 1.2
      vertex 3.80423 -1.23607 1.2
      vertex 4.90054 -2.49695 1.2
    endloop
  endfacet
  facet normal -0 0 1
    outer loop
      vertex 3.56403 -1.81596 1.2
      vertex 4.90054 -2.49695 1.2
      vertex 3.80423 -1.23607 1.2
    endloop
  endfacet
  facet normal 0 0 1
    outer loop
      vertex 4.90054 -2.49695 1.2
      vertex 3.56403 -1.81596 1.2
      vertex 4.44959 -3.23282 1.2
    endloop
  endfacet
  facet normal -0 0 1
    outer loop
      vertex 3.23607 -2.35114 1.2
      vertex 4.44959 -3.23282 1.2
      vertex 3.56403 -1.81596 1.2
    endloop
  endfacet
  facet normal 0 0 1
    outer loop
      vertex 4.44959 -3.23282 1.2
      vertex 3.23607 -2.35114 1.2
      vertex 3.88909 -3.88909 1.2
    endloop
  endfacet
  facet normal -0 0 1
    outer loop
      vertex 2.82843 -2.82843 1.2
      vertex 3.88909 -3.88909 1.2
      vertex 3.23607 -2.35114 1.2
    endloop
  endfacet
  facet normal 0 0 1
    outer loop
      vertex 3.88909 -3.88909 1.2
      vertex 2.82843 -2.82843 1.2
      vertex 3.23282 -4.44959 1.2
    endloop
  endfacet
  facet normal -0 0 1
    outer loop
      vertex 2.35114 -3.23607 1.2
      vertex 3.23282 -4.44959 1.2
      vertex 2.82843 -2.82843 1.2
    endloop
  endfacet
  facet normal 0 0 1
    outer loop
      vertex 3.23282 -4.44959 1.2
      vertex 2.35114 -3.23607 1.2
      vertex 2.49695 -4.90054 1.2
    endloop
  endfacet
  facet normal -0 0 1
    outer loop
      vertex 1.81596 -3.56403 1.2
      vertex 2.49695 -4.90054 1.2
      vertex 2.35114 -3.23607 1.2
    endloop
  endfacet
  facet normal 0 0 1
    outer loop
      vertex 1.81596 -3.56403 1.2
      vertex 1.69959 -5.23081 1.2
      vertex 2.49695 -4.90054 1.2
    endloop
  endfacet
  facet normal -0 0 1
    outer loop
      vertex 1.23607 -3.80423 1.2
      vertex 1.69959 -5.23081 1.2
      vertex 1.81596 -3.56403 1.2
    endloop
  endfacet
  facet normal 0 0 1
    outer loop
      vertex 1.23607 -3.80423 1.2
      vertex 0.860389 -5.43229 1.2
      vertex 1.69959 -5.23081 1.2
    endloop
  endfacet
  facet normal -0 0 1
    outer loop
      vertex 0.625737 -3.95075 1.2
      vertex 0.860389 -5.43229 1.2
      vertex 1.23607 -3.80423 1.2
    endloop
  endfacet
  facet normal -0 0 1
    outer loop
      vertex 0 -4 1.2
      vertex 0.860389 -5.43229 1.2
      vertex 0.625737 -3.95075 1.2
    endloop
  endfacet
  facet normal 0 0 1
    outer loop
      vertex 0 -4 1.2
      vertex 0 -5.5 1.2
      vertex 0.860389 -5.43229 1.2
    endloop
  endfacet
  facet normal 0 0 1
    outer loop
      vertex -0.625737 -3.95075 1.2
      vertex 0 -5.5 1.2
      vertex 0 -4 1.2
    endloop
  endfacet
  facet normal 0 0 1
    outer loop
      vertex -0.625737 -3.95075 1.2
      vertex -0.860389 -5.43229 1.2
      vertex 0 -5.5 1.2
    endloop
  endfacet
  facet normal 0 0 1
    outer loop
      vertex -1.23607 -3.80423 1.2
      vertex -0.860389 -5.43229 1.2
      vertex -0.625737 -3.95075 1.2
    endloop
  endfacet
  facet normal 0 0 1
    outer loop
      vertex -1.23607 -3.80423 1.2
      vertex -1.69959 -5.23081 1.2
      vertex -0.860389 -5.43229 1.2
    endloop
  endfacet
  facet normal 0 0 1
    outer loop
      vertex -1.81596 -3.56403 1.2
      vertex -1.69959 -5.23081 1.2
      vertex -1.23607 -3.80423 1.2
    endloop
  endfacet
  facet normal 0 0 1
    outer loop
      vertex -2.49695 -4.90054 1.2
      vertex -1.81596 -3.56403 1.2
      vertex -2.35114 -3.23607 1.2
    endloop
  endfacet
  facet normal 0 0 1
    outer loop
      vertex -1.81596 -3.56403 1.2
      vertex -2.49695 -4.90054 1.2
      vertex -1.69959 -5.23081 1.2
    endloop
  endfacet
  facet normal 0 0 1
    outer loop
      vertex -3.23282 -4.44959 1.2
      vertex -2.35114 -3.23607 1.2
      vertex -2.82843 -2.82843 1.2
    endloop
  endfacet
  facet normal 0 0 1
    outer loop
      vertex -2.35114 -3.23607 1.2
      vertex -3.23282 -4.44959 1.2
      vertex -2.49695 -4.90054 1.2
    endloop
  endfacet
  facet normal 0 0 1
    outer loop
      vertex -3.88909 -3.88909 1.2
      vertex -2.82843 -2.82843 1.2
      vertex -3.23607 -2.35114 1.2
    endloop
  endfacet
  facet normal 0 0 1
    outer loop
      vertex -4.44959 -3.23282 1.2
      vertex -3.23607 -2.35114 1.2
      vertex -3.56403 -1.81596 1.2
    endloop
  endfacet
  facet normal 0 0 1
    outer loop
      vertex -4.90054 -2.49695 1.2
      vertex -3.56403 -1.81596 1.2
      vertex -3.80423 -1.23607 1.2
    endloop
  endfacet
  facet normal 0 0 1
    outer loop
      vertex -2.82843 -2.82843 1.2
      vertex -3.88909 -3.88909 1.2
      vertex -3.23282 -4.44959 1.2
    endloop
  endfacet
  facet normal 0 0 1
    outer loop
      vertex -5.23081 -1.69959 1.2
      vertex -3.80423 -1.23607 1.2
      vertex -3.95075 -0.625737 1.2
    endloop
  endfacet
  facet normal 0 0 1
    outer loop
      vertex -5.43229 -0.860389 1.2
      vertex -3.95075 -0.625737 1.2
      vertex -4 0 1.2
    endloop
  endfacet
  facet normal 0 0 1
    outer loop
      vertex -3.80423 1.23607 1.2
      vertex -5.23081 1.69959 1.2
      vertex -3.95075 0.625737 1.2
    endloop
  endfacet
  facet normal 0 0 1
    outer loop
      vertex -3.23607 -2.35114 1.2
      vertex -4.44959 -3.23282 1.2
      vertex -3.88909 -3.88909 1.2
    endloop
  endfacet
  facet normal -0 0 1
    outer loop
      vertex -5.43229 0.860389 1.2
      vertex -3.95075 0.625737 1.2
      vertex -5.23081 1.69959 1.2
    endloop
  endfacet
  facet normal 0 0 1
    outer loop
      vertex -3.56403 -1.81596 1.2
      vertex -4.90054 -2.49695 1.2
      vertex -4.44959 -3.23282 1.2
    endloop
  endfacet
  facet normal 0 0 1
    outer loop
      vertex -3.95075 0.625737 1.2
      vertex -5.43229 0.860389 1.2
      vertex -4 0 1.2
    endloop
  endfacet
  facet normal 0 0 1
    outer loop
      vertex -3.80423 -1.23607 1.2
      vertex -5.23081 -1.69959 1.2
      vertex -4.90054 -2.49695 1.2
    endloop
  endfacet
  facet normal 0 0 1
    outer loop
      vertex -5.5 0 1.2
      vertex -4 0 1.2
      vertex -5.43229 0.860389 1.2
    endloop
  endfacet
  facet normal 0 0 1
    outer loop
      vertex -3.95075 -0.625737 1.2
      vertex -5.43229 -0.860389 1.2
      vertex -5.23081 -1.69959 1.2
    endloop
  endfacet
  facet normal 0 0 1
    outer loop
      vertex -4 0 1.2
      vertex -5.5 0 1.2
      vertex -5.43229 -0.860389 1.2
    endloop
  endfacet
  facet normal 0.0784544 -0.996918 0
    outer loop
      vertex 0 -5.5 0
      vertex 0.860389 -5.43229 1.2
      vertex 0 -5.5 1.2
    endloop
  endfacet
  facet normal 0.0784544 -0.996918 0
    outer loop
      vertex 0.860389 -5.43229 1.2
      vertex 0 -5.5 0
      vertex 0.860389 -5.43229 0
    endloop
  endfacet
  facet normal -0.852636 -0.522506 0
    outer loop
      vertex -4.44959 -3.23282 0
      vertex -4.90054 -2.49695 1.2
      vertex -4.90054 -2.49695 0
    endloop
  endfacet
  facet normal -0.852636 -0.522506 0
    outer loop
      vertex -4.90054 -2.49695 1.2
      vertex -4.44959 -3.23282 0
      vertex -4.44959 -3.23282 1.2
    endloop
  endfacet
  facet normal 0.233452 -0.972368 0
    outer loop
      vertex 0.860389 -5.43229 0
      vertex 1.69959 -5.23081 1.2
      vertex 0.860389 -5.43229 1.2
    endloop
  endfacet
  facet normal 0.233452 -0.972368 0
    outer loop
      vertex 1.69959 -5.23081 1.2
      vertex 0.860389 -5.43229 0
      vertex 1.69959 -5.23081 0
    endloop
  endfacet
  facet normal 0.649443 -0.76041 0
    outer loop
      vertex 3.23282 -4.44959 0
      vertex 3.88909 -3.88909 1.2
      vertex 3.23282 -4.44959 1.2
    endloop
  endfacet
  facet normal 0.649443 -0.76041 0
    outer loop
      vertex 3.88909 -3.88909 1.2
      vertex 3.23282 -4.44959 0
      vertex 3.88909 -3.88909 0
    endloop
  endfacet
  facet normal -0.996918 -0.0784544 0
    outer loop
      vertex -5.43229 -0.860389 0
      vertex -5.5 0 1.2
      vertex -5.5 0 0
    endloop
  endfacet
  facet normal -0.996918 -0.0784544 0
    outer loop
      vertex -5.5 0 1.2
      vertex -5.43229 -0.860389 0
      vertex -5.43229 -0.860389 1.2
    endloop
  endfacet
  facet normal 0.972368 -0.233452 0
    outer loop
      vertex 5.23081 -1.69959 1.2
      vertex 5.43229 -0.860389 0
      vertex 5.43229 -0.860389 1.2
    endloop
  endfacet
  facet normal 0.972368 -0.233452 0
    outer loop
      vertex 5.43229 -0.860389 0
      vertex 5.23081 -1.69959 1.2
      vertex 5.23081 -1.69959 0
    endloop
  endfacet
  facet normal 0.382676 0.923883 -0
    outer loop
      vertex 2.49695 4.90054 0
      vertex 1.69959 5.23081 1.2
      vertex 2.49695 4.90054 1.2
    endloop
  endfacet
  facet normal 0.382676 0.923883 0
    outer loop
      vertex 1.69959 5.23081 1.2
      vertex 2.49695 4.90054 0
      vertex 1.69959 5.23081 0
    endloop
  endfacet
  facet normal -0.382676 -0.923883 0
    outer loop
      vertex -2.49695 -4.90054 0
      vertex -1.69959 -5.23081 1.2
      vertex -2.49695 -4.90054 1.2
    endloop
  endfacet
  facet normal -0.382676 -0.923883 -0
    outer loop
      vertex -1.69959 -5.23081 1.2
      vertex -2.49695 -4.90054 0
      vertex -1.69959 -5.23081 0
    endloop
  endfacet
  facet normal 0.0784544 0.996918 -0
    outer loop
      vertex 0.860389 5.43229 0
      vertex 0 5.5 1.2
      vertex 0.860389 5.43229 1.2
    endloop
  endfacet
  facet normal 0.0784544 0.996918 0
    outer loop
      vertex 0 5.5 1.2
      vertex 0.860389 5.43229 0
      vertex 0 5.5 0
    endloop
  endfacet
  facet normal -0.852636 0.522506 0
    outer loop
      vertex -4.90054 2.49695 0
      vertex -4.44959 3.23282 1.2
      vertex -4.44959 3.23282 0
    endloop
  endfacet
  facet normal -0.852636 0.522506 0
    outer loop
      vertex -4.44959 3.23282 1.2
      vertex -4.90054 2.49695 0
      vertex -4.90054 2.49695 1.2
    endloop
  endfacet
  facet normal -1 0 0
    outer loop
      vertex 2.5 -0.5 4.2
      vertex 2.5 0.5 4.7
      vertex 2.5 0.5 4.2
    endloop
  endfacet
  facet normal -1 -0 0
    outer loop
      vertex 2.5 0.5 4.7
      vertex 2.5 -0.5 4.2
      vertex 2.5 -0.5 4.7
    endloop
  endfacet
  facet normal -0 0 1
    outer loop
      vertex -2.5 0.5 4.2
      vertex 2.5 -0.5 4.2
      vertex 2.5 0.5 4.2
    endloop
  endfacet
  facet normal 0 0 1
    outer loop
      vertex 2.5 -0.5 4.2
      vertex -2.5 0.5 4.2
      vertex -2.5 -0.5 4.2
    endloop
  endfacet
  facet normal 1 -0 0
    outer loop
      vertex -2.5 -0.5 4.7
      vertex -2.5 0.5 4.2
      vertex -2.5 0.5 4.7
    endloop
  endfacet
  facet normal 1 0 0
    outer loop
      vertex -2.5 0.5 4.2
      vertex -2.5 -0.5 4.7
      vertex -2.5 -0.5 4.2
    endloop
  endfacet
  facet normal 0 -1 0
    outer loop
      vertex -2.5 0.5 4.2
      vertex 2.5 0.5 4.7
      vertex -2.5 0.5 4.7
    endloop
  endfacet
  facet normal 0 -1 -0
    outer loop
      vertex 2.5 0.5 4.7
      vertex -2.5 0.5 4.2
      vertex 2.5 0.5 4.2
    endloop
  endfacet
  facet normal 0 1 -0
    outer loop
      vertex 2.5 -0.5 4.2
      vertex -2.5 -0.5 4.7
      vertex 2.5 -0.5 4.7
    endloop
  endfacet
  facet normal 0 1 0
    outer loop
      vertex -2.5 -0.5 4.7
      vertex 2.5 -0.5 4.2
      vertex -2.5 -0.5 4.2
    endloop
  endfacet
  facet normal -0.923879 0.382686 0
    outer loop
      vertex 10.1958 1.23607 1.2
      vertex 10.436 1.81596 4.7
      vertex 10.436 1.81596 1.2
    endloop
  endfacet
  facet normal -0.923879 0.382686 0
    outer loop
      vertex 10.436 1.81596 4.7
      vertex 10.1958 1.23607 1.2
      vertex 10.1958 1.23607 4.7
    endloop
  endfacet
  facet normal 0.972344 0.233554 0
    outer loop
      vertex 17.9508 0.625737 4.7
      vertex 17.8042 1.23607 1.2
      vertex 17.8042 1.23607 4.7
    endloop
  endfacet
  facet normal 0.972344 0.233554 0
    outer loop
      vertex 17.8042 1.23607 1.2
      vertex 17.9508 0.625737 4.7
      vertex 17.9508 0.625737 1.2
    endloop
  endfacet
  facet normal 0.996923 0.0783854 0
    outer loop
      vertex 18 0 4.7
      vertex 17.9508 0.625737 1.2
      vertex 17.9508 0.625737 4.7
    endloop
  endfacet
  facet normal 0.996923 0.0783854 0
    outer loop
      vertex 17.9508 0.625737 1.2
      vertex 18 0 4.7
      vertex 18 0 1.2
    endloop
  endfacet
  facet normal 0.522557 -0.852604 0
    outer loop
      vertex 15.816 -3.56403 1.2
      vertex 16.3511 -3.23607 4.7
      vertex 15.816 -3.56403 4.7
    endloop
  endfacet
  facet normal 0.522557 -0.852604 0
    outer loop
      vertex 16.3511 -3.23607 4.7
      vertex 15.816 -3.56403 1.2
      vertex 16.3511 -3.23607 1.2
    endloop
  endfacet
  facet normal 0.0784691 -0.996917 0
    outer loop
      vertex 14 -4 1.2
      vertex 14.6257 -3.95075 4.7
      vertex 14 -4 4.7
    endloop
  endfacet
  facet normal 0.0784691 -0.996917 0
    outer loop
      vertex 14.6257 -3.95075 4.7
      vertex 14 -4 1.2
      vertex 14.6257 -3.95075 1.2
    endloop
  endfacet
  facet normal 0.38268 -0.923881 0
    outer loop
      vertex 15.2361 -3.80423 1.2
      vertex 15.816 -3.56403 4.7
      vertex 15.2361 -3.80423 4.7
    endloop
  endfacet
  facet normal 0.38268 -0.923881 0
    outer loop
      vertex 15.816 -3.56403 4.7
      vertex 15.2361 -3.80423 1.2
      vertex 15.816 -3.56403 1.2
    endloop
  endfacet
  facet normal -0.38268 0.923881 0
    outer loop
      vertex 12.7639 3.80423 1.2
      vertex 12.184 3.56403 4.7
      vertex 12.7639 3.80423 4.7
    endloop
  endfacet
  facet normal -0.38268 0.923881 0
    outer loop
      vertex 12.184 3.56403 4.7
      vertex 12.7639 3.80423 1.2
      vertex 12.184 3.56403 1.2
    endloop
  endfacet
  facet normal -0.522557 0.852604 0
    outer loop
      vertex 12.184 3.56403 1.2
      vertex 11.6489 3.23607 4.7
      vertex 12.184 3.56403 4.7
    endloop
  endfacet
  facet normal -0.522557 0.852604 0
    outer loop
      vertex 11.6489 3.23607 4.7
      vertex 12.184 3.56403 1.2
      vertex 11.6489 3.23607 1.2
    endloop
  endfacet
  facet normal -0.0784691 -0.996917 0
    outer loop
      vertex 13.3743 -3.95075 1.2
      vertex 14 -4 4.7
      vertex 13.3743 -3.95075 4.7
    endloop
  endfacet
  facet normal -0.0784691 -0.996917 -0
    outer loop
      vertex 14 -4 4.7
      vertex 13.3743 -3.95075 1.2
      vertex 14 -4 1.2
    endloop
  endfacet
  facet normal -0.923879 -0.382686 0
    outer loop
      vertex 10.436 -1.81596 1.2
      vertex 10.1958 -1.23607 4.7
      vertex 10.1958 -1.23607 1.2
    endloop
  endfacet
  facet normal -0.923879 -0.382686 0
    outer loop
      vertex 10.1958 -1.23607 4.7
      vertex 10.436 -1.81596 1.2
      vertex 10.436 -1.81596 4.7
    endloop
  endfacet
  facet normal -0.233409 0.972379 0
    outer loop
      vertex 13.3743 3.95075 1.2
      vertex 12.7639 3.80423 4.7
      vertex 13.3743 3.95075 4.7
    endloop
  endfacet
  facet normal -0.233409 0.972379 0
    outer loop
      vertex 12.7639 3.80423 4.7
      vertex 13.3743 3.95075 1.2
      vertex 12.7639 3.80423 1.2
    endloop
  endfacet
  facet normal -0.972344 0.233554 0
    outer loop
      vertex 10.0492 0.625737 1.2
      vertex 10.1958 1.23607 4.7
      vertex 10.1958 1.23607 1.2
    endloop
  endfacet
  facet normal -0.972344 0.233554 0
    outer loop
      vertex 10.1958 1.23607 4.7
      vertex 10.0492 0.625737 1.2
      vertex 10.0492 0.625737 4.7
    endloop
  endfacet
  facet normal -0.0784691 0.996917 0
    outer loop
      vertex 14 4 1.2
      vertex 13.3743 3.95075 4.7
      vertex 14 4 4.7
    endloop
  endfacet
  facet normal -0.0784691 0.996917 0
    outer loop
      vertex 13.3743 3.95075 4.7
      vertex 14 4 1.2
      vertex 13.3743 3.95075 1.2
    endloop
  endfacet
  facet normal 0.923879 -0.382686 0
    outer loop
      vertex 17.564 -1.81596 4.7
      vertex 17.8042 -1.23607 1.2
      vertex 17.8042 -1.23607 4.7
    endloop
  endfacet
  facet normal 0.923879 -0.382686 0
    outer loop
      vertex 17.8042 -1.23607 1.2
      vertex 17.564 -1.81596 4.7
      vertex 17.564 -1.81596 1.2
    endloop
  endfacet
  facet normal -0.760362 -0.649499 0
    outer loop
      vertex 11.1716 -2.82843 1.2
      vertex 10.7639 -2.35114 4.7
      vertex 10.7639 -2.35114 1.2
    endloop
  endfacet
  facet normal -0.760362 -0.649499 0
    outer loop
      vertex 10.7639 -2.35114 4.7
      vertex 11.1716 -2.82843 1.2
      vertex 11.1716 -2.82843 4.7
    endloop
  endfacet
  facet normal -0.649436 0.760416 0
    outer loop
      vertex 11.6489 3.23607 1.2
      vertex 11.1716 2.82843 4.7
      vertex 11.6489 3.23607 4.7
    endloop
  endfacet
  facet normal -0.649436 0.760416 0
    outer loop
      vertex 11.1716 2.82843 4.7
      vertex 11.6489 3.23607 1.2
      vertex 11.1716 2.82843 1.2
    endloop
  endfacet
  facet normal -0.972344 -0.233554 0
    outer loop
      vertex 10.1958 -1.23607 1.2
      vertex 10.0492 -0.625737 4.7
      vertex 10.0492 -0.625737 1.2
    endloop
  endfacet
  facet normal -0.972344 -0.233554 0
    outer loop
      vertex 10.0492 -0.625737 4.7
      vertex 10.1958 -1.23607 1.2
      vertex 10.1958 -1.23607 4.7
    endloop
  endfacet
  facet normal -0.760362 0.649499 0
    outer loop
      vertex 10.7639 2.35114 1.2
      vertex 11.1716 2.82843 4.7
      vertex 11.1716 2.82843 1.2
    endloop
  endfacet
  facet normal -0.760362 0.649499 0
    outer loop
      vertex 11.1716 2.82843 4.7
      vertex 10.7639 2.35114 1.2
      vertex 10.7639 2.35114 4.7
    endloop
  endfacet
  facet normal 0.852682 -0.522431 0
    outer loop
      vertex 17.2361 -2.35114 4.7
      vertex 17.564 -1.81596 1.2
      vertex 17.564 -1.81596 4.7
    endloop
  endfacet
  facet normal 0.852682 -0.522431 0
    outer loop
      vertex 17.564 -1.81596 1.2
      vertex 17.2361 -2.35114 4.7
      vertex 17.2361 -2.35114 1.2
    endloop
  endfacet
  facet normal 0.760362 0.649499 0
    outer loop
      vertex 17.2361 2.35114 4.7
      vertex 16.8284 2.82843 1.2
      vertex 16.8284 2.82843 4.7
    endloop
  endfacet
  facet normal 0.760362 0.649499 0
    outer loop
      vertex 16.8284 2.82843 1.2
      vertex 17.2361 2.35114 4.7
      vertex 17.2361 2.35114 1.2
    endloop
  endfacet
  facet normal 0.996923 -0.0783854 0
    outer loop
      vertex 17.9508 -0.625737 4.7
      vertex 18 0 1.2
      vertex 18 0 4.7
    endloop
  endfacet
  facet normal 0.996923 -0.0783854 0
    outer loop
      vertex 18 0 1.2
      vertex 17.9508 -0.625737 4.7
      vertex 17.9508 -0.625737 1.2
    endloop
  endfacet
  facet normal -0.522557 -0.852604 0
    outer loop
      vertex 11.6489 -3.23607 1.2
      vertex 12.184 -3.56403 4.7
      vertex 11.6489 -3.23607 4.7
    endloop
  endfacet
  facet normal -0.522557 -0.852604 -0
    outer loop
      vertex 12.184 -3.56403 4.7
      vertex 11.6489 -3.23607 1.2
      vertex 12.184 -3.56403 1.2
    endloop
  endfacet
  facet normal 0 0 -1
    outer loop
      vertex 19.4323 -0.860389 0
      vertex 19.4323 0.860389 0
      vertex 19.5 0 0
    endloop
  endfacet
  facet normal 0 0 -1
    outer loop
      vertex 19.2308 -1.69959 0
      vertex 19.4323 0.860389 0
      vertex 19.4323 -0.860389 0
    endloop
  endfacet
  facet normal 0 0 -1
    outer loop
      vertex 19.2308 -1.69959 0
      vertex 19.2308 1.69959 0
      vertex 19.4323 0.860389 0
    endloop
  endfacet
  facet normal 0 0 -1
    outer loop
      vertex 18.9005 -2.49695 0
      vertex 19.2308 1.69959 0
      vertex 19.2308 -1.69959 0
    endloop
  endfacet
  facet normal 0 0 -1
    outer loop
      vertex 18.9005 -2.49695 0
      vertex 18.9005 2.49695 0
      vertex 19.2308 1.69959 0
    endloop
  endfacet
  facet normal 0 0 -1
    outer loop
      vertex 18.4496 -3.23282 0
      vertex 18.9005 2.49695 0
      vertex 18.9005 -2.49695 0
    endloop
  endfacet
  facet normal 0 0 -1
    outer loop
      vertex 18.4496 -3.23282 0
      vertex 18.4496 3.23282 0
      vertex 18.9005 2.49695 0
    endloop
  endfacet
  facet normal 0 0 -1
    outer loop
      vertex 17.8891 -3.88909 0
      vertex 18.4496 3.23282 0
      vertex 18.4496 -3.23282 0
    endloop
  endfacet
  facet normal 0 0 -1
    outer loop
      vertex 17.8891 -3.88909 0
      vertex 17.8891 3.88909 0
      vertex 18.4496 3.23282 0
    endloop
  endfacet
  facet normal 0 0 -1
    outer loop
      vertex 17.2328 -4.44959 0
      vertex 17.8891 3.88909 0
      vertex 17.8891 -3.88909 0
    endloop
  endfacet
  facet normal 0 0 -1
    outer loop
      vertex 17.2328 -4.44959 0
      vertex 17.2328 4.44959 0
      vertex 17.8891 3.88909 0
    endloop
  endfacet
  facet normal 0 0 -1
    outer loop
      vertex 16.4969 -4.90054 0
      vertex 17.2328 4.44959 0
      vertex 17.2328 -4.44959 0
    endloop
  endfacet
  facet normal 0 0 -1
    outer loop
      vertex 16.4969 -4.90054 0
      vertex 16.4969 4.90054 0
      vertex 17.2328 4.44959 0
    endloop
  endfacet
  facet normal 0 0 -1
    outer loop
      vertex 15.6996 -5.23081 0
      vertex 16.4969 4.90054 0
      vertex 16.4969 -4.90054 0
    endloop
  endfacet
  facet normal 0 0 -1
    outer loop
      vertex 15.6996 -5.23081 0
      vertex 15.6996 5.23081 0
      vertex 16.4969 4.90054 0
    endloop
  endfacet
  facet normal 0 0 -1
    outer loop
      vertex 14.8604 -5.43229 0
      vertex 15.6996 5.23081 0
      vertex 15.6996 -5.23081 0
    endloop
  endfacet
  facet normal 0 0 -1
    outer loop
      vertex 14.8604 -5.43229 0
      vertex 14.8604 5.43229 0
      vertex 15.6996 5.23081 0
    endloop
  endfacet
  facet normal 0 0 -1
    outer loop
      vertex 14 -5.5 0
      vertex 14.8604 5.43229 0
      vertex 14.8604 -5.43229 0
    endloop
  endfacet
  facet normal 0 0 -1
    outer loop
      vertex 14 -5.5 0
      vertex 14 5.5 0
      vertex 14.8604 5.43229 0
    endloop
  endfacet
  facet normal 0 0 -1
    outer loop
      vertex 13.1396 -5.43229 0
      vertex 14 5.5 0
      vertex 14 -5.5 0
    endloop
  endfacet
  facet normal 0 0 -1
    outer loop
      vertex 13.1396 -5.43229 0
      vertex 13.1396 5.43229 0
      vertex 14 5.5 0
    endloop
  endfacet
  facet normal 0 0 -1
    outer loop
      vertex 12.3004 -5.23081 0
      vertex 13.1396 5.43229 0
      vertex 13.1396 -5.43229 0
    endloop
  endfacet
  facet normal 0 0 -1
    outer loop
      vertex 12.3004 -5.23081 0
      vertex 12.3004 5.23081 0
      vertex 13.1396 5.43229 0
    endloop
  endfacet
  facet normal 0 0 -1
    outer loop
      vertex 11.5031 -4.90054 0
      vertex 12.3004 5.23081 0
      vertex 12.3004 -5.23081 0
    endloop
  endfacet
  facet normal 0 0 -1
    outer loop
      vertex 11.5031 -4.90054 0
      vertex 11.5031 4.90054 0
      vertex 12.3004 5.23081 0
    endloop
  endfacet
  facet normal 0 0 -1
    outer loop
      vertex 10.7672 -4.44959 0
      vertex 11.5031 4.90054 0
      vertex 11.5031 -4.90054 0
    endloop
  endfacet
  facet normal 0 0 -1
    outer loop
      vertex 10.7672 -4.44959 0
      vertex 10.7672 4.44959 0
      vertex 11.5031 4.90054 0
    endloop
  endfacet
  facet normal 0 0 -1
    outer loop
      vertex 10.1109 -3.88909 0
      vertex 10.7672 4.44959 0
      vertex 10.7672 -4.44959 0
    endloop
  endfacet
  facet normal 0 0 -1
    outer loop
      vertex 10.1109 -3.88909 0
      vertex 10.1109 3.88909 0
      vertex 10.7672 4.44959 0
    endloop
  endfacet
  facet normal 0 0 -1
    outer loop
      vertex 9.55041 -3.23282 0
      vertex 10.1109 3.88909 0
      vertex 10.1109 -3.88909 0
    endloop
  endfacet
  facet normal 0 0 -1
    outer loop
      vertex 9.55041 -3.23282 0
      vertex 9.55041 3.23282 0
      vertex 10.1109 3.88909 0
    endloop
  endfacet
  facet normal 0 0 -1
    outer loop
      vertex 9.09946 -2.49695 0
      vertex 9.55041 3.23282 0
      vertex 9.55041 -3.23282 0
    endloop
  endfacet
  facet normal 0 0 -1
    outer loop
      vertex 9.09946 -2.49695 0
      vertex 9.09946 2.49695 0
      vertex 9.55041 3.23282 0
    endloop
  endfacet
  facet normal 0 0 -1
    outer loop
      vertex 8.76919 -1.69959 0
      vertex 9.09946 2.49695 0
      vertex 9.09946 -2.49695 0
    endloop
  endfacet
  facet normal 0 0 -1
    outer loop
      vertex 8.76919 -1.69959 0
      vertex 8.76919 1.69959 0
      vertex 9.09946 2.49695 0
    endloop
  endfacet
  facet normal 0 0 -1
    outer loop
      vertex 8.56771 -0.860389 0
      vertex 8.76919 1.69959 0
      vertex 8.76919 -1.69959 0
    endloop
  endfacet
  facet normal 0 0 -1
    outer loop
      vertex 8.56771 -0.860389 0
      vertex 8.56771 0.860389 0
      vertex 8.76919 1.69959 0
    endloop
  endfacet
  facet normal 0 -0 -1
    outer loop
      vertex 8.56771 0.860389 0
      vertex 8.56771 -0.860389 0
      vertex 8.5 0 0
    endloop
  endfacet
  facet normal 0.923879 0.382686 0
    outer loop
      vertex 17.8042 1.23607 4.7
      vertex 17.564 1.81596 1.2
      vertex 17.564 1.81596 4.7
    endloop
  endfacet
  facet normal 0.923879 0.382686 0
    outer loop
      vertex 17.564 1.81596 1.2
      vertex 17.8042 1.23607 4.7
      vertex 17.8042 1.23607 1.2
    endloop
  endfacet
  facet normal -0.649436 -0.760416 0
    outer loop
      vertex 11.1716 -2.82843 1.2
      vertex 11.6489 -3.23607 4.7
      vertex 11.1716 -2.82843 4.7
    endloop
  endfacet
  facet normal -0.649436 -0.760416 -0
    outer loop
      vertex 11.6489 -3.23607 4.7
      vertex 11.1716 -2.82843 1.2
      vertex 11.6489 -3.23607 1.2
    endloop
  endfacet
  facet normal 0.38268 0.923881 -0
    outer loop
      vertex 15.816 3.56403 1.2
      vertex 15.2361 3.80423 4.7
      vertex 15.816 3.56403 4.7
    endloop
  endfacet
  facet normal 0.38268 0.923881 0
    outer loop
      vertex 15.2361 3.80423 4.7
      vertex 15.816 3.56403 1.2
      vertex 15.2361 3.80423 1.2
    endloop
  endfacet
  facet normal 0.522557 0.852604 -0
    outer loop
      vertex 16.3511 3.23607 1.2
      vertex 15.816 3.56403 4.7
      vertex 16.3511 3.23607 4.7
    endloop
  endfacet
  facet normal 0.522557 0.852604 0
    outer loop
      vertex 15.816 3.56403 4.7
      vertex 16.3511 3.23607 1.2
      vertex 15.816 3.56403 1.2
    endloop
  endfacet
  facet normal 0.649436 0.760416 -0
    outer loop
      vertex 16.8284 2.82843 1.2
      vertex 16.3511 3.23607 4.7
      vertex 16.8284 2.82843 4.7
    endloop
  endfacet
  facet normal 0.649436 0.760416 0
    outer loop
      vertex 16.3511 3.23607 4.7
      vertex 16.8284 2.82843 1.2
      vertex 16.3511 3.23607 1.2
    endloop
  endfacet
  facet normal 0.972344 -0.233554 0
    outer loop
      vertex 17.8042 -1.23607 4.7
      vertex 17.9508 -0.625737 1.2
      vertex 17.9508 -0.625737 4.7
    endloop
  endfacet
  facet normal 0.972344 -0.233554 0
    outer loop
      vertex 17.9508 -0.625737 1.2
      vertex 17.8042 -1.23607 4.7
      vertex 17.8042 -1.23607 1.2
    endloop
  endfacet
  facet normal 0.233409 0.972379 -0
    outer loop
      vertex 15.2361 3.80423 1.2
      vertex 14.6257 3.95075 4.7
      vertex 15.2361 3.80423 4.7
    endloop
  endfacet
  facet normal 0.233409 0.972379 0
    outer loop
      vertex 14.6257 3.95075 4.7
      vertex 15.2361 3.80423 1.2
      vertex 14.6257 3.95075 1.2
    endloop
  endfacet
  facet normal 0.852682 0.522431 0
    outer loop
      vertex 17.564 1.81596 4.7
      vertex 17.2361 2.35114 1.2
      vertex 17.2361 2.35114 4.7
    endloop
  endfacet
  facet normal 0.852682 0.522431 0
    outer loop
      vertex 17.2361 2.35114 1.2
      vertex 17.564 1.81596 4.7
      vertex 17.564 1.81596 1.2
    endloop
  endfacet
  facet normal -0.852682 -0.522431 0
    outer loop
      vertex 10.7639 -2.35114 1.2
      vertex 10.436 -1.81596 4.7
      vertex 10.436 -1.81596 1.2
    endloop
  endfacet
  facet normal -0.852682 -0.522431 0
    outer loop
      vertex 10.436 -1.81596 4.7
      vertex 10.7639 -2.35114 1.2
      vertex 10.7639 -2.35114 4.7
    endloop
  endfacet
  facet normal 0.233409 -0.972379 0
    outer loop
      vertex 14.6257 -3.95075 1.2
      vertex 15.2361 -3.80423 4.7
      vertex 14.6257 -3.95075 4.7
    endloop
  endfacet
  facet normal 0.233409 -0.972379 0
    outer loop
      vertex 15.2361 -3.80423 4.7
      vertex 14.6257 -3.95075 1.2
      vertex 15.2361 -3.80423 1.2
    endloop
  endfacet
  facet normal -0.996923 -0.0783854 0
    outer loop
      vertex 10.0492 -0.625737 1.2
      vertex 10 0 4.7
      vertex 10 0 1.2
    endloop
  endfacet
  facet normal -0.996923 -0.0783854 0
    outer loop
      vertex 10 0 4.7
      vertex 10.0492 -0.625737 1.2
      vertex 10.0492 -0.625737 4.7
    endloop
  endfacet
  facet normal -0.233409 -0.972379 0
    outer loop
      vertex 12.7639 -3.80423 1.2
      vertex 13.3743 -3.95075 4.7
      vertex 12.7639 -3.80423 4.7
    endloop
  endfacet
  facet normal -0.233409 -0.972379 -0
    outer loop
      vertex 13.3743 -3.95075 4.7
      vertex 12.7639 -3.80423 1.2
      vertex 13.3743 -3.95075 1.2
    endloop
  endfacet
  facet normal 0.0784691 0.996917 -0
    outer loop
      vertex 14.6257 3.95075 1.2
      vertex 14 4 4.7
      vertex 14.6257 3.95075 4.7
    endloop
  endfacet
  facet normal 0.0784691 0.996917 0
    outer loop
      vertex 14 4 4.7
      vertex 14.6257 3.95075 1.2
      vertex 14 4 1.2
    endloop
  endfacet
  facet normal -0.996923 0.0783854 0
    outer loop
      vertex 10 0 1.2
      vertex 10.0492 0.625737 4.7
      vertex 10.0492 0.625737 1.2
    endloop
  endfacet
  facet normal -0.996923 0.0783854 0
    outer loop
      vertex 10.0492 0.625737 4.7
      vertex 10 0 1.2
      vertex 10 0 4.7
    endloop
  endfacet
  facet normal 0.760362 -0.649499 0
    outer loop
      vertex 16.8284 -2.82843 4.7
      vertex 17.2361 -2.35114 1.2
      vertex 17.2361 -2.35114 4.7
    endloop
  endfacet
  facet normal 0.760362 -0.649499 0
    outer loop
      vertex 17.2361 -2.35114 1.2
      vertex 16.8284 -2.82843 4.7
      vertex 16.8284 -2.82843 1.2
    endloop
  endfacet
  facet normal -0.38268 -0.923881 0
    outer loop
      vertex 12.184 -3.56403 1.2
      vertex 12.7639 -3.80423 4.7
      vertex 12.184 -3.56403 4.7
    endloop
  endfacet
  facet normal -0.38268 -0.923881 -0
    outer loop
      vertex 12.7639 -3.80423 4.7
      vertex 12.184 -3.56403 1.2
      vertex 12.7639 -3.80423 1.2
    endloop
  endfacet
  facet normal -0 0 1
    outer loop
      vertex 11.5 -0.5 4.7
      vertex 13.5 -2.5 4.7
      vertex 13.5 -0.5 4.7
    endloop
  endfacet
  facet normal 0 0 1
    outer loop
      vertex 13.5 -2.5 4.7
      vertex 12.7639 -3.80423 4.7
      vertex 13.3743 -3.95075 4.7
    endloop
  endfacet
  facet normal 0 0 1
    outer loop
      vertex 13.5 -2.5 4.7
      vertex 12.184 -3.56403 4.7
      vertex 12.7639 -3.80423 4.7
    endloop
  endfacet
  facet normal 0 0 1
    outer loop
      vertex 13.5 -2.5 4.7
      vertex 11.6489 -3.23607 4.7
      vertex 12.184 -3.56403 4.7
    endloop
  endfacet
  facet normal 0 0 1
    outer loop
      vertex 11.1716 -2.82843 4.7
      vertex 13.5 -2.5 4.7
      vertex 11.5 -0.5 4.7
    endloop
  endfacet
  facet normal -0 0 1
    outer loop
      vertex 10.436 1.81596 4.7
      vertex 11.5 0.5 4.7
      vertex 10.7639 2.35114 4.7
    endloop
  endfacet
  facet normal 0 0 1
    outer loop
      vertex 13.5 -2.5 4.7
      vertex 11.1716 -2.82843 4.7
      vertex 11.6489 -3.23607 4.7
    endloop
  endfacet
  facet normal -0 0 1
    outer loop
      vertex 10.1958 1.23607 4.7
      vertex 11.5 0.5 4.7
      vertex 10.436 1.81596 4.7
    endloop
  endfacet
  facet normal 0 0 1
    outer loop
      vertex 11.5 -0.5 4.7
      vertex 10.7639 -2.35114 4.7
      vertex 11.1716 -2.82843 4.7
    endloop
  endfacet
  facet normal -0 0 1
    outer loop
      vertex 10.0492 0.625737 4.7
      vertex 11.5 0.5 4.7
      vertex 10.1958 1.23607 4.7
    endloop
  endfacet
  facet normal 0 0 1
    outer loop
      vertex 11.5 -0.5 4.7
      vertex 10.436 -1.81596 4.7
      vertex 10.7639 -2.35114 4.7
    endloop
  endfacet
  facet normal 0 0 1
    outer loop
      vertex 10 0 4.7
      vertex 11.5 0.5 4.7
      vertex 10.0492 0.625737 4.7
    endloop
  endfacet
  facet normal 0 0 1
    outer loop
      vertex 11.5 -0.5 4.7
      vertex 10.1958 -1.23607 4.7
      vertex 10.436 -1.81596 4.7
    endloop
  endfacet
  facet normal 0 0 1
    outer loop
      vertex 11.5 0.5 4.7
      vertex 10 0 4.7
      vertex 11.5 -0.5 4.7
    endloop
  endfacet
  facet normal 0 0 1
    outer loop
      vertex 11.5 -0.5 4.7
      vertex 10.0492 -0.625737 4.7
      vertex 10.1958 -1.23607 4.7
    endloop
  endfacet
  facet normal 0 0 1
    outer loop
      vertex 11.5 -0.5 4.7
      vertex 10 0 4.7
      vertex 10.0492 -0.625737 4.7
    endloop
  endfacet
  facet normal 0 0 1
    outer loop
      vertex 14 4 4.7
      vertex 14.5 2.5 4.7
      vertex 14.6257 3.95075 4.7
    endloop
  endfacet
  facet normal 0 0 1
    outer loop
      vertex 14 4 4.7
      vertex 13.5 2.5 4.7
      vertex 14.5 2.5 4.7
    endloop
  endfacet
  facet normal -0 0 1
    outer loop
      vertex 13.3743 3.95075 4.7
      vertex 13.5 2.5 4.7
      vertex 14 4 4.7
    endloop
  endfacet
  facet normal -0 0 1
    outer loop
      vertex 12.7639 3.80423 4.7
      vertex 13.5 2.5 4.7
      vertex 13.3743 3.95075 4.7
    endloop
  endfacet
  facet normal -0 0 1
    outer loop
      vertex 12.184 3.56403 4.7
      vertex 13.5 2.5 4.7
      vertex 12.7639 3.80423 4.7
    endloop
  endfacet
  facet normal -0 0 1
    outer loop
      vertex 11.6489 3.23607 4.7
      vertex 13.5 2.5 4.7
      vertex 12.184 3.56403 4.7
    endloop
  endfacet
  facet normal -0 0 1
    outer loop
      vertex 11.1716 2.82843 4.7
      vertex 13.5 2.5 4.7
      vertex 11.6489 3.23607 4.7
    endloop
  endfacet
  facet normal 0 0 1
    outer loop
      vertex 13.5 2.5 4.7
      vertex 11.5 0.5 4.7
      vertex 13.5 0.5 4.7
    endloop
  endfacet
  facet normal -0 0 1
    outer loop
      vertex 10.7639 2.35114 4.7
      vertex 11.5 0.5 4.7
      vertex 11.1716 2.82843 4.7
    endloop
  endfacet
  facet normal 0 0 1
    outer loop
      vertex 13.5 2.5 4.7
      vertex 11.1716 2.82843 4.7
      vertex 11.5 0.5 4.7
    endloop
  endfacet
  facet normal -0 0 1
    outer loop
      vertex 16.5 0.5 4.7
      vertex 18 0 4.7
      vertex 17.9508 0.625737 4.7
    endloop
  endfacet
  facet normal 0 0 1
    outer loop
      vertex 16.5 0.5 4.7
      vertex 17.9508 0.625737 4.7
      vertex 17.8042 1.23607 4.7
    endloop
  endfacet
  facet normal 0 0 1
    outer loop
      vertex 16.5 -0.5 4.7
      vertex 18 0 4.7
      vertex 16.5 0.5 4.7
    endloop
  endfacet
  facet normal 0 0 1
    outer loop
      vertex 16.5 0.5 4.7
      vertex 17.8042 1.23607 4.7
      vertex 17.564 1.81596 4.7
    endloop
  endfacet
  facet normal 0 0 1
    outer loop
      vertex 18 0 4.7
      vertex 16.5 -0.5 4.7
      vertex 17.9508 -0.625737 4.7
    endloop
  endfacet
  facet normal 0 0 1
    outer loop
      vertex 16.5 0.5 4.7
      vertex 17.564 1.81596 4.7
      vertex 17.2361 2.35114 4.7
    endloop
  endfacet
  facet normal 0 0 1
    outer loop
      vertex 17.9508 -0.625737 4.7
      vertex 16.5 -0.5 4.7
      vertex 17.8042 -1.23607 4.7
    endloop
  endfacet
  facet normal 0 0 1
    outer loop
      vertex 16.5 0.5 4.7
      vertex 17.2361 2.35114 4.7
      vertex 16.8284 2.82843 4.7
    endloop
  endfacet
  facet normal 0 0 1
    outer loop
      vertex 17.8042 -1.23607 4.7
      vertex 16.5 -0.5 4.7
      vertex 17.564 -1.81596 4.7
    endloop
  endfacet
  facet normal 0 0 1
    outer loop
      vertex 17.564 -1.81596 4.7
      vertex 16.5 -0.5 4.7
      vertex 17.2361 -2.35114 4.7
    endloop
  endfacet
  facet normal 0 0 1
    outer loop
      vertex 14.5 2.5 4.7
      vertex 16.8284 2.82843 4.7
      vertex 16.3511 3.23607 4.7
    endloop
  endfacet
  facet normal 0 0 1
    outer loop
      vertex 14.5 2.5 4.7
      vertex 16.3511 3.23607 4.7
      vertex 15.816 3.56403 4.7
    endloop
  endfacet
  facet normal 0 0 1
    outer loop
      vertex 14.5 2.5 4.7
      vertex 15.816 3.56403 4.7
      vertex 15.2361 3.80423 4.7
    endloop
  endfacet
  facet normal 0 0 1
    outer loop
      vertex 14.5 2.5 4.7
      vertex 15.2361 3.80423 4.7
      vertex 14.6257 3.95075 4.7
    endloop
  endfacet
  facet normal 0 0 1
    outer loop
      vertex 16.8284 2.82843 4.7
      vertex 14.5 2.5 4.7
      vertex 16.5 0.5 4.7
    endloop
  endfacet
  facet normal 0 0 1
    outer loop
      vertex 16.5 0.5 4.7
      vertex 14.5 2.5 4.7
      vertex 14.5 0.5 4.7
    endloop
  endfacet
  facet normal 0 0 1
    outer loop
      vertex 17.2361 -2.35114 4.7
      vertex 16.5 -0.5 4.7
      vertex 16.8284 -2.82843 4.7
    endloop
  endfacet
  facet normal -0 0 1
    outer loop
      vertex 14.5 -2.5 4.7
      vertex 16.8284 -2.82843 4.7
      vertex 16.5 -0.5 4.7
    endloop
  endfacet
  facet normal 0 0 1
    outer loop
      vertex 16.8284 -2.82843 4.7
      vertex 14.5 -2.5 4.7
      vertex 16.3511 -3.23607 4.7
    endloop
  endfacet
  facet normal 0 0 1
    outer loop
      vertex 16.3511 -3.23607 4.7
      vertex 14.5 -2.5 4.7
      vertex 15.816 -3.56403 4.7
    endloop
  endfacet
  facet normal 0 0 1
    outer loop
      vertex 15.816 -3.56403 4.7
      vertex 14.5 -2.5 4.7
      vertex 15.2361 -3.80423 4.7
    endloop
  endfacet
  facet normal 0 0 1
    outer loop
      vertex 14.5 -2.5 4.7
      vertex 16.5 -0.5 4.7
      vertex 14.5 -0.5 4.7
    endloop
  endfacet
  facet normal 0 0 1
    outer loop
      vertex 15.2361 -3.80423 4.7
      vertex 14.5 -2.5 4.7
      vertex 14.6257 -3.95075 4.7
    endloop
  endfacet
  facet normal 0 0 1
    outer loop
      vertex 14.5 -2.5 4.7
      vertex 14 -4 4.7
      vertex 14.6257 -3.95075 4.7
    endloop
  endfacet
  facet normal -0 0 1
    outer loop
      vertex 13.5 -2.5 4.7
      vertex 14 -4 4.7
      vertex 14.5 -2.5 4.7
    endloop
  endfacet
  facet normal 0 0 1
    outer loop
      vertex 14 -4 4.7
      vertex 13.5 -2.5 4.7
      vertex 13.3743 -3.95075 4.7
    endloop
  endfacet
  facet normal -0.852682 0.522431 0
    outer loop
      vertex 10.436 1.81596 1.2
      vertex 10.7639 2.35114 4.7
      vertex 10.7639 2.35114 1.2
    endloop
  endfacet
  facet normal -0.852682 0.522431 0
    outer loop
      vertex 10.7639 2.35114 4.7
      vertex 10.436 1.81596 1.2
      vertex 10.436 1.81596 4.7
    endloop
  endfacet
  facet normal 0.649436 -0.760416 0
    outer loop
      vertex 16.3511 -3.23607 1.2
      vertex 16.8284 -2.82843 4.7
      vertex 16.3511 -3.23607 4.7
    endloop
  endfacet
  facet normal 0.649436 -0.760416 0
    outer loop
      vertex 16.8284 -2.82843 4.7
      vertex 16.3511 -3.23607 1.2
      vertex 16.8284 -2.82843 1.2
    endloop
  endfacet
  facet normal -0.972368 -0.233452 0
    outer loop
      vertex 8.76919 -1.69959 0
      vertex 8.56771 -0.860389 1.2
      vertex 8.56771 -0.860389 0
    endloop
  endfacet
  facet normal -0.972368 -0.233452 0
    outer loop
      vertex 8.56771 -0.860389 1.2
      vertex 8.76919 -1.69959 0
      vertex 8.76919 -1.69959 1.2
    endloop
  endfacet
  facet normal 0.972363 0.233473 0
    outer loop
      vertex 19.4323 0.860389 1.2
      vertex 19.2308 1.69959 0
      vertex 19.2308 1.69959 1.2
    endloop
  endfacet
  facet normal 0.972363 0.233473 0
    outer loop
      vertex 19.2308 1.69959 0
      vertex 19.4323 0.860389 1.2
      vertex 19.4323 0.860389 0
    endloop
  endfacet
  facet normal 0.996919 0.0784429 0
    outer loop
      vertex 19.5 0 1.2
      vertex 19.4323 0.860389 0
      vertex 19.4323 0.860389 1.2
    endloop
  endfacet
  facet normal 0.996919 0.0784429 0
    outer loop
      vertex 19.4323 0.860389 0
      vertex 19.5 0 1.2
      vertex 19.5 0 0
    endloop
  endfacet
  facet normal 0.92387 0.382706 0
    outer loop
      vertex 19.2308 1.69959 1.2
      vertex 18.9005 2.49695 0
      vertex 18.9005 2.49695 1.2
    endloop
  endfacet
  facet normal 0.92387 0.382706 0
    outer loop
      vertex 18.9005 2.49695 0
      vertex 19.2308 1.69959 1.2
      vertex 19.2308 1.69959 0
    endloop
  endfacet
  facet normal 0.382701 -0.923872 0
    outer loop
      vertex 15.6996 -5.23081 0
      vertex 16.4969 -4.90054 1.2
      vertex 15.6996 -5.23081 1.2
    endloop
  endfacet
  facet normal 0.382701 -0.923872 0
    outer loop
      vertex 16.4969 -4.90054 1.2
      vertex 15.6996 -5.23081 0
      vertex 16.4969 -4.90054 0
    endloop
  endfacet
  facet normal 0.852662 -0.522463 0
    outer loop
      vertex 18.4496 -3.23282 1.2
      vertex 18.9005 -2.49695 0
      vertex 18.9005 -2.49695 1.2
    endloop
  endfacet
  facet normal 0.852662 -0.522463 0
    outer loop
      vertex 18.9005 -2.49695 0
      vertex 18.4496 -3.23282 1.2
      vertex 18.4496 -3.23282 0
    endloop
  endfacet
  facet normal -0.649426 0.760425 0
    outer loop
      vertex 10.7672 4.44959 0
      vertex 10.1109 3.88909 1.2
      vertex 10.7672 4.44959 1.2
    endloop
  endfacet
  facet normal -0.649426 0.760425 0
    outer loop
      vertex 10.1109 3.88909 1.2
      vertex 10.7672 4.44959 0
      vertex 10.1109 3.88909 0
    endloop
  endfacet
  facet normal -0.382701 0.923872 0
    outer loop
      vertex 12.3004 5.23081 0
      vertex 11.5031 4.90054 1.2
      vertex 12.3004 5.23081 1.2
    endloop
  endfacet
  facet normal -0.382701 0.923872 0
    outer loop
      vertex 11.5031 4.90054 1.2
      vertex 12.3004 5.23081 0
      vertex 11.5031 4.90054 0
    endloop
  endfacet
  facet normal 0.76041 -0.649443 0
    outer loop
      vertex 17.8891 -3.88909 1.2
      vertex 18.4496 -3.23282 0
      vertex 18.4496 -3.23282 1.2
    endloop
  endfacet
  facet normal 0.76041 -0.649443 0
    outer loop
      vertex 18.4496 -3.23282 0
      vertex 17.8891 -3.88909 1.2
      vertex 17.8891 -3.88909 0
    endloop
  endfacet
  facet normal 0.996919 -0.0784429 0
    outer loop
      vertex 19.4323 -0.860389 1.2
      vertex 19.5 0 0
      vertex 19.5 0 1.2
    endloop
  endfacet
  facet normal 0.996919 -0.0784429 0
    outer loop
      vertex 19.5 0 0
      vertex 19.4323 -0.860389 1.2
      vertex 19.4323 -0.860389 0
    endloop
  endfacet
  facet normal 0.92387 -0.382706 0
    outer loop
      vertex 18.9005 -2.49695 1.2
      vertex 19.2308 -1.69959 0
      vertex 19.2308 -1.69959 1.2
    endloop
  endfacet
  facet normal 0.92387 -0.382706 0
    outer loop
      vertex 19.2308 -1.69959 0
      vertex 18.9005 -2.49695 1.2
      vertex 18.9005 -2.49695 0
    endloop
  endfacet
  facet normal -0.923883 -0.382676 0
    outer loop
      vertex 9.09946 -2.49695 0
      vertex 8.76919 -1.69959 1.2
      vertex 8.76919 -1.69959 0
    endloop
  endfacet
  facet normal -0.923883 -0.382676 0
    outer loop
      vertex 8.76919 -1.69959 1.2
      vertex 9.09946 -2.49695 0
      vertex 9.09946 -2.49695 1.2
    endloop
  endfacet
  facet normal -0.996918 0.0784544 0
    outer loop
      vertex 8.5 0 0
      vertex 8.56771 0.860389 1.2
      vertex 8.56771 0.860389 0
    endloop
  endfacet
  facet normal -0.996918 0.0784544 0
    outer loop
      vertex 8.56771 0.860389 1.2
      vertex 8.5 0 0
      vertex 8.5 0 1.2
    endloop
  endfacet
  facet normal -0.972368 0.233452 0
    outer loop
      vertex 8.56771 0.860389 0
      vertex 8.76919 1.69959 1.2
      vertex 8.76919 1.69959 0
    endloop
  endfacet
  facet normal -0.972368 0.233452 0
    outer loop
      vertex 8.76919 1.69959 1.2
      vertex 8.56771 0.860389 0
      vertex 8.56771 0.860389 1.2
    endloop
  endfacet
  facet normal 0.233452 0.972368 -0
    outer loop
      vertex 15.6996 5.23081 0
      vertex 14.8604 5.43229 1.2
      vertex 15.6996 5.23081 1.2
    endloop
  endfacet
  facet normal 0.233452 0.972368 0
    outer loop
      vertex 14.8604 5.43229 1.2
      vertex 15.6996 5.23081 0
      vertex 14.8604 5.43229 0
    endloop
  endfacet
  facet normal -0.0784534 0.996918 0
    outer loop
      vertex 14 5.5 0
      vertex 13.1396 5.43229 1.2
      vertex 14 5.5 1.2
    endloop
  endfacet
  facet normal -0.0784534 0.996918 0
    outer loop
      vertex 13.1396 5.43229 1.2
      vertex 14 5.5 0
      vertex 13.1396 5.43229 0
    endloop
  endfacet
  facet normal -0.760416 -0.649436 0
    outer loop
      vertex 10.1109 -3.88909 0
      vertex 9.55041 -3.23282 1.2
      vertex 9.55041 -3.23282 0
    endloop
  endfacet
  facet normal -0.760416 -0.649436 0
    outer loop
      vertex 9.55041 -3.23282 1.2
      vertex 10.1109 -3.88909 0
      vertex 10.1109 -3.88909 1.2
    endloop
  endfacet
  facet normal -0.233452 -0.972368 0
    outer loop
      vertex 12.3004 -5.23081 0
      vertex 13.1396 -5.43229 1.2
      vertex 12.3004 -5.23081 1.2
    endloop
  endfacet
  facet normal -0.233452 -0.972368 -0
    outer loop
      vertex 13.1396 -5.43229 1.2
      vertex 12.3004 -5.23081 0
      vertex 13.1396 -5.43229 0
    endloop
  endfacet
  facet normal -0.649426 -0.760425 0
    outer loop
      vertex 10.1109 -3.88909 0
      vertex 10.7672 -4.44959 1.2
      vertex 10.1109 -3.88909 1.2
    endloop
  endfacet
  facet normal -0.649426 -0.760425 -0
    outer loop
      vertex 10.7672 -4.44959 1.2
      vertex 10.1109 -3.88909 0
      vertex 10.7672 -4.44959 0
    endloop
  endfacet
  facet normal 0.852662 0.522463 0
    outer loop
      vertex 18.9005 2.49695 1.2
      vertex 18.4496 3.23282 0
      vertex 18.4496 3.23282 1.2
    endloop
  endfacet
  facet normal 0.852662 0.522463 0
    outer loop
      vertex 18.4496 3.23282 0
      vertex 18.9005 2.49695 1.2
      vertex 18.9005 2.49695 0
    endloop
  endfacet
  facet normal -0.923883 0.382676 0
    outer loop
      vertex 8.76919 1.69959 0
      vertex 9.09946 2.49695 1.2
      vertex 9.09946 2.49695 0
    endloop
  endfacet
  facet normal -0.923883 0.382676 0
    outer loop
      vertex 9.09946 2.49695 1.2
      vertex 8.76919 1.69959 0
      vertex 8.76919 1.69959 1.2
    endloop
  endfacet
  facet normal -0.52249 0.852645 0
    outer loop
      vertex 11.5031 4.90054 0
      vertex 10.7672 4.44959 1.2
      vertex 11.5031 4.90054 1.2
    endloop
  endfacet
  facet normal -0.52249 0.852645 0
    outer loop
      vertex 10.7672 4.44959 1.2
      vertex 11.5031 4.90054 0
      vertex 10.7672 4.44959 0
    endloop
  endfacet
  facet normal -0.0784534 -0.996918 0
    outer loop
      vertex 13.1396 -5.43229 0
      vertex 14 -5.5 1.2
      vertex 13.1396 -5.43229 1.2
    endloop
  endfacet
  facet normal -0.0784534 -0.996918 -0
    outer loop
      vertex 14 -5.5 1.2
      vertex 13.1396 -5.43229 0
      vertex 14 -5.5 0
    endloop
  endfacet
  facet normal 0.52249 0.852645 -0
    outer loop
      vertex 17.2328 4.44959 0
      vertex 16.4969 4.90054 1.2
      vertex 17.2328 4.44959 1.2
    endloop
  endfacet
  facet normal 0.52249 0.852645 0
    outer loop
      vertex 16.4969 4.90054 1.2
      vertex 17.2328 4.44959 0
      vertex 16.4969 4.90054 0
    endloop
  endfacet
  facet normal 0.52249 -0.852645 0
    outer loop
      vertex 16.4969 -4.90054 0
      vertex 17.2328 -4.44959 1.2
      vertex 16.4969 -4.90054 1.2
    endloop
  endfacet
  facet normal 0.52249 -0.852645 0
    outer loop
      vertex 17.2328 -4.44959 1.2
      vertex 16.4969 -4.90054 0
      vertex 17.2328 -4.44959 0
    endloop
  endfacet
  facet normal -0.760416 0.649436 0
    outer loop
      vertex 9.55041 3.23282 0
      vertex 10.1109 3.88909 1.2
      vertex 10.1109 3.88909 0
    endloop
  endfacet
  facet normal -0.760416 0.649436 0
    outer loop
      vertex 10.1109 3.88909 1.2
      vertex 9.55041 3.23282 0
      vertex 9.55041 3.23282 1.2
    endloop
  endfacet
  facet normal -0.233452 0.972368 0
    outer loop
      vertex 13.1396 5.43229 0
      vertex 12.3004 5.23081 1.2
      vertex 13.1396 5.43229 1.2
    endloop
  endfacet
  facet normal -0.233452 0.972368 0
    outer loop
      vertex 12.3004 5.23081 1.2
      vertex 13.1396 5.43229 0
      vertex 12.3004 5.23081 0
    endloop
  endfacet
  facet normal -0.52249 -0.852645 0
    outer loop
      vertex 10.7672 -4.44959 0
      vertex 11.5031 -4.90054 1.2
      vertex 10.7672 -4.44959 1.2
    endloop
  endfacet
  facet normal -0.52249 -0.852645 -0
    outer loop
      vertex 11.5031 -4.90054 1.2
      vertex 10.7672 -4.44959 0
      vertex 11.5031 -4.90054 0
    endloop
  endfacet
  facet normal 0.76041 0.649443 0
    outer loop
      vertex 18.4496 3.23282 1.2
      vertex 17.8891 3.88909 0
      vertex 17.8891 3.88909 1.2
    endloop
  endfacet
  facet normal 0.76041 0.649443 0
    outer loop
      vertex 17.8891 3.88909 0
      vertex 18.4496 3.23282 1.2
      vertex 18.4496 3.23282 0
    endloop
  endfacet
  facet normal 0.649426 0.760425 -0
    outer loop
      vertex 17.8891 3.88909 0
      vertex 17.2328 4.44959 1.2
      vertex 17.8891 3.88909 1.2
    endloop
  endfacet
  facet normal 0.649426 0.760425 0
    outer loop
      vertex 17.2328 4.44959 1.2
      vertex 17.8891 3.88909 0
      vertex 17.2328 4.44959 0
    endloop
  endfacet
  facet normal 0 0 1
    outer loop
      vertex 18 0 1.2
      vertex 19.5 0 1.2
      vertex 19.4323 0.860389 1.2
    endloop
  endfacet
  facet normal 0 0 1
    outer loop
      vertex 17.9508 0.625737 1.2
      vertex 19.4323 0.860389 1.2
      vertex 19.2308 1.69959 1.2
    endloop
  endfacet
  facet normal 0 0 1
    outer loop
      vertex 19.5 0 1.2
      vertex 18 0 1.2
      vertex 19.4323 -0.860389 1.2
    endloop
  endfacet
  facet normal 0 0 1
    outer loop
      vertex 17.8042 1.23607 1.2
      vertex 19.2308 1.69959 1.2
      vertex 18.9005 2.49695 1.2
    endloop
  endfacet
  facet normal -0 0 1
    outer loop
      vertex 17.9508 -0.625737 1.2
      vertex 19.4323 -0.860389 1.2
      vertex 18 0 1.2
    endloop
  endfacet
  facet normal 0 0 1
    outer loop
      vertex 17.564 1.81596 1.2
      vertex 18.9005 2.49695 1.2
      vertex 18.4496 3.23282 1.2
    endloop
  endfacet
  facet normal 0 0 1
    outer loop
      vertex 19.4323 -0.860389 1.2
      vertex 17.9508 -0.625737 1.2
      vertex 19.2308 -1.69959 1.2
    endloop
  endfacet
  facet normal -0 0 1
    outer loop
      vertex 17.8042 -1.23607 1.2
      vertex 19.2308 -1.69959 1.2
      vertex 17.9508 -0.625737 1.2
    endloop
  endfacet
  facet normal 0 0 1
    outer loop
      vertex 19.4323 0.860389 1.2
      vertex 17.9508 0.625737 1.2
      vertex 18 0 1.2
    endloop
  endfacet
  facet normal 0 0 1
    outer loop
      vertex 17.2361 2.35114 1.2
      vertex 18.4496 3.23282 1.2
      vertex 17.8891 3.88909 1.2
    endloop
  endfacet
  facet normal 0 0 1
    outer loop
      vertex 19.2308 1.69959 1.2
      vertex 17.8042 1.23607 1.2
      vertex 17.9508 0.625737 1.2
    endloop
  endfacet
  facet normal 0 0 1
    outer loop
      vertex 18.9005 2.49695 1.2
      vertex 17.564 1.81596 1.2
      vertex 17.8042 1.23607 1.2
    endloop
  endfacet
  facet normal 0 0 1
    outer loop
      vertex 18.4496 3.23282 1.2
      vertex 17.2361 2.35114 1.2
      vertex 17.564 1.81596 1.2
    endloop
  endfacet
  facet normal 0 0 1
    outer loop
      vertex 16.8284 2.82843 1.2
      vertex 17.8891 3.88909 1.2
      vertex 17.2328 4.44959 1.2
    endloop
  endfacet
  facet normal 0 0 1
    outer loop
      vertex 17.8891 3.88909 1.2
      vertex 16.8284 2.82843 1.2
      vertex 17.2361 2.35114 1.2
    endloop
  endfacet
  facet normal 0 0 1
    outer loop
      vertex 16.3511 3.23607 1.2
      vertex 17.2328 4.44959 1.2
      vertex 16.4969 4.90054 1.2
    endloop
  endfacet
  facet normal 0 0 1
    outer loop
      vertex 17.2328 4.44959 1.2
      vertex 16.3511 3.23607 1.2
      vertex 16.8284 2.82843 1.2
    endloop
  endfacet
  facet normal 0 0 1
    outer loop
      vertex 16.4969 4.90054 1.2
      vertex 15.816 3.56403 1.2
      vertex 16.3511 3.23607 1.2
    endloop
  endfacet
  facet normal 0 0 1
    outer loop
      vertex 15.6996 5.23081 1.2
      vertex 15.816 3.56403 1.2
      vertex 16.4969 4.90054 1.2
    endloop
  endfacet
  facet normal 0 0 1
    outer loop
      vertex 15.6996 5.23081 1.2
      vertex 15.2361 3.80423 1.2
      vertex 15.816 3.56403 1.2
    endloop
  endfacet
  facet normal 0 0 1
    outer loop
      vertex 14.8604 5.43229 1.2
      vertex 15.2361 3.80423 1.2
      vertex 15.6996 5.23081 1.2
    endloop
  endfacet
  facet normal 0 0 1
    outer loop
      vertex 14.8604 5.43229 1.2
      vertex 14.6257 3.95075 1.2
      vertex 15.2361 3.80423 1.2
    endloop
  endfacet
  facet normal 0 0 1
    outer loop
      vertex 14 5.5 1.2
      vertex 14.6257 3.95075 1.2
      vertex 14.8604 5.43229 1.2
    endloop
  endfacet
  facet normal 0 0 1
    outer loop
      vertex 14 5.5 1.2
      vertex 14 4 1.2
      vertex 14.6257 3.95075 1.2
    endloop
  endfacet
  facet normal 0 0 1
    outer loop
      vertex 14 5.5 1.2
      vertex 13.3743 3.95075 1.2
      vertex 14 4 1.2
    endloop
  endfacet
  facet normal -0 0 1
    outer loop
      vertex 13.1396 5.43229 1.2
      vertex 13.3743 3.95075 1.2
      vertex 14 5.5 1.2
    endloop
  endfacet
  facet normal 0 0 1
    outer loop
      vertex 13.1396 5.43229 1.2
      vertex 12.7639 3.80423 1.2
      vertex 13.3743 3.95075 1.2
    endloop
  endfacet
  facet normal -0 0 1
    outer loop
      vertex 12.3004 5.23081 1.2
      vertex 12.7639 3.80423 1.2
      vertex 13.1396 5.43229 1.2
    endloop
  endfacet
  facet normal 0 0 1
    outer loop
      vertex 12.3004 5.23081 1.2
      vertex 12.184 3.56403 1.2
      vertex 12.7639 3.80423 1.2
    endloop
  endfacet
  facet normal -0 0 1
    outer loop
      vertex 11.5031 4.90054 1.2
      vertex 12.184 3.56403 1.2
      vertex 12.3004 5.23081 1.2
    endloop
  endfacet
  facet normal 0 0 1
    outer loop
      vertex 12.184 3.56403 1.2
      vertex 11.5031 4.90054 1.2
      vertex 11.6489 3.23607 1.2
    endloop
  endfacet
  facet normal -0 0 1
    outer loop
      vertex 10.7672 4.44959 1.2
      vertex 11.6489 3.23607 1.2
      vertex 11.5031 4.90054 1.2
    endloop
  endfacet
  facet normal 0 0 1
    outer loop
      vertex 11.6489 3.23607 1.2
      vertex 10.7672 4.44959 1.2
      vertex 11.1716 2.82843 1.2
    endloop
  endfacet
  facet normal -0 0 1
    outer loop
      vertex 10.1109 3.88909 1.2
      vertex 11.1716 2.82843 1.2
      vertex 10.7672 4.44959 1.2
    endloop
  endfacet
  facet normal 0 0 1
    outer loop
      vertex 11.1716 2.82843 1.2
      vertex 10.1109 3.88909 1.2
      vertex 10.7639 2.35114 1.2
    endloop
  endfacet
  facet normal -0 0 1
    outer loop
      vertex 9.55041 3.23282 1.2
      vertex 10.7639 2.35114 1.2
      vertex 10.1109 3.88909 1.2
    endloop
  endfacet
  facet normal 0 0 1
    outer loop
      vertex 10.7639 2.35114 1.2
      vertex 9.55041 3.23282 1.2
      vertex 10.436 1.81596 1.2
    endloop
  endfacet
  facet normal -0 0 1
    outer loop
      vertex 9.09946 2.49695 1.2
      vertex 10.436 1.81596 1.2
      vertex 9.55041 3.23282 1.2
    endloop
  endfacet
  facet normal 0 0 1
    outer loop
      vertex 10.436 1.81596 1.2
      vertex 9.09946 2.49695 1.2
      vertex 10.1958 1.23607 1.2
    endloop
  endfacet
  facet normal -0 0 1
    outer loop
      vertex 8.76919 1.69959 1.2
      vertex 10.1958 1.23607 1.2
      vertex 9.09946 2.49695 1.2
    endloop
  endfacet
  facet normal 0 0 1
    outer loop
      vertex 19.2308 -1.69959 1.2
      vertex 17.8042 -1.23607 1.2
      vertex 18.9005 -2.49695 1.2
    endloop
  endfacet
  facet normal -0 0 1
    outer loop
      vertex 17.564 -1.81596 1.2
      vertex 18.9005 -2.49695 1.2
      vertex 17.8042 -1.23607 1.2
    endloop
  endfacet
  facet normal 0 0 1
    outer loop
      vertex 18.9005 -2.49695 1.2
      vertex 17.564 -1.81596 1.2
      vertex 18.4496 -3.23282 1.2
    endloop
  endfacet
  facet normal -0 0 1
    outer loop
      vertex 17.2361 -2.35114 1.2
      vertex 18.4496 -3.23282 1.2
      vertex 17.564 -1.81596 1.2
    endloop
  endfacet
  facet normal 0 0 1
    outer loop
      vertex 18.4496 -3.23282 1.2
      vertex 17.2361 -2.35114 1.2
      vertex 17.8891 -3.88909 1.2
    endloop
  endfacet
  facet normal -0 0 1
    outer loop
      vertex 16.8284 -2.82843 1.2
      vertex 17.8891 -3.88909 1.2
      vertex 17.2361 -2.35114 1.2
    endloop
  endfacet
  facet normal 0 0 1
    outer loop
      vertex 17.8891 -3.88909 1.2
      vertex 16.8284 -2.82843 1.2
      vertex 17.2328 -4.44959 1.2
    endloop
  endfacet
  facet normal -0 0 1
    outer loop
      vertex 16.3511 -3.23607 1.2
      vertex 17.2328 -4.44959 1.2
      vertex 16.8284 -2.82843 1.2
    endloop
  endfacet
  facet normal 0 0 1
    outer loop
      vertex 17.2328 -4.44959 1.2
      vertex 16.3511 -3.23607 1.2
      vertex 16.4969 -4.90054 1.2
    endloop
  endfacet
  facet normal -0 0 1
    outer loop
      vertex 15.816 -3.56403 1.2
      vertex 16.4969 -4.90054 1.2
      vertex 16.3511 -3.23607 1.2
    endloop
  endfacet
  facet normal 0 0 1
    outer loop
      vertex 15.816 -3.56403 1.2
      vertex 15.6996 -5.23081 1.2
      vertex 16.4969 -4.90054 1.2
    endloop
  endfacet
  facet normal -0 0 1
    outer loop
      vertex 15.2361 -3.80423 1.2
      vertex 15.6996 -5.23081 1.2
      vertex 15.816 -3.56403 1.2
    endloop
  endfacet
  facet normal 0 0 1
    outer loop
      vertex 15.2361 -3.80423 1.2
      vertex 14.8604 -5.43229 1.2
      vertex 15.6996 -5.23081 1.2
    endloop
  endfacet
  facet normal -0 0 1
    outer loop
      vertex 14.6257 -3.95075 1.2
      vertex 14.8604 -5.43229 1.2
      vertex 15.2361 -3.80423 1.2
    endloop
  endfacet
  facet normal -0 0 1
    outer loop
      vertex 14 -4 1.2
      vertex 14.8604 -5.43229 1.2
      vertex 14.6257 -3.95075 1.2
    endloop
  endfacet
  facet normal 0 0 1
    outer loop
      vertex 14 -4 1.2
      vertex 14 -5.5 1.2
      vertex 14.8604 -5.43229 1.2
    endloop
  endfacet
  facet normal 0 0 1
    outer loop
      vertex 13.3743 -3.95075 1.2
      vertex 14 -5.5 1.2
      vertex 14 -4 1.2
    endloop
  endfacet
  facet normal 0 0 1
    outer loop
      vertex 13.3743 -3.95075 1.2
      vertex 13.1396 -5.43229 1.2
      vertex 14 -5.5 1.2
    endloop
  endfacet
  facet normal 0 0 1
    outer loop
      vertex 12.7639 -3.80423 1.2
      vertex 13.1396 -5.43229 1.2
      vertex 13.3743 -3.95075 1.2
    endloop
  endfacet
  facet normal 0 0 1
    outer loop
      vertex 12.7639 -3.80423 1.2
      vertex 12.3004 -5.23081 1.2
      vertex 13.1396 -5.43229 1.2
    endloop
  endfacet
  facet normal 0 0 1
    outer loop
      vertex 12.184 -3.56403 1.2
      vertex 12.3004 -5.23081 1.2
      vertex 12.7639 -3.80423 1.2
    endloop
  endfacet
  facet normal 0 0 1
    outer loop
      vertex 11.5031 -4.90054 1.2
      vertex 12.184 -3.56403 1.2
      vertex 11.6489 -3.23607 1.2
    endloop
  endfacet
  facet normal 0 0 1
    outer loop
      vertex 12.184 -3.56403 1.2
      vertex 11.5031 -4.90054 1.2
      vertex 12.3004 -5.23081 1.2
    endloop
  endfacet
  facet normal 0 0 1
    outer loop
      vertex 10.7672 -4.44959 1.2
      vertex 11.6489 -3.23607 1.2
      vertex 11.1716 -2.82843 1.2
    endloop
  endfacet
  facet normal 0 0 1
    outer loop
      vertex 11.6489 -3.23607 1.2
      vertex 10.7672 -4.44959 1.2
      vertex 11.5031 -4.90054 1.2
    endloop
  endfacet
  facet normal 0 0 1
    outer loop
      vertex 10.1109 -3.88909 1.2
      vertex 11.1716 -2.82843 1.2
      vertex 10.7639 -2.35114 1.2
    endloop
  endfacet
  facet normal 0 0 1
    outer loop
      vertex 9.55041 -3.23282 1.2
      vertex 10.7639 -2.35114 1.2
      vertex 10.436 -1.81596 1.2
    endloop
  endfacet
  facet normal 0 0 1
    outer loop
      vertex 9.09946 -2.49695 1.2
      vertex 10.436 -1.81596 1.2
      vertex 10.1958 -1.23607 1.2
    endloop
  endfacet
  facet normal 0 0 1
    outer loop
      vertex 11.1716 -2.82843 1.2
      vertex 10.1109 -3.88909 1.2
      vertex 10.7672 -4.44959 1.2
    endloop
  endfacet
  facet normal 0 0 1
    outer loop
      vertex 8.76919 -1.69959 1.2
      vertex 10.1958 -1.23607 1.2
      vertex 10.0492 -0.625737 1.2
    endloop
  endfacet
  facet normal 0 0 1
    outer loop
      vertex 8.56771 -0.860389 1.2
      vertex 10.0492 -0.625737 1.2
      vertex 10 0 1.2
    endloop
  endfacet
  facet normal 0 0 1
    outer loop
      vertex 10.1958 1.23607 1.2
      vertex 8.76919 1.69959 1.2
      vertex 10.0492 0.625737 1.2
    endloop
  endfacet
  facet normal 0 0 1
    outer loop
      vertex 10.7639 -2.35114 1.2
      vertex 9.55041 -3.23282 1.2
      vertex 10.1109 -3.88909 1.2
    endloop
  endfacet
  facet normal -0 0 1
    outer loop
      vertex 8.56771 0.860389 1.2
      vertex 10.0492 0.625737 1.2
      vertex 8.76919 1.69959 1.2
    endloop
  endfacet
  facet normal 0 0 1
    outer loop
      vertex 10.436 -1.81596 1.2
      vertex 9.09946 -2.49695 1.2
      vertex 9.55041 -3.23282 1.2
    endloop
  endfacet
  facet normal 0 0 1
    outer loop
      vertex 10.0492 0.625737 1.2
      vertex 8.56771 0.860389 1.2
      vertex 10 0 1.2
    endloop
  endfacet
  facet normal 0 0 1
    outer loop
      vertex 10.1958 -1.23607 1.2
      vertex 8.76919 -1.69959 1.2
      vertex 9.09946 -2.49695 1.2
    endloop
  endfacet
  facet normal 0 0 1
    outer loop
      vertex 8.5 0 1.2
      vertex 10 0 1.2
      vertex 8.56771 0.860389 1.2
    endloop
  endfacet
  facet normal 0 0 1
    outer loop
      vertex 10.0492 -0.625737 1.2
      vertex 8.56771 -0.860389 1.2
      vertex 8.76919 -1.69959 1.2
    endloop
  endfacet
  facet normal 0 0 1
    outer loop
      vertex 10 0 1.2
      vertex 8.5 0 1.2
      vertex 8.56771 -0.860389 1.2
    endloop
  endfacet
  facet normal 0.0784534 -0.996918 0
    outer loop
      vertex 14 -5.5 0
      vertex 14.8604 -5.43229 1.2
      vertex 14 -5.5 1.2
    endloop
  endfacet
  facet normal 0.0784534 -0.996918 0
    outer loop
      vertex 14.8604 -5.43229 1.2
      vertex 14 -5.5 0
      vertex 14.8604 -5.43229 0
    endloop
  endfacet
  facet normal -0.852636 -0.522506 0
    outer loop
      vertex 9.55041 -3.23282 0
      vertex 9.09946 -2.49695 1.2
      vertex 9.09946 -2.49695 0
    endloop
  endfacet
  facet normal -0.852636 -0.522506 0
    outer loop
      vertex 9.09946 -2.49695 1.2
      vertex 9.55041 -3.23282 0
      vertex 9.55041 -3.23282 1.2
    endloop
  endfacet
  facet normal 0.233452 -0.972368 0
    outer loop
      vertex 14.8604 -5.43229 0
      vertex 15.6996 -5.23081 1.2
      vertex 14.8604 -5.43229 1.2
    endloop
  endfacet
  facet normal 0.233452 -0.972368 0
    outer loop
      vertex 15.6996 -5.23081 1.2
      vertex 14.8604 -5.43229 0
      vertex 15.6996 -5.23081 0
    endloop
  endfacet
  facet normal 0.649426 -0.760425 0
    outer loop
      vertex 17.2328 -4.44959 0
      vertex 17.8891 -3.88909 1.2
      vertex 17.2328 -4.44959 1.2
    endloop
  endfacet
  facet normal 0.649426 -0.760425 0
    outer loop
      vertex 17.8891 -3.88909 1.2
      vertex 17.2328 -4.44959 0
      vertex 17.8891 -3.88909 0
    endloop
  endfacet
  facet normal -0.996918 -0.0784544 0
    outer loop
      vertex 8.56771 -0.860389 0
      vertex 8.5 0 1.2
      vertex 8.5 0 0
    endloop
  endfacet
  facet normal -0.996918 -0.0784544 0
    outer loop
      vertex 8.5 0 1.2
      vertex 8.56771 -0.860389 0
      vertex 8.56771 -0.860389 1.2
    endloop
  endfacet
  facet normal 0.972363 -0.233473 0
    outer loop
      vertex 19.2308 -1.69959 1.2
      vertex 19.4323 -0.860389 0
      vertex 19.4323 -0.860389 1.2
    endloop
  endfacet
  facet normal 0.972363 -0.233473 0
    outer loop
      vertex 19.4323 -0.860389 0
      vertex 19.2308 -1.69959 1.2
      vertex 19.2308 -1.69959 0
    endloop
  endfacet
  facet normal 0.382701 0.923872 -0
    outer loop
      vertex 16.4969 4.90054 0
      vertex 15.6996 5.23081 1.2
      vertex 16.4969 4.90054 1.2
    endloop
  endfacet
  facet normal 0.382701 0.923872 0
    outer loop
      vertex 15.6996 5.23081 1.2
      vertex 16.4969 4.90054 0
      vertex 15.6996 5.23081 0
    endloop
  endfacet
  facet normal -0.382701 -0.923872 0
    outer loop
      vertex 11.5031 -4.90054 0
      vertex 12.3004 -5.23081 1.2
      vertex 11.5031 -4.90054 1.2
    endloop
  endfacet
  facet normal -0.382701 -0.923872 -0
    outer loop
      vertex 12.3004 -5.23081 1.2
      vertex 11.5031 -4.90054 0
      vertex 12.3004 -5.23081 0
    endloop
  endfacet
  facet normal 0.0784534 0.996918 -0
    outer loop
      vertex 14.8604 5.43229 0
      vertex 14 5.5 1.2
      vertex 14.8604 5.43229 1.2
    endloop
  endfacet
  facet normal 0.0784534 0.996918 0
    outer loop
      vertex 14 5.5 1.2
      vertex 14.8604 5.43229 0
      vertex 14 5.5 0
    endloop
  endfacet
  facet normal -0.852636 0.522506 0
    outer loop
      vertex 9.09946 2.49695 0
      vertex 9.55041 3.23282 1.2
      vertex 9.55041 3.23282 0
    endloop
  endfacet
  facet normal -0.852636 0.522506 0
    outer loop
      vertex 9.55041 3.23282 1.2
      vertex 9.09946 2.49695 0
      vertex 9.09946 2.49695 1.2
    endloop
  endfacet
  facet normal -1 0 0
    outer loop
      vertex 16.5 -0.5 4.2
      vertex 16.5 0.5 4.7
      vertex 16.5 0.5 4.2
    endloop
  endfacet
  facet normal -1 -0 0
    outer loop
      vertex 16.5 0.5 4.7
      vertex 16.5 -0.5 4.2
      vertex 16.5 -0.5 4.7
    endloop
  endfacet
  facet normal -0 0 1
    outer loop
      vertex 11.5 0.5 4.2
      vertex 13.5 -0.5 4.2
      vertex 13.5 0.5 4.2
    endloop
  endfacet
  facet normal 0 0 1
    outer loop
      vertex 13.5 -0.5 4.2
      vertex 11.5 0.5 4.2
      vertex 11.5 -0.5 4.2
    endloop
  endfacet
  facet normal 0 0 1
    outer loop
      vertex 13.5 0.5 4.2
      vertex 14.5 0.5 4.2
      vertex 14.5 2.5 4.2
    endloop
  endfacet
  facet normal 0 0 1
    outer loop
      vertex 14.5 0.5 4.2
      vertex 13.5 0.5 4.2
      vertex 14.5 -0.5 4.2
    endloop
  endfacet
  facet normal 0 0 1
    outer loop
      vertex 13.5 0.5 4.2
      vertex 14.5 2.5 4.2
      vertex 13.5 2.5 4.2
    endloop
  endfacet
  facet normal 0 0 1
    outer loop
      vertex 13.5 -0.5 4.2
      vertex 14.5 -0.5 4.2
      vertex 13.5 0.5 4.2
    endloop
  endfacet
  facet normal 0 0 1
    outer loop
      vertex 14.5 -0.5 4.2
      vertex 13.5 -0.5 4.2
      vertex 14.5 -2.5 4.2
    endloop
  endfacet
  facet normal 0 0 1
    outer loop
      vertex 14.5 -2.5 4.2
      vertex 13.5 -0.5 4.2
      vertex 13.5 -2.5 4.2
    endloop
  endfacet
  facet normal -0 0 1
    outer loop
      vertex 14.5 0.5 4.2
      vertex 16.5 -0.5 4.2
      vertex 16.5 0.5 4.2
    endloop
  endfacet
  facet normal 0 0 1
    outer loop
      vertex 16.5 -0.5 4.2
      vertex 14.5 0.5 4.2
      vertex 14.5 -0.5 4.2
    endloop
  endfacet
  facet normal 1 -0 0
    outer loop
      vertex 11.5 -0.5 4.7
      vertex 11.5 0.5 4.2
      vertex 11.5 0.5 4.7
    endloop
  endfacet
  facet normal 1 0 0
    outer loop
      vertex 11.5 0.5 4.2
      vertex 11.5 -0.5 4.7
      vertex 11.5 -0.5 4.2
    endloop
  endfacet
  facet normal 0 -1 0
    outer loop
      vertex 11.5 0.5 4.2
      vertex 13.5 0.5 4.7
      vertex 11.5 0.5 4.7
    endloop
  endfacet
  facet normal 0 -1 -0
    outer loop
      vertex 13.5 0.5 4.7
      vertex 11.5 0.5 4.2
      vertex 13.5 0.5 4.2
    endloop
  endfacet
  facet normal 0 -1 0
    outer loop
      vertex 14.5 0.5 4.2
      vertex 16.5 0.5 4.7
      vertex 14.5 0.5 4.7
    endloop
  endfacet
  facet normal 0 -1 -0
    outer loop
      vertex 16.5 0.5 4.7
      vertex 14.5 0.5 4.2
      vertex 16.5 0.5 4.2
    endloop
  endfacet
  facet normal 0 1 -0
    outer loop
      vertex 13.5 -0.5 4.2
      vertex 11.5 -0.5 4.7
      vertex 13.5 -0.5 4.7
    endloop
  endfacet
  facet normal 0 1 0
    outer loop
      vertex 11.5 -0.5 4.7
      vertex 13.5 -0.5 4.2
      vertex 11.5 -0.5 4.2
    endloop
  endfacet
  facet normal 0 1 -0
    outer loop
      vertex 16.5 -0.5 4.2
      vertex 14.5 -0.5 4.7
      vertex 16.5 -0.5 4.7
    endloop
  endfacet
  facet normal 0 1 0
    outer loop
      vertex 14.5 -0.5 4.7
      vertex 16.5 -0.5 4.2
      vertex 14.5 -0.5 4.2
    endloop
  endfacet
  facet normal -1 0 0
    outer loop
      vertex 14.5 0.5 4.2
      vertex 14.5 2.5 4.7
      vertex 14.5 2.5 4.2
    endloop
  endfacet
  facet normal -1 -0 0
    outer loop
      vertex 14.5 2.5 4.7
      vertex 14.5 0.5 4.2
      vertex 14.5 0.5 4.7
    endloop
  endfacet
  facet normal -1 0 0
    outer loop
      vertex 14.5 -2.5 4.2
      vertex 14.5 -0.5 4.7
      vertex 14.5 -0.5 4.2
    endloop
  endfacet
  facet normal -1 -0 0
    outer loop
      vertex 14.5 -0.5 4.7
      vertex 14.5 -2.5 4.2
      vertex 14.5 -2.5 4.7
    endloop
  endfacet
  facet normal 1 -0 0
    outer loop
      vertex 13.5 0.5 4.7
      vertex 13.5 2.5 4.2
      vertex 13.5 2.5 4.7
    endloop
  endfacet
  facet normal 1 0 0
    outer loop
      vertex 13.5 2.5 4.2
      vertex 13.5 0.5 4.7
      vertex 13.5 0.5 4.2
    endloop
  endfacet
  facet normal 1 -0 0
    outer loop
      vertex 13.5 -2.5 4.7
      vertex 13.5 -0.5 4.2
      vertex 13.5 -0.5 4.7
    endloop
  endfacet
  facet normal 1 0 0
    outer loop
      vertex 13.5 -0.5 4.2
      vertex 13.5 -2.5 4.7
      vertex 13.5 -2.5 4.2
    endloop
  endfacet
  facet normal 0 -1 0
    outer loop
      vertex 13.5 2.5 4.2
      vertex 14.5 2.5 4.7
      vertex 13.5 2.5 4.7
    endloop
  endfacet
  facet normal 0 -1 -0
    outer loop
      vertex 14.5 2.5 4.7
      vertex 13.5 2.5 4.2
      vertex 14.5 2.5 4.2
    endloop
  endfacet
  facet normal 0 1 -0
    outer loop
      vertex 14.5 -2.5 4.2
      vertex 13.5 -2.5 4.7
      vertex 14.5 -2.5 4.7
    endloop
  endfacet
  facet normal 0 1 0
    outer loop
      vertex 13.5 -2.5 4.7
      vertex 14.5 -2.5 4.2
      vertex 13.5 -2.5 4.2
    endloop
  endfacet
  facet normal -0.923879 0.382686 0
    outer loop
      vertex 24.1958 1.23607 1.2
      vertex 24.436 1.81596 4.7
      vertex 24.436 1.81596 1.2
    endloop
  endfacet
  facet normal -0.923879 0.382686 0
    outer loop
      vertex 24.436 1.81596 4.7
      vertex 24.1958 1.23607 1.2
      vertex 24.1958 1.23607 4.7
    endloop
  endfacet
  facet normal 0.972344 0.233554 0
    outer loop
      vertex 31.9508 0.625737 4.7
      vertex 31.8042 1.23607 1.2
      vertex 31.8042 1.23607 4.7
    endloop
  endfacet
  facet normal 0.972344 0.233554 0
    outer loop
      vertex 31.8042 1.23607 1.2
      vertex 31.9508 0.625737 4.7
      vertex 31.9508 0.625737 1.2
    endloop
  endfacet
  facet normal 0.996923 0.0783854 0
    outer loop
      vertex 32 0 4.7
      vertex 31.9508 0.625737 1.2
      vertex 31.9508 0.625737 4.7
    endloop
  endfacet
  facet normal 0.996923 0.0783854 0
    outer loop
      vertex 31.9508 0.625737 1.2
      vertex 32 0 4.7
      vertex 32 0 1.2
    endloop
  endfacet
  facet normal 0.522557 -0.852604 0
    outer loop
      vertex 29.816 -3.56403 1.2
      vertex 30.3511 -3.23607 4.7
      vertex 29.816 -3.56403 4.7
    endloop
  endfacet
  facet normal 0.522557 -0.852604 0
    outer loop
      vertex 30.3511 -3.23607 4.7
      vertex 29.816 -3.56403 1.2
      vertex 30.3511 -3.23607 1.2
    endloop
  endfacet
  facet normal 0.0784691 -0.996917 0
    outer loop
      vertex 28 -4 1.2
      vertex 28.6257 -3.95075 4.7
      vertex 28 -4 4.7
    endloop
  endfacet
  facet normal 0.0784691 -0.996917 0
    outer loop
      vertex 28.6257 -3.95075 4.7
      vertex 28 -4 1.2
      vertex 28.6257 -3.95075 1.2
    endloop
  endfacet
  facet normal 0.38268 -0.923881 0
    outer loop
      vertex 29.2361 -3.80423 1.2
      vertex 29.816 -3.56403 4.7
      vertex 29.2361 -3.80423 4.7
    endloop
  endfacet
  facet normal 0.38268 -0.923881 0
    outer loop
      vertex 29.816 -3.56403 4.7
      vertex 29.2361 -3.80423 1.2
      vertex 29.816 -3.56403 1.2
    endloop
  endfacet
  facet normal -0.38268 0.923881 0
    outer loop
      vertex 26.7639 3.80423 1.2
      vertex 26.184 3.56403 4.7
      vertex 26.7639 3.80423 4.7
    endloop
  endfacet
  facet normal -0.38268 0.923881 0
    outer loop
      vertex 26.184 3.56403 4.7
      vertex 26.7639 3.80423 1.2
      vertex 26.184 3.56403 1.2
    endloop
  endfacet
  facet normal -0.522557 0.852604 0
    outer loop
      vertex 26.184 3.56403 1.2
      vertex 25.6489 3.23607 4.7
      vertex 26.184 3.56403 4.7
    endloop
  endfacet
  facet normal -0.522557 0.852604 0
    outer loop
      vertex 25.6489 3.23607 4.7
      vertex 26.184 3.56403 1.2
      vertex 25.6489 3.23607 1.2
    endloop
  endfacet
  facet normal -0.0784691 -0.996917 0
    outer loop
      vertex 27.3743 -3.95075 1.2
      vertex 28 -4 4.7
      vertex 27.3743 -3.95075 4.7
    endloop
  endfacet
  facet normal -0.0784691 -0.996917 -0
    outer loop
      vertex 28 -4 4.7
      vertex 27.3743 -3.95075 1.2
      vertex 28 -4 1.2
    endloop
  endfacet
  facet normal -0.923879 -0.382686 0
    outer loop
      vertex 24.436 -1.81596 1.2
      vertex 24.1958 -1.23607 4.7
      vertex 24.1958 -1.23607 1.2
    endloop
  endfacet
  facet normal -0.923879 -0.382686 0
    outer loop
      vertex 24.1958 -1.23607 4.7
      vertex 24.436 -1.81596 1.2
      vertex 24.436 -1.81596 4.7
    endloop
  endfacet
  facet normal -0.233409 0.972379 0
    outer loop
      vertex 27.3743 3.95075 1.2
      vertex 26.7639 3.80423 4.7
      vertex 27.3743 3.95075 4.7
    endloop
  endfacet
  facet normal -0.233409 0.972379 0
    outer loop
      vertex 26.7639 3.80423 4.7
      vertex 27.3743 3.95075 1.2
      vertex 26.7639 3.80423 1.2
    endloop
  endfacet
  facet normal -0.972344 0.233554 0
    outer loop
      vertex 24.0492 0.625737 1.2
      vertex 24.1958 1.23607 4.7
      vertex 24.1958 1.23607 1.2
    endloop
  endfacet
  facet normal -0.972344 0.233554 0
    outer loop
      vertex 24.1958 1.23607 4.7
      vertex 24.0492 0.625737 1.2
      vertex 24.0492 0.625737 4.7
    endloop
  endfacet
  facet normal -0.0784691 0.996917 0
    outer loop
      vertex 28 4 1.2
      vertex 27.3743 3.95075 4.7
      vertex 28 4 4.7
    endloop
  endfacet
  facet normal -0.0784691 0.996917 0
    outer loop
      vertex 27.3743 3.95075 4.7
      vertex 28 4 1.2
      vertex 27.3743 3.95075 1.2
    endloop
  endfacet
  facet normal 0.923879 -0.382686 0
    outer loop
      vertex 31.564 -1.81596 4.7
      vertex 31.8042 -1.23607 1.2
      vertex 31.8042 -1.23607 4.7
    endloop
  endfacet
  facet normal 0.923879 -0.382686 0
    outer loop
      vertex 31.8042 -1.23607 1.2
      vertex 31.564 -1.81596 4.7
      vertex 31.564 -1.81596 1.2
    endloop
  endfacet
  facet normal -0.760362 -0.649499 0
    outer loop
      vertex 25.1716 -2.82843 1.2
      vertex 24.7639 -2.35114 4.7
      vertex 24.7639 -2.35114 1.2
    endloop
  endfacet
  facet normal -0.760362 -0.649499 0
    outer loop
      vertex 24.7639 -2.35114 4.7
      vertex 25.1716 -2.82843 1.2
      vertex 25.1716 -2.82843 4.7
    endloop
  endfacet
  facet normal -0.649436 0.760416 0
    outer loop
      vertex 25.6489 3.23607 1.2
      vertex 25.1716 2.82843 4.7
      vertex 25.6489 3.23607 4.7
    endloop
  endfacet
  facet normal -0.649436 0.760416 0
    outer loop
      vertex 25.1716 2.82843 4.7
      vertex 25.6489 3.23607 1.2
      vertex 25.1716 2.82843 1.2
    endloop
  endfacet
  facet normal -0.972344 -0.233554 0
    outer loop
      vertex 24.1958 -1.23607 1.2
      vertex 24.0492 -0.625737 4.7
      vertex 24.0492 -0.625737 1.2
    endloop
  endfacet
  facet normal -0.972344 -0.233554 0
    outer loop
      vertex 24.0492 -0.625737 4.7
      vertex 24.1958 -1.23607 1.2
      vertex 24.1958 -1.23607 4.7
    endloop
  endfacet
  facet normal -0.760362 0.649499 0
    outer loop
      vertex 24.7639 2.35114 1.2
      vertex 25.1716 2.82843 4.7
      vertex 25.1716 2.82843 1.2
    endloop
  endfacet
  facet normal -0.760362 0.649499 0
    outer loop
      vertex 25.1716 2.82843 4.7
      vertex 24.7639 2.35114 1.2
      vertex 24.7639 2.35114 4.7
    endloop
  endfacet
  facet normal 0.852682 -0.522431 0
    outer loop
      vertex 31.2361 -2.35114 4.7
      vertex 31.564 -1.81596 1.2
      vertex 31.564 -1.81596 4.7
    endloop
  endfacet
  facet normal 0.852682 -0.522431 0
    outer loop
      vertex 31.564 -1.81596 1.2
      vertex 31.2361 -2.35114 4.7
      vertex 31.2361 -2.35114 1.2
    endloop
  endfacet
  facet normal 0.760362 0.649499 0
    outer loop
      vertex 31.2361 2.35114 4.7
      vertex 30.8284 2.82843 1.2
      vertex 30.8284 2.82843 4.7
    endloop
  endfacet
  facet normal 0.760362 0.649499 0
    outer loop
      vertex 30.8284 2.82843 1.2
      vertex 31.2361 2.35114 4.7
      vertex 31.2361 2.35114 1.2
    endloop
  endfacet
  facet normal 0.996923 -0.0783854 0
    outer loop
      vertex 31.9508 -0.625737 4.7
      vertex 32 0 1.2
      vertex 32 0 4.7
    endloop
  endfacet
  facet normal 0.996923 -0.0783854 0
    outer loop
      vertex 32 0 1.2
      vertex 31.9508 -0.625737 4.7
      vertex 31.9508 -0.625737 1.2
    endloop
  endfacet
  facet normal -0.522557 -0.852604 0
    outer loop
      vertex 25.6489 -3.23607 1.2
      vertex 26.184 -3.56403 4.7
      vertex 25.6489 -3.23607 4.7
    endloop
  endfacet
  facet normal -0.522557 -0.852604 -0
    outer loop
      vertex 26.184 -3.56403 4.7
      vertex 25.6489 -3.23607 1.2
      vertex 26.184 -3.56403 1.2
    endloop
  endfacet
  facet normal 0 0 -1
    outer loop
      vertex 33.4323 -0.860389 0
      vertex 33.4323 0.860389 0
      vertex 33.5 0 0
    endloop
  endfacet
  facet normal 0 0 -1
    outer loop
      vertex 33.2308 -1.69959 0
      vertex 33.4323 0.860389 0
      vertex 33.4323 -0.860389 0
    endloop
  endfacet
  facet normal 0 0 -1
    outer loop
      vertex 33.2308 -1.69959 0
      vertex 33.2308 1.69959 0
      vertex 33.4323 0.860389 0
    endloop
  endfacet
  facet normal 0 0 -1
    outer loop
      vertex 32.9005 -2.49695 0
      vertex 33.2308 1.69959 0
      vertex 33.2308 -1.69959 0
    endloop
  endfacet
  facet normal 0 0 -1
    outer loop
      vertex 32.9005 -2.49695 0
      vertex 32.9005 2.49695 0
      vertex 33.2308 1.69959 0
    endloop
  endfacet
  facet normal 0 0 -1
    outer loop
      vertex 32.4496 -3.23282 0
      vertex 32.9005 2.49695 0
      vertex 32.9005 -2.49695 0
    endloop
  endfacet
  facet normal 0 0 -1
    outer loop
      vertex 32.4496 -3.23282 0
      vertex 32.4496 3.23282 0
      vertex 32.9005 2.49695 0
    endloop
  endfacet
  facet normal 0 0 -1
    outer loop
      vertex 31.8891 -3.88909 0
      vertex 32.4496 3.23282 0
      vertex 32.4496 -3.23282 0
    endloop
  endfacet
  facet normal 0 0 -1
    outer loop
      vertex 31.8891 -3.88909 0
      vertex 31.8891 3.88909 0
      vertex 32.4496 3.23282 0
    endloop
  endfacet
  facet normal 0 0 -1
    outer loop
      vertex 31.2328 -4.44959 0
      vertex 31.8891 3.88909 0
      vertex 31.8891 -3.88909 0
    endloop
  endfacet
  facet normal 0 0 -1
    outer loop
      vertex 31.2328 -4.44959 0
      vertex 31.2328 4.44959 0
      vertex 31.8891 3.88909 0
    endloop
  endfacet
  facet normal 0 0 -1
    outer loop
      vertex 30.4969 -4.90054 0
      vertex 31.2328 4.44959 0
      vertex 31.2328 -4.44959 0
    endloop
  endfacet
  facet normal 0 0 -1
    outer loop
      vertex 30.4969 -4.90054 0
      vertex 30.4969 4.90054 0
      vertex 31.2328 4.44959 0
    endloop
  endfacet
  facet normal 0 0 -1
    outer loop
      vertex 29.6996 -5.23081 0
      vertex 30.4969 4.90054 0
      vertex 30.4969 -4.90054 0
    endloop
  endfacet
  facet normal 0 0 -1
    outer loop
      vertex 29.6996 -5.23081 0
      vertex 29.6996 5.23081 0
      vertex 30.4969 4.90054 0
    endloop
  endfacet
  facet normal 0 0 -1
    outer loop
      vertex 28.8604 -5.43229 0
      vertex 29.6996 5.23081 0
      vertex 29.6996 -5.23081 0
    endloop
  endfacet
  facet normal 0 0 -1
    outer loop
      vertex 28.8604 -5.43229 0
      vertex 28.8604 5.43229 0
      vertex 29.6996 5.23081 0
    endloop
  endfacet
  facet normal 0 0 -1
    outer loop
      vertex 28 -5.5 0
      vertex 28.8604 5.43229 0
      vertex 28.8604 -5.43229 0
    endloop
  endfacet
  facet normal 0 0 -1
    outer loop
      vertex 28 -5.5 0
      vertex 28 5.5 0
      vertex 28.8604 5.43229 0
    endloop
  endfacet
  facet normal 0 0 -1
    outer loop
      vertex 27.1396 -5.43229 0
      vertex 28 5.5 0
      vertex 28 -5.5 0
    endloop
  endfacet
  facet normal 0 0 -1
    outer loop
      vertex 27.1396 -5.43229 0
      vertex 27.1396 5.43229 0
      vertex 28 5.5 0
    endloop
  endfacet
  facet normal 0 0 -1
    outer loop
      vertex 26.3004 -5.23081 0
      vertex 27.1396 5.43229 0
      vertex 27.1396 -5.43229 0
    endloop
  endfacet
  facet normal 0 0 -1
    outer loop
      vertex 26.3004 -5.23081 0
      vertex 26.3004 5.23081 0
      vertex 27.1396 5.43229 0
    endloop
  endfacet
  facet normal 0 0 -1
    outer loop
      vertex 25.5031 -4.90054 0
      vertex 26.3004 5.23081 0
      vertex 26.3004 -5.23081 0
    endloop
  endfacet
  facet normal 0 0 -1
    outer loop
      vertex 25.5031 -4.90054 0
      vertex 25.5031 4.90054 0
      vertex 26.3004 5.23081 0
    endloop
  endfacet
  facet normal 0 0 -1
    outer loop
      vertex 24.7672 -4.44959 0
      vertex 25.5031 4.90054 0
      vertex 25.5031 -4.90054 0
    endloop
  endfacet
  facet normal 0 0 -1
    outer loop
      vertex 24.7672 -4.44959 0
      vertex 24.7672 4.44959 0
      vertex 25.5031 4.90054 0
    endloop
  endfacet
  facet normal 0 0 -1
    outer loop
      vertex 24.1109 -3.88909 0
      vertex 24.7672 4.44959 0
      vertex 24.7672 -4.44959 0
    endloop
  endfacet
  facet normal 0 0 -1
    outer loop
      vertex 24.1109 -3.88909 0
      vertex 24.1109 3.88909 0
      vertex 24.7672 4.44959 0
    endloop
  endfacet
  facet normal 0 0 -1
    outer loop
      vertex 23.5504 -3.23282 0
      vertex 24.1109 3.88909 0
      vertex 24.1109 -3.88909 0
    endloop
  endfacet
  facet normal 0 0 -1
    outer loop
      vertex 23.5504 -3.23282 0
      vertex 23.5504 3.23282 0
      vertex 24.1109 3.88909 0
    endloop
  endfacet
  facet normal 0 0 -1
    outer loop
      vertex 23.0995 -2.49695 0
      vertex 23.5504 3.23282 0
      vertex 23.5504 -3.23282 0
    endloop
  endfacet
  facet normal 0 0 -1
    outer loop
      vertex 23.0995 -2.49695 0
      vertex 23.0995 2.49695 0
      vertex 23.5504 3.23282 0
    endloop
  endfacet
  facet normal 0 0 -1
    outer loop
      vertex 22.7692 -1.69959 0
      vertex 23.0995 2.49695 0
      vertex 23.0995 -2.49695 0
    endloop
  endfacet
  facet normal 0 0 -1
    outer loop
      vertex 22.7692 -1.69959 0
      vertex 22.7692 1.69959 0
      vertex 23.0995 2.49695 0
    endloop
  endfacet
  facet normal 0 0 -1
    outer loop
      vertex 22.5677 -0.860389 0
      vertex 22.7692 1.69959 0
      vertex 22.7692 -1.69959 0
    endloop
  endfacet
  facet normal 0 0 -1
    outer loop
      vertex 22.5677 -0.860389 0
      vertex 22.5677 0.860389 0
      vertex 22.7692 1.69959 0
    endloop
  endfacet
  facet normal 0 -0 -1
    outer loop
      vertex 22.5677 0.860389 0
      vertex 22.5677 -0.860389 0
      vertex 22.5 0 0
    endloop
  endfacet
  facet normal 0.923879 0.382686 0
    outer loop
      vertex 31.8042 1.23607 4.7
      vertex 31.564 1.81596 1.2
      vertex 31.564 1.81596 4.7
    endloop
  endfacet
  facet normal 0.923879 0.382686 0
    outer loop
      vertex 31.564 1.81596 1.2
      vertex 31.8042 1.23607 4.7
      vertex 31.8042 1.23607 1.2
    endloop
  endfacet
  facet normal -0.649436 -0.760416 0
    outer loop
      vertex 25.1716 -2.82843 1.2
      vertex 25.6489 -3.23607 4.7
      vertex 25.1716 -2.82843 4.7
    endloop
  endfacet
  facet normal -0.649436 -0.760416 -0
    outer loop
      vertex 25.6489 -3.23607 4.7
      vertex 25.1716 -2.82843 1.2
      vertex 25.6489 -3.23607 1.2
    endloop
  endfacet
  facet normal 0.38268 0.923881 -0
    outer loop
      vertex 29.816 3.56403 1.2
      vertex 29.2361 3.80423 4.7
      vertex 29.816 3.56403 4.7
    endloop
  endfacet
  facet normal 0.38268 0.923881 0
    outer loop
      vertex 29.2361 3.80423 4.7
      vertex 29.816 3.56403 1.2
      vertex 29.2361 3.80423 1.2
    endloop
  endfacet
  facet normal 0.522557 0.852604 -0
    outer loop
      vertex 30.3511 3.23607 1.2
      vertex 29.816 3.56403 4.7
      vertex 30.3511 3.23607 4.7
    endloop
  endfacet
  facet normal 0.522557 0.852604 0
    outer loop
      vertex 29.816 3.56403 4.7
      vertex 30.3511 3.23607 1.2
      vertex 29.816 3.56403 1.2
    endloop
  endfacet
  facet normal 0.649436 0.760416 -0
    outer loop
      vertex 30.8284 2.82843 1.2
      vertex 30.3511 3.23607 4.7
      vertex 30.8284 2.82843 4.7
    endloop
  endfacet
  facet normal 0.649436 0.760416 0
    outer loop
      vertex 30.3511 3.23607 4.7
      vertex 30.8284 2.82843 1.2
      vertex 30.3511 3.23607 1.2
    endloop
  endfacet
  facet normal 0.972344 -0.233554 0
    outer loop
      vertex 31.8042 -1.23607 4.7
      vertex 31.9508 -0.625737 1.2
      vertex 31.9508 -0.625737 4.7
    endloop
  endfacet
  facet normal 0.972344 -0.233554 0
    outer loop
      vertex 31.9508 -0.625737 1.2
      vertex 31.8042 -1.23607 4.7
      vertex 31.8042 -1.23607 1.2
    endloop
  endfacet
  facet normal 0.233409 0.972379 -0
    outer loop
      vertex 29.2361 3.80423 1.2
      vertex 28.6257 3.95075 4.7
      vertex 29.2361 3.80423 4.7
    endloop
  endfacet
  facet normal 0.233409 0.972379 0
    outer loop
      vertex 28.6257 3.95075 4.7
      vertex 29.2361 3.80423 1.2
      vertex 28.6257 3.95075 1.2
    endloop
  endfacet
  facet normal 0.852682 0.522431 0
    outer loop
      vertex 31.564 1.81596 4.7
      vertex 31.2361 2.35114 1.2
      vertex 31.2361 2.35114 4.7
    endloop
  endfacet
  facet normal 0.852682 0.522431 0
    outer loop
      vertex 31.2361 2.35114 1.2
      vertex 31.564 1.81596 4.7
      vertex 31.564 1.81596 1.2
    endloop
  endfacet
  facet normal -0.852682 -0.522431 0
    outer loop
      vertex 24.7639 -2.35114 1.2
      vertex 24.436 -1.81596 4.7
      vertex 24.436 -1.81596 1.2
    endloop
  endfacet
  facet normal -0.852682 -0.522431 0
    outer loop
      vertex 24.436 -1.81596 4.7
      vertex 24.7639 -2.35114 1.2
      vertex 24.7639 -2.35114 4.7
    endloop
  endfacet
  facet normal 0.233409 -0.972379 0
    outer loop
      vertex 28.6257 -3.95075 1.2
      vertex 29.2361 -3.80423 4.7
      vertex 28.6257 -3.95075 4.7
    endloop
  endfacet
  facet normal 0.233409 -0.972379 0
    outer loop
      vertex 29.2361 -3.80423 4.7
      vertex 28.6257 -3.95075 1.2
      vertex 29.2361 -3.80423 1.2
    endloop
  endfacet
  facet normal -0.996923 -0.0783854 0
    outer loop
      vertex 24.0492 -0.625737 1.2
      vertex 24 0 4.7
      vertex 24 0 1.2
    endloop
  endfacet
  facet normal -0.996923 -0.0783854 0
    outer loop
      vertex 24 0 4.7
      vertex 24.0492 -0.625737 1.2
      vertex 24.0492 -0.625737 4.7
    endloop
  endfacet
  facet normal -0.233409 -0.972379 0
    outer loop
      vertex 26.7639 -3.80423 1.2
      vertex 27.3743 -3.95075 4.7
      vertex 26.7639 -3.80423 4.7
    endloop
  endfacet
  facet normal -0.233409 -0.972379 -0
    outer loop
      vertex 27.3743 -3.95075 4.7
      vertex 26.7639 -3.80423 1.2
      vertex 27.3743 -3.95075 1.2
    endloop
  endfacet
  facet normal 0.0784691 0.996917 -0
    outer loop
      vertex 28.6257 3.95075 1.2
      vertex 28 4 4.7
      vertex 28.6257 3.95075 4.7
    endloop
  endfacet
  facet normal 0.0784691 0.996917 0
    outer loop
      vertex 28 4 4.7
      vertex 28.6257 3.95075 1.2
      vertex 28 4 1.2
    endloop
  endfacet
  facet normal -0.996923 0.0783854 0
    outer loop
      vertex 24 0 1.2
      vertex 24.0492 0.625737 4.7
      vertex 24.0492 0.625737 1.2
    endloop
  endfacet
  facet normal -0.996923 0.0783854 0
    outer loop
      vertex 24.0492 0.625737 4.7
      vertex 24 0 1.2
      vertex 24 0 4.7
    endloop
  endfacet
  facet normal 0.760362 -0.649499 0
    outer loop
      vertex 30.8284 -2.82843 4.7
      vertex 31.2361 -2.35114 1.2
      vertex 31.2361 -2.35114 4.7
    endloop
  endfacet
  facet normal 0.760362 -0.649499 0
    outer loop
      vertex 31.2361 -2.35114 1.2
      vertex 30.8284 -2.82843 4.7
      vertex 30.8284 -2.82843 1.2
    endloop
  endfacet
  facet normal -0.38268 -0.923881 0
    outer loop
      vertex 26.184 -3.56403 1.2
      vertex 26.7639 -3.80423 4.7
      vertex 26.184 -3.56403 4.7
    endloop
  endfacet
  facet normal -0.38268 -0.923881 -0
    outer loop
      vertex 26.7639 -3.80423 4.7
      vertex 26.184 -3.56403 1.2
      vertex 26.7639 -3.80423 1.2
    endloop
  endfacet
  facet normal 0 0 1
    outer loop
      vertex 31.9508 0.625737 4.7
      vertex 31.9508 -0.625737 4.7
      vertex 32 0 4.7
    endloop
  endfacet
  facet normal 0 0 1
    outer loop
      vertex 31.8042 1.23607 4.7
      vertex 31.9508 -0.625737 4.7
      vertex 31.9508 0.625737 4.7
    endloop
  endfacet
  facet normal 0 0 1
    outer loop
      vertex 31.8042 1.23607 4.7
      vertex 31.8042 -1.23607 4.7
      vertex 31.9508 -0.625737 4.7
    endloop
  endfacet
  facet normal 0 0 1
    outer loop
      vertex 31.564 1.81596 4.7
      vertex 31.8042 -1.23607 4.7
      vertex 31.8042 1.23607 4.7
    endloop
  endfacet
  facet normal 0 0 1
    outer loop
      vertex 31.564 1.81596 4.7
      vertex 31.564 -1.81596 4.7
      vertex 31.8042 -1.23607 4.7
    endloop
  endfacet
  facet normal 0 0 1
    outer loop
      vertex 31.2361 2.35114 4.7
      vertex 31.564 -1.81596 4.7
      vertex 31.564 1.81596 4.7
    endloop
  endfacet
  facet normal 0 0 1
    outer loop
      vertex 31.2361 2.35114 4.7
      vertex 31.2361 -2.35114 4.7
      vertex 31.564 -1.81596 4.7
    endloop
  endfacet
  facet normal 0 0 1
    outer loop
      vertex 30.8284 2.82843 4.7
      vertex 31.2361 -2.35114 4.7
      vertex 31.2361 2.35114 4.7
    endloop
  endfacet
  facet normal 0 0 1
    outer loop
      vertex 30.8284 2.82843 4.7
      vertex 30.8284 -2.82843 4.7
      vertex 31.2361 -2.35114 4.7
    endloop
  endfacet
  facet normal 0 0 1
    outer loop
      vertex 30.3511 3.23607 4.7
      vertex 30.8284 -2.82843 4.7
      vertex 30.8284 2.82843 4.7
    endloop
  endfacet
  facet normal 0 0 1
    outer loop
      vertex 30.3511 3.23607 4.7
      vertex 30.3511 -3.23607 4.7
      vertex 30.8284 -2.82843 4.7
    endloop
  endfacet
  facet normal 0 0 1
    outer loop
      vertex 29.816 3.56403 4.7
      vertex 30.3511 -3.23607 4.7
      vertex 30.3511 3.23607 4.7
    endloop
  endfacet
  facet normal 0 0 1
    outer loop
      vertex 29.816 3.56403 4.7
      vertex 29.816 -3.56403 4.7
      vertex 30.3511 -3.23607 4.7
    endloop
  endfacet
  facet normal 0 0 1
    outer loop
      vertex 29.2361 3.80423 4.7
      vertex 29.816 -3.56403 4.7
      vertex 29.816 3.56403 4.7
    endloop
  endfacet
  facet normal 0 0 1
    outer loop
      vertex 29.2361 3.80423 4.7
      vertex 29.2361 -3.80423 4.7
      vertex 29.816 -3.56403 4.7
    endloop
  endfacet
  facet normal 0 0 1
    outer loop
      vertex 28.6257 3.95075 4.7
      vertex 29.2361 -3.80423 4.7
      vertex 29.2361 3.80423 4.7
    endloop
  endfacet
  facet normal 0 0 1
    outer loop
      vertex 28.6257 3.95075 4.7
      vertex 28.6257 -3.95075 4.7
      vertex 29.2361 -3.80423 4.7
    endloop
  endfacet
  facet normal 0 0 1
    outer loop
      vertex 28 4 4.7
      vertex 28.6257 -3.95075 4.7
      vertex 28.6257 3.95075 4.7
    endloop
  endfacet
  facet normal 0 0 1
    outer loop
      vertex 28 4 4.7
      vertex 28 -4 4.7
      vertex 28.6257 -3.95075 4.7
    endloop
  endfacet
  facet normal -0 0 1
    outer loop
      vertex 27.3743 3.95075 4.7
      vertex 28 -4 4.7
      vertex 28 4 4.7
    endloop
  endfacet
  facet normal 0 0 1
    outer loop
      vertex 27.3743 3.95075 4.7
      vertex 27.3743 -3.95075 4.7
      vertex 28 -4 4.7
    endloop
  endfacet
  facet normal -0 0 1
    outer loop
      vertex 26.7639 3.80423 4.7
      vertex 27.3743 -3.95075 4.7
      vertex 27.3743 3.95075 4.7
    endloop
  endfacet
  facet normal 0 0 1
    outer loop
      vertex 26.7639 3.80423 4.7
      vertex 26.7639 -3.80423 4.7
      vertex 27.3743 -3.95075 4.7
    endloop
  endfacet
  facet normal -0 0 1
    outer loop
      vertex 26.184 3.56403 4.7
      vertex 26.7639 -3.80423 4.7
      vertex 26.7639 3.80423 4.7
    endloop
  endfacet
  facet normal 0 0 1
    outer loop
      vertex 26.184 3.56403 4.7
      vertex 26.184 -3.56403 4.7
      vertex 26.7639 -3.80423 4.7
    endloop
  endfacet
  facet normal -0 0 1
    outer loop
      vertex 25.6489 3.23607 4.7
      vertex 26.184 -3.56403 4.7
      vertex 26.184 3.56403 4.7
    endloop
  endfacet
  facet normal 0 0 1
    outer loop
      vertex 25.6489 3.23607 4.7
      vertex 25.6489 -3.23607 4.7
      vertex 26.184 -3.56403 4.7
    endloop
  endfacet
  facet normal -0 0 1
    outer loop
      vertex 25.1716 2.82843 4.7
      vertex 25.6489 -3.23607 4.7
      vertex 25.6489 3.23607 4.7
    endloop
  endfacet
  facet normal 0 0 1
    outer loop
      vertex 25.1716 2.82843 4.7
      vertex 25.1716 -2.82843 4.7
      vertex 25.6489 -3.23607 4.7
    endloop
  endfacet
  facet normal -0 0 1
    outer loop
      vertex 24.7639 2.35114 4.7
      vertex 25.1716 -2.82843 4.7
      vertex 25.1716 2.82843 4.7
    endloop
  endfacet
  facet normal 0 0 1
    outer loop
      vertex 24.7639 2.35114 4.7
      vertex 24.7639 -2.35114 4.7
      vertex 25.1716 -2.82843 4.7
    endloop
  endfacet
  facet normal -0 0 1
    outer loop
      vertex 24.436 1.81596 4.7
      vertex 24.7639 -2.35114 4.7
      vertex 24.7639 2.35114 4.7
    endloop
  endfacet
  facet normal 0 0 1
    outer loop
      vertex 24.436 1.81596 4.7
      vertex 24.436 -1.81596 4.7
      vertex 24.7639 -2.35114 4.7
    endloop
  endfacet
  facet normal -0 0 1
    outer loop
      vertex 24.1958 1.23607 4.7
      vertex 24.436 -1.81596 4.7
      vertex 24.436 1.81596 4.7
    endloop
  endfacet
  facet normal 0 0 1
    outer loop
      vertex 24.1958 1.23607 4.7
      vertex 24.1958 -1.23607 4.7
      vertex 24.436 -1.81596 4.7
    endloop
  endfacet
  facet normal -0 0 1
    outer loop
      vertex 24.0492 0.625737 4.7
      vertex 24.1958 -1.23607 4.7
      vertex 24.1958 1.23607 4.7
    endloop
  endfacet
  facet normal 0 0 1
    outer loop
      vertex 24.0492 0.625737 4.7
      vertex 24.0492 -0.625737 4.7
      vertex 24.1958 -1.23607 4.7
    endloop
  endfacet
  facet normal 0 -0 1
    outer loop
      vertex 24.0492 -0.625737 4.7
      vertex 24.0492 0.625737 4.7
      vertex 24 0 4.7
    endloop
  endfacet
  facet normal -0.852682 0.522431 0
    outer loop
      vertex 24.436 1.81596 1.2
      vertex 24.7639 2.35114 4.7
      vertex 24.7639 2.35114 1.2
    endloop
  endfacet
  facet normal -0.852682 0.522431 0
    outer loop
      vertex 24.7639 2.35114 4.7
      vertex 24.436 1.81596 1.2
      vertex 24.436 1.81596 4.7
    endloop
  endfacet
  facet normal 0.649436 -0.760416 0
    outer loop
      vertex 30.3511 -3.23607 1.2
      vertex 30.8284 -2.82843 4.7
      vertex 30.3511 -3.23607 4.7
    endloop
  endfacet
  facet normal 0.649436 -0.760416 0
    outer loop
      vertex 30.8284 -2.82843 4.7
      vertex 30.3511 -3.23607 1.2
      vertex 30.8284 -2.82843 1.2
    endloop
  endfacet
  facet normal -0.972363 -0.233473 0
    outer loop
      vertex 22.7692 -1.69959 0
      vertex 22.5677 -0.860389 1.2
      vertex 22.5677 -0.860389 0
    endloop
  endfacet
  facet normal -0.972363 -0.233473 0
    outer loop
      vertex 22.5677 -0.860389 1.2
      vertex 22.7692 -1.69959 0
      vertex 22.7692 -1.69959 1.2
    endloop
  endfacet
  facet normal 0.972363 0.233473 0
    outer loop
      vertex 33.4323 0.860389 1.2
      vertex 33.2308 1.69959 0
      vertex 33.2308 1.69959 1.2
    endloop
  endfacet
  facet normal 0.972363 0.233473 0
    outer loop
      vertex 33.2308 1.69959 0
      vertex 33.4323 0.860389 1.2
      vertex 33.4323 0.860389 0
    endloop
  endfacet
  facet normal 0.996919 0.0784429 0
    outer loop
      vertex 33.5 0 1.2
      vertex 33.4323 0.860389 0
      vertex 33.4323 0.860389 1.2
    endloop
  endfacet
  facet normal 0.996919 0.0784429 0
    outer loop
      vertex 33.4323 0.860389 0
      vertex 33.5 0 1.2
      vertex 33.5 0 0
    endloop
  endfacet
  facet normal 0.92387 0.382706 0
    outer loop
      vertex 33.2308 1.69959 1.2
      vertex 32.9005 2.49695 0
      vertex 32.9005 2.49695 1.2
    endloop
  endfacet
  facet normal 0.92387 0.382706 0
    outer loop
      vertex 32.9005 2.49695 0
      vertex 33.2308 1.69959 1.2
      vertex 33.2308 1.69959 0
    endloop
  endfacet
  facet normal 0.382701 -0.923872 0
    outer loop
      vertex 29.6996 -5.23081 0
      vertex 30.4969 -4.90054 1.2
      vertex 29.6996 -5.23081 1.2
    endloop
  endfacet
  facet normal 0.382701 -0.923872 0
    outer loop
      vertex 30.4969 -4.90054 1.2
      vertex 29.6996 -5.23081 0
      vertex 30.4969 -4.90054 0
    endloop
  endfacet
  facet normal 0.852662 -0.522463 0
    outer loop
      vertex 32.4496 -3.23282 1.2
      vertex 32.9005 -2.49695 0
      vertex 32.9005 -2.49695 1.2
    endloop
  endfacet
  facet normal 0.852662 -0.522463 0
    outer loop
      vertex 32.9005 -2.49695 0
      vertex 32.4496 -3.23282 1.2
      vertex 32.4496 -3.23282 0
    endloop
  endfacet
  facet normal -0.649426 0.760425 0
    outer loop
      vertex 24.7672 4.44959 0
      vertex 24.1109 3.88909 1.2
      vertex 24.7672 4.44959 1.2
    endloop
  endfacet
  facet normal -0.649426 0.760425 0
    outer loop
      vertex 24.1109 3.88909 1.2
      vertex 24.7672 4.44959 0
      vertex 24.1109 3.88909 0
    endloop
  endfacet
  facet normal -0.382701 0.923872 0
    outer loop
      vertex 26.3004 5.23081 0
      vertex 25.5031 4.90054 1.2
      vertex 26.3004 5.23081 1.2
    endloop
  endfacet
  facet normal -0.382701 0.923872 0
    outer loop
      vertex 25.5031 4.90054 1.2
      vertex 26.3004 5.23081 0
      vertex 25.5031 4.90054 0
    endloop
  endfacet
  facet normal 0.76041 -0.649443 0
    outer loop
      vertex 31.8891 -3.88909 1.2
      vertex 32.4496 -3.23282 0
      vertex 32.4496 -3.23282 1.2
    endloop
  endfacet
  facet normal 0.76041 -0.649443 0
    outer loop
      vertex 32.4496 -3.23282 0
      vertex 31.8891 -3.88909 1.2
      vertex 31.8891 -3.88909 0
    endloop
  endfacet
  facet normal 0.996919 -0.0784429 0
    outer loop
      vertex 33.4323 -0.860389 1.2
      vertex 33.5 0 0
      vertex 33.5 0 1.2
    endloop
  endfacet
  facet normal 0.996919 -0.0784429 0
    outer loop
      vertex 33.5 0 0
      vertex 33.4323 -0.860389 1.2
      vertex 33.4323 -0.860389 0
    endloop
  endfacet
  facet normal 0.92387 -0.382706 0
    outer loop
      vertex 32.9005 -2.49695 1.2
      vertex 33.2308 -1.69959 0
      vertex 33.2308 -1.69959 1.2
    endloop
  endfacet
  facet normal 0.92387 -0.382706 0
    outer loop
      vertex 33.2308 -1.69959 0
      vertex 32.9005 -2.49695 1.2
      vertex 32.9005 -2.49695 0
    endloop
  endfacet
  facet normal -0.92387 -0.382706 0
    outer loop
      vertex 23.0995 -2.49695 0
      vertex 22.7692 -1.69959 1.2
      vertex 22.7692 -1.69959 0
    endloop
  endfacet
  facet normal -0.92387 -0.382706 0
    outer loop
      vertex 22.7692 -1.69959 1.2
      vertex 23.0995 -2.49695 0
      vertex 23.0995 -2.49695 1.2
    endloop
  endfacet
  facet normal -0.996919 0.0784429 0
    outer loop
      vertex 22.5 0 0
      vertex 22.5677 0.860389 1.2
      vertex 22.5677 0.860389 0
    endloop
  endfacet
  facet normal -0.996919 0.0784429 0
    outer loop
      vertex 22.5677 0.860389 1.2
      vertex 22.5 0 0
      vertex 22.5 0 1.2
    endloop
  endfacet
  facet normal -0.972363 0.233473 0
    outer loop
      vertex 22.5677 0.860389 0
      vertex 22.7692 1.69959 1.2
      vertex 22.7692 1.69959 0
    endloop
  endfacet
  facet normal -0.972363 0.233473 0
    outer loop
      vertex 22.7692 1.69959 1.2
      vertex 22.5677 0.860389 0
      vertex 22.5677 0.860389 1.2
    endloop
  endfacet
  facet normal 0.233452 0.972368 -0
    outer loop
      vertex 29.6996 5.23081 0
      vertex 28.8604 5.43229 1.2
      vertex 29.6996 5.23081 1.2
    endloop
  endfacet
  facet normal 0.233452 0.972368 0
    outer loop
      vertex 28.8604 5.43229 1.2
      vertex 29.6996 5.23081 0
      vertex 28.8604 5.43229 0
    endloop
  endfacet
  facet normal -0.0784534 0.996918 0
    outer loop
      vertex 28 5.5 0
      vertex 27.1396 5.43229 1.2
      vertex 28 5.5 1.2
    endloop
  endfacet
  facet normal -0.0784534 0.996918 0
    outer loop
      vertex 27.1396 5.43229 1.2
      vertex 28 5.5 0
      vertex 27.1396 5.43229 0
    endloop
  endfacet
  facet normal -0.76041 -0.649443 0
    outer loop
      vertex 24.1109 -3.88909 0
      vertex 23.5504 -3.23282 1.2
      vertex 23.5504 -3.23282 0
    endloop
  endfacet
  facet normal -0.76041 -0.649443 0
    outer loop
      vertex 23.5504 -3.23282 1.2
      vertex 24.1109 -3.88909 0
      vertex 24.1109 -3.88909 1.2
    endloop
  endfacet
  facet normal -0.233452 -0.972368 0
    outer loop
      vertex 26.3004 -5.23081 0
      vertex 27.1396 -5.43229 1.2
      vertex 26.3004 -5.23081 1.2
    endloop
  endfacet
  facet normal -0.233452 -0.972368 -0
    outer loop
      vertex 27.1396 -5.43229 1.2
      vertex 26.3004 -5.23081 0
      vertex 27.1396 -5.43229 0
    endloop
  endfacet
  facet normal -0.649426 -0.760425 0
    outer loop
      vertex 24.1109 -3.88909 0
      vertex 24.7672 -4.44959 1.2
      vertex 24.1109 -3.88909 1.2
    endloop
  endfacet
  facet normal -0.649426 -0.760425 -0
    outer loop
      vertex 24.7672 -4.44959 1.2
      vertex 24.1109 -3.88909 0
      vertex 24.7672 -4.44959 0
    endloop
  endfacet
  facet normal 0.852662 0.522463 0
    outer loop
      vertex 32.9005 2.49695 1.2
      vertex 32.4496 3.23282 0
      vertex 32.4496 3.23282 1.2
    endloop
  endfacet
  facet normal 0.852662 0.522463 0
    outer loop
      vertex 32.4496 3.23282 0
      vertex 32.9005 2.49695 1.2
      vertex 32.9005 2.49695 0
    endloop
  endfacet
  facet normal -0.92387 0.382706 0
    outer loop
      vertex 22.7692 1.69959 0
      vertex 23.0995 2.49695 1.2
      vertex 23.0995 2.49695 0
    endloop
  endfacet
  facet normal -0.92387 0.382706 0
    outer loop
      vertex 23.0995 2.49695 1.2
      vertex 22.7692 1.69959 0
      vertex 22.7692 1.69959 1.2
    endloop
  endfacet
  facet normal -0.52249 0.852645 0
    outer loop
      vertex 25.5031 4.90054 0
      vertex 24.7672 4.44959 1.2
      vertex 25.5031 4.90054 1.2
    endloop
  endfacet
  facet normal -0.52249 0.852645 0
    outer loop
      vertex 24.7672 4.44959 1.2
      vertex 25.5031 4.90054 0
      vertex 24.7672 4.44959 0
    endloop
  endfacet
  facet normal -0.0784534 -0.996918 0
    outer loop
      vertex 27.1396 -5.43229 0
      vertex 28 -5.5 1.2
      vertex 27.1396 -5.43229 1.2
    endloop
  endfacet
  facet normal -0.0784534 -0.996918 -0
    outer loop
      vertex 28 -5.5 1.2
      vertex 27.1396 -5.43229 0
      vertex 28 -5.5 0
    endloop
  endfacet
  facet normal 0.52249 0.852645 -0
    outer loop
      vertex 31.2328 4.44959 0
      vertex 30.4969 4.90054 1.2
      vertex 31.2328 4.44959 1.2
    endloop
  endfacet
  facet normal 0.52249 0.852645 0
    outer loop
      vertex 30.4969 4.90054 1.2
      vertex 31.2328 4.44959 0
      vertex 30.4969 4.90054 0
    endloop
  endfacet
  facet normal 0.52249 -0.852645 0
    outer loop
      vertex 30.4969 -4.90054 0
      vertex 31.2328 -4.44959 1.2
      vertex 30.4969 -4.90054 1.2
    endloop
  endfacet
  facet normal 0.52249 -0.852645 0
    outer loop
      vertex 31.2328 -4.44959 1.2
      vertex 30.4969 -4.90054 0
      vertex 31.2328 -4.44959 0
    endloop
  endfacet
  facet normal -0.76041 0.649443 0
    outer loop
      vertex 23.5504 3.23282 0
      vertex 24.1109 3.88909 1.2
      vertex 24.1109 3.88909 0
    endloop
  endfacet
  facet normal -0.76041 0.649443 0
    outer loop
      vertex 24.1109 3.88909 1.2
      vertex 23.5504 3.23282 0
      vertex 23.5504 3.23282 1.2
    endloop
  endfacet
  facet normal -0.233452 0.972368 0
    outer loop
      vertex 27.1396 5.43229 0
      vertex 26.3004 5.23081 1.2
      vertex 27.1396 5.43229 1.2
    endloop
  endfacet
  facet normal -0.233452 0.972368 0
    outer loop
      vertex 26.3004 5.23081 1.2
      vertex 27.1396 5.43229 0
      vertex 26.3004 5.23081 0
    endloop
  endfacet
  facet normal -0.52249 -0.852645 0
    outer loop
      vertex 24.7672 -4.44959 0
      vertex 25.5031 -4.90054 1.2
      vertex 24.7672 -4.44959 1.2
    endloop
  endfacet
  facet normal -0.52249 -0.852645 -0
    outer loop
      vertex 25.5031 -4.90054 1.2
      vertex 24.7672 -4.44959 0
      vertex 25.5031 -4.90054 0
    endloop
  endfacet
  facet normal 0.76041 0.649443 0
    outer loop
      vertex 32.4496 3.23282 1.2
      vertex 31.8891 3.88909 0
      vertex 31.8891 3.88909 1.2
    endloop
  endfacet
  facet normal 0.76041 0.649443 0
    outer loop
      vertex 31.8891 3.88909 0
      vertex 32.4496 3.23282 1.2
      vertex 32.4496 3.23282 0
    endloop
  endfacet
  facet normal 0.649426 0.760425 -0
    outer loop
      vertex 31.8891 3.88909 0
      vertex 31.2328 4.44959 1.2
      vertex 31.8891 3.88909 1.2
    endloop
  endfacet
  facet normal 0.649426 0.760425 0
    outer loop
      vertex 31.2328 4.44959 1.2
      vertex 31.8891 3.88909 0
      vertex 31.2328 4.44959 0
    endloop
  endfacet
  facet normal 0 0 1
    outer loop
      vertex 32 0 1.2
      vertex 33.5 0 1.2
      vertex 33.4323 0.860389 1.2
    endloop
  endfacet
  facet normal 0 0 1
    outer loop
      vertex 31.9508 0.625737 1.2
      vertex 33.4323 0.860389 1.2
      vertex 33.2308 1.69959 1.2
    endloop
  endfacet
  facet normal 0 0 1
    outer loop
      vertex 33.5 0 1.2
      vertex 32 0 1.2
      vertex 33.4323 -0.860389 1.2
    endloop
  endfacet
  facet normal 0 0 1
    outer loop
      vertex 31.8042 1.23607 1.2
      vertex 33.2308 1.69959 1.2
      vertex 32.9005 2.49695 1.2
    endloop
  endfacet
  facet normal -0 0 1
    outer loop
      vertex 31.9508 -0.625737 1.2
      vertex 33.4323 -0.860389 1.2
      vertex 32 0 1.2
    endloop
  endfacet
  facet normal 0 0 1
    outer loop
      vertex 31.564 1.81596 1.2
      vertex 32.9005 2.49695 1.2
      vertex 32.4496 3.23282 1.2
    endloop
  endfacet
  facet normal 0 0 1
    outer loop
      vertex 33.4323 -0.860389 1.2
      vertex 31.9508 -0.625737 1.2
      vertex 33.2308 -1.69959 1.2
    endloop
  endfacet
  facet normal -0 0 1
    outer loop
      vertex 31.8042 -1.23607 1.2
      vertex 33.2308 -1.69959 1.2
      vertex 31.9508 -0.625737 1.2
    endloop
  endfacet
  facet normal 0 0 1
    outer loop
      vertex 33.4323 0.860389 1.2
      vertex 31.9508 0.625737 1.2
      vertex 32 0 1.2
    endloop
  endfacet
  facet normal 0 0 1
    outer loop
      vertex 31.2361 2.35114 1.2
      vertex 32.4496 3.23282 1.2
      vertex 31.8891 3.88909 1.2
    endloop
  endfacet
  facet normal 0 0 1
    outer loop
      vertex 33.2308 1.69959 1.2
      vertex 31.8042 1.23607 1.2
      vertex 31.9508 0.625737 1.2
    endloop
  endfacet
  facet normal 0 0 1
    outer loop
      vertex 32.9005 2.49695 1.2
      vertex 31.564 1.81596 1.2
      vertex 31.8042 1.23607 1.2
    endloop
  endfacet
  facet normal 0 0 1
    outer loop
      vertex 32.4496 3.23282 1.2
      vertex 31.2361 2.35114 1.2
      vertex 31.564 1.81596 1.2
    endloop
  endfacet
  facet normal 0 0 1
    outer loop
      vertex 30.8284 2.82843 1.2
      vertex 31.8891 3.88909 1.2
      vertex 31.2328 4.44959 1.2
    endloop
  endfacet
  facet normal 0 0 1
    outer loop
      vertex 31.8891 3.88909 1.2
      vertex 30.8284 2.82843 1.2
      vertex 31.2361 2.35114 1.2
    endloop
  endfacet
  facet normal 0 0 1
    outer loop
      vertex 30.3511 3.23607 1.2
      vertex 31.2328 4.44959 1.2
      vertex 30.4969 4.90054 1.2
    endloop
  endfacet
  facet normal 0 0 1
    outer loop
      vertex 31.2328 4.44959 1.2
      vertex 30.3511 3.23607 1.2
      vertex 30.8284 2.82843 1.2
    endloop
  endfacet
  facet normal 0 0 1
    outer loop
      vertex 30.4969 4.90054 1.2
      vertex 29.816 3.56403 1.2
      vertex 30.3511 3.23607 1.2
    endloop
  endfacet
  facet normal 0 0 1
    outer loop
      vertex 29.6996 5.23081 1.2
      vertex 29.816 3.56403 1.2
      vertex 30.4969 4.90054 1.2
    endloop
  endfacet
  facet normal 0 0 1
    outer loop
      vertex 29.6996 5.23081 1.2
      vertex 29.2361 3.80423 1.2
      vertex 29.816 3.56403 1.2
    endloop
  endfacet
  facet normal 0 0 1
    outer loop
      vertex 28.8604 5.43229 1.2
      vertex 29.2361 3.80423 1.2
      vertex 29.6996 5.23081 1.2
    endloop
  endfacet
  facet normal 0 0 1
    outer loop
      vertex 28.8604 5.43229 1.2
      vertex 28.6257 3.95075 1.2
      vertex 29.2361 3.80423 1.2
    endloop
  endfacet
  facet normal 0 0 1
    outer loop
      vertex 28 5.5 1.2
      vertex 28.6257 3.95075 1.2
      vertex 28.8604 5.43229 1.2
    endloop
  endfacet
  facet normal 0 0 1
    outer loop
      vertex 28 5.5 1.2
      vertex 28 4 1.2
      vertex 28.6257 3.95075 1.2
    endloop
  endfacet
  facet normal 0 0 1
    outer loop
      vertex 28 5.5 1.2
      vertex 27.3743 3.95075 1.2
      vertex 28 4 1.2
    endloop
  endfacet
  facet normal -0 0 1
    outer loop
      vertex 27.1396 5.43229 1.2
      vertex 27.3743 3.95075 1.2
      vertex 28 5.5 1.2
    endloop
  endfacet
  facet normal 0 0 1
    outer loop
      vertex 27.1396 5.43229 1.2
      vertex 26.7639 3.80423 1.2
      vertex 27.3743 3.95075 1.2
    endloop
  endfacet
  facet normal -0 0 1
    outer loop
      vertex 26.3004 5.23081 1.2
      vertex 26.7639 3.80423 1.2
      vertex 27.1396 5.43229 1.2
    endloop
  endfacet
  facet normal 0 0 1
    outer loop
      vertex 26.3004 5.23081 1.2
      vertex 26.184 3.56403 1.2
      vertex 26.7639 3.80423 1.2
    endloop
  endfacet
  facet normal -0 0 1
    outer loop
      vertex 25.5031 4.90054 1.2
      vertex 26.184 3.56403 1.2
      vertex 26.3004 5.23081 1.2
    endloop
  endfacet
  facet normal 0 0 1
    outer loop
      vertex 26.184 3.56403 1.2
      vertex 25.5031 4.90054 1.2
      vertex 25.6489 3.23607 1.2
    endloop
  endfacet
  facet normal -0 0 1
    outer loop
      vertex 24.7672 4.44959 1.2
      vertex 25.6489 3.23607 1.2
      vertex 25.5031 4.90054 1.2
    endloop
  endfacet
  facet normal 0 0 1
    outer loop
      vertex 25.6489 3.23607 1.2
      vertex 24.7672 4.44959 1.2
      vertex 25.1716 2.82843 1.2
    endloop
  endfacet
  facet normal -0 0 1
    outer loop
      vertex 24.1109 3.88909 1.2
      vertex 25.1716 2.82843 1.2
      vertex 24.7672 4.44959 1.2
    endloop
  endfacet
  facet normal 0 0 1
    outer loop
      vertex 25.1716 2.82843 1.2
      vertex 24.1109 3.88909 1.2
      vertex 24.7639 2.35114 1.2
    endloop
  endfacet
  facet normal -0 0 1
    outer loop
      vertex 23.5504 3.23282 1.2
      vertex 24.7639 2.35114 1.2
      vertex 24.1109 3.88909 1.2
    endloop
  endfacet
  facet normal 0 0 1
    outer loop
      vertex 24.7639 2.35114 1.2
      vertex 23.5504 3.23282 1.2
      vertex 24.436 1.81596 1.2
    endloop
  endfacet
  facet normal -0 0 1
    outer loop
      vertex 23.0995 2.49695 1.2
      vertex 24.436 1.81596 1.2
      vertex 23.5504 3.23282 1.2
    endloop
  endfacet
  facet normal 0 0 1
    outer loop
      vertex 24.436 1.81596 1.2
      vertex 23.0995 2.49695 1.2
      vertex 24.1958 1.23607 1.2
    endloop
  endfacet
  facet normal -0 0 1
    outer loop
      vertex 22.7692 1.69959 1.2
      vertex 24.1958 1.23607 1.2
      vertex 23.0995 2.49695 1.2
    endloop
  endfacet
  facet normal 0 0 1
    outer loop
      vertex 33.2308 -1.69959 1.2
      vertex 31.8042 -1.23607 1.2
      vertex 32.9005 -2.49695 1.2
    endloop
  endfacet
  facet normal -0 0 1
    outer loop
      vertex 31.564 -1.81596 1.2
      vertex 32.9005 -2.49695 1.2
      vertex 31.8042 -1.23607 1.2
    endloop
  endfacet
  facet normal 0 0 1
    outer loop
      vertex 32.9005 -2.49695 1.2
      vertex 31.564 -1.81596 1.2
      vertex 32.4496 -3.23282 1.2
    endloop
  endfacet
  facet normal -0 0 1
    outer loop
      vertex 31.2361 -2.35114 1.2
      vertex 32.4496 -3.23282 1.2
      vertex 31.564 -1.81596 1.2
    endloop
  endfacet
  facet normal 0 0 1
    outer loop
      vertex 32.4496 -3.23282 1.2
      vertex 31.2361 -2.35114 1.2
      vertex 31.8891 -3.88909 1.2
    endloop
  endfacet
  facet normal -0 0 1
    outer loop
      vertex 30.8284 -2.82843 1.2
      vertex 31.8891 -3.88909 1.2
      vertex 31.2361 -2.35114 1.2
    endloop
  endfacet
  facet normal 0 0 1
    outer loop
      vertex 31.8891 -3.88909 1.2
      vertex 30.8284 -2.82843 1.2
      vertex 31.2328 -4.44959 1.2
    endloop
  endfacet
  facet normal -0 0 1
    outer loop
      vertex 30.3511 -3.23607 1.2
      vertex 31.2328 -4.44959 1.2
      vertex 30.8284 -2.82843 1.2
    endloop
  endfacet
  facet normal 0 0 1
    outer loop
      vertex 31.2328 -4.44959 1.2
      vertex 30.3511 -3.23607 1.2
      vertex 30.4969 -4.90054 1.2
    endloop
  endfacet
  facet normal -0 0 1
    outer loop
      vertex 29.816 -3.56403 1.2
      vertex 30.4969 -4.90054 1.2
      vertex 30.3511 -3.23607 1.2
    endloop
  endfacet
  facet normal 0 0 1
    outer loop
      vertex 29.816 -3.56403 1.2
      vertex 29.6996 -5.23081 1.2
      vertex 30.4969 -4.90054 1.2
    endloop
  endfacet
  facet normal -0 0 1
    outer loop
      vertex 29.2361 -3.80423 1.2
      vertex 29.6996 -5.23081 1.2
      vertex 29.816 -3.56403 1.2
    endloop
  endfacet
  facet normal 0 0 1
    outer loop
      vertex 29.2361 -3.80423 1.2
      vertex 28.8604 -5.43229 1.2
      vertex 29.6996 -5.23081 1.2
    endloop
  endfacet
  facet normal -0 0 1
    outer loop
      vertex 28.6257 -3.95075 1.2
      vertex 28.8604 -5.43229 1.2
      vertex 29.2361 -3.80423 1.2
    endloop
  endfacet
  facet normal -0 0 1
    outer loop
      vertex 28 -4 1.2
      vertex 28.8604 -5.43229 1.2
      vertex 28.6257 -3.95075 1.2
    endloop
  endfacet
  facet normal 0 0 1
    outer loop
      vertex 28 -4 1.2
      vertex 28 -5.5 1.2
      vertex 28.8604 -5.43229 1.2
    endloop
  endfacet
  facet normal 0 0 1
    outer loop
      vertex 27.3743 -3.95075 1.2
      vertex 28 -5.5 1.2
      vertex 28 -4 1.2
    endloop
  endfacet
  facet normal 0 0 1
    outer loop
      vertex 27.3743 -3.95075 1.2
      vertex 27.1396 -5.43229 1.2
      vertex 28 -5.5 1.2
    endloop
  endfacet
  facet normal 0 0 1
    outer loop
      vertex 26.7639 -3.80423 1.2
      vertex 27.1396 -5.43229 1.2
      vertex 27.3743 -3.95075 1.2
    endloop
  endfacet
  facet normal 0 0 1
    outer loop
      vertex 26.7639 -3.80423 1.2
      vertex 26.3004 -5.23081 1.2
      vertex 27.1396 -5.43229 1.2
    endloop
  endfacet
  facet normal 0 0 1
    outer loop
      vertex 26.184 -3.56403 1.2
      vertex 26.3004 -5.23081 1.2
      vertex 26.7639 -3.80423 1.2
    endloop
  endfacet
  facet normal 0 0 1
    outer loop
      vertex 25.5031 -4.90054 1.2
      vertex 26.184 -3.56403 1.2
      vertex 25.6489 -3.23607 1.2
    endloop
  endfacet
  facet normal 0 0 1
    outer loop
      vertex 26.184 -3.56403 1.2
      vertex 25.5031 -4.90054 1.2
      vertex 26.3004 -5.23081 1.2
    endloop
  endfacet
  facet normal 0 0 1
    outer loop
      vertex 24.7672 -4.44959 1.2
      vertex 25.6489 -3.23607 1.2
      vertex 25.1716 -2.82843 1.2
    endloop
  endfacet
  facet normal 0 0 1
    outer loop
      vertex 25.6489 -3.23607 1.2
      vertex 24.7672 -4.44959 1.2
      vertex 25.5031 -4.90054 1.2
    endloop
  endfacet
  facet normal 0 0 1
    outer loop
      vertex 24.1109 -3.88909 1.2
      vertex 25.1716 -2.82843 1.2
      vertex 24.7639 -2.35114 1.2
    endloop
  endfacet
  facet normal 0 0 1
    outer loop
      vertex 23.5504 -3.23282 1.2
      vertex 24.7639 -2.35114 1.2
      vertex 24.436 -1.81596 1.2
    endloop
  endfacet
  facet normal 0 0 1
    outer loop
      vertex 23.0995 -2.49695 1.2
      vertex 24.436 -1.81596 1.2
      vertex 24.1958 -1.23607 1.2
    endloop
  endfacet
  facet normal 0 0 1
    outer loop
      vertex 25.1716 -2.82843 1.2
      vertex 24.1109 -3.88909 1.2
      vertex 24.7672 -4.44959 1.2
    endloop
  endfacet
  facet normal 0 0 1
    outer loop
      vertex 22.7692 -1.69959 1.2
      vertex 24.1958 -1.23607 1.2
      vertex 24.0492 -0.625737 1.2
    endloop
  endfacet
  facet normal 0 0 1
    outer loop
      vertex 22.5677 -0.860389 1.2
      vertex 24.0492 -0.625737 1.2
      vertex 24 0 1.2
    endloop
  endfacet
  facet normal 0 0 1
    outer loop
      vertex 24.1958 1.23607 1.2
      vertex 22.7692 1.69959 1.2
      vertex 24.0492 0.625737 1.2
    endloop
  endfacet
  facet normal 0 0 1
    outer loop
      vertex 24.7639 -2.35114 1.2
      vertex 23.5504 -3.23282 1.2
      vertex 24.1109 -3.88909 1.2
    endloop
  endfacet
  facet normal -0 0 1
    outer loop
      vertex 22.5677 0.860389 1.2
      vertex 24.0492 0.625737 1.2
      vertex 22.7692 1.69959 1.2
    endloop
  endfacet
  facet normal 0 0 1
    outer loop
      vertex 24.436 -1.81596 1.2
      vertex 23.0995 -2.49695 1.2
      vertex 23.5504 -3.23282 1.2
    endloop
  endfacet
  facet normal 0 0 1
    outer loop
      vertex 24.0492 0.625737 1.2
      vertex 22.5677 0.860389 1.2
      vertex 24 0 1.2
    endloop
  endfacet
  facet normal 0 0 1
    outer loop
      vertex 24.1958 -1.23607 1.2
      vertex 22.7692 -1.69959 1.2
      vertex 23.0995 -2.49695 1.2
    endloop
  endfacet
  facet normal 0 0 1
    outer loop
      vertex 22.5 0 1.2
      vertex 24 0 1.2
      vertex 22.5677 0.860389 1.2
    endloop
  endfacet
  facet normal 0 0 1
    outer loop
      vertex 24.0492 -0.625737 1.2
      vertex 22.5677 -0.860389 1.2
      vertex 22.7692 -1.69959 1.2
    endloop
  endfacet
  facet normal 0 0 1
    outer loop
      vertex 24 0 1.2
      vertex 22.5 0 1.2
      vertex 22.5677 -0.860389 1.2
    endloop
  endfacet
  facet normal 0.0784534 -0.996918 0
    outer loop
      vertex 28 -5.5 0
      vertex 28.8604 -5.43229 1.2
      vertex 28 -5.5 1.2
    endloop
  endfacet
  facet normal 0.0784534 -0.996918 0
    outer loop
      vertex 28.8604 -5.43229 1.2
      vertex 28 -5.5 0
      vertex 28.8604 -5.43229 0
    endloop
  endfacet
  facet normal -0.852662 -0.522463 0
    outer loop
      vertex 23.5504 -3.23282 0
      vertex 23.0995 -2.49695 1.2
      vertex 23.0995 -2.49695 0
    endloop
  endfacet
  facet normal -0.852662 -0.522463 0
    outer loop
      vertex 23.0995 -2.49695 1.2
      vertex 23.5504 -3.23282 0
      vertex 23.5504 -3.23282 1.2
    endloop
  endfacet
  facet normal 0.233452 -0.972368 0
    outer loop
      vertex 28.8604 -5.43229 0
      vertex 29.6996 -5.23081 1.2
      vertex 28.8604 -5.43229 1.2
    endloop
  endfacet
  facet normal 0.233452 -0.972368 0
    outer loop
      vertex 29.6996 -5.23081 1.2
      vertex 28.8604 -5.43229 0
      vertex 29.6996 -5.23081 0
    endloop
  endfacet
  facet normal 0.649426 -0.760425 0
    outer loop
      vertex 31.2328 -4.44959 0
      vertex 31.8891 -3.88909 1.2
      vertex 31.2328 -4.44959 1.2
    endloop
  endfacet
  facet normal 0.649426 -0.760425 0
    outer loop
      vertex 31.8891 -3.88909 1.2
      vertex 31.2328 -4.44959 0
      vertex 31.8891 -3.88909 0
    endloop
  endfacet
  facet normal -0.996919 -0.0784429 0
    outer loop
      vertex 22.5677 -0.860389 0
      vertex 22.5 0 1.2
      vertex 22.5 0 0
    endloop
  endfacet
  facet normal -0.996919 -0.0784429 0
    outer loop
      vertex 22.5 0 1.2
      vertex 22.5677 -0.860389 0
      vertex 22.5677 -0.860389 1.2
    endloop
  endfacet
  facet normal 0.972363 -0.233473 0
    outer loop
      vertex 33.2308 -1.69959 1.2
      vertex 33.4323 -0.860389 0
      vertex 33.4323 -0.860389 1.2
    endloop
  endfacet
  facet normal 0.972363 -0.233473 0
    outer loop
      vertex 33.4323 -0.860389 0
      vertex 33.2308 -1.69959 1.2
      vertex 33.2308 -1.69959 0
    endloop
  endfacet
  facet normal 0.382701 0.923872 -0
    outer loop
      vertex 30.4969 4.90054 0
      vertex 29.6996 5.23081 1.2
      vertex 30.4969 4.90054 1.2
    endloop
  endfacet
  facet normal 0.382701 0.923872 0
    outer loop
      vertex 29.6996 5.23081 1.2
      vertex 30.4969 4.90054 0
      vertex 29.6996 5.23081 0
    endloop
  endfacet
  facet normal -0.382701 -0.923872 0
    outer loop
      vertex 25.5031 -4.90054 0
      vertex 26.3004 -5.23081 1.2
      vertex 25.5031 -4.90054 1.2
    endloop
  endfacet
  facet normal -0.382701 -0.923872 -0
    outer loop
      vertex 26.3004 -5.23081 1.2
      vertex 25.5031 -4.90054 0
      vertex 26.3004 -5.23081 0
    endloop
  endfacet
  facet normal 0.0784534 0.996918 -0
    outer loop
      vertex 28.8604 5.43229 0
      vertex 28 5.5 1.2
      vertex 28.8604 5.43229 1.2
    endloop
  endfacet
  facet normal 0.0784534 0.996918 0
    outer loop
      vertex 28 5.5 1.2
      vertex 28.8604 5.43229 0
      vertex 28 5.5 0
    endloop
  endfacet
  facet normal -0.852662 0.522463 0
    outer loop
      vertex 23.0995 2.49695 0
      vertex 23.5504 3.23282 1.2
      vertex 23.5504 3.23282 0
    endloop
  endfacet
  facet normal -0.852662 0.522463 0
    outer loop
      vertex 23.5504 3.23282 1.2
      vertex 23.0995 2.49695 0
      vertex 23.0995 2.49695 1.2
    endloop
  endfacet
endsolid OpenSCAD_Model
