solid OpenSCAD_Model
  facet normal 0.980789 -0.195072 0
    outer loop
      vertex 6.89778 3.87854 9.9
      vertex 6.97433 4.26342 8.4
      vertex 6.97433 4.26342 9.9
    endloop
  endfacet
  facet normal 0.980789 -0.195072 0
    outer loop
      vertex 6.97433 4.26342 8.4
      vertex 6.89778 3.87854 9.9
      vertex 6.89778 3.87854 8.4
    endloop
  endfacet
  facet normal 0.195072 -0.980789 0
    outer loop
      vertex 4.39158 1.68067 8.4
      vertex 4.77646 1.75722 9.9
      vertex 4.39158 1.68067 9.9
    endloop
  endfacet
  facet normal 0.195072 -0.980789 0
    outer loop
      vertex 4.77646 1.75722 9.9
      vertex 4.39158 1.68067 8.4
      vertex 4.77646 1.75722 8.4
    endloop
  endfacet
  facet normal 0.980789 0.195072 0
    outer loop
      vertex 6.97433 5.04658 9.9
      vertex 6.89778 5.43146 8.4
      vertex 6.89778 5.43146 9.9
    endloop
  endfacet
  facet normal 0.980789 0.195072 0
    outer loop
      vertex 6.89778 5.43146 8.4
      vertex 6.97433 5.04658 9.9
      vertex 6.97433 5.04658 8.4
    endloop
  endfacet
  facet normal 0.997858 0.0654145 0
    outer loop
      vertex 7 4.655 9.9
      vertex 6.97433 5.04658 8.4
      vertex 6.97433 5.04658 9.9
    endloop
  endfacet
  facet normal 0.997858 0.0654145 0
    outer loop
      vertex 6.97433 5.04658 8.4
      vertex 7 4.655 9.9
      vertex 7 4.655 8.4
    endloop
  endfacet
  facet normal 0.946928 0.321444 0
    outer loop
      vertex 6.89778 5.43146 9.9
      vertex 6.77164 5.80305 8.4
      vertex 6.77164 5.80305 9.9
    endloop
  endfacet
  facet normal 0.946928 0.321444 0
    outer loop
      vertex 6.77164 5.80305 8.4
      vertex 6.89778 5.43146 9.9
      vertex 6.89778 5.43146 8.4
    endloop
  endfacet
  facet normal 0.321444 -0.946928 0
    outer loop
      vertex 4.77646 1.75722 8.4
      vertex 5.14805 1.88336 9.9
      vertex 4.77646 1.75722 9.9
    endloop
  endfacet
  facet normal 0.321444 -0.946928 0
    outer loop
      vertex 5.14805 1.88336 9.9
      vertex 4.77646 1.75722 8.4
      vertex 5.14805 1.88336 8.4
    endloop
  endfacet
  facet normal -0.195072 0.980789 0
    outer loop
      vertex 3.60842 7.62933 8.4
      vertex 3.22354 7.55278 9.9
      vertex 3.60842 7.62933 9.9
    endloop
  endfacet
  facet normal -0.195072 0.980789 0
    outer loop
      vertex 3.22354 7.55278 9.9
      vertex 3.60842 7.62933 8.4
      vertex 3.22354 7.55278 8.4
    endloop
  endfacet
  facet normal -0.659341 0.751844 0
    outer loop
      vertex 2.17372 7.03506 8.4
      vertex 1.87868 6.77632 9.9
      vertex 2.17372 7.03506 9.9
    endloop
  endfacet
  facet normal -0.659341 0.751844 0
    outer loop
      vertex 1.87868 6.77632 9.9
      vertex 2.17372 7.03506 8.4
      vertex 1.87868 6.77632 8.4
    endloop
  endfacet
  facet normal -0.321444 0.946928 0
    outer loop
      vertex 3.22354 7.55278 8.4
      vertex 2.85195 7.42664 9.9
      vertex 3.22354 7.55278 9.9
    endloop
  endfacet
  facet normal -0.321444 0.946928 0
    outer loop
      vertex 2.85195 7.42664 9.9
      vertex 3.22354 7.55278 8.4
      vertex 2.85195 7.42664 8.4
    endloop
  endfacet
  facet normal 0.896875 0.442283 0
    outer loop
      vertex 6.77164 5.80305 9.9
      vertex 6.59808 6.155 8.4
      vertex 6.59808 6.155 9.9
    endloop
  endfacet
  facet normal 0.896875 0.442283 0
    outer loop
      vertex 6.59808 6.155 8.4
      vertex 6.77164 5.80305 9.9
      vertex 6.77164 5.80305 8.4
    endloop
  endfacet
  facet normal -0.321444 -0.946928 0
    outer loop
      vertex 2.85195 1.88336 8.4
      vertex 3.22354 1.75722 9.9
      vertex 2.85195 1.88336 9.9
    endloop
  endfacet
  facet normal -0.321444 -0.946928 -0
    outer loop
      vertex 3.22354 1.75722 9.9
      vertex 2.85195 1.88336 8.4
      vertex 3.22354 1.75722 8.4
    endloop
  endfacet
  facet normal -0.555582 -0.831462 0
    outer loop
      vertex 2.17372 2.27494 8.4
      vertex 2.5 2.05692 9.9
      vertex 2.17372 2.27494 9.9
    endloop
  endfacet
  facet normal -0.555582 -0.831462 -0
    outer loop
      vertex 2.5 2.05692 9.9
      vertex 2.17372 2.27494 8.4
      vertex 2.5 2.05692 8.4
    endloop
  endfacet
  facet normal 0 0 1
    outer loop
      vertex 168.2 127.57 9.9
      vertex 165.2 124.57 9.9
      vertex 168.2 -3.3 9.9
    endloop
  endfacet
  facet normal 0 0 1
    outer loop
      vertex 168.2 127.57 9.9
      vertex -0.299999 124.57 9.9
      vertex 165.2 124.57 9.9
    endloop
  endfacet
  facet normal 0 0 1
    outer loop
      vertex -0.299999 124.57 9.9
      vertex -3.3 127.57 9.9
      vertex -0.299999 -0.299999 9.9
    endloop
  endfacet
  facet normal -0 0 1
    outer loop
      vertex -3.3 127.57 9.9
      vertex -0.299999 124.57 9.9
      vertex 168.2 127.57 9.9
    endloop
  endfacet
  facet normal -0 0 1
    outer loop
      vertex 165.2 -0.299999 9.9
      vertex 168.2 -3.3 9.9
      vertex 165.2 124.57 9.9
    endloop
  endfacet
  facet normal -0 0 1
    outer loop
      vertex -0.299999 -0.299999 9.9
      vertex 168.2 -3.3 9.9
      vertex 165.2 -0.299999 9.9
    endloop
  endfacet
  facet normal 0 0 1
    outer loop
      vertex -0.299999 -0.299999 9.9
      vertex -3.3 -3.3 9.9
      vertex 168.2 -3.3 9.9
    endloop
  endfacet
  facet normal 0 0 1
    outer loop
      vertex -3.3 -3.3 9.9
      vertex -0.299999 -0.299999 9.9
      vertex -3.3 127.57 9.9
    endloop
  endfacet
  facet normal 0 0 1
    outer loop
      vertex 5.1 4.655 9.9
      vertex 7 4.655 9.9
      vertex 6.97433 5.04658 9.9
    endloop
  endfacet
  facet normal 0 0 1
    outer loop
      vertex 5.09059 4.79858 9.9
      vertex 6.97433 5.04658 9.9
      vertex 6.89778 5.43146 9.9
    endloop
  endfacet
  facet normal 0 0 1
    outer loop
      vertex 7 4.655 9.9
      vertex 5.1 4.655 9.9
      vertex 6.97433 4.26342 9.9
    endloop
  endfacet
  facet normal 0 0 1
    outer loop
      vertex 5.06252 4.9397 9.9
      vertex 6.89778 5.43146 9.9
      vertex 6.77164 5.80305 9.9
    endloop
  endfacet
  facet normal -0 0 1
    outer loop
      vertex 5.09059 4.51142 9.9
      vertex 6.97433 4.26342 9.9
      vertex 5.1 4.655 9.9
    endloop
  endfacet
  facet normal 0 0 1
    outer loop
      vertex 5.01627 5.07595 9.9
      vertex 6.77164 5.80305 9.9
      vertex 6.59808 6.155 9.9
    endloop
  endfacet
  facet normal 0 0 1
    outer loop
      vertex 6.97433 4.26342 9.9
      vertex 5.09059 4.51142 9.9
      vertex 6.89778 3.87854 9.9
    endloop
  endfacet
  facet normal 0 0 1
    outer loop
      vertex 4.95263 5.205 9.9
      vertex 6.59808 6.155 9.9
      vertex 6.38006 6.48128 9.9
    endloop
  endfacet
  facet normal -0 0 1
    outer loop
      vertex 5.06252 4.3703 9.9
      vertex 6.89778 3.87854 9.9
      vertex 5.09059 4.51142 9.9
    endloop
  endfacet
  facet normal 0 0 1
    outer loop
      vertex 4.87269 5.32464 9.9
      vertex 6.38006 6.48128 9.9
      vertex 6.12132 6.77632 9.9
    endloop
  endfacet
  facet normal 0 0 1
    outer loop
      vertex 6.89778 3.87854 9.9
      vertex 5.06252 4.3703 9.9
      vertex 6.77164 3.50695 9.9
    endloop
  endfacet
  facet normal 0 0 1
    outer loop
      vertex 4.77782 5.43282 9.9
      vertex 6.12132 6.77632 9.9
      vertex 5.82628 7.03506 9.9
    endloop
  endfacet
  facet normal -0 0 1
    outer loop
      vertex 5.01627 4.23405 9.9
      vertex 6.77164 3.50695 9.9
      vertex 5.06252 4.3703 9.9
    endloop
  endfacet
  facet normal 0 0 1
    outer loop
      vertex 4.66964 5.52769 9.9
      vertex 5.82628 7.03506 9.9
      vertex 5.5 7.25308 9.9
    endloop
  endfacet
  facet normal 0 0 1
    outer loop
      vertex 6.77164 3.50695 9.9
      vertex 5.01627 4.23405 9.9
      vertex 6.59808 3.155 9.9
    endloop
  endfacet
  facet normal 0 0 1
    outer loop
      vertex 4.55 5.60763 9.9
      vertex 5.5 7.25308 9.9
      vertex 5.14805 7.42664 9.9
    endloop
  endfacet
  facet normal -0 0 1
    outer loop
      vertex 4.95263 4.105 9.9
      vertex 6.59808 3.155 9.9
      vertex 5.01627 4.23405 9.9
    endloop
  endfacet
  facet normal 0 0 1
    outer loop
      vertex 6.59808 3.155 9.9
      vertex 4.95263 4.105 9.9
      vertex 6.38006 2.82872 9.9
    endloop
  endfacet
  facet normal 0 0 1
    outer loop
      vertex 6.97433 5.04658 9.9
      vertex 5.09059 4.79858 9.9
      vertex 5.1 4.655 9.9
    endloop
  endfacet
  facet normal 0 0 1
    outer loop
      vertex 6.89778 5.43146 9.9
      vertex 5.06252 4.9397 9.9
      vertex 5.09059 4.79858 9.9
    endloop
  endfacet
  facet normal 0 0 1
    outer loop
      vertex 6.77164 5.80305 9.9
      vertex 5.01627 5.07595 9.9
      vertex 5.06252 4.9397 9.9
    endloop
  endfacet
  facet normal 0 0 1
    outer loop
      vertex 6.59808 6.155 9.9
      vertex 4.95263 5.205 9.9
      vertex 5.01627 5.07595 9.9
    endloop
  endfacet
  facet normal 0 0 1
    outer loop
      vertex 6.38006 6.48128 9.9
      vertex 4.87269 5.32464 9.9
      vertex 4.95263 5.205 9.9
    endloop
  endfacet
  facet normal 0 0 1
    outer loop
      vertex 6.12132 6.77632 9.9
      vertex 4.77782 5.43282 9.9
      vertex 4.87269 5.32464 9.9
    endloop
  endfacet
  facet normal 0 0 1
    outer loop
      vertex 4.42095 5.67127 9.9
      vertex 5.14805 7.42664 9.9
      vertex 4.77646 7.55278 9.9
    endloop
  endfacet
  facet normal 0 0 1
    outer loop
      vertex 5.82628 7.03506 9.9
      vertex 4.66964 5.52769 9.9
      vertex 4.77782 5.43282 9.9
    endloop
  endfacet
  facet normal 0 0 1
    outer loop
      vertex 5.5 7.25308 9.9
      vertex 4.55 5.60763 9.9
      vertex 4.66964 5.52769 9.9
    endloop
  endfacet
  facet normal 0 0 1
    outer loop
      vertex 5.14805 7.42664 9.9
      vertex 4.42095 5.67127 9.9
      vertex 4.55 5.60763 9.9
    endloop
  endfacet
  facet normal 0 0 1
    outer loop
      vertex 4.2847 5.71752 9.9
      vertex 4.77646 7.55278 9.9
      vertex 4.39158 7.62933 9.9
    endloop
  endfacet
  facet normal 0 0 1
    outer loop
      vertex 4.77646 7.55278 9.9
      vertex 4.2847 5.71752 9.9
      vertex 4.42095 5.67127 9.9
    endloop
  endfacet
  facet normal 0 0 1
    outer loop
      vertex 4.39158 7.62933 9.9
      vertex 4.14358 5.74559 9.9
      vertex 4.2847 5.71752 9.9
    endloop
  endfacet
  facet normal 0 0 1
    outer loop
      vertex 4 7.655 9.9
      vertex 4.14358 5.74559 9.9
      vertex 4.39158 7.62933 9.9
    endloop
  endfacet
  facet normal 0 0 1
    outer loop
      vertex 4 7.655 9.9
      vertex 4 5.755 9.9
      vertex 4.14358 5.74559 9.9
    endloop
  endfacet
  facet normal 0 0 1
    outer loop
      vertex 4 7.655 9.9
      vertex 3.85642 5.74559 9.9
      vertex 4 5.755 9.9
    endloop
  endfacet
  facet normal -0 0 1
    outer loop
      vertex 3.60842 7.62933 9.9
      vertex 3.85642 5.74559 9.9
      vertex 4 7.655 9.9
    endloop
  endfacet
  facet normal 0 0 1
    outer loop
      vertex 3.85642 5.74559 9.9
      vertex 3.60842 7.62933 9.9
      vertex 3.7153 5.71752 9.9
    endloop
  endfacet
  facet normal -0 0 1
    outer loop
      vertex 3.22354 7.55278 9.9
      vertex 3.7153 5.71752 9.9
      vertex 3.60842 7.62933 9.9
    endloop
  endfacet
  facet normal 0 0 1
    outer loop
      vertex 3.7153 5.71752 9.9
      vertex 3.22354 7.55278 9.9
      vertex 3.57905 5.67127 9.9
    endloop
  endfacet
  facet normal -0 0 1
    outer loop
      vertex 2.85195 7.42664 9.9
      vertex 3.57905 5.67127 9.9
      vertex 3.22354 7.55278 9.9
    endloop
  endfacet
  facet normal 0 0 1
    outer loop
      vertex 3.57905 5.67127 9.9
      vertex 2.85195 7.42664 9.9
      vertex 3.45 5.60763 9.9
    endloop
  endfacet
  facet normal -0 0 1
    outer loop
      vertex 2.5 7.25308 9.9
      vertex 3.45 5.60763 9.9
      vertex 2.85195 7.42664 9.9
    endloop
  endfacet
  facet normal 0 0 1
    outer loop
      vertex 3.45 5.60763 9.9
      vertex 2.5 7.25308 9.9
      vertex 3.33036 5.52769 9.9
    endloop
  endfacet
  facet normal -0 0 1
    outer loop
      vertex 2.17372 7.03506 9.9
      vertex 3.33036 5.52769 9.9
      vertex 2.5 7.25308 9.9
    endloop
  endfacet
  facet normal 0 0 1
    outer loop
      vertex 3.33036 5.52769 9.9
      vertex 2.17372 7.03506 9.9
      vertex 3.22218 5.43282 9.9
    endloop
  endfacet
  facet normal -0 0 1
    outer loop
      vertex 1.87868 6.77632 9.9
      vertex 3.22218 5.43282 9.9
      vertex 2.17372 7.03506 9.9
    endloop
  endfacet
  facet normal 0 0 1
    outer loop
      vertex 3.22218 5.43282 9.9
      vertex 1.87868 6.77632 9.9
      vertex 3.12731 5.32464 9.9
    endloop
  endfacet
  facet normal 0 0 1
    outer loop
      vertex 3.12731 5.32464 9.9
      vertex 1.61994 6.48128 9.9
      vertex 3.04737 5.205 9.9
    endloop
  endfacet
  facet normal -0 0 1
    outer loop
      vertex 1.61994 6.48128 9.9
      vertex 3.12731 5.32464 9.9
      vertex 1.87868 6.77632 9.9
    endloop
  endfacet
  facet normal -0 0 1
    outer loop
      vertex 4.87269 3.98536 9.9
      vertex 6.38006 2.82872 9.9
      vertex 4.95263 4.105 9.9
    endloop
  endfacet
  facet normal 0 0 1
    outer loop
      vertex 6.38006 2.82872 9.9
      vertex 4.87269 3.98536 9.9
      vertex 6.12132 2.53368 9.9
    endloop
  endfacet
  facet normal -0 0 1
    outer loop
      vertex 4.77782 3.87718 9.9
      vertex 6.12132 2.53368 9.9
      vertex 4.87269 3.98536 9.9
    endloop
  endfacet
  facet normal 0 0 1
    outer loop
      vertex 6.12132 2.53368 9.9
      vertex 4.77782 3.87718 9.9
      vertex 5.82628 2.27494 9.9
    endloop
  endfacet
  facet normal -0 0 1
    outer loop
      vertex 4.66964 3.78231 9.9
      vertex 5.82628 2.27494 9.9
      vertex 4.77782 3.87718 9.9
    endloop
  endfacet
  facet normal 0 0 1
    outer loop
      vertex 5.82628 2.27494 9.9
      vertex 4.66964 3.78231 9.9
      vertex 5.5 2.05692 9.9
    endloop
  endfacet
  facet normal -0 0 1
    outer loop
      vertex 4.55 3.70237 9.9
      vertex 5.5 2.05692 9.9
      vertex 4.66964 3.78231 9.9
    endloop
  endfacet
  facet normal 0 0 1
    outer loop
      vertex 5.5 2.05692 9.9
      vertex 4.55 3.70237 9.9
      vertex 5.14805 1.88336 9.9
    endloop
  endfacet
  facet normal -0 0 1
    outer loop
      vertex 4.42095 3.63873 9.9
      vertex 5.14805 1.88336 9.9
      vertex 4.55 3.70237 9.9
    endloop
  endfacet
  facet normal 0 0 1
    outer loop
      vertex 5.14805 1.88336 9.9
      vertex 4.42095 3.63873 9.9
      vertex 4.77646 1.75722 9.9
    endloop
  endfacet
  facet normal -0 0 1
    outer loop
      vertex 4.2847 3.59248 9.9
      vertex 4.77646 1.75722 9.9
      vertex 4.42095 3.63873 9.9
    endloop
  endfacet
  facet normal 0 0 1
    outer loop
      vertex 4.77646 1.75722 9.9
      vertex 4.2847 3.59248 9.9
      vertex 4.39158 1.68067 9.9
    endloop
  endfacet
  facet normal -0 0 1
    outer loop
      vertex 4.14358 3.56441 9.9
      vertex 4.39158 1.68067 9.9
      vertex 4.2847 3.59248 9.9
    endloop
  endfacet
  facet normal -0 0 1
    outer loop
      vertex 4 3.555 9.9
      vertex 4.39158 1.68067 9.9
      vertex 4.14358 3.56441 9.9
    endloop
  endfacet
  facet normal 0 0 1
    outer loop
      vertex 4 3.555 9.9
      vertex 4 1.655 9.9
      vertex 4.39158 1.68067 9.9
    endloop
  endfacet
  facet normal 0 0 1
    outer loop
      vertex 3.85642 3.56441 9.9
      vertex 4 1.655 9.9
      vertex 4 3.555 9.9
    endloop
  endfacet
  facet normal 0 0 1
    outer loop
      vertex 3.60842 1.68067 9.9
      vertex 3.85642 3.56441 9.9
      vertex 3.7153 3.59248 9.9
    endloop
  endfacet
  facet normal 0 0 1
    outer loop
      vertex 3.85642 3.56441 9.9
      vertex 3.60842 1.68067 9.9
      vertex 4 1.655 9.9
    endloop
  endfacet
  facet normal 0 0 1
    outer loop
      vertex 3.22354 1.75722 9.9
      vertex 3.7153 3.59248 9.9
      vertex 3.57905 3.63873 9.9
    endloop
  endfacet
  facet normal 0 0 1
    outer loop
      vertex 2.85195 1.88336 9.9
      vertex 3.57905 3.63873 9.9
      vertex 3.45 3.70237 9.9
    endloop
  endfacet
  facet normal 0 0 1
    outer loop
      vertex 2.5 2.05692 9.9
      vertex 3.45 3.70237 9.9
      vertex 3.33036 3.78231 9.9
    endloop
  endfacet
  facet normal 0 0 1
    outer loop
      vertex 3.7153 3.59248 9.9
      vertex 3.22354 1.75722 9.9
      vertex 3.60842 1.68067 9.9
    endloop
  endfacet
  facet normal 0 0 1
    outer loop
      vertex 2.17372 2.27494 9.9
      vertex 3.33036 3.78231 9.9
      vertex 3.22218 3.87718 9.9
    endloop
  endfacet
  facet normal 0 0 1
    outer loop
      vertex 1.87868 2.53368 9.9
      vertex 3.22218 3.87718 9.9
      vertex 3.12731 3.98536 9.9
    endloop
  endfacet
  facet normal 0 0 1
    outer loop
      vertex 1.61994 2.82872 9.9
      vertex 3.12731 3.98536 9.9
      vertex 3.04737 4.105 9.9
    endloop
  endfacet
  facet normal 0 0 1
    outer loop
      vertex 1.40192 3.155 9.9
      vertex 3.04737 4.105 9.9
      vertex 2.98373 4.23405 9.9
    endloop
  endfacet
  facet normal 0 0 1
    outer loop
      vertex 1.22836 3.50695 9.9
      vertex 2.98373 4.23405 9.9
      vertex 2.93748 4.3703 9.9
    endloop
  endfacet
  facet normal 0 0 1
    outer loop
      vertex 1.10222 3.87854 9.9
      vertex 2.93748 4.3703 9.9
      vertex 2.90941 4.51142 9.9
    endloop
  endfacet
  facet normal 0 0 1
    outer loop
      vertex 3.57905 3.63873 9.9
      vertex 2.85195 1.88336 9.9
      vertex 3.22354 1.75722 9.9
    endloop
  endfacet
  facet normal 0 0 1
    outer loop
      vertex 1.02567 4.26342 9.9
      vertex 2.90941 4.51142 9.9
      vertex 2.9 4.655 9.9
    endloop
  endfacet
  facet normal -0 0 1
    outer loop
      vertex 1.40192 6.155 9.9
      vertex 3.04737 5.205 9.9
      vertex 1.61994 6.48128 9.9
    endloop
  endfacet
  facet normal 0 0 1
    outer loop
      vertex 3.04737 5.205 9.9
      vertex 1.40192 6.155 9.9
      vertex 2.98373 5.07595 9.9
    endloop
  endfacet
  facet normal 0 0 1
    outer loop
      vertex 3.45 3.70237 9.9
      vertex 2.5 2.05692 9.9
      vertex 2.85195 1.88336 9.9
    endloop
  endfacet
  facet normal -0 0 1
    outer loop
      vertex 1.22836 5.80305 9.9
      vertex 2.98373 5.07595 9.9
      vertex 1.40192 6.155 9.9
    endloop
  endfacet
  facet normal 0 0 1
    outer loop
      vertex 3.33036 3.78231 9.9
      vertex 2.17372 2.27494 9.9
      vertex 2.5 2.05692 9.9
    endloop
  endfacet
  facet normal 0 0 1
    outer loop
      vertex 2.98373 5.07595 9.9
      vertex 1.22836 5.80305 9.9
      vertex 2.93748 4.9397 9.9
    endloop
  endfacet
  facet normal 0 0 1
    outer loop
      vertex 3.22218 3.87718 9.9
      vertex 1.87868 2.53368 9.9
      vertex 2.17372 2.27494 9.9
    endloop
  endfacet
  facet normal -0 0 1
    outer loop
      vertex 1.10222 5.43146 9.9
      vertex 2.93748 4.9397 9.9
      vertex 1.22836 5.80305 9.9
    endloop
  endfacet
  facet normal 0 0 1
    outer loop
      vertex 3.12731 3.98536 9.9
      vertex 1.61994 2.82872 9.9
      vertex 1.87868 2.53368 9.9
    endloop
  endfacet
  facet normal 0 0 1
    outer loop
      vertex 2.93748 4.9397 9.9
      vertex 1.10222 5.43146 9.9
      vertex 2.90941 4.79858 9.9
    endloop
  endfacet
  facet normal 0 0 1
    outer loop
      vertex 3.04737 4.105 9.9
      vertex 1.40192 3.155 9.9
      vertex 1.61994 2.82872 9.9
    endloop
  endfacet
  facet normal -0 0 1
    outer loop
      vertex 1.02567 5.04658 9.9
      vertex 2.90941 4.79858 9.9
      vertex 1.10222 5.43146 9.9
    endloop
  endfacet
  facet normal 0 0 1
    outer loop
      vertex 2.98373 4.23405 9.9
      vertex 1.22836 3.50695 9.9
      vertex 1.40192 3.155 9.9
    endloop
  endfacet
  facet normal 0 0 1
    outer loop
      vertex 2.90941 4.79858 9.9
      vertex 1.02567 5.04658 9.9
      vertex 2.9 4.655 9.9
    endloop
  endfacet
  facet normal 0 0 1
    outer loop
      vertex 2.93748 4.3703 9.9
      vertex 1.10222 3.87854 9.9
      vertex 1.22836 3.50695 9.9
    endloop
  endfacet
  facet normal 0 0 1
    outer loop
      vertex 1 4.655 9.9
      vertex 2.9 4.655 9.9
      vertex 1.02567 5.04658 9.9
    endloop
  endfacet
  facet normal 0 0 1
    outer loop
      vertex 2.90941 4.51142 9.9
      vertex 1.02567 4.26342 9.9
      vertex 1.10222 3.87854 9.9
    endloop
  endfacet
  facet normal 0 0 1
    outer loop
      vertex 2.9 4.655 9.9
      vertex 1 4.655 9.9
      vertex 1.02567 4.26342 9.9
    endloop
  endfacet
  facet normal 0 0 1
    outer loop
      vertex 162 4.655 9.9
      vertex 163.9 4.655 9.9
      vertex 163.874 5.04658 9.9
    endloop
  endfacet
  facet normal 0 0 1
    outer loop
      vertex 161.991 4.79858 9.9
      vertex 163.874 5.04658 9.9
      vertex 163.798 5.43146 9.9
    endloop
  endfacet
  facet normal 0 0 1
    outer loop
      vertex 163.9 4.655 9.9
      vertex 162 4.655 9.9
      vertex 163.874 4.26342 9.9
    endloop
  endfacet
  facet normal 0 0 1
    outer loop
      vertex 161.963 4.9397 9.9
      vertex 163.798 5.43146 9.9
      vertex 163.672 5.80305 9.9
    endloop
  endfacet
  facet normal -0 0 1
    outer loop
      vertex 161.991 4.51142 9.9
      vertex 163.874 4.26342 9.9
      vertex 162 4.655 9.9
    endloop
  endfacet
  facet normal 0 0 1
    outer loop
      vertex 161.916 5.07595 9.9
      vertex 163.672 5.80305 9.9
      vertex 163.498 6.155 9.9
    endloop
  endfacet
  facet normal 0 0 1
    outer loop
      vertex 163.874 4.26342 9.9
      vertex 161.991 4.51142 9.9
      vertex 163.798 3.87854 9.9
    endloop
  endfacet
  facet normal 0 0 1
    outer loop
      vertex 161.853 5.205 9.9
      vertex 163.498 6.155 9.9
      vertex 163.28 6.48128 9.9
    endloop
  endfacet
  facet normal -0 0 1
    outer loop
      vertex 161.963 4.3703 9.9
      vertex 163.798 3.87854 9.9
      vertex 161.991 4.51142 9.9
    endloop
  endfacet
  facet normal 0 0 1
    outer loop
      vertex 161.773 5.32464 9.9
      vertex 163.28 6.48128 9.9
      vertex 163.021 6.77632 9.9
    endloop
  endfacet
  facet normal 0 0 1
    outer loop
      vertex 163.798 3.87854 9.9
      vertex 161.963 4.3703 9.9
      vertex 163.672 3.50695 9.9
    endloop
  endfacet
  facet normal 0 0 1
    outer loop
      vertex 161.678 5.43282 9.9
      vertex 163.021 6.77632 9.9
      vertex 162.726 7.03506 9.9
    endloop
  endfacet
  facet normal -0 0 1
    outer loop
      vertex 161.916 4.23405 9.9
      vertex 163.672 3.50695 9.9
      vertex 161.963 4.3703 9.9
    endloop
  endfacet
  facet normal 0 0 1
    outer loop
      vertex 161.57 5.52769 9.9
      vertex 162.726 7.03506 9.9
      vertex 162.4 7.25308 9.9
    endloop
  endfacet
  facet normal 0 0 1
    outer loop
      vertex 163.672 3.50695 9.9
      vertex 161.916 4.23405 9.9
      vertex 163.498 3.155 9.9
    endloop
  endfacet
  facet normal 0 0 1
    outer loop
      vertex 161.45 5.60763 9.9
      vertex 162.4 7.25308 9.9
      vertex 162.048 7.42664 9.9
    endloop
  endfacet
  facet normal -0 0 1
    outer loop
      vertex 161.853 4.105 9.9
      vertex 163.498 3.155 9.9
      vertex 161.916 4.23405 9.9
    endloop
  endfacet
  facet normal 0 0 1
    outer loop
      vertex 163.498 3.155 9.9
      vertex 161.853 4.105 9.9
      vertex 163.28 2.82872 9.9
    endloop
  endfacet
  facet normal 0 0 1
    outer loop
      vertex 163.874 5.04658 9.9
      vertex 161.991 4.79858 9.9
      vertex 162 4.655 9.9
    endloop
  endfacet
  facet normal 0 0 1
    outer loop
      vertex 163.798 5.43146 9.9
      vertex 161.963 4.9397 9.9
      vertex 161.991 4.79858 9.9
    endloop
  endfacet
  facet normal 0 0 1
    outer loop
      vertex 163.672 5.80305 9.9
      vertex 161.916 5.07595 9.9
      vertex 161.963 4.9397 9.9
    endloop
  endfacet
  facet normal 0 0 1
    outer loop
      vertex 163.498 6.155 9.9
      vertex 161.853 5.205 9.9
      vertex 161.916 5.07595 9.9
    endloop
  endfacet
  facet normal 0 0 1
    outer loop
      vertex 163.28 6.48128 9.9
      vertex 161.773 5.32464 9.9
      vertex 161.853 5.205 9.9
    endloop
  endfacet
  facet normal 0 0 1
    outer loop
      vertex 163.021 6.77632 9.9
      vertex 161.678 5.43282 9.9
      vertex 161.773 5.32464 9.9
    endloop
  endfacet
  facet normal 0 0 1
    outer loop
      vertex 161.321 5.67127 9.9
      vertex 162.048 7.42664 9.9
      vertex 161.676 7.55278 9.9
    endloop
  endfacet
  facet normal 0 0 1
    outer loop
      vertex 162.726 7.03506 9.9
      vertex 161.57 5.52769 9.9
      vertex 161.678 5.43282 9.9
    endloop
  endfacet
  facet normal 0 0 1
    outer loop
      vertex 162.4 7.25308 9.9
      vertex 161.45 5.60763 9.9
      vertex 161.57 5.52769 9.9
    endloop
  endfacet
  facet normal 0 0 1
    outer loop
      vertex 162.048 7.42664 9.9
      vertex 161.321 5.67127 9.9
      vertex 161.45 5.60763 9.9
    endloop
  endfacet
  facet normal 0 0 1
    outer loop
      vertex 161.185 5.71752 9.9
      vertex 161.676 7.55278 9.9
      vertex 161.292 7.62933 9.9
    endloop
  endfacet
  facet normal 0 0 1
    outer loop
      vertex 161.676 7.55278 9.9
      vertex 161.185 5.71752 9.9
      vertex 161.321 5.67127 9.9
    endloop
  endfacet
  facet normal 0 0 1
    outer loop
      vertex 161.292 7.62933 9.9
      vertex 161.044 5.74559 9.9
      vertex 161.185 5.71752 9.9
    endloop
  endfacet
  facet normal 0 0 1
    outer loop
      vertex 160.9 7.655 9.9
      vertex 161.044 5.74559 9.9
      vertex 161.292 7.62933 9.9
    endloop
  endfacet
  facet normal 0 0 1
    outer loop
      vertex 160.9 7.655 9.9
      vertex 160.9 5.755 9.9
      vertex 161.044 5.74559 9.9
    endloop
  endfacet
  facet normal 0 0 1
    outer loop
      vertex 160.9 7.655 9.9
      vertex 160.756 5.74559 9.9
      vertex 160.9 5.755 9.9
    endloop
  endfacet
  facet normal -0 0 1
    outer loop
      vertex 160.508 7.62933 9.9
      vertex 160.756 5.74559 9.9
      vertex 160.9 7.655 9.9
    endloop
  endfacet
  facet normal 0 0 1
    outer loop
      vertex 160.756 5.74559 9.9
      vertex 160.508 7.62933 9.9
      vertex 160.615 5.71752 9.9
    endloop
  endfacet
  facet normal -0 0 1
    outer loop
      vertex 160.124 7.55278 9.9
      vertex 160.615 5.71752 9.9
      vertex 160.508 7.62933 9.9
    endloop
  endfacet
  facet normal 0 0 1
    outer loop
      vertex 160.615 5.71752 9.9
      vertex 160.124 7.55278 9.9
      vertex 160.479 5.67127 9.9
    endloop
  endfacet
  facet normal -0 0 1
    outer loop
      vertex 159.752 7.42664 9.9
      vertex 160.479 5.67127 9.9
      vertex 160.124 7.55278 9.9
    endloop
  endfacet
  facet normal 0 0 1
    outer loop
      vertex 160.479 5.67127 9.9
      vertex 159.752 7.42664 9.9
      vertex 160.35 5.60763 9.9
    endloop
  endfacet
  facet normal -0 0 1
    outer loop
      vertex 159.4 7.25308 9.9
      vertex 160.35 5.60763 9.9
      vertex 159.752 7.42664 9.9
    endloop
  endfacet
  facet normal 0 0 1
    outer loop
      vertex 160.35 5.60763 9.9
      vertex 159.4 7.25308 9.9
      vertex 160.23 5.52769 9.9
    endloop
  endfacet
  facet normal -0 0 1
    outer loop
      vertex 159.074 7.03506 9.9
      vertex 160.23 5.52769 9.9
      vertex 159.4 7.25308 9.9
    endloop
  endfacet
  facet normal 0 0 1
    outer loop
      vertex 160.23 5.52769 9.9
      vertex 159.074 7.03506 9.9
      vertex 160.122 5.43282 9.9
    endloop
  endfacet
  facet normal -0 0 1
    outer loop
      vertex 158.779 6.77632 9.9
      vertex 160.122 5.43282 9.9
      vertex 159.074 7.03506 9.9
    endloop
  endfacet
  facet normal 0 0 1
    outer loop
      vertex 160.122 5.43282 9.9
      vertex 158.779 6.77632 9.9
      vertex 160.027 5.32464 9.9
    endloop
  endfacet
  facet normal 0 0 1
    outer loop
      vertex 160.027 5.32464 9.9
      vertex 158.52 6.48128 9.9
      vertex 159.947 5.205 9.9
    endloop
  endfacet
  facet normal -0 0 1
    outer loop
      vertex 158.52 6.48128 9.9
      vertex 160.027 5.32464 9.9
      vertex 158.779 6.77632 9.9
    endloop
  endfacet
  facet normal -0 0 1
    outer loop
      vertex 161.773 3.98536 9.9
      vertex 163.28 2.82872 9.9
      vertex 161.853 4.105 9.9
    endloop
  endfacet
  facet normal 0 0 1
    outer loop
      vertex 163.28 2.82872 9.9
      vertex 161.773 3.98536 9.9
      vertex 163.021 2.53368 9.9
    endloop
  endfacet
  facet normal -0 0 1
    outer loop
      vertex 161.678 3.87718 9.9
      vertex 163.021 2.53368 9.9
      vertex 161.773 3.98536 9.9
    endloop
  endfacet
  facet normal 0 0 1
    outer loop
      vertex 163.021 2.53368 9.9
      vertex 161.678 3.87718 9.9
      vertex 162.726 2.27494 9.9
    endloop
  endfacet
  facet normal -0 0 1
    outer loop
      vertex 161.57 3.78231 9.9
      vertex 162.726 2.27494 9.9
      vertex 161.678 3.87718 9.9
    endloop
  endfacet
  facet normal 0 0 1
    outer loop
      vertex 162.726 2.27494 9.9
      vertex 161.57 3.78231 9.9
      vertex 162.4 2.05692 9.9
    endloop
  endfacet
  facet normal -0 0 1
    outer loop
      vertex 161.45 3.70237 9.9
      vertex 162.4 2.05692 9.9
      vertex 161.57 3.78231 9.9
    endloop
  endfacet
  facet normal 0 0 1
    outer loop
      vertex 162.4 2.05692 9.9
      vertex 161.45 3.70237 9.9
      vertex 162.048 1.88336 9.9
    endloop
  endfacet
  facet normal -0 0 1
    outer loop
      vertex 161.321 3.63873 9.9
      vertex 162.048 1.88336 9.9
      vertex 161.45 3.70237 9.9
    endloop
  endfacet
  facet normal 0 0 1
    outer loop
      vertex 162.048 1.88336 9.9
      vertex 161.321 3.63873 9.9
      vertex 161.676 1.75722 9.9
    endloop
  endfacet
  facet normal -0 0 1
    outer loop
      vertex 161.185 3.59248 9.9
      vertex 161.676 1.75722 9.9
      vertex 161.321 3.63873 9.9
    endloop
  endfacet
  facet normal 0 0 1
    outer loop
      vertex 161.676 1.75722 9.9
      vertex 161.185 3.59248 9.9
      vertex 161.292 1.68067 9.9
    endloop
  endfacet
  facet normal -0 0 1
    outer loop
      vertex 161.044 3.56441 9.9
      vertex 161.292 1.68067 9.9
      vertex 161.185 3.59248 9.9
    endloop
  endfacet
  facet normal -0 0 1
    outer loop
      vertex 160.9 3.555 9.9
      vertex 161.292 1.68067 9.9
      vertex 161.044 3.56441 9.9
    endloop
  endfacet
  facet normal 0 0 1
    outer loop
      vertex 160.9 3.555 9.9
      vertex 160.9 1.655 9.9
      vertex 161.292 1.68067 9.9
    endloop
  endfacet
  facet normal 0 0 1
    outer loop
      vertex 160.756 3.56441 9.9
      vertex 160.9 1.655 9.9
      vertex 160.9 3.555 9.9
    endloop
  endfacet
  facet normal 0 0 1
    outer loop
      vertex 160.508 1.68067 9.9
      vertex 160.756 3.56441 9.9
      vertex 160.615 3.59248 9.9
    endloop
  endfacet
  facet normal 0 0 1
    outer loop
      vertex 160.756 3.56441 9.9
      vertex 160.508 1.68067 9.9
      vertex 160.9 1.655 9.9
    endloop
  endfacet
  facet normal 0 0 1
    outer loop
      vertex 160.124 1.75722 9.9
      vertex 160.615 3.59248 9.9
      vertex 160.479 3.63873 9.9
    endloop
  endfacet
  facet normal 0 0 1
    outer loop
      vertex 159.752 1.88336 9.9
      vertex 160.479 3.63873 9.9
      vertex 160.35 3.70237 9.9
    endloop
  endfacet
  facet normal 0 0 1
    outer loop
      vertex 159.4 2.05692 9.9
      vertex 160.35 3.70237 9.9
      vertex 160.23 3.78231 9.9
    endloop
  endfacet
  facet normal 0 0 1
    outer loop
      vertex 160.615 3.59248 9.9
      vertex 160.124 1.75722 9.9
      vertex 160.508 1.68067 9.9
    endloop
  endfacet
  facet normal 0 0 1
    outer loop
      vertex 159.074 2.27494 9.9
      vertex 160.23 3.78231 9.9
      vertex 160.122 3.87718 9.9
    endloop
  endfacet
  facet normal 0 0 1
    outer loop
      vertex 158.779 2.53368 9.9
      vertex 160.122 3.87718 9.9
      vertex 160.027 3.98536 9.9
    endloop
  endfacet
  facet normal 0 0 1
    outer loop
      vertex 158.52 2.82872 9.9
      vertex 160.027 3.98536 9.9
      vertex 159.947 4.105 9.9
    endloop
  endfacet
  facet normal 0 0 1
    outer loop
      vertex 158.302 3.155 9.9
      vertex 159.947 4.105 9.9
      vertex 159.884 4.23405 9.9
    endloop
  endfacet
  facet normal 0 0 1
    outer loop
      vertex 158.128 3.50695 9.9
      vertex 159.884 4.23405 9.9
      vertex 159.837 4.3703 9.9
    endloop
  endfacet
  facet normal 0 0 1
    outer loop
      vertex 158.002 3.87854 9.9
      vertex 159.837 4.3703 9.9
      vertex 159.809 4.51142 9.9
    endloop
  endfacet
  facet normal 0 0 1
    outer loop
      vertex 160.479 3.63873 9.9
      vertex 159.752 1.88336 9.9
      vertex 160.124 1.75722 9.9
    endloop
  endfacet
  facet normal 0 0 1
    outer loop
      vertex 157.926 4.26342 9.9
      vertex 159.809 4.51142 9.9
      vertex 159.8 4.655 9.9
    endloop
  endfacet
  facet normal -0 0 1
    outer loop
      vertex 158.302 6.155 9.9
      vertex 159.947 5.205 9.9
      vertex 158.52 6.48128 9.9
    endloop
  endfacet
  facet normal 0 0 1
    outer loop
      vertex 159.947 5.205 9.9
      vertex 158.302 6.155 9.9
      vertex 159.884 5.07595 9.9
    endloop
  endfacet
  facet normal 0 0 1
    outer loop
      vertex 160.35 3.70237 9.9
      vertex 159.4 2.05692 9.9
      vertex 159.752 1.88336 9.9
    endloop
  endfacet
  facet normal -0 0 1
    outer loop
      vertex 158.128 5.80305 9.9
      vertex 159.884 5.07595 9.9
      vertex 158.302 6.155 9.9
    endloop
  endfacet
  facet normal 0 0 1
    outer loop
      vertex 160.23 3.78231 9.9
      vertex 159.074 2.27494 9.9
      vertex 159.4 2.05692 9.9
    endloop
  endfacet
  facet normal 0 0 1
    outer loop
      vertex 159.884 5.07595 9.9
      vertex 158.128 5.80305 9.9
      vertex 159.837 4.9397 9.9
    endloop
  endfacet
  facet normal 0 0 1
    outer loop
      vertex 160.122 3.87718 9.9
      vertex 158.779 2.53368 9.9
      vertex 159.074 2.27494 9.9
    endloop
  endfacet
  facet normal -0 0 1
    outer loop
      vertex 158.002 5.43146 9.9
      vertex 159.837 4.9397 9.9
      vertex 158.128 5.80305 9.9
    endloop
  endfacet
  facet normal 0 0 1
    outer loop
      vertex 160.027 3.98536 9.9
      vertex 158.52 2.82872 9.9
      vertex 158.779 2.53368 9.9
    endloop
  endfacet
  facet normal 0 0 1
    outer loop
      vertex 159.837 4.9397 9.9
      vertex 158.002 5.43146 9.9
      vertex 159.809 4.79858 9.9
    endloop
  endfacet
  facet normal 0 0 1
    outer loop
      vertex 159.947 4.105 9.9
      vertex 158.302 3.155 9.9
      vertex 158.52 2.82872 9.9
    endloop
  endfacet
  facet normal -0 0 1
    outer loop
      vertex 157.926 5.04658 9.9
      vertex 159.809 4.79858 9.9
      vertex 158.002 5.43146 9.9
    endloop
  endfacet
  facet normal 0 0 1
    outer loop
      vertex 159.884 4.23405 9.9
      vertex 158.128 3.50695 9.9
      vertex 158.302 3.155 9.9
    endloop
  endfacet
  facet normal 0 0 1
    outer loop
      vertex 159.809 4.79858 9.9
      vertex 157.926 5.04658 9.9
      vertex 159.8 4.655 9.9
    endloop
  endfacet
  facet normal 0 0 1
    outer loop
      vertex 159.837 4.3703 9.9
      vertex 158.002 3.87854 9.9
      vertex 158.128 3.50695 9.9
    endloop
  endfacet
  facet normal 0 0 1
    outer loop
      vertex 157.9 4.655 9.9
      vertex 159.8 4.655 9.9
      vertex 157.926 5.04658 9.9
    endloop
  endfacet
  facet normal 0 0 1
    outer loop
      vertex 159.809 4.51142 9.9
      vertex 157.926 4.26342 9.9
      vertex 158.002 3.87854 9.9
    endloop
  endfacet
  facet normal 0 0 1
    outer loop
      vertex 159.8 4.655 9.9
      vertex 157.9 4.655 9.9
      vertex 157.926 4.26342 9.9
    endloop
  endfacet
  facet normal 0 0 1
    outer loop
      vertex 5.1 119.615 9.9
      vertex 7 119.615 9.9
      vertex 6.97433 120.007 9.9
    endloop
  endfacet
  facet normal 0 0 1
    outer loop
      vertex 5.09059 119.759 9.9
      vertex 6.97433 120.007 9.9
      vertex 6.89778 120.391 9.9
    endloop
  endfacet
  facet normal 0 0 1
    outer loop
      vertex 7 119.615 9.9
      vertex 5.1 119.615 9.9
      vertex 6.97433 119.223 9.9
    endloop
  endfacet
  facet normal 0 0 1
    outer loop
      vertex 5.06252 119.9 9.9
      vertex 6.89778 120.391 9.9
      vertex 6.77164 120.763 9.9
    endloop
  endfacet
  facet normal -0 0 1
    outer loop
      vertex 5.09059 119.471 9.9
      vertex 6.97433 119.223 9.9
      vertex 5.1 119.615 9.9
    endloop
  endfacet
  facet normal 0 0 1
    outer loop
      vertex 5.01627 120.036 9.9
      vertex 6.77164 120.763 9.9
      vertex 6.59808 121.115 9.9
    endloop
  endfacet
  facet normal 0 0 1
    outer loop
      vertex 6.97433 119.223 9.9
      vertex 5.09059 119.471 9.9
      vertex 6.89778 118.839 9.9
    endloop
  endfacet
  facet normal 0 0 1
    outer loop
      vertex 4.95263 120.165 9.9
      vertex 6.59808 121.115 9.9
      vertex 6.38006 121.441 9.9
    endloop
  endfacet
  facet normal -0 0 1
    outer loop
      vertex 5.06252 119.33 9.9
      vertex 6.89778 118.839 9.9
      vertex 5.09059 119.471 9.9
    endloop
  endfacet
  facet normal 0 0 1
    outer loop
      vertex 4.87269 120.285 9.9
      vertex 6.38006 121.441 9.9
      vertex 6.12132 121.736 9.9
    endloop
  endfacet
  facet normal 0 0 1
    outer loop
      vertex 6.89778 118.839 9.9
      vertex 5.06252 119.33 9.9
      vertex 6.77164 118.467 9.9
    endloop
  endfacet
  facet normal 0 0 1
    outer loop
      vertex 4.77782 120.393 9.9
      vertex 6.12132 121.736 9.9
      vertex 5.82628 121.995 9.9
    endloop
  endfacet
  facet normal -0 0 1
    outer loop
      vertex 5.01627 119.194 9.9
      vertex 6.77164 118.467 9.9
      vertex 5.06252 119.33 9.9
    endloop
  endfacet
  facet normal 0 0 1
    outer loop
      vertex 4.66964 120.488 9.9
      vertex 5.82628 121.995 9.9
      vertex 5.5 122.213 9.9
    endloop
  endfacet
  facet normal 0 0 1
    outer loop
      vertex 6.77164 118.467 9.9
      vertex 5.01627 119.194 9.9
      vertex 6.59808 118.115 9.9
    endloop
  endfacet
  facet normal 0 0 1
    outer loop
      vertex 4.55 120.568 9.9
      vertex 5.5 122.213 9.9
      vertex 5.14805 122.387 9.9
    endloop
  endfacet
  facet normal -0 0 1
    outer loop
      vertex 4.95263 119.065 9.9
      vertex 6.59808 118.115 9.9
      vertex 5.01627 119.194 9.9
    endloop
  endfacet
  facet normal 0 0 1
    outer loop
      vertex 6.59808 118.115 9.9
      vertex 4.95263 119.065 9.9
      vertex 6.38006 117.789 9.9
    endloop
  endfacet
  facet normal 0 0 1
    outer loop
      vertex 6.97433 120.007 9.9
      vertex 5.09059 119.759 9.9
      vertex 5.1 119.615 9.9
    endloop
  endfacet
  facet normal 0 0 1
    outer loop
      vertex 6.89778 120.391 9.9
      vertex 5.06252 119.9 9.9
      vertex 5.09059 119.759 9.9
    endloop
  endfacet
  facet normal 0 0 1
    outer loop
      vertex 6.77164 120.763 9.9
      vertex 5.01627 120.036 9.9
      vertex 5.06252 119.9 9.9
    endloop
  endfacet
  facet normal 0 0 1
    outer loop
      vertex 6.59808 121.115 9.9
      vertex 4.95263 120.165 9.9
      vertex 5.01627 120.036 9.9
    endloop
  endfacet
  facet normal 0 0 1
    outer loop
      vertex 6.38006 121.441 9.9
      vertex 4.87269 120.285 9.9
      vertex 4.95263 120.165 9.9
    endloop
  endfacet
  facet normal 0 0 1
    outer loop
      vertex 6.12132 121.736 9.9
      vertex 4.77782 120.393 9.9
      vertex 4.87269 120.285 9.9
    endloop
  endfacet
  facet normal 0 0 1
    outer loop
      vertex 4.42095 120.631 9.9
      vertex 5.14805 122.387 9.9
      vertex 4.77646 122.513 9.9
    endloop
  endfacet
  facet normal 0 0 1
    outer loop
      vertex 5.82628 121.995 9.9
      vertex 4.66964 120.488 9.9
      vertex 4.77782 120.393 9.9
    endloop
  endfacet
  facet normal 0 0 1
    outer loop
      vertex 5.5 122.213 9.9
      vertex 4.55 120.568 9.9
      vertex 4.66964 120.488 9.9
    endloop
  endfacet
  facet normal 0 0 1
    outer loop
      vertex 5.14805 122.387 9.9
      vertex 4.42095 120.631 9.9
      vertex 4.55 120.568 9.9
    endloop
  endfacet
  facet normal 0 0 1
    outer loop
      vertex 4.2847 120.678 9.9
      vertex 4.77646 122.513 9.9
      vertex 4.39158 122.589 9.9
    endloop
  endfacet
  facet normal 0 0 1
    outer loop
      vertex 4.77646 122.513 9.9
      vertex 4.2847 120.678 9.9
      vertex 4.42095 120.631 9.9
    endloop
  endfacet
  facet normal 0 0 1
    outer loop
      vertex 4.39158 122.589 9.9
      vertex 4.14358 120.706 9.9
      vertex 4.2847 120.678 9.9
    endloop
  endfacet
  facet normal 0 0 1
    outer loop
      vertex 4 122.615 9.9
      vertex 4.14358 120.706 9.9
      vertex 4.39158 122.589 9.9
    endloop
  endfacet
  facet normal 0 0 1
    outer loop
      vertex 4 122.615 9.9
      vertex 4 120.715 9.9
      vertex 4.14358 120.706 9.9
    endloop
  endfacet
  facet normal 0 0 1
    outer loop
      vertex 4 122.615 9.9
      vertex 3.85642 120.706 9.9
      vertex 4 120.715 9.9
    endloop
  endfacet
  facet normal -0 0 1
    outer loop
      vertex 3.60842 122.589 9.9
      vertex 3.85642 120.706 9.9
      vertex 4 122.615 9.9
    endloop
  endfacet
  facet normal 0 0 1
    outer loop
      vertex 3.85642 120.706 9.9
      vertex 3.60842 122.589 9.9
      vertex 3.7153 120.678 9.9
    endloop
  endfacet
  facet normal -0 0 1
    outer loop
      vertex 3.22354 122.513 9.9
      vertex 3.7153 120.678 9.9
      vertex 3.60842 122.589 9.9
    endloop
  endfacet
  facet normal 0 0 1
    outer loop
      vertex 3.7153 120.678 9.9
      vertex 3.22354 122.513 9.9
      vertex 3.57905 120.631 9.9
    endloop
  endfacet
  facet normal -0 0 1
    outer loop
      vertex 2.85195 122.387 9.9
      vertex 3.57905 120.631 9.9
      vertex 3.22354 122.513 9.9
    endloop
  endfacet
  facet normal 0 0 1
    outer loop
      vertex 3.57905 120.631 9.9
      vertex 2.85195 122.387 9.9
      vertex 3.45 120.568 9.9
    endloop
  endfacet
  facet normal -0 0 1
    outer loop
      vertex 2.5 122.213 9.9
      vertex 3.45 120.568 9.9
      vertex 2.85195 122.387 9.9
    endloop
  endfacet
  facet normal 0 0 1
    outer loop
      vertex 3.45 120.568 9.9
      vertex 2.5 122.213 9.9
      vertex 3.33036 120.488 9.9
    endloop
  endfacet
  facet normal -0 0 1
    outer loop
      vertex 2.17372 121.995 9.9
      vertex 3.33036 120.488 9.9
      vertex 2.5 122.213 9.9
    endloop
  endfacet
  facet normal 0 0 1
    outer loop
      vertex 3.33036 120.488 9.9
      vertex 2.17372 121.995 9.9
      vertex 3.22218 120.393 9.9
    endloop
  endfacet
  facet normal -0 0 1
    outer loop
      vertex 1.87868 121.736 9.9
      vertex 3.22218 120.393 9.9
      vertex 2.17372 121.995 9.9
    endloop
  endfacet
  facet normal 0 0 1
    outer loop
      vertex 3.22218 120.393 9.9
      vertex 1.87868 121.736 9.9
      vertex 3.12731 120.285 9.9
    endloop
  endfacet
  facet normal 0 0 1
    outer loop
      vertex 3.12731 120.285 9.9
      vertex 1.61994 121.441 9.9
      vertex 3.04737 120.165 9.9
    endloop
  endfacet
  facet normal -0 0 1
    outer loop
      vertex 1.61994 121.441 9.9
      vertex 3.12731 120.285 9.9
      vertex 1.87868 121.736 9.9
    endloop
  endfacet
  facet normal -0 0 1
    outer loop
      vertex 4.87269 118.945 9.9
      vertex 6.38006 117.789 9.9
      vertex 4.95263 119.065 9.9
    endloop
  endfacet
  facet normal 0 0 1
    outer loop
      vertex 6.38006 117.789 9.9
      vertex 4.87269 118.945 9.9
      vertex 6.12132 117.494 9.9
    endloop
  endfacet
  facet normal -0 0 1
    outer loop
      vertex 4.77782 118.837 9.9
      vertex 6.12132 117.494 9.9
      vertex 4.87269 118.945 9.9
    endloop
  endfacet
  facet normal 0 0 1
    outer loop
      vertex 6.12132 117.494 9.9
      vertex 4.77782 118.837 9.9
      vertex 5.82628 117.235 9.9
    endloop
  endfacet
  facet normal -0 0 1
    outer loop
      vertex 4.66964 118.742 9.9
      vertex 5.82628 117.235 9.9
      vertex 4.77782 118.837 9.9
    endloop
  endfacet
  facet normal 0 0 1
    outer loop
      vertex 5.82628 117.235 9.9
      vertex 4.66964 118.742 9.9
      vertex 5.5 117.017 9.9
    endloop
  endfacet
  facet normal -0 0 1
    outer loop
      vertex 4.55 118.662 9.9
      vertex 5.5 117.017 9.9
      vertex 4.66964 118.742 9.9
    endloop
  endfacet
  facet normal 0 0 1
    outer loop
      vertex 5.5 117.017 9.9
      vertex 4.55 118.662 9.9
      vertex 5.14805 116.843 9.9
    endloop
  endfacet
  facet normal -0 0 1
    outer loop
      vertex 4.42095 118.599 9.9
      vertex 5.14805 116.843 9.9
      vertex 4.55 118.662 9.9
    endloop
  endfacet
  facet normal 0 0 1
    outer loop
      vertex 5.14805 116.843 9.9
      vertex 4.42095 118.599 9.9
      vertex 4.77646 116.717 9.9
    endloop
  endfacet
  facet normal -0 0 1
    outer loop
      vertex 4.2847 118.552 9.9
      vertex 4.77646 116.717 9.9
      vertex 4.42095 118.599 9.9
    endloop
  endfacet
  facet normal 0 0 1
    outer loop
      vertex 4.77646 116.717 9.9
      vertex 4.2847 118.552 9.9
      vertex 4.39158 116.641 9.9
    endloop
  endfacet
  facet normal -0 0 1
    outer loop
      vertex 4.14358 118.524 9.9
      vertex 4.39158 116.641 9.9
      vertex 4.2847 118.552 9.9
    endloop
  endfacet
  facet normal -0 0 1
    outer loop
      vertex 4 118.515 9.9
      vertex 4.39158 116.641 9.9
      vertex 4.14358 118.524 9.9
    endloop
  endfacet
  facet normal 0 0 1
    outer loop
      vertex 4 118.515 9.9
      vertex 4 116.615 9.9
      vertex 4.39158 116.641 9.9
    endloop
  endfacet
  facet normal 0 0 1
    outer loop
      vertex 3.85642 118.524 9.9
      vertex 4 116.615 9.9
      vertex 4 118.515 9.9
    endloop
  endfacet
  facet normal 0 0 1
    outer loop
      vertex 3.60842 116.641 9.9
      vertex 3.85642 118.524 9.9
      vertex 3.7153 118.552 9.9
    endloop
  endfacet
  facet normal 0 0 1
    outer loop
      vertex 3.85642 118.524 9.9
      vertex 3.60842 116.641 9.9
      vertex 4 116.615 9.9
    endloop
  endfacet
  facet normal 0 0 1
    outer loop
      vertex 3.22354 116.717 9.9
      vertex 3.7153 118.552 9.9
      vertex 3.57905 118.599 9.9
    endloop
  endfacet
  facet normal 0 0 1
    outer loop
      vertex 2.85195 116.843 9.9
      vertex 3.57905 118.599 9.9
      vertex 3.45 118.662 9.9
    endloop
  endfacet
  facet normal 0 0 1
    outer loop
      vertex 2.5 117.017 9.9
      vertex 3.45 118.662 9.9
      vertex 3.33036 118.742 9.9
    endloop
  endfacet
  facet normal 0 0 1
    outer loop
      vertex 3.7153 118.552 9.9
      vertex 3.22354 116.717 9.9
      vertex 3.60842 116.641 9.9
    endloop
  endfacet
  facet normal 0 0 1
    outer loop
      vertex 2.17372 117.235 9.9
      vertex 3.33036 118.742 9.9
      vertex 3.22218 118.837 9.9
    endloop
  endfacet
  facet normal 0 0 1
    outer loop
      vertex 1.87868 117.494 9.9
      vertex 3.22218 118.837 9.9
      vertex 3.12731 118.945 9.9
    endloop
  endfacet
  facet normal 0 0 1
    outer loop
      vertex 1.61994 117.789 9.9
      vertex 3.12731 118.945 9.9
      vertex 3.04737 119.065 9.9
    endloop
  endfacet
  facet normal 0 0 1
    outer loop
      vertex 1.40192 118.115 9.9
      vertex 3.04737 119.065 9.9
      vertex 2.98373 119.194 9.9
    endloop
  endfacet
  facet normal 0 0 1
    outer loop
      vertex 1.22836 118.467 9.9
      vertex 2.98373 119.194 9.9
      vertex 2.93748 119.33 9.9
    endloop
  endfacet
  facet normal 0 0 1
    outer loop
      vertex 1.10222 118.839 9.9
      vertex 2.93748 119.33 9.9
      vertex 2.90941 119.471 9.9
    endloop
  endfacet
  facet normal 0 0 1
    outer loop
      vertex 3.57905 118.599 9.9
      vertex 2.85195 116.843 9.9
      vertex 3.22354 116.717 9.9
    endloop
  endfacet
  facet normal 0 0 1
    outer loop
      vertex 1.02567 119.223 9.9
      vertex 2.90941 119.471 9.9
      vertex 2.9 119.615 9.9
    endloop
  endfacet
  facet normal -0 0 1
    outer loop
      vertex 1.40192 121.115 9.9
      vertex 3.04737 120.165 9.9
      vertex 1.61994 121.441 9.9
    endloop
  endfacet
  facet normal 0 0 1
    outer loop
      vertex 3.04737 120.165 9.9
      vertex 1.40192 121.115 9.9
      vertex 2.98373 120.036 9.9
    endloop
  endfacet
  facet normal 0 0 1
    outer loop
      vertex 3.45 118.662 9.9
      vertex 2.5 117.017 9.9
      vertex 2.85195 116.843 9.9
    endloop
  endfacet
  facet normal -0 0 1
    outer loop
      vertex 1.22836 120.763 9.9
      vertex 2.98373 120.036 9.9
      vertex 1.40192 121.115 9.9
    endloop
  endfacet
  facet normal 0 0 1
    outer loop
      vertex 3.33036 118.742 9.9
      vertex 2.17372 117.235 9.9
      vertex 2.5 117.017 9.9
    endloop
  endfacet
  facet normal 0 0 1
    outer loop
      vertex 2.98373 120.036 9.9
      vertex 1.22836 120.763 9.9
      vertex 2.93748 119.9 9.9
    endloop
  endfacet
  facet normal 0 0 1
    outer loop
      vertex 3.22218 118.837 9.9
      vertex 1.87868 117.494 9.9
      vertex 2.17372 117.235 9.9
    endloop
  endfacet
  facet normal -0 0 1
    outer loop
      vertex 1.10222 120.391 9.9
      vertex 2.93748 119.9 9.9
      vertex 1.22836 120.763 9.9
    endloop
  endfacet
  facet normal 0 0 1
    outer loop
      vertex 3.12731 118.945 9.9
      vertex 1.61994 117.789 9.9
      vertex 1.87868 117.494 9.9
    endloop
  endfacet
  facet normal 0 0 1
    outer loop
      vertex 2.93748 119.9 9.9
      vertex 1.10222 120.391 9.9
      vertex 2.90941 119.759 9.9
    endloop
  endfacet
  facet normal 0 0 1
    outer loop
      vertex 3.04737 119.065 9.9
      vertex 1.40192 118.115 9.9
      vertex 1.61994 117.789 9.9
    endloop
  endfacet
  facet normal -0 0 1
    outer loop
      vertex 1.02567 120.007 9.9
      vertex 2.90941 119.759 9.9
      vertex 1.10222 120.391 9.9
    endloop
  endfacet
  facet normal 0 0 1
    outer loop
      vertex 2.98373 119.194 9.9
      vertex 1.22836 118.467 9.9
      vertex 1.40192 118.115 9.9
    endloop
  endfacet
  facet normal 0 0 1
    outer loop
      vertex 2.90941 119.759 9.9
      vertex 1.02567 120.007 9.9
      vertex 2.9 119.615 9.9
    endloop
  endfacet
  facet normal 0 0 1
    outer loop
      vertex 2.93748 119.33 9.9
      vertex 1.10222 118.839 9.9
      vertex 1.22836 118.467 9.9
    endloop
  endfacet
  facet normal 0 0 1
    outer loop
      vertex 1 119.615 9.9
      vertex 2.9 119.615 9.9
      vertex 1.02567 120.007 9.9
    endloop
  endfacet
  facet normal 0 0 1
    outer loop
      vertex 2.90941 119.471 9.9
      vertex 1.02567 119.223 9.9
      vertex 1.10222 118.839 9.9
    endloop
  endfacet
  facet normal 0 0 1
    outer loop
      vertex 2.9 119.615 9.9
      vertex 1 119.615 9.9
      vertex 1.02567 119.223 9.9
    endloop
  endfacet
  facet normal 0 0 1
    outer loop
      vertex 162 119.615 9.9
      vertex 163.9 119.615 9.9
      vertex 163.874 120.007 9.9
    endloop
  endfacet
  facet normal 0 0 1
    outer loop
      vertex 161.991 119.759 9.9
      vertex 163.874 120.007 9.9
      vertex 163.798 120.391 9.9
    endloop
  endfacet
  facet normal 0 0 1
    outer loop
      vertex 163.9 119.615 9.9
      vertex 162 119.615 9.9
      vertex 163.874 119.223 9.9
    endloop
  endfacet
  facet normal 0 0 1
    outer loop
      vertex 161.963 119.9 9.9
      vertex 163.798 120.391 9.9
      vertex 163.672 120.763 9.9
    endloop
  endfacet
  facet normal -0 0 1
    outer loop
      vertex 161.991 119.471 9.9
      vertex 163.874 119.223 9.9
      vertex 162 119.615 9.9
    endloop
  endfacet
  facet normal 0 0 1
    outer loop
      vertex 161.916 120.036 9.9
      vertex 163.672 120.763 9.9
      vertex 163.498 121.115 9.9
    endloop
  endfacet
  facet normal 0 0 1
    outer loop
      vertex 163.874 119.223 9.9
      vertex 161.991 119.471 9.9
      vertex 163.798 118.839 9.9
    endloop
  endfacet
  facet normal 0 0 1
    outer loop
      vertex 161.853 120.165 9.9
      vertex 163.498 121.115 9.9
      vertex 163.28 121.441 9.9
    endloop
  endfacet
  facet normal -0 0 1
    outer loop
      vertex 161.963 119.33 9.9
      vertex 163.798 118.839 9.9
      vertex 161.991 119.471 9.9
    endloop
  endfacet
  facet normal 0 0 1
    outer loop
      vertex 161.773 120.285 9.9
      vertex 163.28 121.441 9.9
      vertex 163.021 121.736 9.9
    endloop
  endfacet
  facet normal 0 0 1
    outer loop
      vertex 163.798 118.839 9.9
      vertex 161.963 119.33 9.9
      vertex 163.672 118.467 9.9
    endloop
  endfacet
  facet normal 0 0 1
    outer loop
      vertex 161.678 120.393 9.9
      vertex 163.021 121.736 9.9
      vertex 162.726 121.995 9.9
    endloop
  endfacet
  facet normal -0 0 1
    outer loop
      vertex 161.916 119.194 9.9
      vertex 163.672 118.467 9.9
      vertex 161.963 119.33 9.9
    endloop
  endfacet
  facet normal 0 0 1
    outer loop
      vertex 161.57 120.488 9.9
      vertex 162.726 121.995 9.9
      vertex 162.4 122.213 9.9
    endloop
  endfacet
  facet normal 0 0 1
    outer loop
      vertex 163.672 118.467 9.9
      vertex 161.916 119.194 9.9
      vertex 163.498 118.115 9.9
    endloop
  endfacet
  facet normal 0 0 1
    outer loop
      vertex 161.45 120.568 9.9
      vertex 162.4 122.213 9.9
      vertex 162.048 122.387 9.9
    endloop
  endfacet
  facet normal -0 0 1
    outer loop
      vertex 161.853 119.065 9.9
      vertex 163.498 118.115 9.9
      vertex 161.916 119.194 9.9
    endloop
  endfacet
  facet normal 0 0 1
    outer loop
      vertex 163.498 118.115 9.9
      vertex 161.853 119.065 9.9
      vertex 163.28 117.789 9.9
    endloop
  endfacet
  facet normal 0 0 1
    outer loop
      vertex 163.874 120.007 9.9
      vertex 161.991 119.759 9.9
      vertex 162 119.615 9.9
    endloop
  endfacet
  facet normal 0 0 1
    outer loop
      vertex 163.798 120.391 9.9
      vertex 161.963 119.9 9.9
      vertex 161.991 119.759 9.9
    endloop
  endfacet
  facet normal 0 0 1
    outer loop
      vertex 163.672 120.763 9.9
      vertex 161.916 120.036 9.9
      vertex 161.963 119.9 9.9
    endloop
  endfacet
  facet normal 0 0 1
    outer loop
      vertex 163.498 121.115 9.9
      vertex 161.853 120.165 9.9
      vertex 161.916 120.036 9.9
    endloop
  endfacet
  facet normal 0 0 1
    outer loop
      vertex 163.28 121.441 9.9
      vertex 161.773 120.285 9.9
      vertex 161.853 120.165 9.9
    endloop
  endfacet
  facet normal 0 0 1
    outer loop
      vertex 163.021 121.736 9.9
      vertex 161.678 120.393 9.9
      vertex 161.773 120.285 9.9
    endloop
  endfacet
  facet normal 0 0 1
    outer loop
      vertex 161.321 120.631 9.9
      vertex 162.048 122.387 9.9
      vertex 161.676 122.513 9.9
    endloop
  endfacet
  facet normal 0 0 1
    outer loop
      vertex 162.726 121.995 9.9
      vertex 161.57 120.488 9.9
      vertex 161.678 120.393 9.9
    endloop
  endfacet
  facet normal 0 0 1
    outer loop
      vertex 162.4 122.213 9.9
      vertex 161.45 120.568 9.9
      vertex 161.57 120.488 9.9
    endloop
  endfacet
  facet normal 0 0 1
    outer loop
      vertex 162.048 122.387 9.9
      vertex 161.321 120.631 9.9
      vertex 161.45 120.568 9.9
    endloop
  endfacet
  facet normal 0 0 1
    outer loop
      vertex 161.185 120.678 9.9
      vertex 161.676 122.513 9.9
      vertex 161.292 122.589 9.9
    endloop
  endfacet
  facet normal 0 0 1
    outer loop
      vertex 161.676 122.513 9.9
      vertex 161.185 120.678 9.9
      vertex 161.321 120.631 9.9
    endloop
  endfacet
  facet normal 0 0 1
    outer loop
      vertex 161.292 122.589 9.9
      vertex 161.044 120.706 9.9
      vertex 161.185 120.678 9.9
    endloop
  endfacet
  facet normal 0 0 1
    outer loop
      vertex 160.9 122.615 9.9
      vertex 161.044 120.706 9.9
      vertex 161.292 122.589 9.9
    endloop
  endfacet
  facet normal 0 0 1
    outer loop
      vertex 160.9 122.615 9.9
      vertex 160.9 120.715 9.9
      vertex 161.044 120.706 9.9
    endloop
  endfacet
  facet normal 0 0 1
    outer loop
      vertex 160.9 122.615 9.9
      vertex 160.756 120.706 9.9
      vertex 160.9 120.715 9.9
    endloop
  endfacet
  facet normal -0 0 1
    outer loop
      vertex 160.508 122.589 9.9
      vertex 160.756 120.706 9.9
      vertex 160.9 122.615 9.9
    endloop
  endfacet
  facet normal 0 0 1
    outer loop
      vertex 160.756 120.706 9.9
      vertex 160.508 122.589 9.9
      vertex 160.615 120.678 9.9
    endloop
  endfacet
  facet normal -0 0 1
    outer loop
      vertex 160.124 122.513 9.9
      vertex 160.615 120.678 9.9
      vertex 160.508 122.589 9.9
    endloop
  endfacet
  facet normal 0 0 1
    outer loop
      vertex 160.615 120.678 9.9
      vertex 160.124 122.513 9.9
      vertex 160.479 120.631 9.9
    endloop
  endfacet
  facet normal -0 0 1
    outer loop
      vertex 159.752 122.387 9.9
      vertex 160.479 120.631 9.9
      vertex 160.124 122.513 9.9
    endloop
  endfacet
  facet normal 0 0 1
    outer loop
      vertex 160.479 120.631 9.9
      vertex 159.752 122.387 9.9
      vertex 160.35 120.568 9.9
    endloop
  endfacet
  facet normal -0 0 1
    outer loop
      vertex 159.4 122.213 9.9
      vertex 160.35 120.568 9.9
      vertex 159.752 122.387 9.9
    endloop
  endfacet
  facet normal 0 0 1
    outer loop
      vertex 160.35 120.568 9.9
      vertex 159.4 122.213 9.9
      vertex 160.23 120.488 9.9
    endloop
  endfacet
  facet normal -0 0 1
    outer loop
      vertex 159.074 121.995 9.9
      vertex 160.23 120.488 9.9
      vertex 159.4 122.213 9.9
    endloop
  endfacet
  facet normal 0 0 1
    outer loop
      vertex 160.23 120.488 9.9
      vertex 159.074 121.995 9.9
      vertex 160.122 120.393 9.9
    endloop
  endfacet
  facet normal -0 0 1
    outer loop
      vertex 158.779 121.736 9.9
      vertex 160.122 120.393 9.9
      vertex 159.074 121.995 9.9
    endloop
  endfacet
  facet normal 0 0 1
    outer loop
      vertex 160.122 120.393 9.9
      vertex 158.779 121.736 9.9
      vertex 160.027 120.285 9.9
    endloop
  endfacet
  facet normal 0 0 1
    outer loop
      vertex 160.027 120.285 9.9
      vertex 158.52 121.441 9.9
      vertex 159.947 120.165 9.9
    endloop
  endfacet
  facet normal -0 0 1
    outer loop
      vertex 158.52 121.441 9.9
      vertex 160.027 120.285 9.9
      vertex 158.779 121.736 9.9
    endloop
  endfacet
  facet normal -0 0 1
    outer loop
      vertex 161.773 118.945 9.9
      vertex 163.28 117.789 9.9
      vertex 161.853 119.065 9.9
    endloop
  endfacet
  facet normal 0 0 1
    outer loop
      vertex 163.28 117.789 9.9
      vertex 161.773 118.945 9.9
      vertex 163.021 117.494 9.9
    endloop
  endfacet
  facet normal -0 0 1
    outer loop
      vertex 161.678 118.837 9.9
      vertex 163.021 117.494 9.9
      vertex 161.773 118.945 9.9
    endloop
  endfacet
  facet normal 0 0 1
    outer loop
      vertex 163.021 117.494 9.9
      vertex 161.678 118.837 9.9
      vertex 162.726 117.235 9.9
    endloop
  endfacet
  facet normal -0 0 1
    outer loop
      vertex 161.57 118.742 9.9
      vertex 162.726 117.235 9.9
      vertex 161.678 118.837 9.9
    endloop
  endfacet
  facet normal 0 0 1
    outer loop
      vertex 162.726 117.235 9.9
      vertex 161.57 118.742 9.9
      vertex 162.4 117.017 9.9
    endloop
  endfacet
  facet normal -0 0 1
    outer loop
      vertex 161.45 118.662 9.9
      vertex 162.4 117.017 9.9
      vertex 161.57 118.742 9.9
    endloop
  endfacet
  facet normal 0 0 1
    outer loop
      vertex 162.4 117.017 9.9
      vertex 161.45 118.662 9.9
      vertex 162.048 116.843 9.9
    endloop
  endfacet
  facet normal -0 0 1
    outer loop
      vertex 161.321 118.599 9.9
      vertex 162.048 116.843 9.9
      vertex 161.45 118.662 9.9
    endloop
  endfacet
  facet normal 0 0 1
    outer loop
      vertex 162.048 116.843 9.9
      vertex 161.321 118.599 9.9
      vertex 161.676 116.717 9.9
    endloop
  endfacet
  facet normal -0 0 1
    outer loop
      vertex 161.185 118.552 9.9
      vertex 161.676 116.717 9.9
      vertex 161.321 118.599 9.9
    endloop
  endfacet
  facet normal 0 0 1
    outer loop
      vertex 161.676 116.717 9.9
      vertex 161.185 118.552 9.9
      vertex 161.292 116.641 9.9
    endloop
  endfacet
  facet normal -0 0 1
    outer loop
      vertex 161.044 118.524 9.9
      vertex 161.292 116.641 9.9
      vertex 161.185 118.552 9.9
    endloop
  endfacet
  facet normal -0 0 1
    outer loop
      vertex 160.9 118.515 9.9
      vertex 161.292 116.641 9.9
      vertex 161.044 118.524 9.9
    endloop
  endfacet
  facet normal 0 0 1
    outer loop
      vertex 160.9 118.515 9.9
      vertex 160.9 116.615 9.9
      vertex 161.292 116.641 9.9
    endloop
  endfacet
  facet normal 0 0 1
    outer loop
      vertex 160.756 118.524 9.9
      vertex 160.9 116.615 9.9
      vertex 160.9 118.515 9.9
    endloop
  endfacet
  facet normal 0 0 1
    outer loop
      vertex 160.508 116.641 9.9
      vertex 160.756 118.524 9.9
      vertex 160.615 118.552 9.9
    endloop
  endfacet
  facet normal 0 0 1
    outer loop
      vertex 160.756 118.524 9.9
      vertex 160.508 116.641 9.9
      vertex 160.9 116.615 9.9
    endloop
  endfacet
  facet normal 0 0 1
    outer loop
      vertex 160.124 116.717 9.9
      vertex 160.615 118.552 9.9
      vertex 160.479 118.599 9.9
    endloop
  endfacet
  facet normal 0 0 1
    outer loop
      vertex 159.752 116.843 9.9
      vertex 160.479 118.599 9.9
      vertex 160.35 118.662 9.9
    endloop
  endfacet
  facet normal 0 0 1
    outer loop
      vertex 159.4 117.017 9.9
      vertex 160.35 118.662 9.9
      vertex 160.23 118.742 9.9
    endloop
  endfacet
  facet normal 0 0 1
    outer loop
      vertex 160.615 118.552 9.9
      vertex 160.124 116.717 9.9
      vertex 160.508 116.641 9.9
    endloop
  endfacet
  facet normal 0 0 1
    outer loop
      vertex 159.074 117.235 9.9
      vertex 160.23 118.742 9.9
      vertex 160.122 118.837 9.9
    endloop
  endfacet
  facet normal 0 0 1
    outer loop
      vertex 158.779 117.494 9.9
      vertex 160.122 118.837 9.9
      vertex 160.027 118.945 9.9
    endloop
  endfacet
  facet normal 0 0 1
    outer loop
      vertex 158.52 117.789 9.9
      vertex 160.027 118.945 9.9
      vertex 159.947 119.065 9.9
    endloop
  endfacet
  facet normal 0 0 1
    outer loop
      vertex 158.302 118.115 9.9
      vertex 159.947 119.065 9.9
      vertex 159.884 119.194 9.9
    endloop
  endfacet
  facet normal 0 0 1
    outer loop
      vertex 158.128 118.467 9.9
      vertex 159.884 119.194 9.9
      vertex 159.837 119.33 9.9
    endloop
  endfacet
  facet normal 0 0 1
    outer loop
      vertex 158.002 118.839 9.9
      vertex 159.837 119.33 9.9
      vertex 159.809 119.471 9.9
    endloop
  endfacet
  facet normal 0 0 1
    outer loop
      vertex 160.479 118.599 9.9
      vertex 159.752 116.843 9.9
      vertex 160.124 116.717 9.9
    endloop
  endfacet
  facet normal 0 0 1
    outer loop
      vertex 157.926 119.223 9.9
      vertex 159.809 119.471 9.9
      vertex 159.8 119.615 9.9
    endloop
  endfacet
  facet normal -0 0 1
    outer loop
      vertex 158.302 121.115 9.9
      vertex 159.947 120.165 9.9
      vertex 158.52 121.441 9.9
    endloop
  endfacet
  facet normal 0 0 1
    outer loop
      vertex 159.947 120.165 9.9
      vertex 158.302 121.115 9.9
      vertex 159.884 120.036 9.9
    endloop
  endfacet
  facet normal 0 0 1
    outer loop
      vertex 160.35 118.662 9.9
      vertex 159.4 117.017 9.9
      vertex 159.752 116.843 9.9
    endloop
  endfacet
  facet normal -0 0 1
    outer loop
      vertex 158.128 120.763 9.9
      vertex 159.884 120.036 9.9
      vertex 158.302 121.115 9.9
    endloop
  endfacet
  facet normal 0 0 1
    outer loop
      vertex 160.23 118.742 9.9
      vertex 159.074 117.235 9.9
      vertex 159.4 117.017 9.9
    endloop
  endfacet
  facet normal 0 0 1
    outer loop
      vertex 159.884 120.036 9.9
      vertex 158.128 120.763 9.9
      vertex 159.837 119.9 9.9
    endloop
  endfacet
  facet normal 0 0 1
    outer loop
      vertex 160.122 118.837 9.9
      vertex 158.779 117.494 9.9
      vertex 159.074 117.235 9.9
    endloop
  endfacet
  facet normal -0 0 1
    outer loop
      vertex 158.002 120.391 9.9
      vertex 159.837 119.9 9.9
      vertex 158.128 120.763 9.9
    endloop
  endfacet
  facet normal 0 0 1
    outer loop
      vertex 160.027 118.945 9.9
      vertex 158.52 117.789 9.9
      vertex 158.779 117.494 9.9
    endloop
  endfacet
  facet normal 0 0 1
    outer loop
      vertex 159.837 119.9 9.9
      vertex 158.002 120.391 9.9
      vertex 159.809 119.759 9.9
    endloop
  endfacet
  facet normal 0 0 1
    outer loop
      vertex 159.947 119.065 9.9
      vertex 158.302 118.115 9.9
      vertex 158.52 117.789 9.9
    endloop
  endfacet
  facet normal -0 0 1
    outer loop
      vertex 157.926 120.007 9.9
      vertex 159.809 119.759 9.9
      vertex 158.002 120.391 9.9
    endloop
  endfacet
  facet normal 0 0 1
    outer loop
      vertex 159.884 119.194 9.9
      vertex 158.128 118.467 9.9
      vertex 158.302 118.115 9.9
    endloop
  endfacet
  facet normal 0 0 1
    outer loop
      vertex 159.809 119.759 9.9
      vertex 157.926 120.007 9.9
      vertex 159.8 119.615 9.9
    endloop
  endfacet
  facet normal 0 0 1
    outer loop
      vertex 159.837 119.33 9.9
      vertex 158.002 118.839 9.9
      vertex 158.128 118.467 9.9
    endloop
  endfacet
  facet normal 0 0 1
    outer loop
      vertex 157.9 119.615 9.9
      vertex 159.8 119.615 9.9
      vertex 157.926 120.007 9.9
    endloop
  endfacet
  facet normal 0 0 1
    outer loop
      vertex 159.809 119.471 9.9
      vertex 157.926 119.223 9.9
      vertex 158.002 118.839 9.9
    endloop
  endfacet
  facet normal 0 0 1
    outer loop
      vertex 159.8 119.615 9.9
      vertex 157.9 119.615 9.9
      vertex 157.926 119.223 9.9
    endloop
  endfacet
  facet normal 0.896875 -0.442283 0
    outer loop
      vertex 6.59808 3.155 9.9
      vertex 6.77164 3.50695 8.4
      vertex 6.77164 3.50695 9.9
    endloop
  endfacet
  facet normal 0.896875 -0.442283 0
    outer loop
      vertex 6.77164 3.50695 8.4
      vertex 6.59808 3.155 9.9
      vertex 6.59808 3.155 8.4
    endloop
  endfacet
  facet normal 0.831462 -0.555582 0
    outer loop
      vertex 6.38006 2.82872 9.9
      vertex 6.59808 3.155 8.4
      vertex 6.59808 3.155 9.9
    endloop
  endfacet
  facet normal 0.831462 -0.555582 0
    outer loop
      vertex 6.59808 3.155 8.4
      vertex 6.38006 2.82872 9.9
      vertex 6.38006 2.82872 8.4
    endloop
  endfacet
  facet normal 0.751844 0.659341 0
    outer loop
      vertex 6.38006 6.48128 9.9
      vertex 6.12132 6.77632 8.4
      vertex 6.12132 6.77632 9.9
    endloop
  endfacet
  facet normal 0.751844 0.659341 0
    outer loop
      vertex 6.12132 6.77632 8.4
      vertex 6.38006 6.48128 9.9
      vertex 6.38006 6.48128 8.4
    endloop
  endfacet
  facet normal 0.442283 0.896875 -0
    outer loop
      vertex 5.5 7.25308 8.4
      vertex 5.14805 7.42664 9.9
      vertex 5.5 7.25308 9.9
    endloop
  endfacet
  facet normal 0.442283 0.896875 0
    outer loop
      vertex 5.14805 7.42664 9.9
      vertex 5.5 7.25308 8.4
      vertex 5.14805 7.42664 8.4
    endloop
  endfacet
  facet normal 0.195072 0.980789 -0
    outer loop
      vertex 4.77646 7.55278 8.4
      vertex 4.39158 7.62933 9.9
      vertex 4.77646 7.55278 9.9
    endloop
  endfacet
  facet normal 0.195072 0.980789 0
    outer loop
      vertex 4.39158 7.62933 9.9
      vertex 4.77646 7.55278 8.4
      vertex 4.39158 7.62933 8.4
    endloop
  endfacet
  facet normal -0.0654145 0.997858 0
    outer loop
      vertex 4 7.655 8.4
      vertex 3.60842 7.62933 9.9
      vertex 4 7.655 9.9
    endloop
  endfacet
  facet normal -0.0654145 0.997858 0
    outer loop
      vertex 3.60842 7.62933 9.9
      vertex 4 7.655 8.4
      vertex 3.60842 7.62933 8.4
    endloop
  endfacet
  facet normal -0.0654145 -0.997858 0
    outer loop
      vertex 3.60842 1.68067 8.4
      vertex 4 1.655 9.9
      vertex 3.60842 1.68067 9.9
    endloop
  endfacet
  facet normal -0.0654145 -0.997858 -0
    outer loop
      vertex 4 1.655 9.9
      vertex 3.60842 1.68067 8.4
      vertex 4 1.655 8.4
    endloop
  endfacet
  facet normal 0.831462 0.555582 0
    outer loop
      vertex 6.59808 6.155 9.9
      vertex 6.38006 6.48128 8.4
      vertex 6.38006 6.48128 9.9
    endloop
  endfacet
  facet normal 0.831462 0.555582 0
    outer loop
      vertex 6.38006 6.48128 8.4
      vertex 6.59808 6.155 9.9
      vertex 6.59808 6.155 8.4
    endloop
  endfacet
  facet normal -0.997858 -0.0654145 0
    outer loop
      vertex 1.02567 4.26342 8.4
      vertex 1 4.655 9.9
      vertex 1 4.655 8.4
    endloop
  endfacet
  facet normal -0.997858 -0.0654145 0
    outer loop
      vertex 1 4.655 9.9
      vertex 1.02567 4.26342 8.4
      vertex 1.02567 4.26342 9.9
    endloop
  endfacet
  facet normal 0.555582 0.831462 -0
    outer loop
      vertex 5.82628 7.03506 8.4
      vertex 5.5 7.25308 9.9
      vertex 5.82628 7.03506 9.9
    endloop
  endfacet
  facet normal 0.555582 0.831462 0
    outer loop
      vertex 5.5 7.25308 9.9
      vertex 5.82628 7.03506 8.4
      vertex 5.5 7.25308 8.4
    endloop
  endfacet
  facet normal 0.321444 0.946928 -0
    outer loop
      vertex 5.14805 7.42664 8.4
      vertex 4.77646 7.55278 9.9
      vertex 5.14805 7.42664 9.9
    endloop
  endfacet
  facet normal 0.321444 0.946928 0
    outer loop
      vertex 4.77646 7.55278 9.9
      vertex 5.14805 7.42664 8.4
      vertex 4.77646 7.55278 8.4
    endloop
  endfacet
  facet normal -0.555582 0.831462 0
    outer loop
      vertex 2.5 7.25308 8.4
      vertex 2.17372 7.03506 9.9
      vertex 2.5 7.25308 9.9
    endloop
  endfacet
  facet normal -0.555582 0.831462 0
    outer loop
      vertex 2.17372 7.03506 9.9
      vertex 2.5 7.25308 8.4
      vertex 2.17372 7.03506 8.4
    endloop
  endfacet
  facet normal 0.659341 -0.751844 0
    outer loop
      vertex 5.82628 2.27494 8.4
      vertex 6.12132 2.53368 9.9
      vertex 5.82628 2.27494 9.9
    endloop
  endfacet
  facet normal 0.659341 -0.751844 0
    outer loop
      vertex 6.12132 2.53368 9.9
      vertex 5.82628 2.27494 8.4
      vertex 6.12132 2.53368 8.4
    endloop
  endfacet
  facet normal 0.659341 0.751844 -0
    outer loop
      vertex 6.12132 6.77632 8.4
      vertex 5.82628 7.03506 9.9
      vertex 6.12132 6.77632 9.9
    endloop
  endfacet
  facet normal 0.659341 0.751844 0
    outer loop
      vertex 5.82628 7.03506 9.9
      vertex 6.12132 6.77632 8.4
      vertex 5.82628 7.03506 8.4
    endloop
  endfacet
  facet normal 0.555582 -0.831462 0
    outer loop
      vertex 5.5 2.05692 8.4
      vertex 5.82628 2.27494 9.9
      vertex 5.5 2.05692 9.9
    endloop
  endfacet
  facet normal 0.555582 -0.831462 0
    outer loop
      vertex 5.82628 2.27494 9.9
      vertex 5.5 2.05692 8.4
      vertex 5.82628 2.27494 8.4
    endloop
  endfacet
  facet normal -0.946928 -0.321444 0
    outer loop
      vertex 1.22836 3.50695 8.4
      vertex 1.10222 3.87854 9.9
      vertex 1.10222 3.87854 8.4
    endloop
  endfacet
  facet normal -0.946928 -0.321444 0
    outer loop
      vertex 1.10222 3.87854 9.9
      vertex 1.22836 3.50695 8.4
      vertex 1.22836 3.50695 9.9
    endloop
  endfacet
  facet normal 0.751844 -0.659341 0
    outer loop
      vertex 6.12132 2.53368 9.9
      vertex 6.38006 2.82872 8.4
      vertex 6.38006 2.82872 9.9
    endloop
  endfacet
  facet normal 0.751844 -0.659341 0
    outer loop
      vertex 6.38006 2.82872 8.4
      vertex 6.12132 2.53368 9.9
      vertex 6.12132 2.53368 8.4
    endloop
  endfacet
  facet normal 0.997858 -0.0654145 0
    outer loop
      vertex 6.97433 4.26342 9.9
      vertex 7 4.655 8.4
      vertex 7 4.655 9.9
    endloop
  endfacet
  facet normal 0.997858 -0.0654145 0
    outer loop
      vertex 7 4.655 8.4
      vertex 6.97433 4.26342 9.9
      vertex 6.97433 4.26342 8.4
    endloop
  endfacet
  facet normal -0.980789 -0.195072 0
    outer loop
      vertex 1.10222 3.87854 8.4
      vertex 1.02567 4.26342 9.9
      vertex 1.02567 4.26342 8.4
    endloop
  endfacet
  facet normal -0.980789 -0.195072 0
    outer loop
      vertex 1.02567 4.26342 9.9
      vertex 1.10222 3.87854 8.4
      vertex 1.10222 3.87854 9.9
    endloop
  endfacet
  facet normal -0.896875 -0.442283 0
    outer loop
      vertex 1.40192 3.155 8.4
      vertex 1.22836 3.50695 9.9
      vertex 1.22836 3.50695 8.4
    endloop
  endfacet
  facet normal -0.896875 -0.442283 0
    outer loop
      vertex 1.22836 3.50695 9.9
      vertex 1.40192 3.155 8.4
      vertex 1.40192 3.155 9.9
    endloop
  endfacet
  facet normal -0.659341 -0.751844 0
    outer loop
      vertex 1.87868 2.53368 8.4
      vertex 2.17372 2.27494 9.9
      vertex 1.87868 2.53368 9.9
    endloop
  endfacet
  facet normal -0.659341 -0.751844 -0
    outer loop
      vertex 2.17372 2.27494 9.9
      vertex 1.87868 2.53368 8.4
      vertex 2.17372 2.27494 8.4
    endloop
  endfacet
  facet normal -0.442283 -0.896875 0
    outer loop
      vertex 2.5 2.05692 8.4
      vertex 2.85195 1.88336 9.9
      vertex 2.5 2.05692 9.9
    endloop
  endfacet
  facet normal -0.442283 -0.896875 -0
    outer loop
      vertex 2.85195 1.88336 9.9
      vertex 2.5 2.05692 8.4
      vertex 2.85195 1.88336 8.4
    endloop
  endfacet
  facet normal -0.831462 -0.555582 0
    outer loop
      vertex 1.61994 2.82872 8.4
      vertex 1.40192 3.155 9.9
      vertex 1.40192 3.155 8.4
    endloop
  endfacet
  facet normal -0.831462 -0.555582 0
    outer loop
      vertex 1.40192 3.155 9.9
      vertex 1.61994 2.82872 8.4
      vertex 1.61994 2.82872 9.9
    endloop
  endfacet
  facet normal -0.831462 0.555582 0
    outer loop
      vertex 1.40192 6.155 8.4
      vertex 1.61994 6.48128 9.9
      vertex 1.61994 6.48128 8.4
    endloop
  endfacet
  facet normal -0.831462 0.555582 0
    outer loop
      vertex 1.61994 6.48128 9.9
      vertex 1.40192 6.155 8.4
      vertex 1.40192 6.155 9.9
    endloop
  endfacet
  facet normal -0.195072 -0.980789 0
    outer loop
      vertex 3.22354 1.75722 8.4
      vertex 3.60842 1.68067 9.9
      vertex 3.22354 1.75722 9.9
    endloop
  endfacet
  facet normal -0.195072 -0.980789 -0
    outer loop
      vertex 3.60842 1.68067 9.9
      vertex 3.22354 1.75722 8.4
      vertex 3.60842 1.68067 8.4
    endloop
  endfacet
  facet normal -0.980789 0.195072 0
    outer loop
      vertex 1.02567 5.04658 8.4
      vertex 1.10222 5.43146 9.9
      vertex 1.10222 5.43146 8.4
    endloop
  endfacet
  facet normal -0.980789 0.195072 0
    outer loop
      vertex 1.10222 5.43146 9.9
      vertex 1.02567 5.04658 8.4
      vertex 1.02567 5.04658 9.9
    endloop
  endfacet
  facet normal 0.946928 -0.321444 0
    outer loop
      vertex 6.77164 3.50695 9.9
      vertex 6.89778 3.87854 8.4
      vertex 6.89778 3.87854 9.9
    endloop
  endfacet
  facet normal 0.946928 -0.321444 0
    outer loop
      vertex 6.89778 3.87854 8.4
      vertex 6.77164 3.50695 9.9
      vertex 6.77164 3.50695 8.4
    endloop
  endfacet
  facet normal -0.997858 0.0654145 0
    outer loop
      vertex 1 4.655 8.4
      vertex 1.02567 5.04658 9.9
      vertex 1.02567 5.04658 8.4
    endloop
  endfacet
  facet normal -0.997858 0.0654145 0
    outer loop
      vertex 1.02567 5.04658 9.9
      vertex 1 4.655 8.4
      vertex 1 4.655 9.9
    endloop
  endfacet
  facet normal -0.442283 0.896875 0
    outer loop
      vertex 2.85195 7.42664 8.4
      vertex 2.5 7.25308 9.9
      vertex 2.85195 7.42664 9.9
    endloop
  endfacet
  facet normal -0.442283 0.896875 0
    outer loop
      vertex 2.5 7.25308 9.9
      vertex 2.85195 7.42664 8.4
      vertex 2.5 7.25308 8.4
    endloop
  endfacet
  facet normal 0.0654145 0.997858 -0
    outer loop
      vertex 4.39158 7.62933 8.4
      vertex 4 7.655 9.9
      vertex 4.39158 7.62933 9.9
    endloop
  endfacet
  facet normal 0.0654145 0.997858 0
    outer loop
      vertex 4 7.655 9.9
      vertex 4.39158 7.62933 8.4
      vertex 4 7.655 8.4
    endloop
  endfacet
  facet normal 0.442283 -0.896875 0
    outer loop
      vertex 5.14805 1.88336 8.4
      vertex 5.5 2.05692 9.9
      vertex 5.14805 1.88336 9.9
    endloop
  endfacet
  facet normal 0.442283 -0.896875 0
    outer loop
      vertex 5.5 2.05692 9.9
      vertex 5.14805 1.88336 8.4
      vertex 5.5 2.05692 8.4
    endloop
  endfacet
  facet normal -0.751844 0.659341 0
    outer loop
      vertex 1.61994 6.48128 8.4
      vertex 1.87868 6.77632 9.9
      vertex 1.87868 6.77632 8.4
    endloop
  endfacet
  facet normal -0.751844 0.659341 0
    outer loop
      vertex 1.87868 6.77632 9.9
      vertex 1.61994 6.48128 8.4
      vertex 1.61994 6.48128 9.9
    endloop
  endfacet
  facet normal -0.946928 0.321444 0
    outer loop
      vertex 1.10222 5.43146 8.4
      vertex 1.22836 5.80305 9.9
      vertex 1.22836 5.80305 8.4
    endloop
  endfacet
  facet normal -0.946928 0.321444 0
    outer loop
      vertex 1.22836 5.80305 9.9
      vertex 1.10222 5.43146 8.4
      vertex 1.10222 5.43146 9.9
    endloop
  endfacet
  facet normal -0.896875 0.442283 0
    outer loop
      vertex 1.22836 5.80305 8.4
      vertex 1.40192 6.155 9.9
      vertex 1.40192 6.155 8.4
    endloop
  endfacet
  facet normal -0.896875 0.442283 0
    outer loop
      vertex 1.40192 6.155 9.9
      vertex 1.22836 5.80305 8.4
      vertex 1.22836 5.80305 9.9
    endloop
  endfacet
  facet normal 0.0654145 -0.997858 0
    outer loop
      vertex 4 1.655 8.4
      vertex 4.39158 1.68067 9.9
      vertex 4 1.655 9.9
    endloop
  endfacet
  facet normal 0.0654145 -0.997858 0
    outer loop
      vertex 4.39158 1.68067 9.9
      vertex 4 1.655 8.4
      vertex 4.39158 1.68067 8.4
    endloop
  endfacet
  facet normal -0.751844 -0.659341 0
    outer loop
      vertex 1.87868 2.53368 8.4
      vertex 1.61994 2.82872 9.9
      vertex 1.61994 2.82872 8.4
    endloop
  endfacet
  facet normal -0.751844 -0.659341 0
    outer loop
      vertex 1.61994 2.82872 9.9
      vertex 1.87868 2.53368 8.4
      vertex 1.87868 2.53368 9.9
    endloop
  endfacet
  facet normal 0.980703 -0.195502 0
    outer loop
      vertex 6.89778 118.839 9.9
      vertex 6.97433 119.223 8.4
      vertex 6.97433 119.223 9.9
    endloop
  endfacet
  facet normal 0.980703 -0.195502 0
    outer loop
      vertex 6.97433 119.223 8.4
      vertex 6.89778 118.839 9.9
      vertex 6.89778 118.839 8.4
    endloop
  endfacet
  facet normal 0.193723 -0.981056 0
    outer loop
      vertex 4.39158 116.641 8.4
      vertex 4.77646 116.717 9.9
      vertex 4.39158 116.641 9.9
    endloop
  endfacet
  facet normal 0.193723 -0.981056 0
    outer loop
      vertex 4.77646 116.717 9.9
      vertex 4.39158 116.641 8.4
      vertex 4.77646 116.717 8.4
    endloop
  endfacet
  facet normal 0.980703 0.195502 0
    outer loop
      vertex 6.97433 120.007 9.9
      vertex 6.89778 120.391 8.4
      vertex 6.89778 120.391 9.9
    endloop
  endfacet
  facet normal 0.980703 0.195502 0
    outer loop
      vertex 6.89778 120.391 8.4
      vertex 6.97433 120.007 9.9
      vertex 6.97433 120.007 8.4
    endloop
  endfacet
  facet normal 0.997863 0.0653447 0
    outer loop
      vertex 7 119.615 9.9
      vertex 6.97433 120.007 8.4
      vertex 6.97433 120.007 9.9
    endloop
  endfacet
  facet normal 0.997863 0.0653447 0
    outer loop
      vertex 6.97433 120.007 8.4
      vertex 7 119.615 9.9
      vertex 7 119.615 8.4
    endloop
  endfacet
  facet normal 0.947036 0.321127 0
    outer loop
      vertex 6.89778 120.391 9.9
      vertex 6.77164 120.763 8.4
      vertex 6.77164 120.763 9.9
    endloop
  endfacet
  facet normal 0.947036 0.321127 0
    outer loop
      vertex 6.77164 120.763 8.4
      vertex 6.89778 120.391 9.9
      vertex 6.89778 120.391 8.4
    endloop
  endfacet
  facet normal 0.321125 -0.947037 0
    outer loop
      vertex 4.77646 116.717 8.4
      vertex 5.14805 116.843 9.9
      vertex 4.77646 116.717 9.9
    endloop
  endfacet
  facet normal 0.321125 -0.947037 0
    outer loop
      vertex 5.14805 116.843 9.9
      vertex 4.77646 116.717 8.4
      vertex 5.14805 116.843 8.4
    endloop
  endfacet
  facet normal -0.193723 0.981056 0
    outer loop
      vertex 3.60842 122.589 8.4
      vertex 3.22354 122.513 9.9
      vertex 3.60842 122.589 9.9
    endloop
  endfacet
  facet normal -0.193723 0.981056 0
    outer loop
      vertex 3.22354 122.513 9.9
      vertex 3.60842 122.589 8.4
      vertex 3.22354 122.513 8.4
    endloop
  endfacet
  facet normal -0.659716 0.751515 0
    outer loop
      vertex 2.17372 121.995 8.4
      vertex 1.87868 121.736 9.9
      vertex 2.17372 121.995 9.9
    endloop
  endfacet
  facet normal -0.659716 0.751515 0
    outer loop
      vertex 1.87868 121.736 9.9
      vertex 2.17372 121.995 8.4
      vertex 1.87868 121.736 8.4
    endloop
  endfacet
  facet normal -0.321125 0.947037 0
    outer loop
      vertex 3.22354 122.513 8.4
      vertex 2.85195 122.387 9.9
      vertex 3.22354 122.513 9.9
    endloop
  endfacet
  facet normal -0.321125 0.947037 0
    outer loop
      vertex 2.85195 122.387 9.9
      vertex 3.22354 122.513 8.4
      vertex 2.85195 122.387 8.4
    endloop
  endfacet
  facet normal 0.8969 0.442233 0
    outer loop
      vertex 6.77164 120.763 9.9
      vertex 6.59808 121.115 8.4
      vertex 6.59808 121.115 9.9
    endloop
  endfacet
  facet normal 0.8969 0.442233 0
    outer loop
      vertex 6.59808 121.115 8.4
      vertex 6.77164 120.763 9.9
      vertex 6.77164 120.763 8.4
    endloop
  endfacet
  facet normal -0.321125 -0.947037 0
    outer loop
      vertex 2.85195 116.843 8.4
      vertex 3.22354 116.717 9.9
      vertex 2.85195 116.843 9.9
    endloop
  endfacet
  facet normal -0.321125 -0.947037 -0
    outer loop
      vertex 3.22354 116.717 9.9
      vertex 2.85195 116.843 8.4
      vertex 3.22354 116.717 8.4
    endloop
  endfacet
  facet normal -0.8969 -0.442233 0
    outer loop
      vertex 1.40192 118.115 8.4
      vertex 1.22836 118.467 9.9
      vertex 1.22836 118.467 8.4
    endloop
  endfacet
  facet normal -0.8969 -0.442233 0
    outer loop
      vertex 1.22836 118.467 9.9
      vertex 1.40192 118.115 8.4
      vertex 1.40192 118.115 9.9
    endloop
  endfacet
  facet normal -0.555547 -0.831485 0
    outer loop
      vertex 2.17372 117.235 8.4
      vertex 2.5 117.017 9.9
      vertex 2.17372 117.235 9.9
    endloop
  endfacet
  facet normal -0.555547 -0.831485 -0
    outer loop
      vertex 2.5 117.017 9.9
      vertex 2.17372 117.235 8.4
      vertex 2.5 117.017 8.4
    endloop
  endfacet
  facet normal 0.8969 -0.442233 0
    outer loop
      vertex 6.59808 118.115 9.9
      vertex 6.77164 118.467 8.4
      vertex 6.77164 118.467 9.9
    endloop
  endfacet
  facet normal 0.8969 -0.442233 0
    outer loop
      vertex 6.77164 118.467 8.4
      vertex 6.59808 118.115 9.9
      vertex 6.59808 118.115 8.4
    endloop
  endfacet
  facet normal 0.831241 -0.555912 0
    outer loop
      vertex 6.38006 117.789 9.9
      vertex 6.59808 118.115 8.4
      vertex 6.59808 118.115 9.9
    endloop
  endfacet
  facet normal 0.831241 -0.555912 0
    outer loop
      vertex 6.59808 118.115 8.4
      vertex 6.38006 117.789 9.9
      vertex 6.38006 117.789 8.4
    endloop
  endfacet
  facet normal 0.751799 0.659392 0
    outer loop
      vertex 6.38006 121.441 9.9
      vertex 6.12132 121.736 8.4
      vertex 6.12132 121.736 9.9
    endloop
  endfacet
  facet normal 0.751799 0.659392 0
    outer loop
      vertex 6.12132 121.736 8.4
      vertex 6.38006 121.441 9.9
      vertex 6.38006 121.441 8.4
    endloop
  endfacet
  facet normal 0.443185 0.89643 -0
    outer loop
      vertex 5.5 122.213 8.4
      vertex 5.14805 122.387 9.9
      vertex 5.5 122.213 9.9
    endloop
  endfacet
  facet normal 0.443185 0.89643 0
    outer loop
      vertex 5.14805 122.387 9.9
      vertex 5.5 122.213 8.4
      vertex 5.14805 122.387 8.4
    endloop
  endfacet
  facet normal 0.443185 -0.89643 0
    outer loop
      vertex 5.14805 116.843 8.4
      vertex 5.5 117.017 9.9
      vertex 5.14805 116.843 9.9
    endloop
  endfacet
  facet normal 0.443185 -0.89643 0
    outer loop
      vertex 5.5 117.017 9.9
      vertex 5.14805 116.843 8.4
      vertex 5.5 117.017 8.4
    endloop
  endfacet
  facet normal 0.193723 0.981056 -0
    outer loop
      vertex 4.77646 122.513 8.4
      vertex 4.39158 122.589 9.9
      vertex 4.77646 122.513 9.9
    endloop
  endfacet
  facet normal 0.193723 0.981056 0
    outer loop
      vertex 4.39158 122.589 9.9
      vertex 4.77646 122.513 8.4
      vertex 4.39158 122.589 8.4
    endloop
  endfacet
  facet normal -0.0662518 0.997803 0
    outer loop
      vertex 4 122.615 8.4
      vertex 3.60842 122.589 9.9
      vertex 4 122.615 9.9
    endloop
  endfacet
  facet normal -0.0662518 0.997803 0
    outer loop
      vertex 3.60842 122.589 9.9
      vertex 4 122.615 8.4
      vertex 3.60842 122.589 8.4
    endloop
  endfacet
  facet normal -0.0662518 -0.997803 0
    outer loop
      vertex 3.60842 116.641 8.4
      vertex 4 116.615 9.9
      vertex 3.60842 116.641 9.9
    endloop
  endfacet
  facet normal -0.0662518 -0.997803 -0
    outer loop
      vertex 4 116.615 9.9
      vertex 3.60842 116.641 8.4
      vertex 4 116.615 8.4
    endloop
  endfacet
  facet normal 0.831241 0.555912 0
    outer loop
      vertex 6.59808 121.115 9.9
      vertex 6.38006 121.441 8.4
      vertex 6.38006 121.441 9.9
    endloop
  endfacet
  facet normal 0.831241 0.555912 0
    outer loop
      vertex 6.38006 121.441 8.4
      vertex 6.59808 121.115 9.9
      vertex 6.59808 121.115 8.4
    endloop
  endfacet
  facet normal -0.997863 -0.0653447 0
    outer loop
      vertex 1.02567 119.223 8.4
      vertex 1 119.615 9.9
      vertex 1 119.615 8.4
    endloop
  endfacet
  facet normal -0.997863 -0.0653447 0
    outer loop
      vertex 1 119.615 9.9
      vertex 1.02567 119.223 8.4
      vertex 1.02567 119.223 9.9
    endloop
  endfacet
  facet normal 0.555547 0.831485 -0
    outer loop
      vertex 5.82628 121.995 8.4
      vertex 5.5 122.213 9.9
      vertex 5.82628 121.995 9.9
    endloop
  endfacet
  facet normal 0.555547 0.831485 0
    outer loop
      vertex 5.5 122.213 9.9
      vertex 5.82628 121.995 8.4
      vertex 5.5 122.213 8.4
    endloop
  endfacet
  facet normal 0.321125 0.947037 -0
    outer loop
      vertex 5.14805 122.387 8.4
      vertex 4.77646 122.513 9.9
      vertex 5.14805 122.387 9.9
    endloop
  endfacet
  facet normal 0.321125 0.947037 0
    outer loop
      vertex 4.77646 122.513 9.9
      vertex 5.14805 122.387 8.4
      vertex 4.77646 122.513 8.4
    endloop
  endfacet
  facet normal -0.555547 0.831485 0
    outer loop
      vertex 2.5 122.213 8.4
      vertex 2.17372 121.995 9.9
      vertex 2.5 122.213 9.9
    endloop
  endfacet
  facet normal -0.555547 0.831485 0
    outer loop
      vertex 2.17372 121.995 9.9
      vertex 2.5 122.213 8.4
      vertex 2.17372 121.995 8.4
    endloop
  endfacet
  facet normal 0.659716 -0.751515 0
    outer loop
      vertex 5.82628 117.235 8.4
      vertex 6.12132 117.494 9.9
      vertex 5.82628 117.235 9.9
    endloop
  endfacet
  facet normal 0.659716 -0.751515 0
    outer loop
      vertex 6.12132 117.494 9.9
      vertex 5.82628 117.235 8.4
      vertex 6.12132 117.494 8.4
    endloop
  endfacet
  facet normal 0.659716 0.751515 -0
    outer loop
      vertex 6.12132 121.736 8.4
      vertex 5.82628 121.995 9.9
      vertex 6.12132 121.736 9.9
    endloop
  endfacet
  facet normal 0.659716 0.751515 0
    outer loop
      vertex 5.82628 121.995 9.9
      vertex 6.12132 121.736 8.4
      vertex 5.82628 121.995 8.4
    endloop
  endfacet
  facet normal 0.555547 -0.831485 0
    outer loop
      vertex 5.5 117.017 8.4
      vertex 5.82628 117.235 9.9
      vertex 5.5 117.017 9.9
    endloop
  endfacet
  facet normal 0.555547 -0.831485 0
    outer loop
      vertex 5.82628 117.235 9.9
      vertex 5.5 117.017 8.4
      vertex 5.82628 117.235 8.4
    endloop
  endfacet
  facet normal -0.947036 -0.321127 0
    outer loop
      vertex 1.22836 118.467 8.4
      vertex 1.10222 118.839 9.9
      vertex 1.10222 118.839 8.4
    endloop
  endfacet
  facet normal -0.947036 -0.321127 0
    outer loop
      vertex 1.10222 118.839 9.9
      vertex 1.22836 118.467 8.4
      vertex 1.22836 118.467 9.9
    endloop
  endfacet
  facet normal 0.751799 -0.659392 0
    outer loop
      vertex 6.12132 117.494 9.9
      vertex 6.38006 117.789 8.4
      vertex 6.38006 117.789 9.9
    endloop
  endfacet
  facet normal 0.751799 -0.659392 0
    outer loop
      vertex 6.38006 117.789 8.4
      vertex 6.12132 117.494 9.9
      vertex 6.12132 117.494 8.4
    endloop
  endfacet
  facet normal 0.997863 -0.0653447 0
    outer loop
      vertex 6.97433 119.223 9.9
      vertex 7 119.615 8.4
      vertex 7 119.615 9.9
    endloop
  endfacet
  facet normal 0.997863 -0.0653447 0
    outer loop
      vertex 7 119.615 8.4
      vertex 6.97433 119.223 9.9
      vertex 6.97433 119.223 8.4
    endloop
  endfacet
  facet normal -0.980703 -0.195502 0
    outer loop
      vertex 1.10222 118.839 8.4
      vertex 1.02567 119.223 9.9
      vertex 1.02567 119.223 8.4
    endloop
  endfacet
  facet normal -0.980703 -0.195502 0
    outer loop
      vertex 1.02567 119.223 9.9
      vertex 1.10222 118.839 8.4
      vertex 1.10222 118.839 9.9
    endloop
  endfacet
  facet normal -0.659716 -0.751515 0
    outer loop
      vertex 1.87868 117.494 8.4
      vertex 2.17372 117.235 9.9
      vertex 1.87868 117.494 9.9
    endloop
  endfacet
  facet normal -0.659716 -0.751515 -0
    outer loop
      vertex 2.17372 117.235 9.9
      vertex 1.87868 117.494 8.4
      vertex 2.17372 117.235 8.4
    endloop
  endfacet
  facet normal -0.443185 -0.89643 0
    outer loop
      vertex 2.5 117.017 8.4
      vertex 2.85195 116.843 9.9
      vertex 2.5 117.017 9.9
    endloop
  endfacet
  facet normal -0.443185 -0.89643 -0
    outer loop
      vertex 2.85195 116.843 9.9
      vertex 2.5 117.017 8.4
      vertex 2.85195 116.843 8.4
    endloop
  endfacet
  facet normal -0.831241 -0.555912 0
    outer loop
      vertex 1.61994 117.789 8.4
      vertex 1.40192 118.115 9.9
      vertex 1.40192 118.115 8.4
    endloop
  endfacet
  facet normal -0.831241 -0.555912 0
    outer loop
      vertex 1.40192 118.115 9.9
      vertex 1.61994 117.789 8.4
      vertex 1.61994 117.789 9.9
    endloop
  endfacet
  facet normal -0.831241 0.555912 0
    outer loop
      vertex 1.40192 121.115 8.4
      vertex 1.61994 121.441 9.9
      vertex 1.61994 121.441 8.4
    endloop
  endfacet
  facet normal -0.831241 0.555912 0
    outer loop
      vertex 1.61994 121.441 9.9
      vertex 1.40192 121.115 8.4
      vertex 1.40192 121.115 9.9
    endloop
  endfacet
  facet normal -0.193723 -0.981056 0
    outer loop
      vertex 3.22354 116.717 8.4
      vertex 3.60842 116.641 9.9
      vertex 3.22354 116.717 9.9
    endloop
  endfacet
  facet normal -0.193723 -0.981056 -0
    outer loop
      vertex 3.60842 116.641 9.9
      vertex 3.22354 116.717 8.4
      vertex 3.60842 116.641 8.4
    endloop
  endfacet
  facet normal -0.980703 0.195502 0
    outer loop
      vertex 1.02567 120.007 8.4
      vertex 1.10222 120.391 9.9
      vertex 1.10222 120.391 8.4
    endloop
  endfacet
  facet normal -0.980703 0.195502 0
    outer loop
      vertex 1.10222 120.391 9.9
      vertex 1.02567 120.007 8.4
      vertex 1.02567 120.007 9.9
    endloop
  endfacet
  facet normal 0.947036 -0.321127 0
    outer loop
      vertex 6.77164 118.467 9.9
      vertex 6.89778 118.839 8.4
      vertex 6.89778 118.839 9.9
    endloop
  endfacet
  facet normal 0.947036 -0.321127 0
    outer loop
      vertex 6.89778 118.839 8.4
      vertex 6.77164 118.467 9.9
      vertex 6.77164 118.467 8.4
    endloop
  endfacet
  facet normal -0.997863 0.0653447 0
    outer loop
      vertex 1 119.615 8.4
      vertex 1.02567 120.007 9.9
      vertex 1.02567 120.007 8.4
    endloop
  endfacet
  facet normal -0.997863 0.0653447 0
    outer loop
      vertex 1.02567 120.007 9.9
      vertex 1 119.615 8.4
      vertex 1 119.615 9.9
    endloop
  endfacet
  facet normal -0.443185 0.89643 0
    outer loop
      vertex 2.85195 122.387 8.4
      vertex 2.5 122.213 9.9
      vertex 2.85195 122.387 9.9
    endloop
  endfacet
  facet normal -0.443185 0.89643 0
    outer loop
      vertex 2.5 122.213 9.9
      vertex 2.85195 122.387 8.4
      vertex 2.5 122.213 8.4
    endloop
  endfacet
  facet normal 0.0662518 0.997803 -0
    outer loop
      vertex 4.39158 122.589 8.4
      vertex 4 122.615 9.9
      vertex 4.39158 122.589 9.9
    endloop
  endfacet
  facet normal 0.0662518 0.997803 0
    outer loop
      vertex 4 122.615 9.9
      vertex 4.39158 122.589 8.4
      vertex 4 122.615 8.4
    endloop
  endfacet
  facet normal -0.751799 0.659392 0
    outer loop
      vertex 1.61994 121.441 8.4
      vertex 1.87868 121.736 9.9
      vertex 1.87868 121.736 8.4
    endloop
  endfacet
  facet normal -0.751799 0.659392 0
    outer loop
      vertex 1.87868 121.736 9.9
      vertex 1.61994 121.441 8.4
      vertex 1.61994 121.441 9.9
    endloop
  endfacet
  facet normal -0.947036 0.321127 0
    outer loop
      vertex 1.10222 120.391 8.4
      vertex 1.22836 120.763 9.9
      vertex 1.22836 120.763 8.4
    endloop
  endfacet
  facet normal -0.947036 0.321127 0
    outer loop
      vertex 1.22836 120.763 9.9
      vertex 1.10222 120.391 8.4
      vertex 1.10222 120.391 9.9
    endloop
  endfacet
  facet normal -0.8969 0.442233 0
    outer loop
      vertex 1.22836 120.763 8.4
      vertex 1.40192 121.115 9.9
      vertex 1.40192 121.115 8.4
    endloop
  endfacet
  facet normal -0.8969 0.442233 0
    outer loop
      vertex 1.40192 121.115 9.9
      vertex 1.22836 120.763 8.4
      vertex 1.22836 120.763 9.9
    endloop
  endfacet
  facet normal 0.0662518 -0.997803 0
    outer loop
      vertex 4 116.615 8.4
      vertex 4.39158 116.641 9.9
      vertex 4 116.615 9.9
    endloop
  endfacet
  facet normal 0.0662518 -0.997803 0
    outer loop
      vertex 4.39158 116.641 9.9
      vertex 4 116.615 8.4
      vertex 4.39158 116.641 8.4
    endloop
  endfacet
  facet normal -0.751799 -0.659392 0
    outer loop
      vertex 1.87868 117.494 8.4
      vertex 1.61994 117.789 9.9
      vertex 1.61994 117.789 8.4
    endloop
  endfacet
  facet normal -0.751799 -0.659392 0
    outer loop
      vertex 1.61994 117.789 9.9
      vertex 1.87868 117.494 8.4
      vertex 1.87868 117.494 9.9
    endloop
  endfacet
  facet normal 0.195502 0.980703 -0
    outer loop
      vertex 161.676 7.55278 8.4
      vertex 161.292 7.62933 9.9
      vertex 161.676 7.55278 9.9
    endloop
  endfacet
  facet normal 0.195502 0.980703 0
    outer loop
      vertex 161.292 7.62933 9.9
      vertex 161.676 7.55278 8.4
      vertex 161.292 7.62933 8.4
    endloop
  endfacet
  facet normal 0.981056 0.193723 0
    outer loop
      vertex 163.874 5.04658 9.9
      vertex 163.798 5.43146 8.4
      vertex 163.798 5.43146 9.9
    endloop
  endfacet
  facet normal 0.981056 0.193723 0
    outer loop
      vertex 163.798 5.43146 8.4
      vertex 163.874 5.04658 9.9
      vertex 163.874 5.04658 8.4
    endloop
  endfacet
  facet normal 0.997803 0.0662518 0
    outer loop
      vertex 163.9 4.655 9.9
      vertex 163.874 5.04658 8.4
      vertex 163.874 5.04658 9.9
    endloop
  endfacet
  facet normal 0.997803 0.0662518 0
    outer loop
      vertex 163.874 5.04658 8.4
      vertex 163.9 4.655 9.9
      vertex 163.9 4.655 8.4
    endloop
  endfacet
  facet normal 0.947037 0.321125 0
    outer loop
      vertex 163.798 5.43146 9.9
      vertex 163.672 5.80305 8.4
      vertex 163.672 5.80305 9.9
    endloop
  endfacet
  facet normal 0.947037 0.321125 0
    outer loop
      vertex 163.672 5.80305 8.4
      vertex 163.798 5.43146 9.9
      vertex 163.798 5.43146 8.4
    endloop
  endfacet
  facet normal 0.321127 -0.947036 0
    outer loop
      vertex 161.676 1.75722 8.4
      vertex 162.048 1.88336 9.9
      vertex 161.676 1.75722 9.9
    endloop
  endfacet
  facet normal 0.321127 -0.947036 0
    outer loop
      vertex 162.048 1.88336 9.9
      vertex 161.676 1.75722 8.4
      vertex 162.048 1.88336 8.4
    endloop
  endfacet
  facet normal 0.831485 0.555547 0
    outer loop
      vertex 163.498 6.155 9.9
      vertex 163.28 6.48128 8.4
      vertex 163.28 6.48128 9.9
    endloop
  endfacet
  facet normal 0.831485 0.555547 0
    outer loop
      vertex 163.28 6.48128 8.4
      vertex 163.498 6.155 9.9
      vertex 163.498 6.155 8.4
    endloop
  endfacet
  facet normal 0.89643 0.443185 0
    outer loop
      vertex 163.672 5.80305 9.9
      vertex 163.498 6.155 8.4
      vertex 163.498 6.155 9.9
    endloop
  endfacet
  facet normal 0.89643 0.443185 0
    outer loop
      vertex 163.498 6.155 8.4
      vertex 163.672 5.80305 9.9
      vertex 163.672 5.80305 8.4
    endloop
  endfacet
  facet normal -0.195502 0.980703 0
    outer loop
      vertex 160.508 7.62933 8.4
      vertex 160.124 7.55278 9.9
      vertex 160.508 7.62933 9.9
    endloop
  endfacet
  facet normal -0.195502 0.980703 0
    outer loop
      vertex 160.124 7.55278 9.9
      vertex 160.508 7.62933 8.4
      vertex 160.124 7.55278 8.4
    endloop
  endfacet
  facet normal -0.555912 -0.831241 0
    outer loop
      vertex 159.074 2.27494 8.4
      vertex 159.4 2.05692 9.9
      vertex 159.074 2.27494 9.9
    endloop
  endfacet
  facet normal -0.555912 -0.831241 -0
    outer loop
      vertex 159.4 2.05692 9.9
      vertex 159.074 2.27494 8.4
      vertex 159.4 2.05692 8.4
    endloop
  endfacet
  facet normal 0.947037 -0.321125 0
    outer loop
      vertex 163.672 3.50695 9.9
      vertex 163.798 3.87854 8.4
      vertex 163.798 3.87854 9.9
    endloop
  endfacet
  facet normal 0.947037 -0.321125 0
    outer loop
      vertex 163.798 3.87854 8.4
      vertex 163.672 3.50695 9.9
      vertex 163.672 3.50695 8.4
    endloop
  endfacet
  facet normal -0.659392 0.751799 0
    outer loop
      vertex 159.074 7.03506 8.4
      vertex 158.779 6.77632 9.9
      vertex 159.074 7.03506 9.9
    endloop
  endfacet
  facet normal -0.659392 0.751799 0
    outer loop
      vertex 158.779 6.77632 9.9
      vertex 159.074 7.03506 8.4
      vertex 158.779 6.77632 8.4
    endloop
  endfacet
  facet normal -0.321127 0.947036 0
    outer loop
      vertex 160.124 7.55278 8.4
      vertex 159.752 7.42664 9.9
      vertex 160.124 7.55278 9.9
    endloop
  endfacet
  facet normal -0.321127 0.947036 0
    outer loop
      vertex 159.752 7.42664 9.9
      vertex 160.124 7.55278 8.4
      vertex 159.752 7.42664 8.4
    endloop
  endfacet
  facet normal -0.0653447 0.997863 0
    outer loop
      vertex 160.9 7.655 8.4
      vertex 160.508 7.62933 9.9
      vertex 160.9 7.655 9.9
    endloop
  endfacet
  facet normal -0.0653447 0.997863 0
    outer loop
      vertex 160.508 7.62933 9.9
      vertex 160.9 7.655 8.4
      vertex 160.508 7.62933 8.4
    endloop
  endfacet
  facet normal 0.0653447 0.997863 -0
    outer loop
      vertex 161.292 7.62933 8.4
      vertex 160.9 7.655 9.9
      vertex 161.292 7.62933 9.9
    endloop
  endfacet
  facet normal 0.0653447 0.997863 0
    outer loop
      vertex 160.9 7.655 9.9
      vertex 161.292 7.62933 8.4
      vertex 160.9 7.655 8.4
    endloop
  endfacet
  facet normal -0.195502 -0.980703 0
    outer loop
      vertex 160.124 1.75722 8.4
      vertex 160.508 1.68067 9.9
      vertex 160.124 1.75722 9.9
    endloop
  endfacet
  facet normal -0.195502 -0.980703 -0
    outer loop
      vertex 160.508 1.68067 9.9
      vertex 160.124 1.75722 8.4
      vertex 160.508 1.68067 8.4
    endloop
  endfacet
  facet normal -0.659392 -0.751799 0
    outer loop
      vertex 158.779 2.53368 8.4
      vertex 159.074 2.27494 9.9
      vertex 158.779 2.53368 9.9
    endloop
  endfacet
  facet normal -0.659392 -0.751799 -0
    outer loop
      vertex 159.074 2.27494 9.9
      vertex 158.779 2.53368 8.4
      vertex 159.074 2.27494 8.4
    endloop
  endfacet
  facet normal 0.195502 -0.980703 0
    outer loop
      vertex 161.292 1.68067 8.4
      vertex 161.676 1.75722 9.9
      vertex 161.292 1.68067 9.9
    endloop
  endfacet
  facet normal 0.195502 -0.980703 0
    outer loop
      vertex 161.676 1.75722 9.9
      vertex 161.292 1.68067 8.4
      vertex 161.676 1.75722 8.4
    endloop
  endfacet
  facet normal 0.555912 0.831241 -0
    outer loop
      vertex 162.726 7.03506 8.4
      vertex 162.4 7.25308 9.9
      vertex 162.726 7.03506 9.9
    endloop
  endfacet
  facet normal 0.555912 0.831241 0
    outer loop
      vertex 162.4 7.25308 9.9
      vertex 162.726 7.03506 8.4
      vertex 162.4 7.25308 8.4
    endloop
  endfacet
  facet normal 0.659392 0.751799 -0
    outer loop
      vertex 163.021 6.77632 8.4
      vertex 162.726 7.03506 9.9
      vertex 163.021 6.77632 9.9
    endloop
  endfacet
  facet normal 0.659392 0.751799 0
    outer loop
      vertex 162.726 7.03506 9.9
      vertex 163.021 6.77632 8.4
      vertex 162.726 7.03506 8.4
    endloop
  endfacet
  facet normal -0.947037 -0.321125 0
    outer loop
      vertex 158.128 3.50695 8.4
      vertex 158.002 3.87854 9.9
      vertex 158.002 3.87854 8.4
    endloop
  endfacet
  facet normal -0.947037 -0.321125 0
    outer loop
      vertex 158.002 3.87854 9.9
      vertex 158.128 3.50695 8.4
      vertex 158.128 3.50695 9.9
    endloop
  endfacet
  facet normal -0.0653447 -0.997863 0
    outer loop
      vertex 160.508 1.68067 8.4
      vertex 160.9 1.655 9.9
      vertex 160.508 1.68067 9.9
    endloop
  endfacet
  facet normal -0.0653447 -0.997863 -0
    outer loop
      vertex 160.9 1.655 9.9
      vertex 160.508 1.68067 8.4
      vertex 160.9 1.655 8.4
    endloop
  endfacet
  facet normal -0.442233 0.8969 0
    outer loop
      vertex 159.752 7.42664 8.4
      vertex 159.4 7.25308 9.9
      vertex 159.752 7.42664 9.9
    endloop
  endfacet
  facet normal -0.442233 0.8969 0
    outer loop
      vertex 159.4 7.25308 9.9
      vertex 159.752 7.42664 8.4
      vertex 159.4 7.25308 8.4
    endloop
  endfacet
  facet normal 0.659392 -0.751799 0
    outer loop
      vertex 162.726 2.27494 8.4
      vertex 163.021 2.53368 9.9
      vertex 162.726 2.27494 9.9
    endloop
  endfacet
  facet normal 0.659392 -0.751799 0
    outer loop
      vertex 163.021 2.53368 9.9
      vertex 162.726 2.27494 8.4
      vertex 163.021 2.53368 8.4
    endloop
  endfacet
  facet normal 0.555912 -0.831241 0
    outer loop
      vertex 162.4 2.05692 8.4
      vertex 162.726 2.27494 9.9
      vertex 162.4 2.05692 9.9
    endloop
  endfacet
  facet normal 0.555912 -0.831241 0
    outer loop
      vertex 162.726 2.27494 9.9
      vertex 162.4 2.05692 8.4
      vertex 162.726 2.27494 8.4
    endloop
  endfacet
  facet normal -0.555912 0.831241 0
    outer loop
      vertex 159.4 7.25308 8.4
      vertex 159.074 7.03506 9.9
      vertex 159.4 7.25308 9.9
    endloop
  endfacet
  facet normal -0.555912 0.831241 0
    outer loop
      vertex 159.074 7.03506 9.9
      vertex 159.4 7.25308 8.4
      vertex 159.074 7.03506 8.4
    endloop
  endfacet
  facet normal 0.997803 -0.0662518 0
    outer loop
      vertex 163.874 4.26342 9.9
      vertex 163.9 4.655 8.4
      vertex 163.9 4.655 9.9
    endloop
  endfacet
  facet normal 0.997803 -0.0662518 0
    outer loop
      vertex 163.9 4.655 8.4
      vertex 163.874 4.26342 9.9
      vertex 163.874 4.26342 8.4
    endloop
  endfacet
  facet normal 0.751515 -0.659716 0
    outer loop
      vertex 163.021 2.53368 9.9
      vertex 163.28 2.82872 8.4
      vertex 163.28 2.82872 9.9
    endloop
  endfacet
  facet normal 0.751515 -0.659716 0
    outer loop
      vertex 163.28 2.82872 8.4
      vertex 163.021 2.53368 9.9
      vertex 163.021 2.53368 8.4
    endloop
  endfacet
  facet normal -0.442233 -0.8969 0
    outer loop
      vertex 159.4 2.05692 8.4
      vertex 159.752 1.88336 9.9
      vertex 159.4 2.05692 9.9
    endloop
  endfacet
  facet normal -0.442233 -0.8969 -0
    outer loop
      vertex 159.752 1.88336 9.9
      vertex 159.4 2.05692 8.4
      vertex 159.752 1.88336 8.4
    endloop
  endfacet
  facet normal 0.831485 -0.555547 0
    outer loop
      vertex 163.28 2.82872 9.9
      vertex 163.498 3.155 8.4
      vertex 163.498 3.155 9.9
    endloop
  endfacet
  facet normal 0.831485 -0.555547 0
    outer loop
      vertex 163.498 3.155 8.4
      vertex 163.28 2.82872 9.9
      vertex 163.28 2.82872 8.4
    endloop
  endfacet
  facet normal 0.981056 -0.193723 0
    outer loop
      vertex 163.798 3.87854 9.9
      vertex 163.874 4.26342 8.4
      vertex 163.874 4.26342 9.9
    endloop
  endfacet
  facet normal 0.981056 -0.193723 0
    outer loop
      vertex 163.874 4.26342 8.4
      vertex 163.798 3.87854 9.9
      vertex 163.798 3.87854 8.4
    endloop
  endfacet
  facet normal -0.947037 0.321125 0
    outer loop
      vertex 158.002 5.43146 8.4
      vertex 158.128 5.80305 9.9
      vertex 158.128 5.80305 8.4
    endloop
  endfacet
  facet normal -0.947037 0.321125 0
    outer loop
      vertex 158.128 5.80305 9.9
      vertex 158.002 5.43146 8.4
      vertex 158.002 5.43146 9.9
    endloop
  endfacet
  facet normal 0.442233 0.8969 -0
    outer loop
      vertex 162.4 7.25308 8.4
      vertex 162.048 7.42664 9.9
      vertex 162.4 7.25308 9.9
    endloop
  endfacet
  facet normal 0.442233 0.8969 0
    outer loop
      vertex 162.048 7.42664 9.9
      vertex 162.4 7.25308 8.4
      vertex 162.048 7.42664 8.4
    endloop
  endfacet
  facet normal -0.981056 0.193723 0
    outer loop
      vertex 157.926 5.04658 8.4
      vertex 158.002 5.43146 9.9
      vertex 158.002 5.43146 8.4
    endloop
  endfacet
  facet normal -0.981056 0.193723 0
    outer loop
      vertex 158.002 5.43146 9.9
      vertex 157.926 5.04658 8.4
      vertex 157.926 5.04658 9.9
    endloop
  endfacet
  facet normal 0.442233 -0.8969 0
    outer loop
      vertex 162.048 1.88336 8.4
      vertex 162.4 2.05692 9.9
      vertex 162.048 1.88336 9.9
    endloop
  endfacet
  facet normal 0.442233 -0.8969 0
    outer loop
      vertex 162.4 2.05692 9.9
      vertex 162.048 1.88336 8.4
      vertex 162.4 2.05692 8.4
    endloop
  endfacet
  facet normal -0.831485 0.555547 0
    outer loop
      vertex 158.302 6.155 8.4
      vertex 158.52 6.48128 9.9
      vertex 158.52 6.48128 8.4
    endloop
  endfacet
  facet normal -0.831485 0.555547 0
    outer loop
      vertex 158.52 6.48128 9.9
      vertex 158.302 6.155 8.4
      vertex 158.302 6.155 9.9
    endloop
  endfacet
  facet normal -0.997803 -0.0662518 0
    outer loop
      vertex 157.926 4.26342 8.4
      vertex 157.9 4.655 9.9
      vertex 157.9 4.655 8.4
    endloop
  endfacet
  facet normal -0.997803 -0.0662518 0
    outer loop
      vertex 157.9 4.655 9.9
      vertex 157.926 4.26342 8.4
      vertex 157.926 4.26342 9.9
    endloop
  endfacet
  facet normal -0.751515 -0.659716 0
    outer loop
      vertex 158.779 2.53368 8.4
      vertex 158.52 2.82872 9.9
      vertex 158.52 2.82872 8.4
    endloop
  endfacet
  facet normal -0.751515 -0.659716 0
    outer loop
      vertex 158.52 2.82872 9.9
      vertex 158.779 2.53368 8.4
      vertex 158.779 2.53368 9.9
    endloop
  endfacet
  facet normal 0.321127 0.947036 -0
    outer loop
      vertex 162.048 7.42664 8.4
      vertex 161.676 7.55278 9.9
      vertex 162.048 7.42664 9.9
    endloop
  endfacet
  facet normal 0.321127 0.947036 0
    outer loop
      vertex 161.676 7.55278 9.9
      vertex 162.048 7.42664 8.4
      vertex 161.676 7.55278 8.4
    endloop
  endfacet
  facet normal -0.751515 0.659716 0
    outer loop
      vertex 158.52 6.48128 8.4
      vertex 158.779 6.77632 9.9
      vertex 158.779 6.77632 8.4
    endloop
  endfacet
  facet normal -0.751515 0.659716 0
    outer loop
      vertex 158.779 6.77632 9.9
      vertex 158.52 6.48128 8.4
      vertex 158.52 6.48128 9.9
    endloop
  endfacet
  facet normal 0.751515 0.659716 0
    outer loop
      vertex 163.28 6.48128 9.9
      vertex 163.021 6.77632 8.4
      vertex 163.021 6.77632 9.9
    endloop
  endfacet
  facet normal 0.751515 0.659716 0
    outer loop
      vertex 163.021 6.77632 8.4
      vertex 163.28 6.48128 9.9
      vertex 163.28 6.48128 8.4
    endloop
  endfacet
  facet normal -0.89643 -0.443185 0
    outer loop
      vertex 158.302 3.155 8.4
      vertex 158.128 3.50695 9.9
      vertex 158.128 3.50695 8.4
    endloop
  endfacet
  facet normal -0.89643 -0.443185 0
    outer loop
      vertex 158.128 3.50695 9.9
      vertex 158.302 3.155 8.4
      vertex 158.302 3.155 9.9
    endloop
  endfacet
  facet normal 0.0653447 -0.997863 0
    outer loop
      vertex 160.9 1.655 8.4
      vertex 161.292 1.68067 9.9
      vertex 160.9 1.655 9.9
    endloop
  endfacet
  facet normal 0.0653447 -0.997863 0
    outer loop
      vertex 161.292 1.68067 9.9
      vertex 160.9 1.655 8.4
      vertex 161.292 1.68067 8.4
    endloop
  endfacet
  facet normal -0.981056 -0.193723 0
    outer loop
      vertex 158.002 3.87854 8.4
      vertex 157.926 4.26342 9.9
      vertex 157.926 4.26342 8.4
    endloop
  endfacet
  facet normal -0.981056 -0.193723 0
    outer loop
      vertex 157.926 4.26342 9.9
      vertex 158.002 3.87854 8.4
      vertex 158.002 3.87854 9.9
    endloop
  endfacet
  facet normal -0.831485 -0.555547 0
    outer loop
      vertex 158.52 2.82872 8.4
      vertex 158.302 3.155 9.9
      vertex 158.302 3.155 8.4
    endloop
  endfacet
  facet normal -0.831485 -0.555547 0
    outer loop
      vertex 158.302 3.155 9.9
      vertex 158.52 2.82872 8.4
      vertex 158.52 2.82872 9.9
    endloop
  endfacet
  facet normal -0.997803 0.0662518 0
    outer loop
      vertex 157.9 4.655 8.4
      vertex 157.926 5.04658 9.9
      vertex 157.926 5.04658 8.4
    endloop
  endfacet
  facet normal -0.997803 0.0662518 0
    outer loop
      vertex 157.926 5.04658 9.9
      vertex 157.9 4.655 8.4
      vertex 157.9 4.655 9.9
    endloop
  endfacet
  facet normal -0.321127 -0.947036 0
    outer loop
      vertex 159.752 1.88336 8.4
      vertex 160.124 1.75722 9.9
      vertex 159.752 1.88336 9.9
    endloop
  endfacet
  facet normal -0.321127 -0.947036 -0
    outer loop
      vertex 160.124 1.75722 9.9
      vertex 159.752 1.88336 8.4
      vertex 160.124 1.75722 8.4
    endloop
  endfacet
  facet normal 0.89643 -0.443185 0
    outer loop
      vertex 163.498 3.155 9.9
      vertex 163.672 3.50695 8.4
      vertex 163.672 3.50695 9.9
    endloop
  endfacet
  facet normal 0.89643 -0.443185 0
    outer loop
      vertex 163.672 3.50695 8.4
      vertex 163.498 3.155 9.9
      vertex 163.498 3.155 8.4
    endloop
  endfacet
  facet normal -0.89643 0.443185 0
    outer loop
      vertex 158.128 5.80305 8.4
      vertex 158.302 6.155 9.9
      vertex 158.302 6.155 8.4
    endloop
  endfacet
  facet normal -0.89643 0.443185 0
    outer loop
      vertex 158.302 6.155 9.9
      vertex 158.128 5.80305 8.4
      vertex 158.128 5.80305 9.9
    endloop
  endfacet
  facet normal 0.194151 0.980972 -0
    outer loop
      vertex 161.676 122.513 8.4
      vertex 161.292 122.589 9.9
      vertex 161.676 122.513 9.9
    endloop
  endfacet
  facet normal 0.194151 0.980972 0
    outer loop
      vertex 161.292 122.589 9.9
      vertex 161.676 122.513 8.4
      vertex 161.292 122.589 8.4
    endloop
  endfacet
  facet normal 0.980972 0.194151 0
    outer loop
      vertex 163.874 120.007 9.9
      vertex 163.798 120.391 8.4
      vertex 163.798 120.391 9.9
    endloop
  endfacet
  facet normal 0.980972 0.194151 0
    outer loop
      vertex 163.798 120.391 8.4
      vertex 163.874 120.007 9.9
      vertex 163.874 120.007 8.4
    endloop
  endfacet
  facet normal 0.997808 0.0661811 0
    outer loop
      vertex 163.9 119.615 9.9
      vertex 163.874 120.007 8.4
      vertex 163.874 120.007 9.9
    endloop
  endfacet
  facet normal 0.997808 0.0661811 0
    outer loop
      vertex 163.874 120.007 8.4
      vertex 163.9 119.615 9.9
      vertex 163.9 119.615 8.4
    endloop
  endfacet
  facet normal 0.947145 0.320807 0
    outer loop
      vertex 163.798 120.391 9.9
      vertex 163.672 120.763 8.4
      vertex 163.672 120.763 9.9
    endloop
  endfacet
  facet normal 0.947145 0.320807 0
    outer loop
      vertex 163.672 120.763 8.4
      vertex 163.798 120.391 9.9
      vertex 163.798 120.391 8.4
    endloop
  endfacet
  facet normal 0.320807 -0.947145 0
    outer loop
      vertex 161.676 116.717 8.4
      vertex 162.048 116.843 9.9
      vertex 161.676 116.717 9.9
    endloop
  endfacet
  facet normal 0.320807 -0.947145 0
    outer loop
      vertex 162.048 116.843 9.9
      vertex 161.676 116.717 8.4
      vertex 162.048 116.843 8.4
    endloop
  endfacet
  facet normal 0.831265 0.555877 0
    outer loop
      vertex 163.498 121.115 9.9
      vertex 163.28 121.441 8.4
      vertex 163.28 121.441 9.9
    endloop
  endfacet
  facet normal 0.831265 0.555877 0
    outer loop
      vertex 163.28 121.441 8.4
      vertex 163.498 121.115 9.9
      vertex 163.498 121.115 8.4
    endloop
  endfacet
  facet normal 0.896455 0.443134 0
    outer loop
      vertex 163.672 120.763 9.9
      vertex 163.498 121.115 8.4
      vertex 163.498 121.115 9.9
    endloop
  endfacet
  facet normal 0.896455 0.443134 0
    outer loop
      vertex 163.498 121.115 8.4
      vertex 163.672 120.763 9.9
      vertex 163.672 120.763 8.4
    endloop
  endfacet
  facet normal -0.194151 0.980972 0
    outer loop
      vertex 160.508 122.589 8.4
      vertex 160.124 122.513 9.9
      vertex 160.508 122.589 9.9
    endloop
  endfacet
  facet normal -0.194151 0.980972 0
    outer loop
      vertex 160.124 122.513 9.9
      vertex 160.508 122.589 8.4
      vertex 160.124 122.513 8.4
    endloop
  endfacet
  facet normal -0.555877 -0.831265 0
    outer loop
      vertex 159.074 117.235 8.4
      vertex 159.4 117.017 9.9
      vertex 159.074 117.235 9.9
    endloop
  endfacet
  facet normal -0.555877 -0.831265 -0
    outer loop
      vertex 159.4 117.017 9.9
      vertex 159.074 117.235 8.4
      vertex 159.4 117.017 8.4
    endloop
  endfacet
  facet normal 0.947145 -0.320807 0
    outer loop
      vertex 163.672 118.467 9.9
      vertex 163.798 118.839 8.4
      vertex 163.798 118.839 9.9
    endloop
  endfacet
  facet normal 0.947145 -0.320807 0
    outer loop
      vertex 163.798 118.839 8.4
      vertex 163.672 118.467 9.9
      vertex 163.672 118.467 8.4
    endloop
  endfacet
  facet normal -0.659766 0.751471 0
    outer loop
      vertex 159.074 121.995 8.4
      vertex 158.779 121.736 9.9
      vertex 159.074 121.995 9.9
    endloop
  endfacet
  facet normal -0.659766 0.751471 0
    outer loop
      vertex 158.779 121.736 9.9
      vertex 159.074 121.995 8.4
      vertex 158.779 121.736 8.4
    endloop
  endfacet
  facet normal -0.320807 0.947145 0
    outer loop
      vertex 160.124 122.513 8.4
      vertex 159.752 122.387 9.9
      vertex 160.124 122.513 9.9
    endloop
  endfacet
  facet normal -0.320807 0.947145 0
    outer loop
      vertex 159.752 122.387 9.9
      vertex 160.124 122.513 8.4
      vertex 159.752 122.387 8.4
    endloop
  endfacet
  facet normal -0.0661811 0.997808 0
    outer loop
      vertex 160.9 122.615 8.4
      vertex 160.508 122.589 9.9
      vertex 160.9 122.615 9.9
    endloop
  endfacet
  facet normal -0.0661811 0.997808 0
    outer loop
      vertex 160.508 122.589 9.9
      vertex 160.9 122.615 8.4
      vertex 160.508 122.589 8.4
    endloop
  endfacet
  facet normal 0.0661811 0.997808 -0
    outer loop
      vertex 161.292 122.589 8.4
      vertex 160.9 122.615 9.9
      vertex 161.292 122.589 9.9
    endloop
  endfacet
  facet normal 0.0661811 0.997808 0
    outer loop
      vertex 160.9 122.615 9.9
      vertex 161.292 122.589 8.4
      vertex 160.9 122.615 8.4
    endloop
  endfacet
  facet normal -0.194151 -0.980972 0
    outer loop
      vertex 160.124 116.717 8.4
      vertex 160.508 116.641 9.9
      vertex 160.124 116.717 9.9
    endloop
  endfacet
  facet normal -0.194151 -0.980972 -0
    outer loop
      vertex 160.508 116.641 9.9
      vertex 160.124 116.717 8.4
      vertex 160.508 116.641 8.4
    endloop
  endfacet
  facet normal -0.659766 -0.751471 0
    outer loop
      vertex 158.779 117.494 8.4
      vertex 159.074 117.235 9.9
      vertex 158.779 117.494 9.9
    endloop
  endfacet
  facet normal -0.659766 -0.751471 -0
    outer loop
      vertex 159.074 117.235 9.9
      vertex 158.779 117.494 8.4
      vertex 159.074 117.235 8.4
    endloop
  endfacet
  facet normal 0.194151 -0.980972 0
    outer loop
      vertex 161.292 116.641 8.4
      vertex 161.676 116.717 9.9
      vertex 161.292 116.641 9.9
    endloop
  endfacet
  facet normal 0.194151 -0.980972 0
    outer loop
      vertex 161.676 116.717 9.9
      vertex 161.292 116.641 8.4
      vertex 161.676 116.717 8.4
    endloop
  endfacet
  facet normal 0.555877 0.831265 -0
    outer loop
      vertex 162.726 121.995 8.4
      vertex 162.4 122.213 9.9
      vertex 162.726 121.995 9.9
    endloop
  endfacet
  facet normal 0.555877 0.831265 0
    outer loop
      vertex 162.4 122.213 9.9
      vertex 162.726 121.995 8.4
      vertex 162.4 122.213 8.4
    endloop
  endfacet
  facet normal 0.659766 0.751471 -0
    outer loop
      vertex 163.021 121.736 8.4
      vertex 162.726 121.995 9.9
      vertex 163.021 121.736 9.9
    endloop
  endfacet
  facet normal 0.659766 0.751471 0
    outer loop
      vertex 162.726 121.995 9.9
      vertex 163.021 121.736 8.4
      vertex 162.726 121.995 8.4
    endloop
  endfacet
  facet normal -0.947145 -0.320807 0
    outer loop
      vertex 158.128 118.467 8.4
      vertex 158.002 118.839 9.9
      vertex 158.002 118.839 8.4
    endloop
  endfacet
  facet normal -0.947145 -0.320807 0
    outer loop
      vertex 158.002 118.839 9.9
      vertex 158.128 118.467 8.4
      vertex 158.128 118.467 9.9
    endloop
  endfacet
  facet normal -0.0661811 -0.997808 0
    outer loop
      vertex 160.508 116.641 8.4
      vertex 160.9 116.615 9.9
      vertex 160.508 116.641 9.9
    endloop
  endfacet
  facet normal -0.0661811 -0.997808 -0
    outer loop
      vertex 160.9 116.615 9.9
      vertex 160.508 116.641 8.4
      vertex 160.9 116.615 8.4
    endloop
  endfacet
  facet normal -0.443134 0.896455 0
    outer loop
      vertex 159.752 122.387 8.4
      vertex 159.4 122.213 9.9
      vertex 159.752 122.387 9.9
    endloop
  endfacet
  facet normal -0.443134 0.896455 0
    outer loop
      vertex 159.4 122.213 9.9
      vertex 159.752 122.387 8.4
      vertex 159.4 122.213 8.4
    endloop
  endfacet
  facet normal 0.659766 -0.751471 0
    outer loop
      vertex 162.726 117.235 8.4
      vertex 163.021 117.494 9.9
      vertex 162.726 117.235 9.9
    endloop
  endfacet
  facet normal 0.659766 -0.751471 0
    outer loop
      vertex 163.021 117.494 9.9
      vertex 162.726 117.235 8.4
      vertex 163.021 117.494 8.4
    endloop
  endfacet
  facet normal 0.555877 -0.831265 0
    outer loop
      vertex 162.4 117.017 8.4
      vertex 162.726 117.235 9.9
      vertex 162.4 117.017 9.9
    endloop
  endfacet
  facet normal 0.555877 -0.831265 0
    outer loop
      vertex 162.726 117.235 9.9
      vertex 162.4 117.017 8.4
      vertex 162.726 117.235 8.4
    endloop
  endfacet
  facet normal -0.555877 0.831265 0
    outer loop
      vertex 159.4 122.213 8.4
      vertex 159.074 121.995 9.9
      vertex 159.4 122.213 9.9
    endloop
  endfacet
  facet normal -0.555877 0.831265 0
    outer loop
      vertex 159.074 121.995 9.9
      vertex 159.4 122.213 8.4
      vertex 159.074 121.995 8.4
    endloop
  endfacet
  facet normal 0.997808 -0.0661811 0
    outer loop
      vertex 163.874 119.223 9.9
      vertex 163.9 119.615 8.4
      vertex 163.9 119.615 9.9
    endloop
  endfacet
  facet normal 0.997808 -0.0661811 0
    outer loop
      vertex 163.9 119.615 8.4
      vertex 163.874 119.223 9.9
      vertex 163.874 119.223 8.4
    endloop
  endfacet
  facet normal 0.751471 -0.659766 0
    outer loop
      vertex 163.021 117.494 9.9
      vertex 163.28 117.789 8.4
      vertex 163.28 117.789 9.9
    endloop
  endfacet
  facet normal 0.751471 -0.659766 0
    outer loop
      vertex 163.28 117.789 8.4
      vertex 163.021 117.494 9.9
      vertex 163.021 117.494 8.4
    endloop
  endfacet
  facet normal -0.443134 -0.896455 0
    outer loop
      vertex 159.4 117.017 8.4
      vertex 159.752 116.843 9.9
      vertex 159.4 117.017 9.9
    endloop
  endfacet
  facet normal -0.443134 -0.896455 -0
    outer loop
      vertex 159.752 116.843 9.9
      vertex 159.4 117.017 8.4
      vertex 159.752 116.843 8.4
    endloop
  endfacet
  facet normal 0.831265 -0.555877 0
    outer loop
      vertex 163.28 117.789 9.9
      vertex 163.498 118.115 8.4
      vertex 163.498 118.115 9.9
    endloop
  endfacet
  facet normal 0.831265 -0.555877 0
    outer loop
      vertex 163.498 118.115 8.4
      vertex 163.28 117.789 9.9
      vertex 163.28 117.789 8.4
    endloop
  endfacet
  facet normal 0.980972 -0.194151 0
    outer loop
      vertex 163.798 118.839 9.9
      vertex 163.874 119.223 8.4
      vertex 163.874 119.223 9.9
    endloop
  endfacet
  facet normal 0.980972 -0.194151 0
    outer loop
      vertex 163.874 119.223 8.4
      vertex 163.798 118.839 9.9
      vertex 163.798 118.839 8.4
    endloop
  endfacet
  facet normal -0.947145 0.320807 0
    outer loop
      vertex 158.002 120.391 8.4
      vertex 158.128 120.763 9.9
      vertex 158.128 120.763 8.4
    endloop
  endfacet
  facet normal -0.947145 0.320807 0
    outer loop
      vertex 158.128 120.763 9.9
      vertex 158.002 120.391 8.4
      vertex 158.002 120.391 9.9
    endloop
  endfacet
  facet normal 0.443134 0.896455 -0
    outer loop
      vertex 162.4 122.213 8.4
      vertex 162.048 122.387 9.9
      vertex 162.4 122.213 9.9
    endloop
  endfacet
  facet normal 0.443134 0.896455 0
    outer loop
      vertex 162.048 122.387 9.9
      vertex 162.4 122.213 8.4
      vertex 162.048 122.387 8.4
    endloop
  endfacet
  facet normal -0.980972 0.194151 0
    outer loop
      vertex 157.926 120.007 8.4
      vertex 158.002 120.391 9.9
      vertex 158.002 120.391 8.4
    endloop
  endfacet
  facet normal -0.980972 0.194151 0
    outer loop
      vertex 158.002 120.391 9.9
      vertex 157.926 120.007 8.4
      vertex 157.926 120.007 9.9
    endloop
  endfacet
  facet normal 0.443134 -0.896455 0
    outer loop
      vertex 162.048 116.843 8.4
      vertex 162.4 117.017 9.9
      vertex 162.048 116.843 9.9
    endloop
  endfacet
  facet normal 0.443134 -0.896455 0
    outer loop
      vertex 162.4 117.017 9.9
      vertex 162.048 116.843 8.4
      vertex 162.4 117.017 8.4
    endloop
  endfacet
  facet normal -0.831265 0.555877 0
    outer loop
      vertex 158.302 121.115 8.4
      vertex 158.52 121.441 9.9
      vertex 158.52 121.441 8.4
    endloop
  endfacet
  facet normal -0.831265 0.555877 0
    outer loop
      vertex 158.52 121.441 9.9
      vertex 158.302 121.115 8.4
      vertex 158.302 121.115 9.9
    endloop
  endfacet
  facet normal -0.997808 -0.0661811 0
    outer loop
      vertex 157.926 119.223 8.4
      vertex 157.9 119.615 9.9
      vertex 157.9 119.615 8.4
    endloop
  endfacet
  facet normal -0.997808 -0.0661811 0
    outer loop
      vertex 157.9 119.615 9.9
      vertex 157.926 119.223 8.4
      vertex 157.926 119.223 9.9
    endloop
  endfacet
  facet normal -0.751471 -0.659766 0
    outer loop
      vertex 158.779 117.494 8.4
      vertex 158.52 117.789 9.9
      vertex 158.52 117.789 8.4
    endloop
  endfacet
  facet normal -0.751471 -0.659766 0
    outer loop
      vertex 158.52 117.789 9.9
      vertex 158.779 117.494 8.4
      vertex 158.779 117.494 9.9
    endloop
  endfacet
  facet normal -0.997808 0.0661811 0
    outer loop
      vertex 157.9 119.615 8.4
      vertex 157.926 120.007 9.9
      vertex 157.926 120.007 8.4
    endloop
  endfacet
  facet normal -0.997808 0.0661811 0
    outer loop
      vertex 157.926 120.007 9.9
      vertex 157.9 119.615 8.4
      vertex 157.9 119.615 9.9
    endloop
  endfacet
  facet normal 0.320807 0.947145 -0
    outer loop
      vertex 162.048 122.387 8.4
      vertex 161.676 122.513 9.9
      vertex 162.048 122.387 9.9
    endloop
  endfacet
  facet normal 0.320807 0.947145 0
    outer loop
      vertex 161.676 122.513 9.9
      vertex 162.048 122.387 8.4
      vertex 161.676 122.513 8.4
    endloop
  endfacet
  facet normal -0.751471 0.659766 0
    outer loop
      vertex 158.52 121.441 8.4
      vertex 158.779 121.736 9.9
      vertex 158.779 121.736 8.4
    endloop
  endfacet
  facet normal -0.751471 0.659766 0
    outer loop
      vertex 158.779 121.736 9.9
      vertex 158.52 121.441 8.4
      vertex 158.52 121.441 9.9
    endloop
  endfacet
  facet normal 0.751471 0.659766 0
    outer loop
      vertex 163.28 121.441 9.9
      vertex 163.021 121.736 8.4
      vertex 163.021 121.736 9.9
    endloop
  endfacet
  facet normal 0.751471 0.659766 0
    outer loop
      vertex 163.021 121.736 8.4
      vertex 163.28 121.441 9.9
      vertex 163.28 121.441 8.4
    endloop
  endfacet
  facet normal -0.896455 -0.443134 0
    outer loop
      vertex 158.302 118.115 8.4
      vertex 158.128 118.467 9.9
      vertex 158.128 118.467 8.4
    endloop
  endfacet
  facet normal -0.896455 -0.443134 0
    outer loop
      vertex 158.128 118.467 9.9
      vertex 158.302 118.115 8.4
      vertex 158.302 118.115 9.9
    endloop
  endfacet
  facet normal 0.0661811 -0.997808 0
    outer loop
      vertex 160.9 116.615 8.4
      vertex 161.292 116.641 9.9
      vertex 160.9 116.615 9.9
    endloop
  endfacet
  facet normal 0.0661811 -0.997808 0
    outer loop
      vertex 161.292 116.641 9.9
      vertex 160.9 116.615 8.4
      vertex 161.292 116.641 8.4
    endloop
  endfacet
  facet normal -0.980972 -0.194151 0
    outer loop
      vertex 158.002 118.839 8.4
      vertex 157.926 119.223 9.9
      vertex 157.926 119.223 8.4
    endloop
  endfacet
  facet normal -0.980972 -0.194151 0
    outer loop
      vertex 157.926 119.223 9.9
      vertex 158.002 118.839 8.4
      vertex 158.002 118.839 9.9
    endloop
  endfacet
  facet normal -0.831265 -0.555877 0
    outer loop
      vertex 158.52 117.789 8.4
      vertex 158.302 118.115 9.9
      vertex 158.302 118.115 8.4
    endloop
  endfacet
  facet normal -0.831265 -0.555877 0
    outer loop
      vertex 158.302 118.115 9.9
      vertex 158.52 117.789 8.4
      vertex 158.52 117.789 9.9
    endloop
  endfacet
  facet normal -0.320807 -0.947145 0
    outer loop
      vertex 159.752 116.843 8.4
      vertex 160.124 116.717 9.9
      vertex 159.752 116.843 9.9
    endloop
  endfacet
  facet normal -0.320807 -0.947145 -0
    outer loop
      vertex 160.124 116.717 9.9
      vertex 159.752 116.843 8.4
      vertex 160.124 116.717 8.4
    endloop
  endfacet
  facet normal 0.896455 -0.443134 0
    outer loop
      vertex 163.498 118.115 9.9
      vertex 163.672 118.467 8.4
      vertex 163.672 118.467 9.9
    endloop
  endfacet
  facet normal 0.896455 -0.443134 0
    outer loop
      vertex 163.672 118.467 8.4
      vertex 163.498 118.115 9.9
      vertex 163.498 118.115 8.4
    endloop
  endfacet
  facet normal -0.896455 0.443134 0
    outer loop
      vertex 158.128 120.763 8.4
      vertex 158.302 121.115 9.9
      vertex 158.302 121.115 8.4
    endloop
  endfacet
  facet normal -0.896455 0.443134 0
    outer loop
      vertex 158.302 121.115 9.9
      vertex 158.128 120.763 8.4
      vertex 158.128 120.763 9.9
    endloop
  endfacet
  facet normal -1 0 0
    outer loop
      vertex 165.2 116.5 2
      vertex 165.2 16.1 2
      vertex 165.2 116.5 8.4
    endloop
  endfacet
  facet normal -1 0 0
    outer loop
      vertex 165.2 116.5 8.4
      vertex 165.2 124.57 9.9
      vertex 165.2 124.57 8.4
    endloop
  endfacet
  facet normal -1 0 0
    outer loop
      vertex 165.2 16.1 8.4
      vertex 165.2 116.5 8.4
      vertex 165.2 16.1 2
    endloop
  endfacet
  facet normal -1 0 0
    outer loop
      vertex 165.2 116.5 8.4
      vertex 165.2 16.1 8.4
      vertex 165.2 124.57 9.9
    endloop
  endfacet
  facet normal -1 0 0
    outer loop
      vertex 165.2 -0.299999 9.9
      vertex 165.2 16.1 8.4
      vertex 165.2 -0.299999 8.4
    endloop
  endfacet
  facet normal -1 0 0
    outer loop
      vertex 165.2 16.1 8.4
      vertex 165.2 -0.299999 9.9
      vertex 165.2 124.57 9.9
    endloop
  endfacet
  facet normal -0 0 1
    outer loop
      vertex 163.874 120.007 8.4
      vertex 165.2 116.5 8.4
      vertex 165.2 124.57 8.4
    endloop
  endfacet
  facet normal 0 0 1
    outer loop
      vertex 165.2 116.5 8.4
      vertex 163.874 120.007 8.4
      vertex 163.9 119.615 8.4
    endloop
  endfacet
  facet normal 0 0 1
    outer loop
      vertex 165.2 124.57 8.4
      vertex 163.798 120.391 8.4
      vertex 163.874 120.007 8.4
    endloop
  endfacet
  facet normal 0 0 1
    outer loop
      vertex 165.2 124.57 8.4
      vertex 163.672 120.763 8.4
      vertex 163.798 120.391 8.4
    endloop
  endfacet
  facet normal 0 0 1
    outer loop
      vertex 165.2 124.57 8.4
      vertex 163.498 121.115 8.4
      vertex 163.672 120.763 8.4
    endloop
  endfacet
  facet normal 0 0 1
    outer loop
      vertex 165.2 124.57 8.4
      vertex 163.28 121.441 8.4
      vertex 163.498 121.115 8.4
    endloop
  endfacet
  facet normal 0 0 1
    outer loop
      vertex 165.2 124.57 8.4
      vertex 163.021 121.736 8.4
      vertex 163.28 121.441 8.4
    endloop
  endfacet
  facet normal 0 0 1
    outer loop
      vertex 165.2 124.57 8.4
      vertex 162.726 121.995 8.4
      vertex 163.021 121.736 8.4
    endloop
  endfacet
  facet normal 0 0 1
    outer loop
      vertex 165.2 124.57 8.4
      vertex 162.4 122.213 8.4
      vertex 162.726 121.995 8.4
    endloop
  endfacet
  facet normal 0 0 1
    outer loop
      vertex 165.2 124.57 8.4
      vertex 162.048 122.387 8.4
      vertex 162.4 122.213 8.4
    endloop
  endfacet
  facet normal 0 0 1
    outer loop
      vertex 165.2 124.57 8.4
      vertex 161.676 122.513 8.4
      vertex 162.048 122.387 8.4
    endloop
  endfacet
  facet normal 0 0 1
    outer loop
      vertex 165.2 124.57 8.4
      vertex 161.292 122.589 8.4
      vertex 161.676 122.513 8.4
    endloop
  endfacet
  facet normal 0 0 1
    outer loop
      vertex 165.2 124.57 8.4
      vertex 160.9 122.615 8.4
      vertex 161.292 122.589 8.4
    endloop
  endfacet
  facet normal 0 0 1
    outer loop
      vertex 165.2 124.57 8.4
      vertex 160.508 122.589 8.4
      vertex 160.9 122.615 8.4
    endloop
  endfacet
  facet normal 0 0 1
    outer loop
      vertex 165.2 124.57 8.4
      vertex 160.124 122.513 8.4
      vertex 160.508 122.589 8.4
    endloop
  endfacet
  facet normal 0 0 1
    outer loop
      vertex 165.2 124.57 8.4
      vertex 159.752 122.387 8.4
      vertex 160.124 122.513 8.4
    endloop
  endfacet
  facet normal 0 0 1
    outer loop
      vertex 157.926 120.007 8.4
      vertex 7 119.615 8.4
      vertex 157.9 119.615 8.4
    endloop
  endfacet
  facet normal 0 0 1
    outer loop
      vertex 6.97433 120.007 8.4
      vertex 157.926 120.007 8.4
      vertex 158.002 120.391 8.4
    endloop
  endfacet
  facet normal 0 0 1
    outer loop
      vertex 6.89778 120.391 8.4
      vertex 158.002 120.391 8.4
      vertex 158.128 120.763 8.4
    endloop
  endfacet
  facet normal 0 0 1
    outer loop
      vertex 6.77164 120.763 8.4
      vertex 158.128 120.763 8.4
      vertex 158.302 121.115 8.4
    endloop
  endfacet
  facet normal 0 0 1
    outer loop
      vertex 6.59808 121.115 8.4
      vertex 158.302 121.115 8.4
      vertex 158.52 121.441 8.4
    endloop
  endfacet
  facet normal 0 0 1
    outer loop
      vertex 6.38006 121.441 8.4
      vertex 158.52 121.441 8.4
      vertex 158.779 121.736 8.4
    endloop
  endfacet
  facet normal 0 0 1
    outer loop
      vertex 6.12132 121.736 8.4
      vertex 158.779 121.736 8.4
      vertex 159.074 121.995 8.4
    endloop
  endfacet
  facet normal 0 0 1
    outer loop
      vertex 5.82628 121.995 8.4
      vertex 159.074 121.995 8.4
      vertex 159.4 122.213 8.4
    endloop
  endfacet
  facet normal 0 0 1
    outer loop
      vertex 5.5 122.213 8.4
      vertex 159.4 122.213 8.4
      vertex 159.752 122.387 8.4
    endloop
  endfacet
  facet normal 0 0 1
    outer loop
      vertex 5.14805 122.387 8.4
      vertex 159.752 122.387 8.4
      vertex 165.2 124.57 8.4
    endloop
  endfacet
  facet normal 0 0 1
    outer loop
      vertex 157.926 120.007 8.4
      vertex 6.97433 120.007 8.4
      vertex 7 119.615 8.4
    endloop
  endfacet
  facet normal 0 0 1
    outer loop
      vertex 158.002 120.391 8.4
      vertex 6.89778 120.391 8.4
      vertex 6.97433 120.007 8.4
    endloop
  endfacet
  facet normal 0 0 1
    outer loop
      vertex 158.128 120.763 8.4
      vertex 6.77164 120.763 8.4
      vertex 6.89778 120.391 8.4
    endloop
  endfacet
  facet normal 0 0 1
    outer loop
      vertex 158.302 121.115 8.4
      vertex 6.59808 121.115 8.4
      vertex 6.77164 120.763 8.4
    endloop
  endfacet
  facet normal 0 0 1
    outer loop
      vertex 158.52 121.441 8.4
      vertex 6.38006 121.441 8.4
      vertex 6.59808 121.115 8.4
    endloop
  endfacet
  facet normal 0 0 1
    outer loop
      vertex 158.779 121.736 8.4
      vertex 6.12132 121.736 8.4
      vertex 6.38006 121.441 8.4
    endloop
  endfacet
  facet normal 0 0 1
    outer loop
      vertex 159.074 121.995 8.4
      vertex 5.82628 121.995 8.4
      vertex 6.12132 121.736 8.4
    endloop
  endfacet
  facet normal 0 0 1
    outer loop
      vertex 159.4 122.213 8.4
      vertex 5.5 122.213 8.4
      vertex 5.82628 121.995 8.4
    endloop
  endfacet
  facet normal 0 0 1
    outer loop
      vertex 159.752 122.387 8.4
      vertex 5.14805 122.387 8.4
      vertex 5.5 122.213 8.4
    endloop
  endfacet
  facet normal -0 0 1
    outer loop
      vertex -0.299999 124.57 8.4
      vertex 5.14805 122.387 8.4
      vertex 165.2 124.57 8.4
    endloop
  endfacet
  facet normal 0 0 1
    outer loop
      vertex 5.14805 122.387 8.4
      vertex -0.299999 124.57 8.4
      vertex 4.77646 122.513 8.4
    endloop
  endfacet
  facet normal 0 0 1
    outer loop
      vertex 4.77646 122.513 8.4
      vertex -0.299999 124.57 8.4
      vertex 4.39158 122.589 8.4
    endloop
  endfacet
  facet normal 0 0 1
    outer loop
      vertex -0.299999 116.5 8.4
      vertex 1.02567 120.007 8.4
      vertex -0.299999 124.57 8.4
    endloop
  endfacet
  facet normal 0 0 1
    outer loop
      vertex 1.10222 120.391 8.4
      vertex -0.299999 124.57 8.4
      vertex 1.02567 120.007 8.4
    endloop
  endfacet
  facet normal 0 0 1
    outer loop
      vertex 1.22836 120.763 8.4
      vertex -0.299999 124.57 8.4
      vertex 1.10222 120.391 8.4
    endloop
  endfacet
  facet normal 0 0 1
    outer loop
      vertex 1.40192 121.115 8.4
      vertex -0.299999 124.57 8.4
      vertex 1.22836 120.763 8.4
    endloop
  endfacet
  facet normal 0 0 1
    outer loop
      vertex 1.61994 121.441 8.4
      vertex -0.299999 124.57 8.4
      vertex 1.40192 121.115 8.4
    endloop
  endfacet
  facet normal 0 0 1
    outer loop
      vertex 1.87868 121.736 8.4
      vertex -0.299999 124.57 8.4
      vertex 1.61994 121.441 8.4
    endloop
  endfacet
  facet normal 0 0 1
    outer loop
      vertex 2.17372 121.995 8.4
      vertex -0.299999 124.57 8.4
      vertex 1.87868 121.736 8.4
    endloop
  endfacet
  facet normal 0 0 1
    outer loop
      vertex 2.5 122.213 8.4
      vertex -0.299999 124.57 8.4
      vertex 2.17372 121.995 8.4
    endloop
  endfacet
  facet normal 0 0 1
    outer loop
      vertex 2.85195 122.387 8.4
      vertex -0.299999 124.57 8.4
      vertex 2.5 122.213 8.4
    endloop
  endfacet
  facet normal 0 0 1
    outer loop
      vertex 3.22354 122.513 8.4
      vertex -0.299999 124.57 8.4
      vertex 2.85195 122.387 8.4
    endloop
  endfacet
  facet normal 0 0 1
    outer loop
      vertex 3.60842 122.589 8.4
      vertex -0.299999 124.57 8.4
      vertex 3.22354 122.513 8.4
    endloop
  endfacet
  facet normal 0 0 1
    outer loop
      vertex 4 122.615 8.4
      vertex -0.299999 124.57 8.4
      vertex 3.60842 122.589 8.4
    endloop
  endfacet
  facet normal 0 0 1
    outer loop
      vertex 4.39158 122.589 8.4
      vertex -0.299999 124.57 8.4
      vertex 4 122.615 8.4
    endloop
  endfacet
  facet normal -0 0 1
    outer loop
      vertex 163.874 119.223 8.4
      vertex 165.2 116.5 8.4
      vertex 163.9 119.615 8.4
    endloop
  endfacet
  facet normal -0 0 1
    outer loop
      vertex 163.798 118.839 8.4
      vertex 165.2 116.5 8.4
      vertex 163.874 119.223 8.4
    endloop
  endfacet
  facet normal -0 0 1
    outer loop
      vertex 163.672 118.467 8.4
      vertex 165.2 116.5 8.4
      vertex 163.798 118.839 8.4
    endloop
  endfacet
  facet normal -0 0 1
    outer loop
      vertex 163.498 118.115 8.4
      vertex 165.2 116.5 8.4
      vertex 163.672 118.467 8.4
    endloop
  endfacet
  facet normal -0 0 1
    outer loop
      vertex 163.28 117.789 8.4
      vertex 165.2 116.5 8.4
      vertex 163.498 118.115 8.4
    endloop
  endfacet
  facet normal -0 0 1
    outer loop
      vertex 163.021 117.494 8.4
      vertex 165.2 116.5 8.4
      vertex 163.28 117.789 8.4
    endloop
  endfacet
  facet normal -0 0 1
    outer loop
      vertex 162.726 117.235 8.4
      vertex 165.2 116.5 8.4
      vertex 163.021 117.494 8.4
    endloop
  endfacet
  facet normal -0 0 1
    outer loop
      vertex 162.4 117.017 8.4
      vertex 165.2 116.5 8.4
      vertex 162.726 117.235 8.4
    endloop
  endfacet
  facet normal -0 0 1
    outer loop
      vertex 162.048 116.843 8.4
      vertex 165.2 116.5 8.4
      vertex 162.4 117.017 8.4
    endloop
  endfacet
  facet normal -0 0 1
    outer loop
      vertex 161.676 116.717 8.4
      vertex 165.2 116.5 8.4
      vertex 162.048 116.843 8.4
    endloop
  endfacet
  facet normal -0 0 1
    outer loop
      vertex 161.292 116.641 8.4
      vertex 165.2 116.5 8.4
      vertex 161.676 116.717 8.4
    endloop
  endfacet
  facet normal -0 0 1
    outer loop
      vertex 160.9 116.615 8.4
      vertex 165.2 116.5 8.4
      vertex 161.292 116.641 8.4
    endloop
  endfacet
  facet normal -0 0 1
    outer loop
      vertex 7 119.615 8.4
      vertex 157.926 119.223 8.4
      vertex 157.9 119.615 8.4
    endloop
  endfacet
  facet normal 0 0 1
    outer loop
      vertex 6.97433 119.223 8.4
      vertex 157.926 119.223 8.4
      vertex 7 119.615 8.4
    endloop
  endfacet
  facet normal 0 0 1
    outer loop
      vertex 157.926 119.223 8.4
      vertex 6.97433 119.223 8.4
      vertex 158.002 118.839 8.4
    endloop
  endfacet
  facet normal 0 0 1
    outer loop
      vertex 6.89778 118.839 8.4
      vertex 158.002 118.839 8.4
      vertex 6.97433 119.223 8.4
    endloop
  endfacet
  facet normal 0 0 1
    outer loop
      vertex 158.002 118.839 8.4
      vertex 6.89778 118.839 8.4
      vertex 158.128 118.467 8.4
    endloop
  endfacet
  facet normal 0 0 1
    outer loop
      vertex 6.77164 118.467 8.4
      vertex 158.128 118.467 8.4
      vertex 6.89778 118.839 8.4
    endloop
  endfacet
  facet normal 0 0 1
    outer loop
      vertex 158.128 118.467 8.4
      vertex 6.77164 118.467 8.4
      vertex 158.302 118.115 8.4
    endloop
  endfacet
  facet normal 0 0 1
    outer loop
      vertex 6.59808 118.115 8.4
      vertex 158.302 118.115 8.4
      vertex 6.77164 118.467 8.4
    endloop
  endfacet
  facet normal 0 0 1
    outer loop
      vertex 158.302 118.115 8.4
      vertex 6.59808 118.115 8.4
      vertex 158.52 117.789 8.4
    endloop
  endfacet
  facet normal 0 0 1
    outer loop
      vertex 6.38006 117.789 8.4
      vertex 158.52 117.789 8.4
      vertex 6.59808 118.115 8.4
    endloop
  endfacet
  facet normal 0 0 1
    outer loop
      vertex 158.52 117.789 8.4
      vertex 6.38006 117.789 8.4
      vertex 158.779 117.494 8.4
    endloop
  endfacet
  facet normal 0 0 1
    outer loop
      vertex 6.12132 117.494 8.4
      vertex 158.779 117.494 8.4
      vertex 6.38006 117.789 8.4
    endloop
  endfacet
  facet normal 0 0 1
    outer loop
      vertex 158.779 117.494 8.4
      vertex 6.12132 117.494 8.4
      vertex 159.074 117.235 8.4
    endloop
  endfacet
  facet normal 0 0 1
    outer loop
      vertex 5.82628 117.235 8.4
      vertex 159.074 117.235 8.4
      vertex 6.12132 117.494 8.4
    endloop
  endfacet
  facet normal 0 0 1
    outer loop
      vertex 159.074 117.235 8.4
      vertex 5.82628 117.235 8.4
      vertex 159.4 117.017 8.4
    endloop
  endfacet
  facet normal 0 0 1
    outer loop
      vertex 5.5 117.017 8.4
      vertex 159.4 117.017 8.4
      vertex 5.82628 117.235 8.4
    endloop
  endfacet
  facet normal 0 0 1
    outer loop
      vertex 159.4 117.017 8.4
      vertex 5.5 117.017 8.4
      vertex 159.752 116.843 8.4
    endloop
  endfacet
  facet normal 0 0 1
    outer loop
      vertex 5.14805 116.843 8.4
      vertex 159.752 116.843 8.4
      vertex 5.5 117.017 8.4
    endloop
  endfacet
  facet normal 0 0 1
    outer loop
      vertex 159.752 116.843 8.4
      vertex 5.14805 116.843 8.4
      vertex 160.124 116.717 8.4
    endloop
  endfacet
  facet normal 0 0 1
    outer loop
      vertex 4.77646 116.717 8.4
      vertex 160.124 116.717 8.4
      vertex 5.14805 116.843 8.4
    endloop
  endfacet
  facet normal 0 0 1
    outer loop
      vertex 160.124 116.717 8.4
      vertex 4.77646 116.717 8.4
      vertex 160.508 116.641 8.4
    endloop
  endfacet
  facet normal 0 0 1
    outer loop
      vertex 4.39158 116.641 8.4
      vertex 160.508 116.641 8.4
      vertex 4.77646 116.717 8.4
    endloop
  endfacet
  facet normal 0 0 1
    outer loop
      vertex 160.508 116.641 8.4
      vertex 4.39158 116.641 8.4
      vertex 160.9 116.615 8.4
    endloop
  endfacet
  facet normal 0 0 1
    outer loop
      vertex 4 116.615 8.4
      vertex 160.9 116.615 8.4
      vertex 4.39158 116.641 8.4
    endloop
  endfacet
  facet normal 0 0 1
    outer loop
      vertex 160.9 116.615 8.4
      vertex 4 116.615 8.4
      vertex 165.2 116.5 8.4
    endloop
  endfacet
  facet normal 0 0 1
    outer loop
      vertex 1.02567 120.007 8.4
      vertex -0.299999 116.5 8.4
      vertex 1 119.615 8.4
    endloop
  endfacet
  facet normal 0 0 1
    outer loop
      vertex 1 119.615 8.4
      vertex -0.299999 116.5 8.4
      vertex 1.02567 119.223 8.4
    endloop
  endfacet
  facet normal 0 0 1
    outer loop
      vertex 4 116.615 8.4
      vertex -0.299999 116.5 8.4
      vertex 165.2 116.5 8.4
    endloop
  endfacet
  facet normal 0 0 1
    outer loop
      vertex 3.60842 116.641 8.4
      vertex -0.299999 116.5 8.4
      vertex 4 116.615 8.4
    endloop
  endfacet
  facet normal 0 0 1
    outer loop
      vertex 3.22354 116.717 8.4
      vertex -0.299999 116.5 8.4
      vertex 3.60842 116.641 8.4
    endloop
  endfacet
  facet normal 0 0 1
    outer loop
      vertex 2.85195 116.843 8.4
      vertex -0.299999 116.5 8.4
      vertex 3.22354 116.717 8.4
    endloop
  endfacet
  facet normal 0 0 1
    outer loop
      vertex 2.5 117.017 8.4
      vertex -0.299999 116.5 8.4
      vertex 2.85195 116.843 8.4
    endloop
  endfacet
  facet normal 0 0 1
    outer loop
      vertex 2.17372 117.235 8.4
      vertex -0.299999 116.5 8.4
      vertex 2.5 117.017 8.4
    endloop
  endfacet
  facet normal 0 0 1
    outer loop
      vertex 1.87868 117.494 8.4
      vertex -0.299999 116.5 8.4
      vertex 2.17372 117.235 8.4
    endloop
  endfacet
  facet normal 0 0 1
    outer loop
      vertex 1.61994 117.789 8.4
      vertex -0.299999 116.5 8.4
      vertex 1.87868 117.494 8.4
    endloop
  endfacet
  facet normal 0 0 1
    outer loop
      vertex 1.40192 118.115 8.4
      vertex -0.299999 116.5 8.4
      vertex 1.61994 117.789 8.4
    endloop
  endfacet
  facet normal 0 0 1
    outer loop
      vertex 1.22836 118.467 8.4
      vertex -0.299999 116.5 8.4
      vertex 1.40192 118.115 8.4
    endloop
  endfacet
  facet normal 0 0 1
    outer loop
      vertex 1.10222 118.839 8.4
      vertex -0.299999 116.5 8.4
      vertex 1.22836 118.467 8.4
    endloop
  endfacet
  facet normal 0 0 1
    outer loop
      vertex 1.02567 119.223 8.4
      vertex -0.299999 116.5 8.4
      vertex 1.10222 118.839 8.4
    endloop
  endfacet
  facet normal 0 0 1
    outer loop
      vertex 6.77164 5.80305 8.4
      vertex 50 10.1 8.4
      vertex 50 16.1 8.4
    endloop
  endfacet
  facet normal 0 0 1
    outer loop
      vertex 50 10.1 8.4
      vertex 6.97433 5.04658 8.4
      vertex 7 4.655 8.4
    endloop
  endfacet
  facet normal 0 0 1
    outer loop
      vertex 50 10.1 8.4
      vertex 6.89778 5.43146 8.4
      vertex 6.97433 5.04658 8.4
    endloop
  endfacet
  facet normal 0 0 1
    outer loop
      vertex 50 10.1 8.4
      vertex 6.77164 5.80305 8.4
      vertex 6.89778 5.43146 8.4
    endloop
  endfacet
  facet normal 0 0 1
    outer loop
      vertex 50 16.1 8.4
      vertex 6.59808 6.155 8.4
      vertex 6.77164 5.80305 8.4
    endloop
  endfacet
  facet normal 0 0 1
    outer loop
      vertex 50 16.1 8.4
      vertex 6.38006 6.48128 8.4
      vertex 6.59808 6.155 8.4
    endloop
  endfacet
  facet normal 0 0 1
    outer loop
      vertex 50 16.1 8.4
      vertex 6.12132 6.77632 8.4
      vertex 6.38006 6.48128 8.4
    endloop
  endfacet
  facet normal -0 0 1
    outer loop
      vertex -0.299999 16.1 8.4
      vertex 6.12132 6.77632 8.4
      vertex 50 16.1 8.4
    endloop
  endfacet
  facet normal 0 0 1
    outer loop
      vertex 6.12132 6.77632 8.4
      vertex -0.299999 16.1 8.4
      vertex 5.82628 7.03506 8.4
    endloop
  endfacet
  facet normal 0 0 1
    outer loop
      vertex 5.82628 7.03506 8.4
      vertex -0.299999 16.1 8.4
      vertex 5.5 7.25308 8.4
    endloop
  endfacet
  facet normal 0 0 1
    outer loop
      vertex 5.5 7.25308 8.4
      vertex -0.299999 16.1 8.4
      vertex 5.14805 7.42664 8.4
    endloop
  endfacet
  facet normal 0 0 1
    outer loop
      vertex 5.14805 7.42664 8.4
      vertex -0.299999 16.1 8.4
      vertex 4.77646 7.55278 8.4
    endloop
  endfacet
  facet normal 0 0 1
    outer loop
      vertex 4.77646 7.55278 8.4
      vertex -0.299999 16.1 8.4
      vertex 4.39158 7.62933 8.4
    endloop
  endfacet
  facet normal 0 0 1
    outer loop
      vertex 4.39158 7.62933 8.4
      vertex -0.299999 16.1 8.4
      vertex 4 7.655 8.4
    endloop
  endfacet
  facet normal 0 0 1
    outer loop
      vertex -0.299999 -0.299999 8.4
      vertex 1.02567 5.04658 8.4
      vertex -0.299999 16.1 8.4
    endloop
  endfacet
  facet normal 0 0 1
    outer loop
      vertex 1.10222 5.43146 8.4
      vertex -0.299999 16.1 8.4
      vertex 1.02567 5.04658 8.4
    endloop
  endfacet
  facet normal 0 0 1
    outer loop
      vertex 1.22836 5.80305 8.4
      vertex -0.299999 16.1 8.4
      vertex 1.10222 5.43146 8.4
    endloop
  endfacet
  facet normal 0 0 1
    outer loop
      vertex 1.40192 6.155 8.4
      vertex -0.299999 16.1 8.4
      vertex 1.22836 5.80305 8.4
    endloop
  endfacet
  facet normal 0 0 1
    outer loop
      vertex 1.61994 6.48128 8.4
      vertex -0.299999 16.1 8.4
      vertex 1.40192 6.155 8.4
    endloop
  endfacet
  facet normal 0 0 1
    outer loop
      vertex 1.87868 6.77632 8.4
      vertex -0.299999 16.1 8.4
      vertex 1.61994 6.48128 8.4
    endloop
  endfacet
  facet normal 0 0 1
    outer loop
      vertex 2.17372 7.03506 8.4
      vertex -0.299999 16.1 8.4
      vertex 1.87868 6.77632 8.4
    endloop
  endfacet
  facet normal 0 0 1
    outer loop
      vertex 2.5 7.25308 8.4
      vertex -0.299999 16.1 8.4
      vertex 2.17372 7.03506 8.4
    endloop
  endfacet
  facet normal 0 0 1
    outer loop
      vertex 2.85195 7.42664 8.4
      vertex -0.299999 16.1 8.4
      vertex 2.5 7.25308 8.4
    endloop
  endfacet
  facet normal 0 0 1
    outer loop
      vertex 3.22354 7.55278 8.4
      vertex -0.299999 16.1 8.4
      vertex 2.85195 7.42664 8.4
    endloop
  endfacet
  facet normal 0 0 1
    outer loop
      vertex 3.60842 7.62933 8.4
      vertex -0.299999 16.1 8.4
      vertex 3.22354 7.55278 8.4
    endloop
  endfacet
  facet normal 0 0 1
    outer loop
      vertex 4 7.655 8.4
      vertex -0.299999 16.1 8.4
      vertex 3.60842 7.62933 8.4
    endloop
  endfacet
  facet normal -0 0 1
    outer loop
      vertex 163.874 5.04658 8.4
      vertex 165.2 -0.299999 8.4
      vertex 165.2 16.1 8.4
    endloop
  endfacet
  facet normal 0 0 1
    outer loop
      vertex 165.2 -0.299999 8.4
      vertex 163.874 5.04658 8.4
      vertex 163.9 4.655 8.4
    endloop
  endfacet
  facet normal 0 0 1
    outer loop
      vertex 165.2 16.1 8.4
      vertex 163.798 5.43146 8.4
      vertex 163.874 5.04658 8.4
    endloop
  endfacet
  facet normal 0 0 1
    outer loop
      vertex 165.2 16.1 8.4
      vertex 163.672 5.80305 8.4
      vertex 163.798 5.43146 8.4
    endloop
  endfacet
  facet normal 0 0 1
    outer loop
      vertex 165.2 16.1 8.4
      vertex 163.498 6.155 8.4
      vertex 163.672 5.80305 8.4
    endloop
  endfacet
  facet normal 0 0 1
    outer loop
      vertex 165.2 16.1 8.4
      vertex 163.28 6.48128 8.4
      vertex 163.498 6.155 8.4
    endloop
  endfacet
  facet normal 0 0 1
    outer loop
      vertex 165.2 16.1 8.4
      vertex 163.021 6.77632 8.4
      vertex 163.28 6.48128 8.4
    endloop
  endfacet
  facet normal 0 0 1
    outer loop
      vertex 165.2 16.1 8.4
      vertex 162.726 7.03506 8.4
      vertex 163.021 6.77632 8.4
    endloop
  endfacet
  facet normal 0 0 1
    outer loop
      vertex 165.2 16.1 8.4
      vertex 162.4 7.25308 8.4
      vertex 162.726 7.03506 8.4
    endloop
  endfacet
  facet normal 0 0 1
    outer loop
      vertex 165.2 16.1 8.4
      vertex 162.048 7.42664 8.4
      vertex 162.4 7.25308 8.4
    endloop
  endfacet
  facet normal 0 0 1
    outer loop
      vertex 165.2 16.1 8.4
      vertex 161.676 7.55278 8.4
      vertex 162.048 7.42664 8.4
    endloop
  endfacet
  facet normal 0 0 1
    outer loop
      vertex 165.2 16.1 8.4
      vertex 161.292 7.62933 8.4
      vertex 161.676 7.55278 8.4
    endloop
  endfacet
  facet normal 0 0 1
    outer loop
      vertex 165.2 16.1 8.4
      vertex 160.9 7.655 8.4
      vertex 161.292 7.62933 8.4
    endloop
  endfacet
  facet normal 0 0 1
    outer loop
      vertex 165.2 16.1 8.4
      vertex 160.508 7.62933 8.4
      vertex 160.9 7.655 8.4
    endloop
  endfacet
  facet normal 0 0 1
    outer loop
      vertex 165.2 16.1 8.4
      vertex 160.124 7.55278 8.4
      vertex 160.508 7.62933 8.4
    endloop
  endfacet
  facet normal 0 0 1
    outer loop
      vertex 165.2 16.1 8.4
      vertex 159.752 7.42664 8.4
      vertex 160.124 7.55278 8.4
    endloop
  endfacet
  facet normal 0 0 1
    outer loop
      vertex 165.2 16.1 8.4
      vertex 159.4 7.25308 8.4
      vertex 159.752 7.42664 8.4
    endloop
  endfacet
  facet normal 0 0 1
    outer loop
      vertex 165.2 16.1 8.4
      vertex 159.074 7.03506 8.4
      vertex 159.4 7.25308 8.4
    endloop
  endfacet
  facet normal 0 0 1
    outer loop
      vertex 165.2 16.1 8.4
      vertex 158.779 6.77632 8.4
      vertex 159.074 7.03506 8.4
    endloop
  endfacet
  facet normal -0 0 1
    outer loop
      vertex 106 16.1 8.4
      vertex 158.779 6.77632 8.4
      vertex 165.2 16.1 8.4
    endloop
  endfacet
  facet normal 0 0 1
    outer loop
      vertex 158.002 5.43146 8.4
      vertex 106 10.1 8.4
      vertex 157.926 5.04658 8.4
    endloop
  endfacet
  facet normal -0 0 1
    outer loop
      vertex 106 10.1 8.4
      vertex 158.002 5.43146 8.4
      vertex 106 16.1 8.4
    endloop
  endfacet
  facet normal 0 0 1
    outer loop
      vertex 158.128 5.80305 8.4
      vertex 106 16.1 8.4
      vertex 158.002 5.43146 8.4
    endloop
  endfacet
  facet normal 0 0 1
    outer loop
      vertex 158.302 6.155 8.4
      vertex 106 16.1 8.4
      vertex 158.128 5.80305 8.4
    endloop
  endfacet
  facet normal 0 0 1
    outer loop
      vertex 158.52 6.48128 8.4
      vertex 106 16.1 8.4
      vertex 158.302 6.155 8.4
    endloop
  endfacet
  facet normal 0 0 1
    outer loop
      vertex 158.779 6.77632 8.4
      vertex 106 16.1 8.4
      vertex 158.52 6.48128 8.4
    endloop
  endfacet
  facet normal -0 0 1
    outer loop
      vertex 163.874 4.26342 8.4
      vertex 165.2 -0.299999 8.4
      vertex 163.9 4.655 8.4
    endloop
  endfacet
  facet normal -0 0 1
    outer loop
      vertex 163.798 3.87854 8.4
      vertex 165.2 -0.299999 8.4
      vertex 163.874 4.26342 8.4
    endloop
  endfacet
  facet normal -0 0 1
    outer loop
      vertex 163.672 3.50695 8.4
      vertex 165.2 -0.299999 8.4
      vertex 163.798 3.87854 8.4
    endloop
  endfacet
  facet normal -0 0 1
    outer loop
      vertex 163.498 3.155 8.4
      vertex 165.2 -0.299999 8.4
      vertex 163.672 3.50695 8.4
    endloop
  endfacet
  facet normal -0 0 1
    outer loop
      vertex 163.28 2.82872 8.4
      vertex 165.2 -0.299999 8.4
      vertex 163.498 3.155 8.4
    endloop
  endfacet
  facet normal -0 0 1
    outer loop
      vertex 163.021 2.53368 8.4
      vertex 165.2 -0.299999 8.4
      vertex 163.28 2.82872 8.4
    endloop
  endfacet
  facet normal -0 0 1
    outer loop
      vertex 162.726 2.27494 8.4
      vertex 165.2 -0.299999 8.4
      vertex 163.021 2.53368 8.4
    endloop
  endfacet
  facet normal -0 0 1
    outer loop
      vertex 162.4 2.05692 8.4
      vertex 165.2 -0.299999 8.4
      vertex 162.726 2.27494 8.4
    endloop
  endfacet
  facet normal -0 0 1
    outer loop
      vertex 162.048 1.88336 8.4
      vertex 165.2 -0.299999 8.4
      vertex 162.4 2.05692 8.4
    endloop
  endfacet
  facet normal -0 0 1
    outer loop
      vertex 161.676 1.75722 8.4
      vertex 165.2 -0.299999 8.4
      vertex 162.048 1.88336 8.4
    endloop
  endfacet
  facet normal -0 0 1
    outer loop
      vertex 161.292 1.68067 8.4
      vertex 165.2 -0.299999 8.4
      vertex 161.676 1.75722 8.4
    endloop
  endfacet
  facet normal -0 0 1
    outer loop
      vertex 160.9 1.655 8.4
      vertex 165.2 -0.299999 8.4
      vertex 161.292 1.68067 8.4
    endloop
  endfacet
  facet normal 0 0 1
    outer loop
      vertex 160.508 1.68067 8.4
      vertex 165.2 -0.299999 8.4
      vertex 160.9 1.655 8.4
    endloop
  endfacet
  facet normal 0 0 1
    outer loop
      vertex 160.124 1.75722 8.4
      vertex 165.2 -0.299999 8.4
      vertex 160.508 1.68067 8.4
    endloop
  endfacet
  facet normal 0 0 1
    outer loop
      vertex 159.752 1.88336 8.4
      vertex 165.2 -0.299999 8.4
      vertex 160.124 1.75722 8.4
    endloop
  endfacet
  facet normal 0 0 1
    outer loop
      vertex 157.926 5.04658 8.4
      vertex 106 10.1 8.4
      vertex 157.9 4.655 8.4
    endloop
  endfacet
  facet normal 0 0 1
    outer loop
      vertex 157.9 4.655 8.4
      vertex 106 10.1 8.4
      vertex 157.926 4.26342 8.4
    endloop
  endfacet
  facet normal 0 0 1
    outer loop
      vertex 157.926 4.26342 8.4
      vertex 106 10.1 8.4
      vertex 158.002 3.87854 8.4
    endloop
  endfacet
  facet normal 0 0 1
    outer loop
      vertex 158.002 3.87854 8.4
      vertex 106 10.1 8.4
      vertex 158.128 3.50695 8.4
    endloop
  endfacet
  facet normal 0 0 1
    outer loop
      vertex 158.128 3.50695 8.4
      vertex 106 10.1 8.4
      vertex 158.302 3.155 8.4
    endloop
  endfacet
  facet normal 0 0 1
    outer loop
      vertex 158.302 3.155 8.4
      vertex 106 10.1 8.4
      vertex 158.52 2.82872 8.4
    endloop
  endfacet
  facet normal 0 0 1
    outer loop
      vertex 158.52 2.82872 8.4
      vertex 106 10.1 8.4
      vertex 158.779 2.53368 8.4
    endloop
  endfacet
  facet normal 0 0 1
    outer loop
      vertex 158.779 2.53368 8.4
      vertex 106 10.1 8.4
      vertex 159.074 2.27494 8.4
    endloop
  endfacet
  facet normal 0 0 1
    outer loop
      vertex 159.074 2.27494 8.4
      vertex 106 10.1 8.4
      vertex 159.4 2.05692 8.4
    endloop
  endfacet
  facet normal 0 0 1
    outer loop
      vertex 159.4 2.05692 8.4
      vertex 106 10.1 8.4
      vertex 159.752 1.88336 8.4
    endloop
  endfacet
  facet normal 0 0 1
    outer loop
      vertex 159.752 1.88336 8.4
      vertex 106 10.1 8.4
      vertex 165.2 -0.299999 8.4
    endloop
  endfacet
  facet normal 0 0 1
    outer loop
      vertex -0.299999 -0.299999 8.4
      vertex 106 10.1 8.4
      vertex 50 10.1 8.4
    endloop
  endfacet
  facet normal 0 0 1
    outer loop
      vertex 6.97433 4.26342 8.4
      vertex 50 10.1 8.4
      vertex 7 4.655 8.4
    endloop
  endfacet
  facet normal 0 0 1
    outer loop
      vertex 6.89778 3.87854 8.4
      vertex 50 10.1 8.4
      vertex 6.97433 4.26342 8.4
    endloop
  endfacet
  facet normal 0 0 1
    outer loop
      vertex 6.77164 3.50695 8.4
      vertex 50 10.1 8.4
      vertex 6.89778 3.87854 8.4
    endloop
  endfacet
  facet normal 0 0 1
    outer loop
      vertex 6.59808 3.155 8.4
      vertex 50 10.1 8.4
      vertex 6.77164 3.50695 8.4
    endloop
  endfacet
  facet normal 0 0 1
    outer loop
      vertex 6.38006 2.82872 8.4
      vertex 50 10.1 8.4
      vertex 6.59808 3.155 8.4
    endloop
  endfacet
  facet normal 0 0 1
    outer loop
      vertex 6.12132 2.53368 8.4
      vertex 50 10.1 8.4
      vertex 6.38006 2.82872 8.4
    endloop
  endfacet
  facet normal 0 0 1
    outer loop
      vertex 5.82628 2.27494 8.4
      vertex 50 10.1 8.4
      vertex 6.12132 2.53368 8.4
    endloop
  endfacet
  facet normal 0 0 1
    outer loop
      vertex 5.5 2.05692 8.4
      vertex 50 10.1 8.4
      vertex 5.82628 2.27494 8.4
    endloop
  endfacet
  facet normal 0 0 1
    outer loop
      vertex 5.14805 1.88336 8.4
      vertex 50 10.1 8.4
      vertex 5.5 2.05692 8.4
    endloop
  endfacet
  facet normal 0 0 1
    outer loop
      vertex -0.299999 -0.299999 8.4
      vertex 50 10.1 8.4
      vertex 5.14805 1.88336 8.4
    endloop
  endfacet
  facet normal 0 0 1
    outer loop
      vertex -0.299999 -0.299999 8.4
      vertex 5.14805 1.88336 8.4
      vertex 4.77646 1.75722 8.4
    endloop
  endfacet
  facet normal 0 0 1
    outer loop
      vertex -0.299999 -0.299999 8.4
      vertex 4.77646 1.75722 8.4
      vertex 4.39158 1.68067 8.4
    endloop
  endfacet
  facet normal 0 0 1
    outer loop
      vertex -0.299999 -0.299999 8.4
      vertex 4.39158 1.68067 8.4
      vertex 4 1.655 8.4
    endloop
  endfacet
  facet normal 0 0 1
    outer loop
      vertex 1.02567 5.04658 8.4
      vertex -0.299999 -0.299999 8.4
      vertex 1 4.655 8.4
    endloop
  endfacet
  facet normal 0 0 1
    outer loop
      vertex 106 10.1 8.4
      vertex -0.299999 -0.299999 8.4
      vertex 165.2 -0.299999 8.4
    endloop
  endfacet
  facet normal 0 0 1
    outer loop
      vertex 3.60842 1.68067 8.4
      vertex -0.299999 -0.299999 8.4
      vertex 4 1.655 8.4
    endloop
  endfacet
  facet normal 0 0 1
    outer loop
      vertex 3.22354 1.75722 8.4
      vertex -0.299999 -0.299999 8.4
      vertex 3.60842 1.68067 8.4
    endloop
  endfacet
  facet normal 0 0 1
    outer loop
      vertex 2.85195 1.88336 8.4
      vertex -0.299999 -0.299999 8.4
      vertex 3.22354 1.75722 8.4
    endloop
  endfacet
  facet normal 0 0 1
    outer loop
      vertex 2.5 2.05692 8.4
      vertex -0.299999 -0.299999 8.4
      vertex 2.85195 1.88336 8.4
    endloop
  endfacet
  facet normal 0 0 1
    outer loop
      vertex 2.17372 2.27494 8.4
      vertex -0.299999 -0.299999 8.4
      vertex 2.5 2.05692 8.4
    endloop
  endfacet
  facet normal 0 0 1
    outer loop
      vertex 1.87868 2.53368 8.4
      vertex -0.299999 -0.299999 8.4
      vertex 2.17372 2.27494 8.4
    endloop
  endfacet
  facet normal 0 0 1
    outer loop
      vertex 1.61994 2.82872 8.4
      vertex -0.299999 -0.299999 8.4
      vertex 1.87868 2.53368 8.4
    endloop
  endfacet
  facet normal 0 0 1
    outer loop
      vertex 1.40192 3.155 8.4
      vertex -0.299999 -0.299999 8.4
      vertex 1.61994 2.82872 8.4
    endloop
  endfacet
  facet normal 0 0 1
    outer loop
      vertex 1.22836 3.50695 8.4
      vertex -0.299999 -0.299999 8.4
      vertex 1.40192 3.155 8.4
    endloop
  endfacet
  facet normal 0 0 1
    outer loop
      vertex 1.10222 3.87854 8.4
      vertex -0.299999 -0.299999 8.4
      vertex 1.22836 3.50695 8.4
    endloop
  endfacet
  facet normal 0 0 1
    outer loop
      vertex 1.02567 4.26342 8.4
      vertex -0.299999 -0.299999 8.4
      vertex 1.10222 3.87854 8.4
    endloop
  endfacet
  facet normal 0 0 1
    outer loop
      vertex 1 4.655 8.4
      vertex -0.299999 -0.299999 8.4
      vertex 1.02567 4.26342 8.4
    endloop
  endfacet
  facet normal 1 0 0
    outer loop
      vertex -0.299999 124.57 9.9
      vertex -0.299999 116.5 8.4
      vertex -0.299999 124.57 8.4
    endloop
  endfacet
  facet normal 1 0 0
    outer loop
      vertex -0.299999 116.5 8.4
      vertex -0.299999 16.1 8.4
      vertex -0.299999 116.5 2
    endloop
  endfacet
  facet normal 1 0 0
    outer loop
      vertex -0.299999 124.57 9.9
      vertex -0.299999 16.1 8.4
      vertex -0.299999 116.5 8.4
    endloop
  endfacet
  facet normal 1 -0 0
    outer loop
      vertex -0.299999 -0.299999 9.9
      vertex -0.299999 16.1 8.4
      vertex -0.299999 124.57 9.9
    endloop
  endfacet
  facet normal 1 0 0
    outer loop
      vertex -0.299999 16.1 8.4
      vertex -0.299999 -0.299999 9.9
      vertex -0.299999 -0.299999 8.4
    endloop
  endfacet
  facet normal 1 0 0
    outer loop
      vertex -0.299999 116.5 2
      vertex -0.299999 16.1 8.4
      vertex -0.299999 16.1 2
    endloop
  endfacet
  facet normal 0 -1 0
    outer loop
      vertex -0.299999 124.57 8.4
      vertex 165.2 124.57 9.9
      vertex -0.299999 124.57 9.9
    endloop
  endfacet
  facet normal 0 -1 -0
    outer loop
      vertex 165.2 124.57 9.9
      vertex -0.299999 124.57 8.4
      vertex 165.2 124.57 8.4
    endloop
  endfacet
  facet normal 0 1 -0
    outer loop
      vertex 165.2 -0.299999 8.4
      vertex -0.299999 -0.299999 9.9
      vertex 165.2 -0.299999 9.9
    endloop
  endfacet
  facet normal 0 1 0
    outer loop
      vertex -0.299999 -0.299999 9.9
      vertex 165.2 -0.299999 8.4
      vertex -0.299999 -0.299999 8.4
    endloop
  endfacet
  facet normal -0.0653981 0.997859 0
    outer loop
      vertex 4.14358 3.56441 3.9
      vertex 4 3.555 9.9
      vertex 4.14358 3.56441 9.9
    endloop
  endfacet
  facet normal -0.0653981 0.997859 0
    outer loop
      vertex 4 3.555 9.9
      vertex 4.14358 3.56441 3.9
      vertex 4 3.555 3.9
    endloop
  endfacet
  facet normal -0.980786 -0.195087 0
    outer loop
      vertex 5.09059 4.79858 3.9
      vertex 5.06252 4.9397 9.9
      vertex 5.06252 4.9397 3.9
    endloop
  endfacet
  facet normal -0.980786 -0.195087 0
    outer loop
      vertex 5.06252 4.9397 9.9
      vertex 5.09059 4.79858 3.9
      vertex 5.09059 4.79858 9.9
    endloop
  endfacet
  facet normal -0.997859 -0.0653981 0
    outer loop
      vertex 5.1 4.655 3.9
      vertex 5.09059 4.79858 9.9
      vertex 5.09059 4.79858 3.9
    endloop
  endfacet
  facet normal -0.997859 -0.0653981 0
    outer loop
      vertex 5.09059 4.79858 9.9
      vertex 5.1 4.655 3.9
      vertex 5.1 4.655 9.9
    endloop
  endfacet
  facet normal 0.659341 -0.751844 0
    outer loop
      vertex 3.22218 5.43282 3.9
      vertex 3.33036 5.52769 9.9
      vertex 3.22218 5.43282 9.9
    endloop
  endfacet
  facet normal 0.659341 -0.751844 0
    outer loop
      vertex 3.33036 5.52769 9.9
      vertex 3.22218 5.43282 3.9
      vertex 3.33036 5.52769 3.9
    endloop
  endfacet
  facet normal -0.659341 -0.751844 0
    outer loop
      vertex 4.66964 5.52769 3.9
      vertex 4.77782 5.43282 9.9
      vertex 4.66964 5.52769 9.9
    endloop
  endfacet
  facet normal -0.659341 -0.751844 -0
    outer loop
      vertex 4.77782 5.43282 9.9
      vertex 4.66964 5.52769 3.9
      vertex 4.77782 5.43282 3.9
    endloop
  endfacet
  facet normal 0.831472 -0.555566 0
    outer loop
      vertex 3.04737 5.205 9.9
      vertex 3.12731 5.32464 3.9
      vertex 3.12731 5.32464 9.9
    endloop
  endfacet
  facet normal 0.831472 -0.555566 0
    outer loop
      vertex 3.12731 5.32464 3.9
      vertex 3.04737 5.205 9.9
      vertex 3.04737 5.205 3.9
    endloop
  endfacet
  facet normal 0.442286 -0.896874 0
    outer loop
      vertex 3.45 5.60763 3.9
      vertex 3.57905 5.67127 9.9
      vertex 3.45 5.60763 9.9
    endloop
  endfacet
  facet normal 0.442286 -0.896874 0
    outer loop
      vertex 3.57905 5.67127 9.9
      vertex 3.45 5.60763 3.9
      vertex 3.57905 5.67127 3.9
    endloop
  endfacet
  facet normal 0.946931 0.321435 0
    outer loop
      vertex 2.98373 4.23405 9.9
      vertex 2.93748 4.3703 3.9
      vertex 2.93748 4.3703 9.9
    endloop
  endfacet
  facet normal 0.946931 0.321435 0
    outer loop
      vertex 2.93748 4.3703 3.9
      vertex 2.98373 4.23405 9.9
      vertex 2.98373 4.23405 3.9
    endloop
  endfacet
  facet normal 0.555566 -0.831472 0
    outer loop
      vertex 3.33036 5.52769 3.9
      vertex 3.45 5.60763 9.9
      vertex 3.33036 5.52769 9.9
    endloop
  endfacet
  facet normal 0.555566 -0.831472 0
    outer loop
      vertex 3.45 5.60763 9.9
      vertex 3.33036 5.52769 3.9
      vertex 3.45 5.60763 3.9
    endloop
  endfacet
  facet normal -0.997859 0.0653981 0
    outer loop
      vertex 5.09059 4.51142 3.9
      vertex 5.1 4.655 9.9
      vertex 5.1 4.655 3.9
    endloop
  endfacet
  facet normal -0.997859 0.0653981 0
    outer loop
      vertex 5.1 4.655 9.9
      vertex 5.09059 4.51142 3.9
      vertex 5.09059 4.51142 9.9
    endloop
  endfacet
  facet normal 0.659341 0.751844 -0
    outer loop
      vertex 3.33036 3.78231 3.9
      vertex 3.22218 3.87718 9.9
      vertex 3.33036 3.78231 9.9
    endloop
  endfacet
  facet normal 0.659341 0.751844 0
    outer loop
      vertex 3.22218 3.87718 9.9
      vertex 3.33036 3.78231 3.9
      vertex 3.22218 3.87718 3.9
    endloop
  endfacet
  facet normal -0.442286 -0.896874 0
    outer loop
      vertex 4.42095 5.67127 3.9
      vertex 4.55 5.60763 9.9
      vertex 4.42095 5.67127 9.9
    endloop
  endfacet
  facet normal -0.442286 -0.896874 -0
    outer loop
      vertex 4.55 5.60763 9.9
      vertex 4.42095 5.67127 3.9
      vertex 4.55 5.60763 3.9
    endloop
  endfacet
  facet normal -0.896874 -0.442286 0
    outer loop
      vertex 5.01627 5.07595 3.9
      vertex 4.95263 5.205 9.9
      vertex 4.95263 5.205 3.9
    endloop
  endfacet
  facet normal -0.896874 -0.442286 0
    outer loop
      vertex 4.95263 5.205 9.9
      vertex 5.01627 5.07595 3.9
      vertex 5.01627 5.07595 9.9
    endloop
  endfacet
  facet normal 0.195087 0.980786 -0
    outer loop
      vertex 3.85642 3.56441 3.9
      vertex 3.7153 3.59248 9.9
      vertex 3.85642 3.56441 9.9
    endloop
  endfacet
  facet normal 0.195087 0.980786 0
    outer loop
      vertex 3.7153 3.59248 9.9
      vertex 3.85642 3.56441 3.9
      vertex 3.7153 3.59248 3.9
    endloop
  endfacet
  facet normal 0.980786 -0.195087 0
    outer loop
      vertex 2.90941 4.79858 9.9
      vertex 2.93748 4.9397 3.9
      vertex 2.93748 4.9397 9.9
    endloop
  endfacet
  facet normal 0.980786 -0.195087 0
    outer loop
      vertex 2.93748 4.9397 3.9
      vertex 2.90941 4.79858 9.9
      vertex 2.90941 4.79858 3.9
    endloop
  endfacet
  facet normal -0.195087 0.980786 0
    outer loop
      vertex 4.2847 3.59248 3.9
      vertex 4.14358 3.56441 9.9
      vertex 4.2847 3.59248 9.9
    endloop
  endfacet
  facet normal -0.195087 0.980786 0
    outer loop
      vertex 4.14358 3.56441 9.9
      vertex 4.2847 3.59248 3.9
      vertex 4.14358 3.56441 3.9
    endloop
  endfacet
  facet normal -0.321435 0.946931 0
    outer loop
      vertex 4.42095 3.63873 3.9
      vertex 4.2847 3.59248 9.9
      vertex 4.42095 3.63873 9.9
    endloop
  endfacet
  facet normal -0.321435 0.946931 0
    outer loop
      vertex 4.2847 3.59248 9.9
      vertex 4.42095 3.63873 3.9
      vertex 4.2847 3.59248 3.9
    endloop
  endfacet
  facet normal 0.997859 -0.0653981 0
    outer loop
      vertex 2.9 4.655 9.9
      vertex 2.90941 4.79858 3.9
      vertex 2.90941 4.79858 9.9
    endloop
  endfacet
  facet normal 0.997859 -0.0653981 0
    outer loop
      vertex 2.90941 4.79858 3.9
      vertex 2.9 4.655 9.9
      vertex 2.9 4.655 3.9
    endloop
  endfacet
  facet normal -0.946931 0.321435 0
    outer loop
      vertex 5.01627 4.23405 3.9
      vertex 5.06252 4.3703 9.9
      vertex 5.06252 4.3703 3.9
    endloop
  endfacet
  facet normal -0.946931 0.321435 0
    outer loop
      vertex 5.06252 4.3703 9.9
      vertex 5.01627 4.23405 3.9
      vertex 5.01627 4.23405 9.9
    endloop
  endfacet
  facet normal -0.831472 -0.555566 0
    outer loop
      vertex 4.95263 5.205 3.9
      vertex 4.87269 5.32464 9.9
      vertex 4.87269 5.32464 3.9
    endloop
  endfacet
  facet normal -0.831472 -0.555566 0
    outer loop
      vertex 4.87269 5.32464 9.9
      vertex 4.95263 5.205 3.9
      vertex 4.95263 5.205 9.9
    endloop
  endfacet
  facet normal 0.751844 -0.659341 0
    outer loop
      vertex 3.12731 5.32464 9.9
      vertex 3.22218 5.43282 3.9
      vertex 3.22218 5.43282 9.9
    endloop
  endfacet
  facet normal 0.751844 -0.659341 0
    outer loop
      vertex 3.22218 5.43282 3.9
      vertex 3.12731 5.32464 9.9
      vertex 3.12731 5.32464 3.9
    endloop
  endfacet
  facet normal -0.751844 0.659341 0
    outer loop
      vertex 4.77782 3.87718 3.9
      vertex 4.87269 3.98536 9.9
      vertex 4.87269 3.98536 3.9
    endloop
  endfacet
  facet normal -0.751844 0.659341 0
    outer loop
      vertex 4.87269 3.98536 9.9
      vertex 4.77782 3.87718 3.9
      vertex 4.77782 3.87718 9.9
    endloop
  endfacet
  facet normal 0.997859 0.0653981 0
    outer loop
      vertex 2.90941 4.51142 9.9
      vertex 2.9 4.655 3.9
      vertex 2.9 4.655 9.9
    endloop
  endfacet
  facet normal 0.997859 0.0653981 0
    outer loop
      vertex 2.9 4.655 3.9
      vertex 2.90941 4.51142 9.9
      vertex 2.90941 4.51142 3.9
    endloop
  endfacet
  facet normal -0.321435 -0.946931 0
    outer loop
      vertex 4.2847 5.71752 3.9
      vertex 4.42095 5.67127 9.9
      vertex 4.2847 5.71752 9.9
    endloop
  endfacet
  facet normal -0.321435 -0.946931 -0
    outer loop
      vertex 4.42095 5.67127 9.9
      vertex 4.2847 5.71752 3.9
      vertex 4.42095 5.67127 3.9
    endloop
  endfacet
  facet normal 0.946931 -0.321435 0
    outer loop
      vertex 2.93748 4.9397 9.9
      vertex 2.98373 5.07595 3.9
      vertex 2.98373 5.07595 9.9
    endloop
  endfacet
  facet normal 0.946931 -0.321435 0
    outer loop
      vertex 2.98373 5.07595 3.9
      vertex 2.93748 4.9397 9.9
      vertex 2.93748 4.9397 3.9
    endloop
  endfacet
  facet normal 0.751844 0.659341 0
    outer loop
      vertex 3.22218 3.87718 9.9
      vertex 3.12731 3.98536 3.9
      vertex 3.12731 3.98536 9.9
    endloop
  endfacet
  facet normal 0.751844 0.659341 0
    outer loop
      vertex 3.12731 3.98536 3.9
      vertex 3.22218 3.87718 9.9
      vertex 3.22218 3.87718 3.9
    endloop
  endfacet
  facet normal -0.555566 -0.831472 0
    outer loop
      vertex 4.55 5.60763 3.9
      vertex 4.66964 5.52769 9.9
      vertex 4.55 5.60763 9.9
    endloop
  endfacet
  facet normal -0.555566 -0.831472 -0
    outer loop
      vertex 4.66964 5.52769 9.9
      vertex 4.55 5.60763 3.9
      vertex 4.66964 5.52769 3.9
    endloop
  endfacet
  facet normal -0.980786 0.195087 0
    outer loop
      vertex 5.06252 4.3703 3.9
      vertex 5.09059 4.51142 9.9
      vertex 5.09059 4.51142 3.9
    endloop
  endfacet
  facet normal -0.980786 0.195087 0
    outer loop
      vertex 5.09059 4.51142 9.9
      vertex 5.06252 4.3703 3.9
      vertex 5.06252 4.3703 9.9
    endloop
  endfacet
  facet normal 0.0653981 0.997859 -0
    outer loop
      vertex 4 3.555 3.9
      vertex 3.85642 3.56441 9.9
      vertex 4 3.555 9.9
    endloop
  endfacet
  facet normal 0.0653981 0.997859 0
    outer loop
      vertex 3.85642 3.56441 9.9
      vertex 4 3.555 3.9
      vertex 3.85642 3.56441 3.9
    endloop
  endfacet
  facet normal -0.555566 0.831472 0
    outer loop
      vertex 4.66964 3.78231 3.9
      vertex 4.55 3.70237 9.9
      vertex 4.66964 3.78231 9.9
    endloop
  endfacet
  facet normal -0.555566 0.831472 0
    outer loop
      vertex 4.55 3.70237 9.9
      vertex 4.66964 3.78231 3.9
      vertex 4.55 3.70237 3.9
    endloop
  endfacet
  facet normal -0.442286 0.896874 0
    outer loop
      vertex 4.55 3.70237 3.9
      vertex 4.42095 3.63873 9.9
      vertex 4.55 3.70237 9.9
    endloop
  endfacet
  facet normal -0.442286 0.896874 0
    outer loop
      vertex 4.42095 3.63873 9.9
      vertex 4.55 3.70237 3.9
      vertex 4.42095 3.63873 3.9
    endloop
  endfacet
  facet normal 0.195087 -0.980786 0
    outer loop
      vertex 3.7153 5.71752 3.9
      vertex 3.85642 5.74559 9.9
      vertex 3.7153 5.71752 9.9
    endloop
  endfacet
  facet normal 0.195087 -0.980786 0
    outer loop
      vertex 3.85642 5.74559 9.9
      vertex 3.7153 5.71752 3.9
      vertex 3.85642 5.74559 3.9
    endloop
  endfacet
  facet normal -0.831472 0.555566 0
    outer loop
      vertex 4.87269 3.98536 3.9
      vertex 4.95263 4.105 9.9
      vertex 4.95263 4.105 3.9
    endloop
  endfacet
  facet normal -0.831472 0.555566 0
    outer loop
      vertex 4.95263 4.105 9.9
      vertex 4.87269 3.98536 3.9
      vertex 4.87269 3.98536 9.9
    endloop
  endfacet
  facet normal -0.896874 0.442286 0
    outer loop
      vertex 4.95263 4.105 3.9
      vertex 5.01627 4.23405 9.9
      vertex 5.01627 4.23405 3.9
    endloop
  endfacet
  facet normal -0.896874 0.442286 0
    outer loop
      vertex 5.01627 4.23405 9.9
      vertex 4.95263 4.105 3.9
      vertex 4.95263 4.105 9.9
    endloop
  endfacet
  facet normal -0.946931 -0.321435 0
    outer loop
      vertex 5.06252 4.9397 3.9
      vertex 5.01627 5.07595 9.9
      vertex 5.01627 5.07595 3.9
    endloop
  endfacet
  facet normal -0.946931 -0.321435 0
    outer loop
      vertex 5.01627 5.07595 9.9
      vertex 5.06252 4.9397 3.9
      vertex 5.06252 4.9397 9.9
    endloop
  endfacet
  facet normal 0.0653981 -0.997859 0
    outer loop
      vertex 3.85642 5.74559 3.9
      vertex 4 5.755 9.9
      vertex 3.85642 5.74559 9.9
    endloop
  endfacet
  facet normal 0.0653981 -0.997859 0
    outer loop
      vertex 4 5.755 9.9
      vertex 3.85642 5.74559 3.9
      vertex 4 5.755 3.9
    endloop
  endfacet
  facet normal 0.831472 0.555566 0
    outer loop
      vertex 3.12731 3.98536 9.9
      vertex 3.04737 4.105 3.9
      vertex 3.04737 4.105 9.9
    endloop
  endfacet
  facet normal 0.831472 0.555566 0
    outer loop
      vertex 3.04737 4.105 3.9
      vertex 3.12731 3.98536 9.9
      vertex 3.12731 3.98536 3.9
    endloop
  endfacet
  facet normal -0.195087 -0.980786 0
    outer loop
      vertex 4.14358 5.74559 3.9
      vertex 4.2847 5.71752 9.9
      vertex 4.14358 5.74559 9.9
    endloop
  endfacet
  facet normal -0.195087 -0.980786 -0
    outer loop
      vertex 4.2847 5.71752 9.9
      vertex 4.14358 5.74559 3.9
      vertex 4.2847 5.71752 3.9
    endloop
  endfacet
  facet normal 0.980786 0.195087 0
    outer loop
      vertex 2.93748 4.3703 9.9
      vertex 2.90941 4.51142 3.9
      vertex 2.90941 4.51142 9.9
    endloop
  endfacet
  facet normal 0.980786 0.195087 0
    outer loop
      vertex 2.90941 4.51142 3.9
      vertex 2.93748 4.3703 9.9
      vertex 2.93748 4.3703 3.9
    endloop
  endfacet
  facet normal -0.751844 -0.659341 0
    outer loop
      vertex 4.87269 5.32464 3.9
      vertex 4.77782 5.43282 9.9
      vertex 4.77782 5.43282 3.9
    endloop
  endfacet
  facet normal -0.751844 -0.659341 0
    outer loop
      vertex 4.77782 5.43282 9.9
      vertex 4.87269 5.32464 3.9
      vertex 4.87269 5.32464 9.9
    endloop
  endfacet
  facet normal 0.555566 0.831472 -0
    outer loop
      vertex 3.45 3.70237 3.9
      vertex 3.33036 3.78231 9.9
      vertex 3.45 3.70237 9.9
    endloop
  endfacet
  facet normal 0.555566 0.831472 0
    outer loop
      vertex 3.33036 3.78231 9.9
      vertex 3.45 3.70237 3.9
      vertex 3.33036 3.78231 3.9
    endloop
  endfacet
  facet normal -0.0653981 -0.997859 0
    outer loop
      vertex 4 5.755 3.9
      vertex 4.14358 5.74559 9.9
      vertex 4 5.755 9.9
    endloop
  endfacet
  facet normal -0.0653981 -0.997859 -0
    outer loop
      vertex 4.14358 5.74559 9.9
      vertex 4 5.755 3.9
      vertex 4.14358 5.74559 3.9
    endloop
  endfacet
  facet normal 0.321435 0.946931 -0
    outer loop
      vertex 3.7153 3.59248 3.9
      vertex 3.57905 3.63873 9.9
      vertex 3.7153 3.59248 9.9
    endloop
  endfacet
  facet normal 0.321435 0.946931 0
    outer loop
      vertex 3.57905 3.63873 9.9
      vertex 3.7153 3.59248 3.9
      vertex 3.57905 3.63873 3.9
    endloop
  endfacet
  facet normal 0.321435 -0.946931 0
    outer loop
      vertex 3.57905 5.67127 3.9
      vertex 3.7153 5.71752 9.9
      vertex 3.57905 5.67127 9.9
    endloop
  endfacet
  facet normal 0.321435 -0.946931 0
    outer loop
      vertex 3.7153 5.71752 9.9
      vertex 3.57905 5.67127 3.9
      vertex 3.7153 5.71752 3.9
    endloop
  endfacet
  facet normal 0.896874 0.442286 0
    outer loop
      vertex 3.04737 4.105 9.9
      vertex 2.98373 4.23405 3.9
      vertex 2.98373 4.23405 9.9
    endloop
  endfacet
  facet normal 0.896874 0.442286 0
    outer loop
      vertex 2.98373 4.23405 3.9
      vertex 3.04737 4.105 9.9
      vertex 3.04737 4.105 3.9
    endloop
  endfacet
  facet normal 0.442286 0.896874 -0
    outer loop
      vertex 3.57905 3.63873 3.9
      vertex 3.45 3.70237 9.9
      vertex 3.57905 3.63873 9.9
    endloop
  endfacet
  facet normal 0.442286 0.896874 0
    outer loop
      vertex 3.45 3.70237 9.9
      vertex 3.57905 3.63873 3.9
      vertex 3.45 3.70237 3.9
    endloop
  endfacet
  facet normal 0 0 1
    outer loop
      vertex 5.09059 4.79858 3.9
      vertex 5.09059 4.51142 3.9
      vertex 5.1 4.655 3.9
    endloop
  endfacet
  facet normal 0 0 1
    outer loop
      vertex 5.06252 4.9397 3.9
      vertex 5.09059 4.51142 3.9
      vertex 5.09059 4.79858 3.9
    endloop
  endfacet
  facet normal 0 0 1
    outer loop
      vertex 5.06252 4.9397 3.9
      vertex 5.06252 4.3703 3.9
      vertex 5.09059 4.51142 3.9
    endloop
  endfacet
  facet normal 0 0 1
    outer loop
      vertex 5.01627 5.07595 3.9
      vertex 5.06252 4.3703 3.9
      vertex 5.06252 4.9397 3.9
    endloop
  endfacet
  facet normal 0 0 1
    outer loop
      vertex 5.01627 5.07595 3.9
      vertex 5.01627 4.23405 3.9
      vertex 5.06252 4.3703 3.9
    endloop
  endfacet
  facet normal 0 0 1
    outer loop
      vertex 4.95263 5.205 3.9
      vertex 5.01627 4.23405 3.9
      vertex 5.01627 5.07595 3.9
    endloop
  endfacet
  facet normal 0 0 1
    outer loop
      vertex 4.95263 5.205 3.9
      vertex 4.95263 4.105 3.9
      vertex 5.01627 4.23405 3.9
    endloop
  endfacet
  facet normal 0 0 1
    outer loop
      vertex 4.87269 5.32464 3.9
      vertex 4.95263 4.105 3.9
      vertex 4.95263 5.205 3.9
    endloop
  endfacet
  facet normal 0 0 1
    outer loop
      vertex 4.87269 5.32464 3.9
      vertex 4.87269 3.98536 3.9
      vertex 4.95263 4.105 3.9
    endloop
  endfacet
  facet normal 0 0 1
    outer loop
      vertex 4.77782 5.43282 3.9
      vertex 4.87269 3.98536 3.9
      vertex 4.87269 5.32464 3.9
    endloop
  endfacet
  facet normal 0 0 1
    outer loop
      vertex 4.77782 5.43282 3.9
      vertex 4.77782 3.87718 3.9
      vertex 4.87269 3.98536 3.9
    endloop
  endfacet
  facet normal 0 0 1
    outer loop
      vertex 4.66964 5.52769 3.9
      vertex 4.77782 3.87718 3.9
      vertex 4.77782 5.43282 3.9
    endloop
  endfacet
  facet normal 0 0 1
    outer loop
      vertex 4.66964 5.52769 3.9
      vertex 4.66964 3.78231 3.9
      vertex 4.77782 3.87718 3.9
    endloop
  endfacet
  facet normal 0 0 1
    outer loop
      vertex 4.55 5.60763 3.9
      vertex 4.66964 3.78231 3.9
      vertex 4.66964 5.52769 3.9
    endloop
  endfacet
  facet normal 0 0 1
    outer loop
      vertex 4.55 5.60763 3.9
      vertex 4.55 3.70237 3.9
      vertex 4.66964 3.78231 3.9
    endloop
  endfacet
  facet normal 0 0 1
    outer loop
      vertex 4.42095 5.67127 3.9
      vertex 4.55 3.70237 3.9
      vertex 4.55 5.60763 3.9
    endloop
  endfacet
  facet normal 0 0 1
    outer loop
      vertex 4.42095 5.67127 3.9
      vertex 4.42095 3.63873 3.9
      vertex 4.55 3.70237 3.9
    endloop
  endfacet
  facet normal 0 0 1
    outer loop
      vertex 4.2847 5.71752 3.9
      vertex 4.42095 3.63873 3.9
      vertex 4.42095 5.67127 3.9
    endloop
  endfacet
  facet normal 0 0 1
    outer loop
      vertex 4.2847 5.71752 3.9
      vertex 4.2847 3.59248 3.9
      vertex 4.42095 3.63873 3.9
    endloop
  endfacet
  facet normal 0 0 1
    outer loop
      vertex 4.14358 5.74559 3.9
      vertex 4.2847 3.59248 3.9
      vertex 4.2847 5.71752 3.9
    endloop
  endfacet
  facet normal 0 0 1
    outer loop
      vertex 4.14358 5.74559 3.9
      vertex 4.14358 3.56441 3.9
      vertex 4.2847 3.59248 3.9
    endloop
  endfacet
  facet normal 0 0 1
    outer loop
      vertex 4 5.755 3.9
      vertex 4.14358 3.56441 3.9
      vertex 4.14358 5.74559 3.9
    endloop
  endfacet
  facet normal 0 0 1
    outer loop
      vertex 4 5.755 3.9
      vertex 4 3.555 3.9
      vertex 4.14358 3.56441 3.9
    endloop
  endfacet
  facet normal -0 0 1
    outer loop
      vertex 3.85642 5.74559 3.9
      vertex 4 3.555 3.9
      vertex 4 5.755 3.9
    endloop
  endfacet
  facet normal 0 0 1
    outer loop
      vertex 3.85642 5.74559 3.9
      vertex 3.85642 3.56441 3.9
      vertex 4 3.555 3.9
    endloop
  endfacet
  facet normal -0 0 1
    outer loop
      vertex 3.7153 5.71752 3.9
      vertex 3.85642 3.56441 3.9
      vertex 3.85642 5.74559 3.9
    endloop
  endfacet
  facet normal 0 0 1
    outer loop
      vertex 3.7153 5.71752 3.9
      vertex 3.7153 3.59248 3.9
      vertex 3.85642 3.56441 3.9
    endloop
  endfacet
  facet normal -0 0 1
    outer loop
      vertex 3.57905 5.67127 3.9
      vertex 3.7153 3.59248 3.9
      vertex 3.7153 5.71752 3.9
    endloop
  endfacet
  facet normal 0 0 1
    outer loop
      vertex 3.57905 5.67127 3.9
      vertex 3.57905 3.63873 3.9
      vertex 3.7153 3.59248 3.9
    endloop
  endfacet
  facet normal -0 0 1
    outer loop
      vertex 3.45 5.60763 3.9
      vertex 3.57905 3.63873 3.9
      vertex 3.57905 5.67127 3.9
    endloop
  endfacet
  facet normal 0 0 1
    outer loop
      vertex 3.45 5.60763 3.9
      vertex 3.45 3.70237 3.9
      vertex 3.57905 3.63873 3.9
    endloop
  endfacet
  facet normal -0 0 1
    outer loop
      vertex 3.33036 5.52769 3.9
      vertex 3.45 3.70237 3.9
      vertex 3.45 5.60763 3.9
    endloop
  endfacet
  facet normal 0 0 1
    outer loop
      vertex 3.33036 5.52769 3.9
      vertex 3.33036 3.78231 3.9
      vertex 3.45 3.70237 3.9
    endloop
  endfacet
  facet normal -0 0 1
    outer loop
      vertex 3.22218 5.43282 3.9
      vertex 3.33036 3.78231 3.9
      vertex 3.33036 5.52769 3.9
    endloop
  endfacet
  facet normal 0 0 1
    outer loop
      vertex 3.22218 5.43282 3.9
      vertex 3.22218 3.87718 3.9
      vertex 3.33036 3.78231 3.9
    endloop
  endfacet
  facet normal -0 0 1
    outer loop
      vertex 3.12731 5.32464 3.9
      vertex 3.22218 3.87718 3.9
      vertex 3.22218 5.43282 3.9
    endloop
  endfacet
  facet normal 0 0 1
    outer loop
      vertex 3.12731 5.32464 3.9
      vertex 3.12731 3.98536 3.9
      vertex 3.22218 3.87718 3.9
    endloop
  endfacet
  facet normal -0 0 1
    outer loop
      vertex 3.04737 5.205 3.9
      vertex 3.12731 3.98536 3.9
      vertex 3.12731 5.32464 3.9
    endloop
  endfacet
  facet normal 0 0 1
    outer loop
      vertex 3.04737 5.205 3.9
      vertex 3.04737 4.105 3.9
      vertex 3.12731 3.98536 3.9
    endloop
  endfacet
  facet normal -0 0 1
    outer loop
      vertex 2.98373 5.07595 3.9
      vertex 3.04737 4.105 3.9
      vertex 3.04737 5.205 3.9
    endloop
  endfacet
  facet normal 0 0 1
    outer loop
      vertex 2.98373 5.07595 3.9
      vertex 2.98373 4.23405 3.9
      vertex 3.04737 4.105 3.9
    endloop
  endfacet
  facet normal -0 0 1
    outer loop
      vertex 2.93748 4.9397 3.9
      vertex 2.98373 4.23405 3.9
      vertex 2.98373 5.07595 3.9
    endloop
  endfacet
  facet normal 0 0 1
    outer loop
      vertex 2.93748 4.9397 3.9
      vertex 2.93748 4.3703 3.9
      vertex 2.98373 4.23405 3.9
    endloop
  endfacet
  facet normal -0 0 1
    outer loop
      vertex 2.90941 4.79858 3.9
      vertex 2.93748 4.3703 3.9
      vertex 2.93748 4.9397 3.9
    endloop
  endfacet
  facet normal 0 0 1
    outer loop
      vertex 2.90941 4.79858 3.9
      vertex 2.90941 4.51142 3.9
      vertex 2.93748 4.3703 3.9
    endloop
  endfacet
  facet normal 0 -0 1
    outer loop
      vertex 2.90941 4.51142 3.9
      vertex 2.90941 4.79858 3.9
      vertex 2.9 4.655 3.9
    endloop
  endfacet
  facet normal -0.659341 0.751844 0
    outer loop
      vertex 4.77782 3.87718 3.9
      vertex 4.66964 3.78231 9.9
      vertex 4.77782 3.87718 9.9
    endloop
  endfacet
  facet normal -0.659341 0.751844 0
    outer loop
      vertex 4.66964 3.78231 9.9
      vertex 4.77782 3.87718 3.9
      vertex 4.66964 3.78231 3.9
    endloop
  endfacet
  facet normal 0.896874 -0.442286 0
    outer loop
      vertex 2.98373 5.07595 9.9
      vertex 3.04737 5.205 3.9
      vertex 3.04737 5.205 9.9
    endloop
  endfacet
  facet normal 0.896874 -0.442286 0
    outer loop
      vertex 3.04737 5.205 3.9
      vertex 2.98373 5.07595 9.9
      vertex 2.98373 5.07595 3.9
    endloop
  endfacet
  facet normal 0.896806 0.442424 0
    outer loop
      vertex 3.04737 119.065 9.9
      vertex 2.98373 119.194 3.9
      vertex 2.98373 119.194 9.9
    endloop
  endfacet
  facet normal 0.896806 0.442424 0
    outer loop
      vertex 2.98373 119.194 3.9
      vertex 3.04737 119.065 9.9
      vertex 3.04737 119.065 3.9
    endloop
  endfacet
  facet normal -0.438698 0.898635 0
    outer loop
      vertex 4.55 118.662 3.9
      vertex 4.42095 118.599 9.9
      vertex 4.55 118.662 9.9
    endloop
  endfacet
  facet normal -0.438698 0.898635 0
    outer loop
      vertex 4.42095 118.599 9.9
      vertex 4.55 118.662 3.9
      vertex 4.42095 118.599 3.9
    endloop
  endfacet
  facet normal 0.06256 -0.998041 0
    outer loop
      vertex 3.85642 120.706 3.9
      vertex 4 120.715 9.9
      vertex 3.85642 120.706 9.9
    endloop
  endfacet
  facet normal 0.06256 -0.998041 0
    outer loop
      vertex 4 120.715 9.9
      vertex 3.85642 120.706 3.9
      vertex 4 120.715 3.9
    endloop
  endfacet
  facet normal 0.326098 0.945336 -0
    outer loop
      vertex 3.7153 118.552 3.9
      vertex 3.57905 118.599 9.9
      vertex 3.7153 118.552 9.9
    endloop
  endfacet
  facet normal 0.326098 0.945336 0
    outer loop
      vertex 3.57905 118.599 9.9
      vertex 3.7153 118.552 3.9
      vertex 3.57905 118.599 3.9
    endloop
  endfacet
  facet normal -0.194619 -0.980879 0
    outer loop
      vertex 4.14358 120.706 3.9
      vertex 4.2847 120.678 9.9
      vertex 4.14358 120.706 9.9
    endloop
  endfacet
  facet normal -0.194619 -0.980879 -0
    outer loop
      vertex 4.2847 120.678 9.9
      vertex 4.14358 120.706 3.9
      vertex 4.2847 120.678 3.9
    endloop
  endfacet
  facet normal 0.946752 0.321965 0
    outer loop
      vertex 2.98373 119.194 9.9
      vertex 2.93748 119.33 3.9
      vertex 2.93748 119.33 9.9
    endloop
  endfacet
  facet normal 0.946752 0.321965 0
    outer loop
      vertex 2.93748 119.33 3.9
      vertex 2.98373 119.194 9.9
      vertex 2.98373 119.194 3.9
    endloop
  endfacet
  facet normal -0.326098 0.945336 0
    outer loop
      vertex 4.42095 118.599 3.9
      vertex 4.2847 118.552 9.9
      vertex 4.42095 118.599 9.9
    endloop
  endfacet
  facet normal -0.326098 0.945336 0
    outer loop
      vertex 4.2847 118.552 9.9
      vertex 4.42095 118.599 3.9
      vertex 4.2847 118.552 3.9
    endloop
  endfacet
  facet normal 0.980754 0.195247 0
    outer loop
      vertex 2.93748 119.33 9.9
      vertex 2.90941 119.471 3.9
      vertex 2.90941 119.471 9.9
    endloop
  endfacet
  facet normal 0.980754 0.195247 0
    outer loop
      vertex 2.90941 119.471 3.9
      vertex 2.93748 119.33 9.9
      vertex 2.93748 119.33 3.9
    endloop
  endfacet
  facet normal -0.7513 -0.659961 0
    outer loop
      vertex 4.87269 120.285 3.9
      vertex 4.77782 120.393 9.9
      vertex 4.77782 120.393 3.9
    endloop
  endfacet
  facet normal -0.7513 -0.659961 0
    outer loop
      vertex 4.77782 120.393 9.9
      vertex 4.87269 120.285 3.9
      vertex 4.87269 120.285 9.9
    endloop
  endfacet
  facet normal 0.980754 -0.195247 0
    outer loop
      vertex 2.90941 119.759 9.9
      vertex 2.93748 119.9 3.9
      vertex 2.93748 119.9 9.9
    endloop
  endfacet
  facet normal 0.980754 -0.195247 0
    outer loop
      vertex 2.93748 119.9 3.9
      vertex 2.90941 119.759 9.9
      vertex 2.90941 119.759 3.9
    endloop
  endfacet
  facet normal 0.06256 0.998041 -0
    outer loop
      vertex 4 118.515 3.9
      vertex 3.85642 118.524 9.9
      vertex 4 118.515 9.9
    endloop
  endfacet
  facet normal 0.06256 0.998041 0
    outer loop
      vertex 3.85642 118.524 9.9
      vertex 4 118.515 3.9
      vertex 3.85642 118.524 3.9
    endloop
  endfacet
  facet normal 0.659851 0.751397 -0
    outer loop
      vertex 3.33036 118.742 3.9
      vertex 3.22218 118.837 9.9
      vertex 3.33036 118.742 9.9
    endloop
  endfacet
  facet normal 0.659851 0.751397 0
    outer loop
      vertex 3.22218 118.837 9.9
      vertex 3.33036 118.742 3.9
      vertex 3.22218 118.837 3.9
    endloop
  endfacet
  facet normal -0.997872 -0.0652081 0
    outer loop
      vertex 5.1 119.615 3.9
      vertex 5.09059 119.759 9.9
      vertex 5.09059 119.759 3.9
    endloop
  endfacet
  facet normal -0.997872 -0.0652081 0
    outer loop
      vertex 5.09059 119.759 9.9
      vertex 5.1 119.615 3.9
      vertex 5.1 119.615 9.9
    endloop
  endfacet
  facet normal 0.438698 -0.898635 0
    outer loop
      vertex 3.45 120.568 3.9
      vertex 3.57905 120.631 9.9
      vertex 3.45 120.568 9.9
    endloop
  endfacet
  facet normal 0.438698 -0.898635 0
    outer loop
      vertex 3.57905 120.631 9.9
      vertex 3.45 120.568 3.9
      vertex 3.57905 120.631 3.9
    endloop
  endfacet
  facet normal 0.326098 -0.945336 0
    outer loop
      vertex 3.57905 120.631 3.9
      vertex 3.7153 120.678 9.9
      vertex 3.57905 120.631 9.9
    endloop
  endfacet
  facet normal 0.326098 -0.945336 0
    outer loop
      vertex 3.7153 120.678 9.9
      vertex 3.57905 120.631 3.9
      vertex 3.7153 120.678 3.9
    endloop
  endfacet
  facet normal 0.194619 -0.980879 0
    outer loop
      vertex 3.7153 120.678 3.9
      vertex 3.85642 120.706 9.9
      vertex 3.7153 120.678 9.9
    endloop
  endfacet
  facet normal 0.194619 -0.980879 0
    outer loop
      vertex 3.85642 120.706 9.9
      vertex 3.7153 120.678 3.9
      vertex 3.85642 120.706 3.9
    endloop
  endfacet
  facet normal -0.980754 -0.195247 0
    outer loop
      vertex 5.09059 119.759 3.9
      vertex 5.06252 119.9 9.9
      vertex 5.06252 119.9 3.9
    endloop
  endfacet
  facet normal -0.980754 -0.195247 0
    outer loop
      vertex 5.06252 119.9 9.9
      vertex 5.09059 119.759 3.9
      vertex 5.09059 119.759 9.9
    endloop
  endfacet
  facet normal 0.832242 0.554412 0
    outer loop
      vertex 3.12731 118.945 9.9
      vertex 3.04737 119.065 3.9
      vertex 3.04737 119.065 9.9
    endloop
  endfacet
  facet normal 0.832242 0.554412 0
    outer loop
      vertex 3.04737 119.065 3.9
      vertex 3.12731 118.945 9.9
      vertex 3.12731 118.945 3.9
    endloop
  endfacet
  facet normal 0.7513 -0.659961 0
    outer loop
      vertex 3.12731 120.285 9.9
      vertex 3.22218 120.393 3.9
      vertex 3.22218 120.393 9.9
    endloop
  endfacet
  facet normal 0.7513 -0.659961 0
    outer loop
      vertex 3.22218 120.393 3.9
      vertex 3.12731 120.285 9.9
      vertex 3.12731 120.285 3.9
    endloop
  endfacet
  facet normal -0.555854 -0.83128 0
    outer loop
      vertex 4.55 120.568 3.9
      vertex 4.66964 120.488 9.9
      vertex 4.55 120.568 9.9
    endloop
  endfacet
  facet normal -0.555854 -0.83128 -0
    outer loop
      vertex 4.66964 120.488 9.9
      vertex 4.55 120.568 3.9
      vertex 4.66964 120.488 3.9
    endloop
  endfacet
  facet normal 0.997872 0.0652081 0
    outer loop
      vertex 2.90941 119.471 9.9
      vertex 2.9 119.615 3.9
      vertex 2.9 119.615 9.9
    endloop
  endfacet
  facet normal 0.997872 0.0652081 0
    outer loop
      vertex 2.9 119.615 3.9
      vertex 2.90941 119.471 9.9
      vertex 2.90941 119.471 3.9
    endloop
  endfacet
  facet normal -0.326098 -0.945336 0
    outer loop
      vertex 4.2847 120.678 3.9
      vertex 4.42095 120.631 9.9
      vertex 4.2847 120.678 9.9
    endloop
  endfacet
  facet normal -0.326098 -0.945336 -0
    outer loop
      vertex 4.42095 120.631 9.9
      vertex 4.2847 120.678 3.9
      vertex 4.42095 120.631 3.9
    endloop
  endfacet
  facet normal -0.438698 -0.898635 0
    outer loop
      vertex 4.42095 120.631 3.9
      vertex 4.55 120.568 9.9
      vertex 4.42095 120.631 9.9
    endloop
  endfacet
  facet normal -0.438698 -0.898635 -0
    outer loop
      vertex 4.55 120.568 9.9
      vertex 4.42095 120.631 3.9
      vertex 4.55 120.568 3.9
    endloop
  endfacet
  facet normal -0.946752 0.321965 0
    outer loop
      vertex 5.01627 119.194 3.9
      vertex 5.06252 119.33 9.9
      vertex 5.06252 119.33 3.9
    endloop
  endfacet
  facet normal -0.946752 0.321965 0
    outer loop
      vertex 5.06252 119.33 9.9
      vertex 5.01627 119.194 3.9
      vertex 5.01627 119.194 9.9
    endloop
  endfacet
  facet normal -0.194619 0.980879 0
    outer loop
      vertex 4.2847 118.552 3.9
      vertex 4.14358 118.524 9.9
      vertex 4.2847 118.552 9.9
    endloop
  endfacet
  facet normal -0.194619 0.980879 0
    outer loop
      vertex 4.14358 118.524 9.9
      vertex 4.2847 118.552 3.9
      vertex 4.14358 118.524 3.9
    endloop
  endfacet
  facet normal 0.194619 0.980879 -0
    outer loop
      vertex 3.85642 118.524 3.9
      vertex 3.7153 118.552 9.9
      vertex 3.85642 118.524 9.9
    endloop
  endfacet
  facet normal 0.194619 0.980879 0
    outer loop
      vertex 3.7153 118.552 9.9
      vertex 3.85642 118.524 3.9
      vertex 3.7153 118.552 3.9
    endloop
  endfacet
  facet normal -0.06256 0.998041 0
    outer loop
      vertex 4.14358 118.524 3.9
      vertex 4 118.515 9.9
      vertex 4.14358 118.524 9.9
    endloop
  endfacet
  facet normal -0.06256 0.998041 0
    outer loop
      vertex 4 118.515 9.9
      vertex 4.14358 118.524 3.9
      vertex 4 118.515 3.9
    endloop
  endfacet
  facet normal -0.832242 -0.554412 0
    outer loop
      vertex 4.95263 120.165 3.9
      vertex 4.87269 120.285 9.9
      vertex 4.87269 120.285 3.9
    endloop
  endfacet
  facet normal -0.832242 -0.554412 0
    outer loop
      vertex 4.87269 120.285 9.9
      vertex 4.95263 120.165 3.9
      vertex 4.95263 120.165 9.9
    endloop
  endfacet
  facet normal -0.946752 -0.321965 0
    outer loop
      vertex 5.06252 119.9 3.9
      vertex 5.01627 120.036 9.9
      vertex 5.01627 120.036 3.9
    endloop
  endfacet
  facet normal -0.946752 -0.321965 0
    outer loop
      vertex 5.01627 120.036 9.9
      vertex 5.06252 119.9 3.9
      vertex 5.06252 119.9 9.9
    endloop
  endfacet
  facet normal 0.896806 -0.442424 0
    outer loop
      vertex 2.98373 120.036 9.9
      vertex 3.04737 120.165 3.9
      vertex 3.04737 120.165 9.9
    endloop
  endfacet
  facet normal 0.896806 -0.442424 0
    outer loop
      vertex 3.04737 120.165 3.9
      vertex 2.98373 120.036 9.9
      vertex 2.98373 120.036 3.9
    endloop
  endfacet
  facet normal -0.997872 0.0652081 0
    outer loop
      vertex 5.09059 119.471 3.9
      vertex 5.1 119.615 9.9
      vertex 5.1 119.615 3.9
    endloop
  endfacet
  facet normal -0.997872 0.0652081 0
    outer loop
      vertex 5.1 119.615 9.9
      vertex 5.09059 119.471 3.9
      vertex 5.09059 119.471 9.9
    endloop
  endfacet
  facet normal 0.7513 0.659961 0
    outer loop
      vertex 3.22218 118.837 9.9
      vertex 3.12731 118.945 3.9
      vertex 3.12731 118.945 9.9
    endloop
  endfacet
  facet normal 0.7513 0.659961 0
    outer loop
      vertex 3.12731 118.945 3.9
      vertex 3.22218 118.837 9.9
      vertex 3.22218 118.837 3.9
    endloop
  endfacet
  facet normal 0.555854 -0.83128 0
    outer loop
      vertex 3.33036 120.488 3.9
      vertex 3.45 120.568 9.9
      vertex 3.33036 120.488 9.9
    endloop
  endfacet
  facet normal 0.555854 -0.83128 0
    outer loop
      vertex 3.45 120.568 9.9
      vertex 3.33036 120.488 3.9
      vertex 3.45 120.568 3.9
    endloop
  endfacet
  facet normal -0.832242 0.554412 0
    outer loop
      vertex 4.87269 118.945 3.9
      vertex 4.95263 119.065 9.9
      vertex 4.95263 119.065 3.9
    endloop
  endfacet
  facet normal -0.832242 0.554412 0
    outer loop
      vertex 4.95263 119.065 9.9
      vertex 4.87269 118.945 3.9
      vertex 4.87269 118.945 9.9
    endloop
  endfacet
  facet normal -0.06256 -0.998041 0
    outer loop
      vertex 4 120.715 3.9
      vertex 4.14358 120.706 9.9
      vertex 4 120.715 9.9
    endloop
  endfacet
  facet normal -0.06256 -0.998041 -0
    outer loop
      vertex 4.14358 120.706 9.9
      vertex 4 120.715 3.9
      vertex 4.14358 120.706 3.9
    endloop
  endfacet
  facet normal -0.896806 0.442424 0
    outer loop
      vertex 4.95263 119.065 3.9
      vertex 5.01627 119.194 9.9
      vertex 5.01627 119.194 3.9
    endloop
  endfacet
  facet normal -0.896806 0.442424 0
    outer loop
      vertex 5.01627 119.194 9.9
      vertex 4.95263 119.065 3.9
      vertex 4.95263 119.065 9.9
    endloop
  endfacet
  facet normal -0.659851 -0.751397 0
    outer loop
      vertex 4.66964 120.488 3.9
      vertex 4.77782 120.393 9.9
      vertex 4.66964 120.488 9.9
    endloop
  endfacet
  facet normal -0.659851 -0.751397 -0
    outer loop
      vertex 4.77782 120.393 9.9
      vertex 4.66964 120.488 3.9
      vertex 4.77782 120.393 3.9
    endloop
  endfacet
  facet normal 0.438698 0.898635 -0
    outer loop
      vertex 3.57905 118.599 3.9
      vertex 3.45 118.662 9.9
      vertex 3.57905 118.599 9.9
    endloop
  endfacet
  facet normal 0.438698 0.898635 0
    outer loop
      vertex 3.45 118.662 9.9
      vertex 3.57905 118.599 3.9
      vertex 3.45 118.662 3.9
    endloop
  endfacet
  facet normal -0.980754 0.195247 0
    outer loop
      vertex 5.06252 119.33 3.9
      vertex 5.09059 119.471 9.9
      vertex 5.09059 119.471 3.9
    endloop
  endfacet
  facet normal -0.980754 0.195247 0
    outer loop
      vertex 5.09059 119.471 9.9
      vertex 5.06252 119.33 3.9
      vertex 5.06252 119.33 9.9
    endloop
  endfacet
  facet normal 0 0 1
    outer loop
      vertex 5.09059 119.759 3.9
      vertex 5.09059 119.471 3.9
      vertex 5.1 119.615 3.9
    endloop
  endfacet
  facet normal 0 0 1
    outer loop
      vertex 5.06252 119.9 3.9
      vertex 5.09059 119.471 3.9
      vertex 5.09059 119.759 3.9
    endloop
  endfacet
  facet normal 0 0 1
    outer loop
      vertex 5.06252 119.9 3.9
      vertex 5.06252 119.33 3.9
      vertex 5.09059 119.471 3.9
    endloop
  endfacet
  facet normal 0 0 1
    outer loop
      vertex 5.01627 120.036 3.9
      vertex 5.06252 119.33 3.9
      vertex 5.06252 119.9 3.9
    endloop
  endfacet
  facet normal 0 0 1
    outer loop
      vertex 5.01627 120.036 3.9
      vertex 5.01627 119.194 3.9
      vertex 5.06252 119.33 3.9
    endloop
  endfacet
  facet normal 0 0 1
    outer loop
      vertex 4.95263 120.165 3.9
      vertex 5.01627 119.194 3.9
      vertex 5.01627 120.036 3.9
    endloop
  endfacet
  facet normal 0 0 1
    outer loop
      vertex 4.95263 120.165 3.9
      vertex 4.95263 119.065 3.9
      vertex 5.01627 119.194 3.9
    endloop
  endfacet
  facet normal 0 0 1
    outer loop
      vertex 4.87269 120.285 3.9
      vertex 4.95263 119.065 3.9
      vertex 4.95263 120.165 3.9
    endloop
  endfacet
  facet normal 0 0 1
    outer loop
      vertex 4.87269 120.285 3.9
      vertex 4.87269 118.945 3.9
      vertex 4.95263 119.065 3.9
    endloop
  endfacet
  facet normal 0 0 1
    outer loop
      vertex 4.77782 120.393 3.9
      vertex 4.87269 118.945 3.9
      vertex 4.87269 120.285 3.9
    endloop
  endfacet
  facet normal 0 0 1
    outer loop
      vertex 4.77782 120.393 3.9
      vertex 4.77782 118.837 3.9
      vertex 4.87269 118.945 3.9
    endloop
  endfacet
  facet normal 0 0 1
    outer loop
      vertex 4.66964 120.488 3.9
      vertex 4.77782 118.837 3.9
      vertex 4.77782 120.393 3.9
    endloop
  endfacet
  facet normal 0 0 1
    outer loop
      vertex 4.66964 120.488 3.9
      vertex 4.66964 118.742 3.9
      vertex 4.77782 118.837 3.9
    endloop
  endfacet
  facet normal 0 0 1
    outer loop
      vertex 4.55 120.568 3.9
      vertex 4.66964 118.742 3.9
      vertex 4.66964 120.488 3.9
    endloop
  endfacet
  facet normal 0 0 1
    outer loop
      vertex 4.55 120.568 3.9
      vertex 4.55 118.662 3.9
      vertex 4.66964 118.742 3.9
    endloop
  endfacet
  facet normal 0 0 1
    outer loop
      vertex 4.42095 120.631 3.9
      vertex 4.55 118.662 3.9
      vertex 4.55 120.568 3.9
    endloop
  endfacet
  facet normal 0 0 1
    outer loop
      vertex 4.42095 120.631 3.9
      vertex 4.42095 118.599 3.9
      vertex 4.55 118.662 3.9
    endloop
  endfacet
  facet normal 0 0 1
    outer loop
      vertex 4.2847 120.678 3.9
      vertex 4.42095 118.599 3.9
      vertex 4.42095 120.631 3.9
    endloop
  endfacet
  facet normal 0 0 1
    outer loop
      vertex 4.2847 120.678 3.9
      vertex 4.2847 118.552 3.9
      vertex 4.42095 118.599 3.9
    endloop
  endfacet
  facet normal 0 0 1
    outer loop
      vertex 4.14358 120.706 3.9
      vertex 4.2847 118.552 3.9
      vertex 4.2847 120.678 3.9
    endloop
  endfacet
  facet normal 0 0 1
    outer loop
      vertex 4.14358 120.706 3.9
      vertex 4.14358 118.524 3.9
      vertex 4.2847 118.552 3.9
    endloop
  endfacet
  facet normal 0 0 1
    outer loop
      vertex 4 120.715 3.9
      vertex 4.14358 118.524 3.9
      vertex 4.14358 120.706 3.9
    endloop
  endfacet
  facet normal 0 0 1
    outer loop
      vertex 4 120.715 3.9
      vertex 4 118.515 3.9
      vertex 4.14358 118.524 3.9
    endloop
  endfacet
  facet normal -0 0 1
    outer loop
      vertex 3.85642 120.706 3.9
      vertex 4 118.515 3.9
      vertex 4 120.715 3.9
    endloop
  endfacet
  facet normal 0 0 1
    outer loop
      vertex 3.85642 120.706 3.9
      vertex 3.85642 118.524 3.9
      vertex 4 118.515 3.9
    endloop
  endfacet
  facet normal -0 0 1
    outer loop
      vertex 3.7153 120.678 3.9
      vertex 3.85642 118.524 3.9
      vertex 3.85642 120.706 3.9
    endloop
  endfacet
  facet normal 0 0 1
    outer loop
      vertex 3.7153 120.678 3.9
      vertex 3.7153 118.552 3.9
      vertex 3.85642 118.524 3.9
    endloop
  endfacet
  facet normal -0 0 1
    outer loop
      vertex 3.57905 120.631 3.9
      vertex 3.7153 118.552 3.9
      vertex 3.7153 120.678 3.9
    endloop
  endfacet
  facet normal 0 0 1
    outer loop
      vertex 3.57905 120.631 3.9
      vertex 3.57905 118.599 3.9
      vertex 3.7153 118.552 3.9
    endloop
  endfacet
  facet normal -0 0 1
    outer loop
      vertex 3.45 120.568 3.9
      vertex 3.57905 118.599 3.9
      vertex 3.57905 120.631 3.9
    endloop
  endfacet
  facet normal 0 0 1
    outer loop
      vertex 3.45 120.568 3.9
      vertex 3.45 118.662 3.9
      vertex 3.57905 118.599 3.9
    endloop
  endfacet
  facet normal -0 0 1
    outer loop
      vertex 3.33036 120.488 3.9
      vertex 3.45 118.662 3.9
      vertex 3.45 120.568 3.9
    endloop
  endfacet
  facet normal 0 0 1
    outer loop
      vertex 3.33036 120.488 3.9
      vertex 3.33036 118.742 3.9
      vertex 3.45 118.662 3.9
    endloop
  endfacet
  facet normal -0 0 1
    outer loop
      vertex 3.22218 120.393 3.9
      vertex 3.33036 118.742 3.9
      vertex 3.33036 120.488 3.9
    endloop
  endfacet
  facet normal 0 0 1
    outer loop
      vertex 3.22218 120.393 3.9
      vertex 3.22218 118.837 3.9
      vertex 3.33036 118.742 3.9
    endloop
  endfacet
  facet normal -0 0 1
    outer loop
      vertex 3.12731 120.285 3.9
      vertex 3.22218 118.837 3.9
      vertex 3.22218 120.393 3.9
    endloop
  endfacet
  facet normal 0 0 1
    outer loop
      vertex 3.12731 120.285 3.9
      vertex 3.12731 118.945 3.9
      vertex 3.22218 118.837 3.9
    endloop
  endfacet
  facet normal -0 0 1
    outer loop
      vertex 3.04737 120.165 3.9
      vertex 3.12731 118.945 3.9
      vertex 3.12731 120.285 3.9
    endloop
  endfacet
  facet normal 0 0 1
    outer loop
      vertex 3.04737 120.165 3.9
      vertex 3.04737 119.065 3.9
      vertex 3.12731 118.945 3.9
    endloop
  endfacet
  facet normal -0 0 1
    outer loop
      vertex 2.98373 120.036 3.9
      vertex 3.04737 119.065 3.9
      vertex 3.04737 120.165 3.9
    endloop
  endfacet
  facet normal 0 0 1
    outer loop
      vertex 2.98373 120.036 3.9
      vertex 2.98373 119.194 3.9
      vertex 3.04737 119.065 3.9
    endloop
  endfacet
  facet normal -0 0 1
    outer loop
      vertex 2.93748 119.9 3.9
      vertex 2.98373 119.194 3.9
      vertex 2.98373 120.036 3.9
    endloop
  endfacet
  facet normal 0 0 1
    outer loop
      vertex 2.93748 119.9 3.9
      vertex 2.93748 119.33 3.9
      vertex 2.98373 119.194 3.9
    endloop
  endfacet
  facet normal -0 0 1
    outer loop
      vertex 2.90941 119.759 3.9
      vertex 2.93748 119.33 3.9
      vertex 2.93748 119.9 3.9
    endloop
  endfacet
  facet normal 0 0 1
    outer loop
      vertex 2.90941 119.759 3.9
      vertex 2.90941 119.471 3.9
      vertex 2.93748 119.33 3.9
    endloop
  endfacet
  facet normal 0 -0 1
    outer loop
      vertex 2.90941 119.471 3.9
      vertex 2.90941 119.759 3.9
      vertex 2.9 119.615 3.9
    endloop
  endfacet
  facet normal -0.896806 -0.442424 0
    outer loop
      vertex 5.01627 120.036 3.9
      vertex 4.95263 120.165 9.9
      vertex 4.95263 120.165 3.9
    endloop
  endfacet
  facet normal -0.896806 -0.442424 0
    outer loop
      vertex 4.95263 120.165 9.9
      vertex 5.01627 120.036 3.9
      vertex 5.01627 120.036 9.9
    endloop
  endfacet
  facet normal 0.946752 -0.321965 0
    outer loop
      vertex 2.93748 119.9 9.9
      vertex 2.98373 120.036 3.9
      vertex 2.98373 120.036 9.9
    endloop
  endfacet
  facet normal 0.946752 -0.321965 0
    outer loop
      vertex 2.98373 120.036 3.9
      vertex 2.93748 119.9 9.9
      vertex 2.93748 119.9 3.9
    endloop
  endfacet
  facet normal 0.997872 -0.0652081 0
    outer loop
      vertex 2.9 119.615 9.9
      vertex 2.90941 119.759 3.9
      vertex 2.90941 119.759 9.9
    endloop
  endfacet
  facet normal 0.997872 -0.0652081 0
    outer loop
      vertex 2.90941 119.759 3.9
      vertex 2.9 119.615 9.9
      vertex 2.9 119.615 3.9
    endloop
  endfacet
  facet normal 0.555854 0.83128 -0
    outer loop
      vertex 3.45 118.662 3.9
      vertex 3.33036 118.742 9.9
      vertex 3.45 118.662 9.9
    endloop
  endfacet
  facet normal 0.555854 0.83128 0
    outer loop
      vertex 3.33036 118.742 9.9
      vertex 3.45 118.662 3.9
      vertex 3.33036 118.742 3.9
    endloop
  endfacet
  facet normal 0.659851 -0.751397 0
    outer loop
      vertex 3.22218 120.393 3.9
      vertex 3.33036 120.488 9.9
      vertex 3.22218 120.393 9.9
    endloop
  endfacet
  facet normal 0.659851 -0.751397 0
    outer loop
      vertex 3.33036 120.488 9.9
      vertex 3.22218 120.393 3.9
      vertex 3.33036 120.488 3.9
    endloop
  endfacet
  facet normal -0.555854 0.83128 0
    outer loop
      vertex 4.66964 118.742 3.9
      vertex 4.55 118.662 9.9
      vertex 4.66964 118.742 9.9
    endloop
  endfacet
  facet normal -0.555854 0.83128 0
    outer loop
      vertex 4.55 118.662 9.9
      vertex 4.66964 118.742 3.9
      vertex 4.55 118.662 3.9
    endloop
  endfacet
  facet normal -0.7513 0.659961 0
    outer loop
      vertex 4.77782 118.837 3.9
      vertex 4.87269 118.945 9.9
      vertex 4.87269 118.945 3.9
    endloop
  endfacet
  facet normal -0.7513 0.659961 0
    outer loop
      vertex 4.87269 118.945 9.9
      vertex 4.77782 118.837 3.9
      vertex 4.77782 118.837 9.9
    endloop
  endfacet
  facet normal 0.832242 -0.554412 0
    outer loop
      vertex 3.04737 120.165 9.9
      vertex 3.12731 120.285 3.9
      vertex 3.12731 120.285 9.9
    endloop
  endfacet
  facet normal 0.832242 -0.554412 0
    outer loop
      vertex 3.12731 120.285 3.9
      vertex 3.04737 120.165 9.9
      vertex 3.04737 120.165 3.9
    endloop
  endfacet
  facet normal -0.659851 0.751397 0
    outer loop
      vertex 4.77782 118.837 3.9
      vertex 4.66964 118.742 9.9
      vertex 4.77782 118.837 9.9
    endloop
  endfacet
  facet normal -0.659851 0.751397 0
    outer loop
      vertex 4.66964 118.742 9.9
      vertex 4.77782 118.837 3.9
      vertex 4.66964 118.742 3.9
    endloop
  endfacet
  facet normal -0.980879 -0.194619 0
    outer loop
      vertex 161.991 4.79858 3.9
      vertex 161.963 4.9397 9.9
      vertex 161.963 4.9397 3.9
    endloop
  endfacet
  facet normal -0.980879 -0.194619 0
    outer loop
      vertex 161.963 4.9397 9.9
      vertex 161.991 4.79858 3.9
      vertex 161.991 4.79858 9.9
    endloop
  endfacet
  facet normal -0.998041 -0.06256 0
    outer loop
      vertex 162 4.655 3.9
      vertex 161.991 4.79858 9.9
      vertex 161.991 4.79858 3.9
    endloop
  endfacet
  facet normal -0.998041 -0.06256 0
    outer loop
      vertex 161.991 4.79858 9.9
      vertex 162 4.655 3.9
      vertex 162 4.655 9.9
    endloop
  endfacet
  facet normal -0.945336 -0.326098 0
    outer loop
      vertex 161.963 4.9397 3.9
      vertex 161.916 5.07595 9.9
      vertex 161.916 5.07595 3.9
    endloop
  endfacet
  facet normal -0.945336 -0.326098 0
    outer loop
      vertex 161.916 5.07595 9.9
      vertex 161.963 4.9397 3.9
      vertex 161.963 4.9397 9.9
    endloop
  endfacet
  facet normal 0.998041 -0.06256 0
    outer loop
      vertex 159.8 4.655 9.9
      vertex 159.809 4.79858 3.9
      vertex 159.809 4.79858 9.9
    endloop
  endfacet
  facet normal 0.998041 -0.06256 0
    outer loop
      vertex 159.809 4.79858 3.9
      vertex 159.8 4.655 9.9
      vertex 159.8 4.655 3.9
    endloop
  endfacet
  facet normal 0.321965 -0.946752 0
    outer loop
      vertex 160.479 5.67127 3.9
      vertex 160.615 5.71752 9.9
      vertex 160.479 5.67127 9.9
    endloop
  endfacet
  facet normal 0.321965 -0.946752 0
    outer loop
      vertex 160.615 5.71752 9.9
      vertex 160.479 5.67127 3.9
      vertex 160.615 5.71752 3.9
    endloop
  endfacet
  facet normal -0.442424 0.896806 0
    outer loop
      vertex 161.45 3.70237 3.9
      vertex 161.321 3.63873 9.9
      vertex 161.45 3.70237 9.9
    endloop
  endfacet
  facet normal -0.442424 0.896806 0
    outer loop
      vertex 161.321 3.63873 9.9
      vertex 161.45 3.70237 3.9
      vertex 161.321 3.63873 3.9
    endloop
  endfacet
  facet normal 0.751397 0.659851 0
    outer loop
      vertex 160.122 3.87718 9.9
      vertex 160.027 3.98536 3.9
      vertex 160.027 3.98536 9.9
    endloop
  endfacet
  facet normal 0.751397 0.659851 0
    outer loop
      vertex 160.027 3.98536 3.9
      vertex 160.122 3.87718 9.9
      vertex 160.122 3.87718 3.9
    endloop
  endfacet
  facet normal -0.321965 0.946752 0
    outer loop
      vertex 161.321 3.63873 3.9
      vertex 161.185 3.59248 9.9
      vertex 161.321 3.63873 9.9
    endloop
  endfacet
  facet normal -0.321965 0.946752 0
    outer loop
      vertex 161.185 3.59248 9.9
      vertex 161.321 3.63873 3.9
      vertex 161.185 3.59248 3.9
    endloop
  endfacet
  facet normal -0.898635 -0.438698 0
    outer loop
      vertex 161.916 5.07595 3.9
      vertex 161.853 5.205 9.9
      vertex 161.853 5.205 3.9
    endloop
  endfacet
  facet normal -0.898635 -0.438698 0
    outer loop
      vertex 161.853 5.205 9.9
      vertex 161.916 5.07595 3.9
      vertex 161.916 5.07595 9.9
    endloop
  endfacet
  facet normal 0.195247 -0.980754 0
    outer loop
      vertex 160.615 5.71752 3.9
      vertex 160.756 5.74559 9.9
      vertex 160.615 5.71752 9.9
    endloop
  endfacet
  facet normal 0.195247 -0.980754 0
    outer loop
      vertex 160.756 5.74559 9.9
      vertex 160.615 5.71752 3.9
      vertex 160.756 5.74559 3.9
    endloop
  endfacet
  facet normal 0.554412 0.832242 -0
    outer loop
      vertex 160.35 3.70237 3.9
      vertex 160.23 3.78231 9.9
      vertex 160.35 3.70237 9.9
    endloop
  endfacet
  facet normal 0.554412 0.832242 0
    outer loop
      vertex 160.23 3.78231 9.9
      vertex 160.35 3.70237 3.9
      vertex 160.23 3.78231 3.9
    endloop
  endfacet
  facet normal 0.83128 -0.555854 0
    outer loop
      vertex 159.947 5.205 9.9
      vertex 160.027 5.32464 3.9
      vertex 160.027 5.32464 9.9
    endloop
  endfacet
  facet normal 0.83128 -0.555854 0
    outer loop
      vertex 160.027 5.32464 3.9
      vertex 159.947 5.205 9.9
      vertex 159.947 5.205 3.9
    endloop
  endfacet
  facet normal -0.321965 -0.946752 0
    outer loop
      vertex 161.185 5.71752 3.9
      vertex 161.321 5.67127 9.9
      vertex 161.185 5.71752 9.9
    endloop
  endfacet
  facet normal -0.321965 -0.946752 -0
    outer loop
      vertex 161.321 5.67127 9.9
      vertex 161.185 5.71752 3.9
      vertex 161.321 5.67127 3.9
    endloop
  endfacet
  facet normal 0.980879 -0.194619 0
    outer loop
      vertex 159.809 4.79858 9.9
      vertex 159.837 4.9397 3.9
      vertex 159.837 4.9397 9.9
    endloop
  endfacet
  facet normal 0.980879 -0.194619 0
    outer loop
      vertex 159.837 4.9397 3.9
      vertex 159.809 4.79858 9.9
      vertex 159.809 4.79858 3.9
    endloop
  endfacet
  facet normal 0.0652081 0.997872 -0
    outer loop
      vertex 160.9 3.555 3.9
      vertex 160.756 3.56441 9.9
      vertex 160.9 3.555 9.9
    endloop
  endfacet
  facet normal 0.0652081 0.997872 0
    outer loop
      vertex 160.756 3.56441 9.9
      vertex 160.9 3.555 3.9
      vertex 160.756 3.56441 3.9
    endloop
  endfacet
  facet normal 0.980879 0.194619 0
    outer loop
      vertex 159.837 4.3703 9.9
      vertex 159.809 4.51142 3.9
      vertex 159.809 4.51142 9.9
    endloop
  endfacet
  facet normal 0.980879 0.194619 0
    outer loop
      vertex 159.809 4.51142 3.9
      vertex 159.837 4.3703 9.9
      vertex 159.837 4.3703 3.9
    endloop
  endfacet
  facet normal -0.659961 0.7513 0
    outer loop
      vertex 161.678 3.87718 3.9
      vertex 161.57 3.78231 9.9
      vertex 161.678 3.87718 9.9
    endloop
  endfacet
  facet normal -0.659961 0.7513 0
    outer loop
      vertex 161.57 3.78231 9.9
      vertex 161.678 3.87718 3.9
      vertex 161.57 3.78231 3.9
    endloop
  endfacet
  facet normal -0.195247 0.980754 0
    outer loop
      vertex 161.185 3.59248 3.9
      vertex 161.044 3.56441 9.9
      vertex 161.185 3.59248 9.9
    endloop
  endfacet
  facet normal -0.195247 0.980754 0
    outer loop
      vertex 161.044 3.56441 9.9
      vertex 161.185 3.59248 3.9
      vertex 161.044 3.56441 3.9
    endloop
  endfacet
  facet normal 0.751397 -0.659851 0
    outer loop
      vertex 160.027 5.32464 9.9
      vertex 160.122 5.43282 3.9
      vertex 160.122 5.43282 9.9
    endloop
  endfacet
  facet normal 0.751397 -0.659851 0
    outer loop
      vertex 160.122 5.43282 3.9
      vertex 160.027 5.32464 9.9
      vertex 160.027 5.32464 3.9
    endloop
  endfacet
  facet normal -0.998041 0.06256 0
    outer loop
      vertex 161.991 4.51142 3.9
      vertex 162 4.655 9.9
      vertex 162 4.655 3.9
    endloop
  endfacet
  facet normal -0.998041 0.06256 0
    outer loop
      vertex 162 4.655 9.9
      vertex 161.991 4.51142 3.9
      vertex 161.991 4.51142 9.9
    endloop
  endfacet
  facet normal -0.945336 0.326098 0
    outer loop
      vertex 161.916 4.23405 3.9
      vertex 161.963 4.3703 9.9
      vertex 161.963 4.3703 3.9
    endloop
  endfacet
  facet normal -0.945336 0.326098 0
    outer loop
      vertex 161.963 4.3703 9.9
      vertex 161.916 4.23405 3.9
      vertex 161.916 4.23405 9.9
    endloop
  endfacet
  facet normal 0.195247 0.980754 -0
    outer loop
      vertex 160.756 3.56441 3.9
      vertex 160.615 3.59248 9.9
      vertex 160.756 3.56441 9.9
    endloop
  endfacet
  facet normal 0.195247 0.980754 0
    outer loop
      vertex 160.615 3.59248 9.9
      vertex 160.756 3.56441 3.9
      vertex 160.615 3.59248 3.9
    endloop
  endfacet
  facet normal -0.83128 -0.555854 0
    outer loop
      vertex 161.853 5.205 3.9
      vertex 161.773 5.32464 9.9
      vertex 161.773 5.32464 3.9
    endloop
  endfacet
  facet normal -0.83128 -0.555854 0
    outer loop
      vertex 161.773 5.32464 9.9
      vertex 161.853 5.205 3.9
      vertex 161.853 5.205 9.9
    endloop
  endfacet
  facet normal -0.659961 -0.7513 0
    outer loop
      vertex 161.57 5.52769 3.9
      vertex 161.678 5.43282 9.9
      vertex 161.57 5.52769 9.9
    endloop
  endfacet
  facet normal -0.659961 -0.7513 -0
    outer loop
      vertex 161.678 5.43282 9.9
      vertex 161.57 5.52769 3.9
      vertex 161.678 5.43282 3.9
    endloop
  endfacet
  facet normal -0.83128 0.555854 0
    outer loop
      vertex 161.773 3.98536 3.9
      vertex 161.853 4.105 9.9
      vertex 161.853 4.105 3.9
    endloop
  endfacet
  facet normal -0.83128 0.555854 0
    outer loop
      vertex 161.853 4.105 9.9
      vertex 161.773 3.98536 3.9
      vertex 161.773 3.98536 9.9
    endloop
  endfacet
  facet normal 0.898635 0.438698 0
    outer loop
      vertex 159.947 4.105 9.9
      vertex 159.884 4.23405 3.9
      vertex 159.884 4.23405 9.9
    endloop
  endfacet
  facet normal 0.898635 0.438698 0
    outer loop
      vertex 159.884 4.23405 3.9
      vertex 159.947 4.105 9.9
      vertex 159.947 4.105 3.9
    endloop
  endfacet
  facet normal 0.442424 -0.896806 0
    outer loop
      vertex 160.35 5.60763 3.9
      vertex 160.479 5.67127 9.9
      vertex 160.35 5.60763 9.9
    endloop
  endfacet
  facet normal 0.442424 -0.896806 0
    outer loop
      vertex 160.479 5.67127 9.9
      vertex 160.35 5.60763 3.9
      vertex 160.479 5.67127 3.9
    endloop
  endfacet
  facet normal -0.0652081 -0.997872 0
    outer loop
      vertex 160.9 5.755 3.9
      vertex 161.044 5.74559 9.9
      vertex 160.9 5.755 9.9
    endloop
  endfacet
  facet normal -0.0652081 -0.997872 -0
    outer loop
      vertex 161.044 5.74559 9.9
      vertex 160.9 5.755 3.9
      vertex 161.044 5.74559 3.9
    endloop
  endfacet
  facet normal -0.980879 0.194619 0
    outer loop
      vertex 161.963 4.3703 3.9
      vertex 161.991 4.51142 9.9
      vertex 161.991 4.51142 3.9
    endloop
  endfacet
  facet normal -0.980879 0.194619 0
    outer loop
      vertex 161.991 4.51142 9.9
      vertex 161.963 4.3703 3.9
      vertex 161.963 4.3703 9.9
    endloop
  endfacet
  facet normal -0.751397 -0.659851 0
    outer loop
      vertex 161.773 5.32464 3.9
      vertex 161.678 5.43282 9.9
      vertex 161.678 5.43282 3.9
    endloop
  endfacet
  facet normal -0.751397 -0.659851 0
    outer loop
      vertex 161.678 5.43282 9.9
      vertex 161.773 5.32464 3.9
      vertex 161.773 5.32464 9.9
    endloop
  endfacet
  facet normal 0.321965 0.946752 -0
    outer loop
      vertex 160.615 3.59248 3.9
      vertex 160.479 3.63873 9.9
      vertex 160.615 3.59248 9.9
    endloop
  endfacet
  facet normal 0.321965 0.946752 0
    outer loop
      vertex 160.479 3.63873 9.9
      vertex 160.615 3.59248 3.9
      vertex 160.479 3.63873 3.9
    endloop
  endfacet
  facet normal -0.898635 0.438698 0
    outer loop
      vertex 161.853 4.105 3.9
      vertex 161.916 4.23405 9.9
      vertex 161.916 4.23405 3.9
    endloop
  endfacet
  facet normal -0.898635 0.438698 0
    outer loop
      vertex 161.916 4.23405 9.9
      vertex 161.853 4.105 3.9
      vertex 161.853 4.105 9.9
    endloop
  endfacet
  facet normal -0.554412 -0.832242 0
    outer loop
      vertex 161.45 5.60763 3.9
      vertex 161.57 5.52769 9.9
      vertex 161.45 5.60763 9.9
    endloop
  endfacet
  facet normal -0.554412 -0.832242 -0
    outer loop
      vertex 161.57 5.52769 9.9
      vertex 161.45 5.60763 3.9
      vertex 161.57 5.52769 3.9
    endloop
  endfacet
  facet normal -0.554412 0.832242 0
    outer loop
      vertex 161.57 3.78231 3.9
      vertex 161.45 3.70237 9.9
      vertex 161.57 3.78231 9.9
    endloop
  endfacet
  facet normal -0.554412 0.832242 0
    outer loop
      vertex 161.45 3.70237 9.9
      vertex 161.57 3.78231 3.9
      vertex 161.45 3.70237 3.9
    endloop
  endfacet
  facet normal -0.751397 0.659851 0
    outer loop
      vertex 161.678 3.87718 3.9
      vertex 161.773 3.98536 9.9
      vertex 161.773 3.98536 3.9
    endloop
  endfacet
  facet normal -0.751397 0.659851 0
    outer loop
      vertex 161.773 3.98536 9.9
      vertex 161.678 3.87718 3.9
      vertex 161.678 3.87718 9.9
    endloop
  endfacet
  facet normal 0.998041 0.06256 0
    outer loop
      vertex 159.809 4.51142 9.9
      vertex 159.8 4.655 3.9
      vertex 159.8 4.655 9.9
    endloop
  endfacet
  facet normal 0.998041 0.06256 0
    outer loop
      vertex 159.8 4.655 3.9
      vertex 159.809 4.51142 9.9
      vertex 159.809 4.51142 3.9
    endloop
  endfacet
  facet normal -0.0652081 0.997872 0
    outer loop
      vertex 161.044 3.56441 3.9
      vertex 160.9 3.555 9.9
      vertex 161.044 3.56441 9.9
    endloop
  endfacet
  facet normal -0.0652081 0.997872 0
    outer loop
      vertex 160.9 3.555 9.9
      vertex 161.044 3.56441 3.9
      vertex 160.9 3.555 3.9
    endloop
  endfacet
  facet normal 0.442424 0.896806 -0
    outer loop
      vertex 160.479 3.63873 3.9
      vertex 160.35 3.70237 9.9
      vertex 160.479 3.63873 9.9
    endloop
  endfacet
  facet normal 0.442424 0.896806 0
    outer loop
      vertex 160.35 3.70237 9.9
      vertex 160.479 3.63873 3.9
      vertex 160.35 3.70237 3.9
    endloop
  endfacet
  facet normal 0.659961 0.7513 -0
    outer loop
      vertex 160.23 3.78231 3.9
      vertex 160.122 3.87718 9.9
      vertex 160.23 3.78231 9.9
    endloop
  endfacet
  facet normal 0.659961 0.7513 0
    outer loop
      vertex 160.122 3.87718 9.9
      vertex 160.23 3.78231 3.9
      vertex 160.122 3.87718 3.9
    endloop
  endfacet
  facet normal 0.0652081 -0.997872 0
    outer loop
      vertex 160.756 5.74559 3.9
      vertex 160.9 5.755 9.9
      vertex 160.756 5.74559 9.9
    endloop
  endfacet
  facet normal 0.0652081 -0.997872 0
    outer loop
      vertex 160.9 5.755 9.9
      vertex 160.756 5.74559 3.9
      vertex 160.9 5.755 3.9
    endloop
  endfacet
  facet normal -0.442424 -0.896806 0
    outer loop
      vertex 161.321 5.67127 3.9
      vertex 161.45 5.60763 9.9
      vertex 161.321 5.67127 9.9
    endloop
  endfacet
  facet normal -0.442424 -0.896806 -0
    outer loop
      vertex 161.45 5.60763 9.9
      vertex 161.321 5.67127 3.9
      vertex 161.45 5.60763 3.9
    endloop
  endfacet
  facet normal -0.195247 -0.980754 0
    outer loop
      vertex 161.044 5.74559 3.9
      vertex 161.185 5.71752 9.9
      vertex 161.044 5.74559 9.9
    endloop
  endfacet
  facet normal -0.195247 -0.980754 -0
    outer loop
      vertex 161.185 5.71752 9.9
      vertex 161.044 5.74559 3.9
      vertex 161.185 5.71752 3.9
    endloop
  endfacet
  facet normal 0.659961 -0.7513 0
    outer loop
      vertex 160.122 5.43282 3.9
      vertex 160.23 5.52769 9.9
      vertex 160.122 5.43282 9.9
    endloop
  endfacet
  facet normal 0.659961 -0.7513 0
    outer loop
      vertex 160.23 5.52769 9.9
      vertex 160.122 5.43282 3.9
      vertex 160.23 5.52769 3.9
    endloop
  endfacet
  facet normal 0.554412 -0.832242 0
    outer loop
      vertex 160.23 5.52769 3.9
      vertex 160.35 5.60763 9.9
      vertex 160.23 5.52769 9.9
    endloop
  endfacet
  facet normal 0.554412 -0.832242 0
    outer loop
      vertex 160.35 5.60763 9.9
      vertex 160.23 5.52769 3.9
      vertex 160.35 5.60763 3.9
    endloop
  endfacet
  facet normal 0 0 1
    outer loop
      vertex 161.991 4.79858 3.9
      vertex 161.991 4.51142 3.9
      vertex 162 4.655 3.9
    endloop
  endfacet
  facet normal 0 0 1
    outer loop
      vertex 161.963 4.9397 3.9
      vertex 161.991 4.51142 3.9
      vertex 161.991 4.79858 3.9
    endloop
  endfacet
  facet normal 0 0 1
    outer loop
      vertex 161.963 4.9397 3.9
      vertex 161.963 4.3703 3.9
      vertex 161.991 4.51142 3.9
    endloop
  endfacet
  facet normal 0 0 1
    outer loop
      vertex 161.916 5.07595 3.9
      vertex 161.963 4.3703 3.9
      vertex 161.963 4.9397 3.9
    endloop
  endfacet
  facet normal 0 0 1
    outer loop
      vertex 161.916 5.07595 3.9
      vertex 161.916 4.23405 3.9
      vertex 161.963 4.3703 3.9
    endloop
  endfacet
  facet normal 0 0 1
    outer loop
      vertex 161.853 5.205 3.9
      vertex 161.916 4.23405 3.9
      vertex 161.916 5.07595 3.9
    endloop
  endfacet
  facet normal 0 0 1
    outer loop
      vertex 161.853 5.205 3.9
      vertex 161.853 4.105 3.9
      vertex 161.916 4.23405 3.9
    endloop
  endfacet
  facet normal 0 0 1
    outer loop
      vertex 161.773 5.32464 3.9
      vertex 161.853 4.105 3.9
      vertex 161.853 5.205 3.9
    endloop
  endfacet
  facet normal 0 0 1
    outer loop
      vertex 161.773 5.32464 3.9
      vertex 161.773 3.98536 3.9
      vertex 161.853 4.105 3.9
    endloop
  endfacet
  facet normal 0 0 1
    outer loop
      vertex 161.678 5.43282 3.9
      vertex 161.773 3.98536 3.9
      vertex 161.773 5.32464 3.9
    endloop
  endfacet
  facet normal 0 0 1
    outer loop
      vertex 161.678 5.43282 3.9
      vertex 161.678 3.87718 3.9
      vertex 161.773 3.98536 3.9
    endloop
  endfacet
  facet normal 0 0 1
    outer loop
      vertex 161.57 5.52769 3.9
      vertex 161.678 3.87718 3.9
      vertex 161.678 5.43282 3.9
    endloop
  endfacet
  facet normal 0 0 1
    outer loop
      vertex 161.57 5.52769 3.9
      vertex 161.57 3.78231 3.9
      vertex 161.678 3.87718 3.9
    endloop
  endfacet
  facet normal 0 0 1
    outer loop
      vertex 161.45 5.60763 3.9
      vertex 161.57 3.78231 3.9
      vertex 161.57 5.52769 3.9
    endloop
  endfacet
  facet normal 0 0 1
    outer loop
      vertex 161.45 5.60763 3.9
      vertex 161.45 3.70237 3.9
      vertex 161.57 3.78231 3.9
    endloop
  endfacet
  facet normal 0 0 1
    outer loop
      vertex 161.321 5.67127 3.9
      vertex 161.45 3.70237 3.9
      vertex 161.45 5.60763 3.9
    endloop
  endfacet
  facet normal 0 0 1
    outer loop
      vertex 161.321 5.67127 3.9
      vertex 161.321 3.63873 3.9
      vertex 161.45 3.70237 3.9
    endloop
  endfacet
  facet normal 0 0 1
    outer loop
      vertex 161.185 5.71752 3.9
      vertex 161.321 3.63873 3.9
      vertex 161.321 5.67127 3.9
    endloop
  endfacet
  facet normal 0 0 1
    outer loop
      vertex 161.185 5.71752 3.9
      vertex 161.185 3.59248 3.9
      vertex 161.321 3.63873 3.9
    endloop
  endfacet
  facet normal 0 0 1
    outer loop
      vertex 161.044 5.74559 3.9
      vertex 161.185 3.59248 3.9
      vertex 161.185 5.71752 3.9
    endloop
  endfacet
  facet normal 0 0 1
    outer loop
      vertex 161.044 5.74559 3.9
      vertex 161.044 3.56441 3.9
      vertex 161.185 3.59248 3.9
    endloop
  endfacet
  facet normal 0 0 1
    outer loop
      vertex 160.9 5.755 3.9
      vertex 161.044 3.56441 3.9
      vertex 161.044 5.74559 3.9
    endloop
  endfacet
  facet normal 0 0 1
    outer loop
      vertex 160.9 5.755 3.9
      vertex 160.9 3.555 3.9
      vertex 161.044 3.56441 3.9
    endloop
  endfacet
  facet normal -0 0 1
    outer loop
      vertex 160.756 5.74559 3.9
      vertex 160.9 3.555 3.9
      vertex 160.9 5.755 3.9
    endloop
  endfacet
  facet normal 0 0 1
    outer loop
      vertex 160.756 5.74559 3.9
      vertex 160.756 3.56441 3.9
      vertex 160.9 3.555 3.9
    endloop
  endfacet
  facet normal -0 0 1
    outer loop
      vertex 160.615 5.71752 3.9
      vertex 160.756 3.56441 3.9
      vertex 160.756 5.74559 3.9
    endloop
  endfacet
  facet normal 0 0 1
    outer loop
      vertex 160.615 5.71752 3.9
      vertex 160.615 3.59248 3.9
      vertex 160.756 3.56441 3.9
    endloop
  endfacet
  facet normal -0 0 1
    outer loop
      vertex 160.479 5.67127 3.9
      vertex 160.615 3.59248 3.9
      vertex 160.615 5.71752 3.9
    endloop
  endfacet
  facet normal 0 0 1
    outer loop
      vertex 160.479 5.67127 3.9
      vertex 160.479 3.63873 3.9
      vertex 160.615 3.59248 3.9
    endloop
  endfacet
  facet normal -0 0 1
    outer loop
      vertex 160.35 5.60763 3.9
      vertex 160.479 3.63873 3.9
      vertex 160.479 5.67127 3.9
    endloop
  endfacet
  facet normal 0 0 1
    outer loop
      vertex 160.35 5.60763 3.9
      vertex 160.35 3.70237 3.9
      vertex 160.479 3.63873 3.9
    endloop
  endfacet
  facet normal -0 0 1
    outer loop
      vertex 160.23 5.52769 3.9
      vertex 160.35 3.70237 3.9
      vertex 160.35 5.60763 3.9
    endloop
  endfacet
  facet normal 0 0 1
    outer loop
      vertex 160.23 5.52769 3.9
      vertex 160.23 3.78231 3.9
      vertex 160.35 3.70237 3.9
    endloop
  endfacet
  facet normal -0 0 1
    outer loop
      vertex 160.122 5.43282 3.9
      vertex 160.23 3.78231 3.9
      vertex 160.23 5.52769 3.9
    endloop
  endfacet
  facet normal 0 0 1
    outer loop
      vertex 160.122 5.43282 3.9
      vertex 160.122 3.87718 3.9
      vertex 160.23 3.78231 3.9
    endloop
  endfacet
  facet normal -0 0 1
    outer loop
      vertex 160.027 5.32464 3.9
      vertex 160.122 3.87718 3.9
      vertex 160.122 5.43282 3.9
    endloop
  endfacet
  facet normal 0 0 1
    outer loop
      vertex 160.027 5.32464 3.9
      vertex 160.027 3.98536 3.9
      vertex 160.122 3.87718 3.9
    endloop
  endfacet
  facet normal -0 0 1
    outer loop
      vertex 159.947 5.205 3.9
      vertex 160.027 3.98536 3.9
      vertex 160.027 5.32464 3.9
    endloop
  endfacet
  facet normal 0 0 1
    outer loop
      vertex 159.947 5.205 3.9
      vertex 159.947 4.105 3.9
      vertex 160.027 3.98536 3.9
    endloop
  endfacet
  facet normal -0 0 1
    outer loop
      vertex 159.884 5.07595 3.9
      vertex 159.947 4.105 3.9
      vertex 159.947 5.205 3.9
    endloop
  endfacet
  facet normal 0 0 1
    outer loop
      vertex 159.884 5.07595 3.9
      vertex 159.884 4.23405 3.9
      vertex 159.947 4.105 3.9
    endloop
  endfacet
  facet normal -0 0 1
    outer loop
      vertex 159.837 4.9397 3.9
      vertex 159.884 4.23405 3.9
      vertex 159.884 5.07595 3.9
    endloop
  endfacet
  facet normal 0 0 1
    outer loop
      vertex 159.837 4.9397 3.9
      vertex 159.837 4.3703 3.9
      vertex 159.884 4.23405 3.9
    endloop
  endfacet
  facet normal -0 0 1
    outer loop
      vertex 159.809 4.79858 3.9
      vertex 159.837 4.3703 3.9
      vertex 159.837 4.9397 3.9
    endloop
  endfacet
  facet normal 0 0 1
    outer loop
      vertex 159.809 4.79858 3.9
      vertex 159.809 4.51142 3.9
      vertex 159.837 4.3703 3.9
    endloop
  endfacet
  facet normal 0 -0 1
    outer loop
      vertex 159.809 4.51142 3.9
      vertex 159.809 4.79858 3.9
      vertex 159.8 4.655 3.9
    endloop
  endfacet
  facet normal 0.945336 0.326098 0
    outer loop
      vertex 159.884 4.23405 9.9
      vertex 159.837 4.3703 3.9
      vertex 159.837 4.3703 9.9
    endloop
  endfacet
  facet normal 0.945336 0.326098 0
    outer loop
      vertex 159.837 4.3703 3.9
      vertex 159.884 4.23405 9.9
      vertex 159.884 4.23405 3.9
    endloop
  endfacet
  facet normal 0.945336 -0.326098 0
    outer loop
      vertex 159.837 4.9397 9.9
      vertex 159.884 5.07595 3.9
      vertex 159.884 5.07595 9.9
    endloop
  endfacet
  facet normal 0.945336 -0.326098 0
    outer loop
      vertex 159.884 5.07595 3.9
      vertex 159.837 4.9397 9.9
      vertex 159.837 4.9397 3.9
    endloop
  endfacet
  facet normal 0.83128 0.555854 0
    outer loop
      vertex 160.027 3.98536 9.9
      vertex 159.947 4.105 3.9
      vertex 159.947 4.105 9.9
    endloop
  endfacet
  facet normal 0.83128 0.555854 0
    outer loop
      vertex 159.947 4.105 3.9
      vertex 160.027 3.98536 9.9
      vertex 160.027 3.98536 3.9
    endloop
  endfacet
  facet normal 0.898635 -0.438698 0
    outer loop
      vertex 159.884 5.07595 9.9
      vertex 159.947 5.205 3.9
      vertex 159.947 5.205 9.9
    endloop
  endfacet
  facet normal 0.898635 -0.438698 0
    outer loop
      vertex 159.947 5.205 3.9
      vertex 159.884 5.07595 9.9
      vertex 159.884 5.07595 3.9
    endloop
  endfacet
  facet normal -0.980847 -0.194778 0
    outer loop
      vertex 161.991 119.759 3.9
      vertex 161.963 119.9 9.9
      vertex 161.963 119.9 3.9
    endloop
  endfacet
  facet normal -0.980847 -0.194778 0
    outer loop
      vertex 161.963 119.9 9.9
      vertex 161.991 119.759 3.9
      vertex 161.991 119.759 9.9
    endloop
  endfacet
  facet normal -0.998053 -0.0623783 0
    outer loop
      vertex 162 119.615 3.9
      vertex 161.991 119.759 9.9
      vertex 161.991 119.759 3.9
    endloop
  endfacet
  facet normal -0.998053 -0.0623783 0
    outer loop
      vertex 161.991 119.759 9.9
      vertex 162 119.615 3.9
      vertex 162 119.615 9.9
    endloop
  endfacet
  facet normal -0.945151 -0.326633 0
    outer loop
      vertex 161.963 119.9 3.9
      vertex 161.916 120.036 9.9
      vertex 161.916 120.036 3.9
    endloop
  endfacet
  facet normal -0.945151 -0.326633 0
    outer loop
      vertex 161.916 120.036 9.9
      vertex 161.963 119.9 3.9
      vertex 161.963 119.9 9.9
    endloop
  endfacet
  facet normal 0.998053 -0.0623783 0
    outer loop
      vertex 159.8 119.615 9.9
      vertex 159.809 119.759 3.9
      vertex 159.809 119.759 9.9
    endloop
  endfacet
  facet normal 0.998053 -0.0623783 0
    outer loop
      vertex 159.809 119.759 3.9
      vertex 159.8 119.615 9.9
      vertex 159.8 119.615 3.9
    endloop
  endfacet
  facet normal -0.438835 0.898568 0
    outer loop
      vertex 161.45 118.662 3.9
      vertex 161.321 118.599 9.9
      vertex 161.45 118.662 9.9
    endloop
  endfacet
  facet normal -0.438835 0.898568 0
    outer loop
      vertex 161.321 118.599 9.9
      vertex 161.45 118.662 3.9
      vertex 161.321 118.599 3.9
    endloop
  endfacet
  facet normal 0.750851 0.660471 0
    outer loop
      vertex 160.122 118.837 9.9
      vertex 160.027 118.945 3.9
      vertex 160.027 118.945 9.9
    endloop
  endfacet
  facet normal 0.750851 0.660471 0
    outer loop
      vertex 160.027 118.945 3.9
      vertex 160.122 118.837 9.9
      vertex 160.122 118.837 3.9
    endloop
  endfacet
  facet normal -0.326633 0.945151 0
    outer loop
      vertex 161.321 118.599 3.9
      vertex 161.185 118.552 9.9
      vertex 161.321 118.599 9.9
    endloop
  endfacet
  facet normal -0.326633 0.945151 0
    outer loop
      vertex 161.185 118.552 9.9
      vertex 161.321 118.599 3.9
      vertex 161.185 118.552 3.9
    endloop
  endfacet
  facet normal -0.898568 -0.438835 0
    outer loop
      vertex 161.916 120.036 3.9
      vertex 161.853 120.165 9.9
      vertex 161.853 120.165 3.9
    endloop
  endfacet
  facet normal -0.898568 -0.438835 0
    outer loop
      vertex 161.853 120.165 9.9
      vertex 161.916 120.036 3.9
      vertex 161.916 120.036 9.9
    endloop
  endfacet
  facet normal 0.194778 -0.980847 0
    outer loop
      vertex 160.615 120.678 3.9
      vertex 160.756 120.706 9.9
      vertex 160.615 120.678 9.9
    endloop
  endfacet
  facet normal 0.194778 -0.980847 0
    outer loop
      vertex 160.756 120.706 9.9
      vertex 160.615 120.678 3.9
      vertex 160.756 120.706 3.9
    endloop
  endfacet
  facet normal 0.5547 0.83205 -0
    outer loop
      vertex 160.35 118.662 3.9
      vertex 160.23 118.742 9.9
      vertex 160.35 118.662 9.9
    endloop
  endfacet
  facet normal 0.5547 0.83205 0
    outer loop
      vertex 160.23 118.742 9.9
      vertex 160.35 118.662 3.9
      vertex 160.23 118.742 3.9
    endloop
  endfacet
  facet normal 0.83205 -0.5547 0
    outer loop
      vertex 159.947 120.165 9.9
      vertex 160.027 120.285 3.9
      vertex 160.027 120.285 9.9
    endloop
  endfacet
  facet normal 0.83205 -0.5547 0
    outer loop
      vertex 160.027 120.285 3.9
      vertex 159.947 120.165 9.9
      vertex 159.947 120.165 3.9
    endloop
  endfacet
  facet normal -0.326633 -0.945151 0
    outer loop
      vertex 161.185 120.678 3.9
      vertex 161.321 120.631 9.9
      vertex 161.185 120.678 9.9
    endloop
  endfacet
  facet normal -0.326633 -0.945151 -0
    outer loop
      vertex 161.321 120.631 9.9
      vertex 161.185 120.678 3.9
      vertex 161.321 120.631 3.9
    endloop
  endfacet
  facet normal 0.980847 -0.194778 0
    outer loop
      vertex 159.809 119.759 9.9
      vertex 159.837 119.9 3.9
      vertex 159.837 119.9 9.9
    endloop
  endfacet
  facet normal 0.980847 -0.194778 0
    outer loop
      vertex 159.837 119.9 3.9
      vertex 159.809 119.759 9.9
      vertex 159.809 119.759 3.9
    endloop
  endfacet
  facet normal 0.0623783 0.998053 -0
    outer loop
      vertex 160.9 118.515 3.9
      vertex 160.756 118.524 9.9
      vertex 160.9 118.515 9.9
    endloop
  endfacet
  facet normal 0.0623783 0.998053 0
    outer loop
      vertex 160.756 118.524 9.9
      vertex 160.9 118.515 3.9
      vertex 160.756 118.524 3.9
    endloop
  endfacet
  facet normal 0.980847 0.194778 0
    outer loop
      vertex 159.837 119.33 9.9
      vertex 159.809 119.471 3.9
      vertex 159.809 119.471 9.9
    endloop
  endfacet
  facet normal 0.980847 0.194778 0
    outer loop
      vertex 159.809 119.471 3.9
      vertex 159.837 119.33 9.9
      vertex 159.837 119.33 3.9
    endloop
  endfacet
  facet normal -0.660471 0.750851 0
    outer loop
      vertex 161.678 118.837 3.9
      vertex 161.57 118.742 9.9
      vertex 161.678 118.837 9.9
    endloop
  endfacet
  facet normal -0.660471 0.750851 0
    outer loop
      vertex 161.57 118.742 9.9
      vertex 161.678 118.837 3.9
      vertex 161.57 118.742 3.9
    endloop
  endfacet
  facet normal -0.194778 0.980847 0
    outer loop
      vertex 161.185 118.552 3.9
      vertex 161.044 118.524 9.9
      vertex 161.185 118.552 9.9
    endloop
  endfacet
  facet normal -0.194778 0.980847 0
    outer loop
      vertex 161.044 118.524 9.9
      vertex 161.185 118.552 3.9
      vertex 161.044 118.524 3.9
    endloop
  endfacet
  facet normal 0.750851 -0.660471 0
    outer loop
      vertex 160.027 120.285 9.9
      vertex 160.122 120.393 3.9
      vertex 160.122 120.393 9.9
    endloop
  endfacet
  facet normal 0.750851 -0.660471 0
    outer loop
      vertex 160.122 120.393 3.9
      vertex 160.027 120.285 9.9
      vertex 160.027 120.285 3.9
    endloop
  endfacet
  facet normal -0.998053 0.0623783 0
    outer loop
      vertex 161.991 119.471 3.9
      vertex 162 119.615 9.9
      vertex 162 119.615 3.9
    endloop
  endfacet
  facet normal -0.998053 0.0623783 0
    outer loop
      vertex 162 119.615 9.9
      vertex 161.991 119.471 3.9
      vertex 161.991 119.471 9.9
    endloop
  endfacet
  facet normal -0.945151 0.326633 0
    outer loop
      vertex 161.916 119.194 3.9
      vertex 161.963 119.33 9.9
      vertex 161.963 119.33 3.9
    endloop
  endfacet
  facet normal -0.945151 0.326633 0
    outer loop
      vertex 161.963 119.33 9.9
      vertex 161.916 119.194 3.9
      vertex 161.916 119.194 9.9
    endloop
  endfacet
  facet normal 0.194778 0.980847 -0
    outer loop
      vertex 160.756 118.524 3.9
      vertex 160.615 118.552 9.9
      vertex 160.756 118.524 9.9
    endloop
  endfacet
  facet normal 0.194778 0.980847 0
    outer loop
      vertex 160.615 118.552 9.9
      vertex 160.756 118.524 3.9
      vertex 160.615 118.552 3.9
    endloop
  endfacet
  facet normal -0.83205 -0.5547 0
    outer loop
      vertex 161.853 120.165 3.9
      vertex 161.773 120.285 9.9
      vertex 161.773 120.285 3.9
    endloop
  endfacet
  facet normal -0.83205 -0.5547 0
    outer loop
      vertex 161.773 120.285 9.9
      vertex 161.853 120.165 3.9
      vertex 161.853 120.165 9.9
    endloop
  endfacet
  facet normal -0.660471 -0.750851 0
    outer loop
      vertex 161.57 120.488 3.9
      vertex 161.678 120.393 9.9
      vertex 161.57 120.488 9.9
    endloop
  endfacet
  facet normal -0.660471 -0.750851 -0
    outer loop
      vertex 161.678 120.393 9.9
      vertex 161.57 120.488 3.9
      vertex 161.678 120.393 3.9
    endloop
  endfacet
  facet normal -0.83205 0.5547 0
    outer loop
      vertex 161.773 118.945 3.9
      vertex 161.853 119.065 9.9
      vertex 161.853 119.065 3.9
    endloop
  endfacet
  facet normal -0.83205 0.5547 0
    outer loop
      vertex 161.853 119.065 9.9
      vertex 161.773 118.945 3.9
      vertex 161.773 118.945 9.9
    endloop
  endfacet
  facet normal 0.898568 0.438835 0
    outer loop
      vertex 159.947 119.065 9.9
      vertex 159.884 119.194 3.9
      vertex 159.884 119.194 9.9
    endloop
  endfacet
  facet normal 0.898568 0.438835 0
    outer loop
      vertex 159.884 119.194 3.9
      vertex 159.947 119.065 9.9
      vertex 159.947 119.065 3.9
    endloop
  endfacet
  facet normal 0.438835 -0.898568 0
    outer loop
      vertex 160.35 120.568 3.9
      vertex 160.479 120.631 9.9
      vertex 160.35 120.568 9.9
    endloop
  endfacet
  facet normal 0.438835 -0.898568 0
    outer loop
      vertex 160.479 120.631 9.9
      vertex 160.35 120.568 3.9
      vertex 160.479 120.631 3.9
    endloop
  endfacet
  facet normal -0.0623783 -0.998053 0
    outer loop
      vertex 160.9 120.715 3.9
      vertex 161.044 120.706 9.9
      vertex 160.9 120.715 9.9
    endloop
  endfacet
  facet normal -0.0623783 -0.998053 -0
    outer loop
      vertex 161.044 120.706 9.9
      vertex 160.9 120.715 3.9
      vertex 161.044 120.706 3.9
    endloop
  endfacet
  facet normal -0.980847 0.194778 0
    outer loop
      vertex 161.963 119.33 3.9
      vertex 161.991 119.471 9.9
      vertex 161.991 119.471 3.9
    endloop
  endfacet
  facet normal -0.980847 0.194778 0
    outer loop
      vertex 161.991 119.471 9.9
      vertex 161.963 119.33 3.9
      vertex 161.963 119.33 9.9
    endloop
  endfacet
  facet normal -0.750851 -0.660471 0
    outer loop
      vertex 161.773 120.285 3.9
      vertex 161.678 120.393 9.9
      vertex 161.678 120.393 3.9
    endloop
  endfacet
  facet normal -0.750851 -0.660471 0
    outer loop
      vertex 161.678 120.393 9.9
      vertex 161.773 120.285 3.9
      vertex 161.773 120.285 9.9
    endloop
  endfacet
  facet normal 0.326633 0.945151 -0
    outer loop
      vertex 160.615 118.552 3.9
      vertex 160.479 118.599 9.9
      vertex 160.615 118.552 9.9
    endloop
  endfacet
  facet normal 0.326633 0.945151 0
    outer loop
      vertex 160.479 118.599 9.9
      vertex 160.615 118.552 3.9
      vertex 160.479 118.599 3.9
    endloop
  endfacet
  facet normal -0.898568 0.438835 0
    outer loop
      vertex 161.853 119.065 3.9
      vertex 161.916 119.194 9.9
      vertex 161.916 119.194 3.9
    endloop
  endfacet
  facet normal -0.898568 0.438835 0
    outer loop
      vertex 161.916 119.194 9.9
      vertex 161.853 119.065 3.9
      vertex 161.853 119.065 9.9
    endloop
  endfacet
  facet normal -0.5547 -0.83205 0
    outer loop
      vertex 161.45 120.568 3.9
      vertex 161.57 120.488 9.9
      vertex 161.45 120.568 9.9
    endloop
  endfacet
  facet normal -0.5547 -0.83205 -0
    outer loop
      vertex 161.57 120.488 9.9
      vertex 161.45 120.568 3.9
      vertex 161.57 120.488 3.9
    endloop
  endfacet
  facet normal 0 0 1
    outer loop
      vertex 161.991 119.759 3.9
      vertex 161.991 119.471 3.9
      vertex 162 119.615 3.9
    endloop
  endfacet
  facet normal 0 0 1
    outer loop
      vertex 161.963 119.9 3.9
      vertex 161.991 119.471 3.9
      vertex 161.991 119.759 3.9
    endloop
  endfacet
  facet normal 0 0 1
    outer loop
      vertex 161.963 119.9 3.9
      vertex 161.963 119.33 3.9
      vertex 161.991 119.471 3.9
    endloop
  endfacet
  facet normal 0 0 1
    outer loop
      vertex 161.916 120.036 3.9
      vertex 161.963 119.33 3.9
      vertex 161.963 119.9 3.9
    endloop
  endfacet
  facet normal 0 0 1
    outer loop
      vertex 161.916 120.036 3.9
      vertex 161.916 119.194 3.9
      vertex 161.963 119.33 3.9
    endloop
  endfacet
  facet normal 0 0 1
    outer loop
      vertex 161.853 120.165 3.9
      vertex 161.916 119.194 3.9
      vertex 161.916 120.036 3.9
    endloop
  endfacet
  facet normal 0 0 1
    outer loop
      vertex 161.853 120.165 3.9
      vertex 161.853 119.065 3.9
      vertex 161.916 119.194 3.9
    endloop
  endfacet
  facet normal 0 0 1
    outer loop
      vertex 161.773 120.285 3.9
      vertex 161.853 119.065 3.9
      vertex 161.853 120.165 3.9
    endloop
  endfacet
  facet normal 0 0 1
    outer loop
      vertex 161.773 120.285 3.9
      vertex 161.773 118.945 3.9
      vertex 161.853 119.065 3.9
    endloop
  endfacet
  facet normal 0 0 1
    outer loop
      vertex 161.678 120.393 3.9
      vertex 161.773 118.945 3.9
      vertex 161.773 120.285 3.9
    endloop
  endfacet
  facet normal 0 0 1
    outer loop
      vertex 161.678 120.393 3.9
      vertex 161.678 118.837 3.9
      vertex 161.773 118.945 3.9
    endloop
  endfacet
  facet normal 0 0 1
    outer loop
      vertex 161.57 120.488 3.9
      vertex 161.678 118.837 3.9
      vertex 161.678 120.393 3.9
    endloop
  endfacet
  facet normal 0 0 1
    outer loop
      vertex 161.57 120.488 3.9
      vertex 161.57 118.742 3.9
      vertex 161.678 118.837 3.9
    endloop
  endfacet
  facet normal 0 0 1
    outer loop
      vertex 161.45 120.568 3.9
      vertex 161.57 118.742 3.9
      vertex 161.57 120.488 3.9
    endloop
  endfacet
  facet normal 0 0 1
    outer loop
      vertex 161.45 120.568 3.9
      vertex 161.45 118.662 3.9
      vertex 161.57 118.742 3.9
    endloop
  endfacet
  facet normal 0 0 1
    outer loop
      vertex 161.321 120.631 3.9
      vertex 161.45 118.662 3.9
      vertex 161.45 120.568 3.9
    endloop
  endfacet
  facet normal 0 0 1
    outer loop
      vertex 161.321 120.631 3.9
      vertex 161.321 118.599 3.9
      vertex 161.45 118.662 3.9
    endloop
  endfacet
  facet normal 0 0 1
    outer loop
      vertex 161.185 120.678 3.9
      vertex 161.321 118.599 3.9
      vertex 161.321 120.631 3.9
    endloop
  endfacet
  facet normal 0 0 1
    outer loop
      vertex 161.185 120.678 3.9
      vertex 161.185 118.552 3.9
      vertex 161.321 118.599 3.9
    endloop
  endfacet
  facet normal 0 0 1
    outer loop
      vertex 161.044 120.706 3.9
      vertex 161.185 118.552 3.9
      vertex 161.185 120.678 3.9
    endloop
  endfacet
  facet normal 0 0 1
    outer loop
      vertex 161.044 120.706 3.9
      vertex 161.044 118.524 3.9
      vertex 161.185 118.552 3.9
    endloop
  endfacet
  facet normal 0 0 1
    outer loop
      vertex 160.9 120.715 3.9
      vertex 161.044 118.524 3.9
      vertex 161.044 120.706 3.9
    endloop
  endfacet
  facet normal 0 0 1
    outer loop
      vertex 160.9 120.715 3.9
      vertex 160.9 118.515 3.9
      vertex 161.044 118.524 3.9
    endloop
  endfacet
  facet normal -0 0 1
    outer loop
      vertex 160.756 120.706 3.9
      vertex 160.9 118.515 3.9
      vertex 160.9 120.715 3.9
    endloop
  endfacet
  facet normal 0 0 1
    outer loop
      vertex 160.756 120.706 3.9
      vertex 160.756 118.524 3.9
      vertex 160.9 118.515 3.9
    endloop
  endfacet
  facet normal -0 0 1
    outer loop
      vertex 160.615 120.678 3.9
      vertex 160.756 118.524 3.9
      vertex 160.756 120.706 3.9
    endloop
  endfacet
  facet normal 0 0 1
    outer loop
      vertex 160.615 120.678 3.9
      vertex 160.615 118.552 3.9
      vertex 160.756 118.524 3.9
    endloop
  endfacet
  facet normal -0 0 1
    outer loop
      vertex 160.479 120.631 3.9
      vertex 160.615 118.552 3.9
      vertex 160.615 120.678 3.9
    endloop
  endfacet
  facet normal 0 0 1
    outer loop
      vertex 160.479 120.631 3.9
      vertex 160.479 118.599 3.9
      vertex 160.615 118.552 3.9
    endloop
  endfacet
  facet normal -0 0 1
    outer loop
      vertex 160.35 120.568 3.9
      vertex 160.479 118.599 3.9
      vertex 160.479 120.631 3.9
    endloop
  endfacet
  facet normal 0 0 1
    outer loop
      vertex 160.35 120.568 3.9
      vertex 160.35 118.662 3.9
      vertex 160.479 118.599 3.9
    endloop
  endfacet
  facet normal -0 0 1
    outer loop
      vertex 160.23 120.488 3.9
      vertex 160.35 118.662 3.9
      vertex 160.35 120.568 3.9
    endloop
  endfacet
  facet normal 0 0 1
    outer loop
      vertex 160.23 120.488 3.9
      vertex 160.23 118.742 3.9
      vertex 160.35 118.662 3.9
    endloop
  endfacet
  facet normal -0 0 1
    outer loop
      vertex 160.122 120.393 3.9
      vertex 160.23 118.742 3.9
      vertex 160.23 120.488 3.9
    endloop
  endfacet
  facet normal 0 0 1
    outer loop
      vertex 160.122 120.393 3.9
      vertex 160.122 118.837 3.9
      vertex 160.23 118.742 3.9
    endloop
  endfacet
  facet normal -0 0 1
    outer loop
      vertex 160.027 120.285 3.9
      vertex 160.122 118.837 3.9
      vertex 160.122 120.393 3.9
    endloop
  endfacet
  facet normal 0 0 1
    outer loop
      vertex 160.027 120.285 3.9
      vertex 160.027 118.945 3.9
      vertex 160.122 118.837 3.9
    endloop
  endfacet
  facet normal -0 0 1
    outer loop
      vertex 159.947 120.165 3.9
      vertex 160.027 118.945 3.9
      vertex 160.027 120.285 3.9
    endloop
  endfacet
  facet normal 0 0 1
    outer loop
      vertex 159.947 120.165 3.9
      vertex 159.947 119.065 3.9
      vertex 160.027 118.945 3.9
    endloop
  endfacet
  facet normal -0 0 1
    outer loop
      vertex 159.884 120.036 3.9
      vertex 159.947 119.065 3.9
      vertex 159.947 120.165 3.9
    endloop
  endfacet
  facet normal 0 0 1
    outer loop
      vertex 159.884 120.036 3.9
      vertex 159.884 119.194 3.9
      vertex 159.947 119.065 3.9
    endloop
  endfacet
  facet normal -0 0 1
    outer loop
      vertex 159.837 119.9 3.9
      vertex 159.884 119.194 3.9
      vertex 159.884 120.036 3.9
    endloop
  endfacet
  facet normal 0 0 1
    outer loop
      vertex 159.837 119.9 3.9
      vertex 159.837 119.33 3.9
      vertex 159.884 119.194 3.9
    endloop
  endfacet
  facet normal -0 0 1
    outer loop
      vertex 159.809 119.759 3.9
      vertex 159.837 119.33 3.9
      vertex 159.837 119.9 3.9
    endloop
  endfacet
  facet normal 0 0 1
    outer loop
      vertex 159.809 119.759 3.9
      vertex 159.809 119.471 3.9
      vertex 159.837 119.33 3.9
    endloop
  endfacet
  facet normal 0 -0 1
    outer loop
      vertex 159.809 119.471 3.9
      vertex 159.809 119.759 3.9
      vertex 159.8 119.615 3.9
    endloop
  endfacet
  facet normal -0.5547 0.83205 0
    outer loop
      vertex 161.57 118.742 3.9
      vertex 161.45 118.662 9.9
      vertex 161.57 118.742 9.9
    endloop
  endfacet
  facet normal -0.5547 0.83205 0
    outer loop
      vertex 161.45 118.662 9.9
      vertex 161.57 118.742 3.9
      vertex 161.45 118.662 3.9
    endloop
  endfacet
  facet normal -0.750851 0.660471 0
    outer loop
      vertex 161.678 118.837 3.9
      vertex 161.773 118.945 9.9
      vertex 161.773 118.945 3.9
    endloop
  endfacet
  facet normal -0.750851 0.660471 0
    outer loop
      vertex 161.773 118.945 9.9
      vertex 161.678 118.837 3.9
      vertex 161.678 118.837 9.9
    endloop
  endfacet
  facet normal 0.998053 0.0623783 0
    outer loop
      vertex 159.809 119.471 9.9
      vertex 159.8 119.615 3.9
      vertex 159.8 119.615 9.9
    endloop
  endfacet
  facet normal 0.998053 0.0623783 0
    outer loop
      vertex 159.8 119.615 3.9
      vertex 159.809 119.471 9.9
      vertex 159.809 119.471 3.9
    endloop
  endfacet
  facet normal -0.0623783 0.998053 0
    outer loop
      vertex 161.044 118.524 3.9
      vertex 160.9 118.515 9.9
      vertex 161.044 118.524 9.9
    endloop
  endfacet
  facet normal -0.0623783 0.998053 0
    outer loop
      vertex 160.9 118.515 9.9
      vertex 161.044 118.524 3.9
      vertex 160.9 118.515 3.9
    endloop
  endfacet
  facet normal 0.438835 0.898568 -0
    outer loop
      vertex 160.479 118.599 3.9
      vertex 160.35 118.662 9.9
      vertex 160.479 118.599 9.9
    endloop
  endfacet
  facet normal 0.438835 0.898568 0
    outer loop
      vertex 160.35 118.662 9.9
      vertex 160.479 118.599 3.9
      vertex 160.35 118.662 3.9
    endloop
  endfacet
  facet normal 0.660471 0.750851 -0
    outer loop
      vertex 160.23 118.742 3.9
      vertex 160.122 118.837 9.9
      vertex 160.23 118.742 9.9
    endloop
  endfacet
  facet normal 0.660471 0.750851 0
    outer loop
      vertex 160.122 118.837 9.9
      vertex 160.23 118.742 3.9
      vertex 160.122 118.837 3.9
    endloop
  endfacet
  facet normal -0.438835 -0.898568 0
    outer loop
      vertex 161.321 120.631 3.9
      vertex 161.45 120.568 9.9
      vertex 161.321 120.631 9.9
    endloop
  endfacet
  facet normal -0.438835 -0.898568 -0
    outer loop
      vertex 161.45 120.568 9.9
      vertex 161.321 120.631 3.9
      vertex 161.45 120.568 3.9
    endloop
  endfacet
  facet normal -0.194778 -0.980847 0
    outer loop
      vertex 161.044 120.706 3.9
      vertex 161.185 120.678 9.9
      vertex 161.044 120.706 9.9
    endloop
  endfacet
  facet normal -0.194778 -0.980847 -0
    outer loop
      vertex 161.185 120.678 9.9
      vertex 161.044 120.706 3.9
      vertex 161.185 120.678 3.9
    endloop
  endfacet
  facet normal 0.326633 -0.945151 0
    outer loop
      vertex 160.479 120.631 3.9
      vertex 160.615 120.678 9.9
      vertex 160.479 120.631 9.9
    endloop
  endfacet
  facet normal 0.326633 -0.945151 0
    outer loop
      vertex 160.615 120.678 9.9
      vertex 160.479 120.631 3.9
      vertex 160.615 120.678 3.9
    endloop
  endfacet
  facet normal 0.660471 -0.750851 0
    outer loop
      vertex 160.122 120.393 3.9
      vertex 160.23 120.488 9.9
      vertex 160.122 120.393 9.9
    endloop
  endfacet
  facet normal 0.660471 -0.750851 0
    outer loop
      vertex 160.23 120.488 9.9
      vertex 160.122 120.393 3.9
      vertex 160.23 120.488 3.9
    endloop
  endfacet
  facet normal 0.5547 -0.83205 0
    outer loop
      vertex 160.23 120.488 3.9
      vertex 160.35 120.568 9.9
      vertex 160.23 120.488 9.9
    endloop
  endfacet
  facet normal 0.5547 -0.83205 0
    outer loop
      vertex 160.35 120.568 9.9
      vertex 160.23 120.488 3.9
      vertex 160.35 120.568 3.9
    endloop
  endfacet
  facet normal 0.945151 0.326633 0
    outer loop
      vertex 159.884 119.194 9.9
      vertex 159.837 119.33 3.9
      vertex 159.837 119.33 9.9
    endloop
  endfacet
  facet normal 0.945151 0.326633 0
    outer loop
      vertex 159.837 119.33 3.9
      vertex 159.884 119.194 9.9
      vertex 159.884 119.194 3.9
    endloop
  endfacet
  facet normal 0.0623783 -0.998053 0
    outer loop
      vertex 160.756 120.706 3.9
      vertex 160.9 120.715 9.9
      vertex 160.756 120.706 9.9
    endloop
  endfacet
  facet normal 0.0623783 -0.998053 0
    outer loop
      vertex 160.9 120.715 9.9
      vertex 160.756 120.706 3.9
      vertex 160.9 120.715 3.9
    endloop
  endfacet
  facet normal 0.945151 -0.326633 0
    outer loop
      vertex 159.837 119.9 9.9
      vertex 159.884 120.036 3.9
      vertex 159.884 120.036 9.9
    endloop
  endfacet
  facet normal 0.945151 -0.326633 0
    outer loop
      vertex 159.884 120.036 3.9
      vertex 159.837 119.9 9.9
      vertex 159.837 119.9 3.9
    endloop
  endfacet
  facet normal 0.83205 0.5547 0
    outer loop
      vertex 160.027 118.945 9.9
      vertex 159.947 119.065 3.9
      vertex 159.947 119.065 9.9
    endloop
  endfacet
  facet normal 0.83205 0.5547 0
    outer loop
      vertex 159.947 119.065 3.9
      vertex 160.027 118.945 9.9
      vertex 160.027 118.945 3.9
    endloop
  endfacet
  facet normal 0.898568 -0.438835 0
    outer loop
      vertex 159.884 120.036 9.9
      vertex 159.947 120.165 3.9
      vertex 159.947 120.165 9.9
    endloop
  endfacet
  facet normal 0.898568 -0.438835 0
    outer loop
      vertex 159.947 120.165 3.9
      vertex 159.884 120.036 9.9
      vertex 159.884 120.036 3.9
    endloop
  endfacet
  facet normal 1 -0 0
    outer loop
      vertex 168.2 -3.3 9.9
      vertex 168.2 127.57 0
      vertex 168.2 127.57 9.9
    endloop
  endfacet
  facet normal 1 0 0
    outer loop
      vertex 168.2 127.57 0
      vertex 168.2 -3.3 9.9
      vertex 168.2 -3.3 0
    endloop
  endfacet
  facet normal 0 0 -1
    outer loop
      vertex 168.2 -3.3 0
      vertex 159.81 23.4 0
      vertex 168.2 127.57 0
    endloop
  endfacet
  facet normal 0 0 -1
    outer loop
      vertex -3.3 -3.3 0
      vertex 159.81 23.4 0
      vertex 168.2 -3.3 0
    endloop
  endfacet
  facet normal 0 0 -1
    outer loop
      vertex -3.3 127.57 0
      vertex 1.6 23.4 0
      vertex -3.3 -3.3 0
    endloop
  endfacet
  facet normal -0 0 -1
    outer loop
      vertex 159.81 23.4 0
      vertex -3.3 -3.3 0
      vertex 1.6 23.4 0
    endloop
  endfacet
  facet normal 0 0 -1
    outer loop
      vertex 159.81 113.32 0
      vertex 168.2 127.57 0
      vertex 159.81 23.4 0
    endloop
  endfacet
  facet normal 0 0 -1
    outer loop
      vertex -3.3 127.57 0
      vertex 159.81 113.32 0
      vertex 1.6 113.32 0
    endloop
  endfacet
  facet normal 0 0 -1
    outer loop
      vertex 159.81 113.32 0
      vertex -3.3 127.57 0
      vertex 168.2 127.57 0
    endloop
  endfacet
  facet normal 0 0 -1
    outer loop
      vertex 1.6 23.4 0
      vertex -3.3 127.57 0
      vertex 1.6 113.32 0
    endloop
  endfacet
  facet normal -1 0 0
    outer loop
      vertex -3.3 -3.3 0
      vertex -3.3 127.57 9.9
      vertex -3.3 127.57 0
    endloop
  endfacet
  facet normal -1 -0 0
    outer loop
      vertex -3.3 127.57 9.9
      vertex -3.3 -3.3 0
      vertex -3.3 -3.3 9.9
    endloop
  endfacet
  facet normal 0 1 -0
    outer loop
      vertex 168.2 127.57 0
      vertex -3.3 127.57 9.9
      vertex 168.2 127.57 9.9
    endloop
  endfacet
  facet normal 0 1 0
    outer loop
      vertex -3.3 127.57 9.9
      vertex 168.2 127.57 0
      vertex -3.3 127.57 0
    endloop
  endfacet
  facet normal 0 -1 0
    outer loop
      vertex -3.3 -3.3 0
      vertex 168.2 -3.3 9.9
      vertex -3.3 -3.3 9.9
    endloop
  endfacet
  facet normal 0 -1 -0
    outer loop
      vertex 168.2 -3.3 9.9
      vertex -3.3 -3.3 0
      vertex 168.2 -3.3 0
    endloop
  endfacet
  facet normal -1 0 0
    outer loop
      vertex 159.81 23.4 0
      vertex 159.81 113.32 0.00999928
      vertex 159.81 113.32 0
    endloop
  endfacet
  facet normal -1 -0 0
    outer loop
      vertex 159.81 113.32 0.00999928
      vertex 159.81 23.4 0
      vertex 159.81 23.4 0.00999928
    endloop
  endfacet
  facet normal -0.800097 0 -0.599871
    outer loop
      vertex 159.81 113.32 0.00999928
      vertex 158.318 24.8925 2
      vertex 158.318 111.827 2
    endloop
  endfacet
  facet normal -0.800097 0 -0.599871
    outer loop
      vertex 158.318 24.8925 2
      vertex 159.81 113.32 0.00999928
      vertex 159.81 23.4 0.00999928
    endloop
  endfacet
  facet normal 0.8 0 -0.6
    outer loop
      vertex 3.0925 24.8925 2
      vertex 1.6 113.32 0.00999928
      vertex 3.0925 111.827 2
    endloop
  endfacet
  facet normal 0.8 0 -0.6
    outer loop
      vertex 1.6 113.32 0.00999928
      vertex 3.0925 24.8925 2
      vertex 1.6 23.4 0.00999928
    endloop
  endfacet
  facet normal 0 -1 0
    outer loop
      vertex 1.6 113.32 0
      vertex 159.81 113.32 0.00999928
      vertex 1.6 113.32 0.00999928
    endloop
  endfacet
  facet normal 0 -1 -0
    outer loop
      vertex 159.81 113.32 0.00999928
      vertex 1.6 113.32 0
      vertex 159.81 113.32 0
    endloop
  endfacet
  facet normal 1 -0 0
    outer loop
      vertex 1.6 23.4 0.00999928
      vertex 1.6 113.32 0
      vertex 1.6 113.32 0.00999928
    endloop
  endfacet
  facet normal 1 0 0
    outer loop
      vertex 1.6 113.32 0
      vertex 1.6 23.4 0.00999928
      vertex 1.6 23.4 0
    endloop
  endfacet
  facet normal 0 1 -0
    outer loop
      vertex 159.81 23.4 0
      vertex 1.6 23.4 0.00999928
      vertex 159.81 23.4 0.00999928
    endloop
  endfacet
  facet normal 0 1 0
    outer loop
      vertex 1.6 23.4 0.00999928
      vertex 159.81 23.4 0
      vertex 1.6 23.4 0
    endloop
  endfacet
  facet normal 0 0.8 -0.6
    outer loop
      vertex 159.81 23.4 0.00999928
      vertex 3.0925 24.8925 2
      vertex 158.318 24.8925 2
    endloop
  endfacet
  facet normal 0 0.8 -0.6
    outer loop
      vertex 3.0925 24.8925 2
      vertex 159.81 23.4 0.00999928
      vertex 1.6 23.4 0.00999928
    endloop
  endfacet
  facet normal 0 -0.799904 -0.600128
    outer loop
      vertex 1.6 113.32 0.00999928
      vertex 158.318 111.827 2
      vertex 3.0925 111.827 2
    endloop
  endfacet
  facet normal 0 -0.799904 -0.600128
    outer loop
      vertex 158.318 111.827 2
      vertex 1.6 113.32 0.00999928
      vertex 159.81 113.32 0.00999928
    endloop
  endfacet
  facet normal 0 0 1
    outer loop
      vertex 158.318 24.8925 2
      vertex 165.2 116.5 2
      vertex 158.318 111.827 2
    endloop
  endfacet
  facet normal -0 0 1
    outer loop
      vertex -0.299999 116.5 2
      vertex 158.318 111.827 2
      vertex 165.2 116.5 2
    endloop
  endfacet
  facet normal 0 0 1
    outer loop
      vertex 3.0925 111.827 2
      vertex -0.299999 116.5 2
      vertex 3.0925 24.8925 2
    endloop
  endfacet
  facet normal 0 0 1
    outer loop
      vertex 158.318 111.827 2
      vertex -0.299999 116.5 2
      vertex 3.0925 111.827 2
    endloop
  endfacet
  facet normal 0 0 1
    outer loop
      vertex 165.2 116.5 2
      vertex 158.318 24.8925 2
      vertex 165.2 16.1 2
    endloop
  endfacet
  facet normal 0 0 1
    outer loop
      vertex -0.299999 16.1 2
      vertex 158.318 24.8925 2
      vertex 3.0925 24.8925 2
    endloop
  endfacet
  facet normal 0 0 1
    outer loop
      vertex 158.318 24.8925 2
      vertex -0.299999 16.1 2
      vertex 165.2 16.1 2
    endloop
  endfacet
  facet normal 0 0 1
    outer loop
      vertex -0.299999 16.1 2
      vertex 3.0925 24.8925 2
      vertex -0.299999 116.5 2
    endloop
  endfacet
  facet normal 0 -1 0
    outer loop
      vertex -0.299999 116.5 2
      vertex 165.2 116.5 8.4
      vertex -0.299999 116.5 8.4
    endloop
  endfacet
  facet normal 0 -1 -0
    outer loop
      vertex 165.2 116.5 8.4
      vertex -0.299999 116.5 2
      vertex 165.2 116.5 2
    endloop
  endfacet
  facet normal 0 1 0
    outer loop
      vertex 165.2 16.1 8.4
      vertex 106 16.1 3
      vertex 106 16.1 8.4
    endloop
  endfacet
  facet normal 0 1 0
    outer loop
      vertex 106 16.1 3
      vertex 165.2 16.1 2
      vertex 50 16.1 3
    endloop
  endfacet
  facet normal 0 1 -0
    outer loop
      vertex 165.2 16.1 2
      vertex 106 16.1 3
      vertex 165.2 16.1 8.4
    endloop
  endfacet
  facet normal 0 1 -0
    outer loop
      vertex 50 16.1 3
      vertex -0.299999 16.1 8.4
      vertex 50 16.1 8.4
    endloop
  endfacet
  facet normal 0 1 0
    outer loop
      vertex 50 16.1 3
      vertex -0.299999 16.1 2
      vertex -0.299999 16.1 8.4
    endloop
  endfacet
  facet normal 0 1 0
    outer loop
      vertex -0.299999 16.1 2
      vertex 50 16.1 3
      vertex 165.2 16.1 2
    endloop
  endfacet
  facet normal -1 0 0
    outer loop
      vertex 106 10.1 3
      vertex 106 16.1 8.4
      vertex 106 16.1 3
    endloop
  endfacet
  facet normal -1 -0 0
    outer loop
      vertex 106 16.1 8.4
      vertex 106 10.1 3
      vertex 106 10.1 8.4
    endloop
  endfacet
  facet normal -0 0 1
    outer loop
      vertex 50 16.1 3
      vertex 106 10.1 3
      vertex 106 16.1 3
    endloop
  endfacet
  facet normal 0 0 1
    outer loop
      vertex 106 10.1 3
      vertex 50 16.1 3
      vertex 50 10.1 3
    endloop
  endfacet
  facet normal 1 -0 0
    outer loop
      vertex 50 10.1 8.4
      vertex 50 16.1 3
      vertex 50 16.1 8.4
    endloop
  endfacet
  facet normal 1 0 0
    outer loop
      vertex 50 16.1 3
      vertex 50 10.1 8.4
      vertex 50 10.1 3
    endloop
  endfacet
  facet normal 0 1 -0
    outer loop
      vertex 106 10.1 3
      vertex 50 10.1 8.4
      vertex 106 10.1 8.4
    endloop
  endfacet
  facet normal 0 1 0
    outer loop
      vertex 50 10.1 8.4
      vertex 106 10.1 3
      vertex 50 10.1 3
    endloop
  endfacet
endsolid OpenSCAD_Model
